Date,Close,log_return,rsi_14,macd,macd_signal,bb_upper,bb_lower,sma_20,volume_log
2018-01-30,39.0305061340332,-0.005911664281929487,26.69812308385734,-0.17812774579284962,0.09224734846861339,42.322669530224196,39.18111426799357,40.751891899108884,19.03149359850274
2018-01-31,39.138031005859375,0.0027511053315807696,29.049172577457483,-0.26271958355372504,0.021253962064145704,42.41380115382483,38.97707790501307,40.69543952941895,18.682395574506373
2018-02-01,39.21984100341797,0.002088112532577886,30.86602778103314,-0.3194751308995549,-0.046891856528594414,42.47642290089507,38.81043355967622,40.64342823028564,19.056851146528512
2018-02-02,37.518096923828125,-0.04435936558781166,19.614481069507363,-0.49605265005915555,-0.13672401523470665,42.80301657476525,38.19094323358436,40.49697990417481,19.66303314144317
2018-02-05,36.58072662353516,-0.025301894483157113,16.12716614016621,-0.7035198169447838,-0.2500831755767221,43.16405535334921,37.397220510298254,40.28063793182373,19.488675740476097
2018-02-06,38.10950469970703,0.040942211482694384,36.085759117820764,-0.7360941915685899,-0.3472853787750957,43.179053585660185,37.11760969864157,40.14833164215088,19.424891510195298
2018-02-07,37.29367446899414,-0.021639991217901475,31.744487525165724,-0.8183073616974639,-0.44148977535956935,43.246338607496355,36.704596756273176,39.975467681884766,19.145493249195155
2018-02-08,36.267486572265625,-0.02790207379757132,27.296180372964656,-0.9552550923158307,-0.5442428387508217,43.39303338921516,36.11048948370964,39.7517614364624,19.197994429939506
2018-02-09,36.71107864379883,0.012156926720729322,31.74844113655361,-1.0162779628225493,-0.6386498635651672,43.37274018345596,35.704588307754975,39.53866424560547,19.459862867365025
2018-02-12,38.18976211547852,0.039488892333849585,44.04859369336595,-0.9345487329964186,-0.6978296374514175,43.15308180191296,35.60361032150013,39.378346061706544,19.309715384430174
2018-02-13,38.57233810424805,0.009967917901642106,46.723806205843964,-0.8293468503191548,-0.7241330800249649,42.938986491619914,35.55636453682247,39.24767551422119,18.684557717544426
2018-02-14,39.28351211547852,0.018269501652188134,51.37778960874307,-0.6807406467522625,-0.7154545933704245,42.59886385370261,35.638239799251494,39.11855182647705,18.906678292103283
2018-02-15,40.60258483886719,0.03302683876530549,58.60140745268297,-0.45132838229987726,-0.662629351156315,42.358919477865484,35.74810414273999,39.05351181030274,19.136512673913344
2018-02-16,40.47114181518555,-0.003242558206569323,57.68177942631681,-0.2769315686516691,-0.585489794655386,42.12807493898392,35.85442475584029,38.99124984741211,18.89507721676709
2018-02-20,40.33501815795898,-0.0033691437889115023,56.68960431550355,-0.1479988403738446,-0.49799160379907775,41.94125830026411,35.93723405508257,38.93924617767334,18.72611924136136
2018-02-21,40.151947021484375,-0.00454909566478636,55.31164249033152,-0.05990053890202063,-0.4103733908196664,41.7143402805744,36.040903402286936,38.87762184143067,18.825388238477153
2018-02-22,40.48757553100586,0.008324217131821233,57.35806054748706,0.036578758325788385,-0.32098296099057544,41.67169081362309,36.05978539792477,38.86573810577393,18.63553080717109
2018-02-23,41.19169998168945,0.01724162927063364,61.35617596333438,0.1679205712132088,-0.2232022545498186,41.87961543964181,35.97120548320976,38.925410461425784,18.722632525594094
2018-02-26,42.00615310668945,0.01957933078791185,65.39752943930446,0.3338806958832521,-0.11178566446320447,42.24610395189619,35.79615640882159,39.02113018035889,18.84365042254504
2018-02-27,41.87003326416016,-0.0032457355995427145,64.18930001179328,0.44924296343285164,0.0004200611160067591,42.6192914538934,35.683779758875154,39.15153560638428,18.863521280389175
2018-02-28,41.80665588378906,-0.0015148159693128141,63.60012601208367,0.529451183011254,0.10622628549505622,42.95439278377416,35.626293403969974,39.29034309387207,18.833640371195223
2018-03-01,41.07435607910156,-0.01767157143469453,57.080697578391934,0.5278416705348121,0.1905493625030074,43.13561927656018,35.63869941850818,39.38715934753418,19.08957621983276
2018-03-02,41.35836791992188,0.006890781981948095,58.84279389481615,0.5432215820157396,0.26108380640555384,43.343105368320664,35.64506601839808,39.494085693359374,18.851267647335582
2018-03-05,41.50152969360352,0.0034555175726258595,59.74006840021323,0.5605011233042774,0.32096726978529855,43.52396256146105,35.86255210223524,39.693257331848145,18.54824336761336
2018-03-06,41.46632766723633,-0.0008485702680359371,59.39716606272795,0.5648436094092659,0.369742537710092,43.54937212024208,36.32570264782433,39.937537384033206,18.371007200218074
2018-03-07,41.08139801025391,-0.009326300486506945,55.636514992026505,0.5311022385993667,0.402014477887947,43.625103634128244,36.54716046499285,40.08613204956055,18.658232011852856
2018-03-08,41.52968597412109,0.010853080301889154,58.90012464387711,0.5343751077194909,0.42848660385425574,43.63447222313906,36.961393026494726,40.297932624816895,18.37040168242516
2018-03-09,42.24319839477539,0.01703485991319035,63.502337929919946,0.5877679463390706,0.46034287235121873,43.44862303745261,37.74481339443215,40.59671821594238,18.67331164641186
2018-03-12,42.65160751342773,0.009621607941640617,65.85891745695841,0.6554813769866357,0.49937057327830214,43.23303588158113,38.55445343726653,40.89374465942383,18.673991851985335
2018-03-13,42.24087524414063,-0.009676604121045422,61.554402206753835,0.6682983695225175,0.5331561325271452,43.13156880144605,39.06103183026782,41.096300315856936,18.657916539511763
2018-03-14,41.88175582885742,-0.008538049566429192,57.98581609608183,0.642076534312686,0.5549402128842534,42.939799645703566,39.58374275847124,41.2617712020874,18.58172419396545
2018-03-15,41.93104553222656,0.0011761856960041347,58.34278411181305,0.6181471920744599,0.5675816087222947,42.81273871405969,39.97555703178992,41.394147872924805,18.326097510858244
2018-03-16,41.78318786621094,-0.0035324415875843456,56.784189637449884,0.5805598059426913,0.570177248166374,42.83074176114599,40.075614287438,41.453178024291994,18.875690023958168
2018-03-19,41.144775390625,-0.015397100395835799,50.50989832812182,0.4935674420497804,0.5548552869430554,42.79449048484656,40.179228921281364,41.48685970306396,18.711761043384858
2018-03-20,41.13068389892578,-0.0003425442278581247,50.377581570064656,0.4186622237981368,0.5276166743140717,42.7310633400441,40.32222264018051,41.52664299011231,18.179851735305142
2018-03-21,40.19888687133789,-0.02291510436970438,42.45731321276423,0.280873332952396,0.4782680060417366,42.72226252297652,40.335717442233445,41.52898998260498,18.814205522539456
2018-03-22,39.63088607788086,-0.014230539755899009,38.48530763735,0.12440763343334282,0.4074959315200578,42.88126580336621,40.09104521653125,41.48615550994873,18.927276641023123
2018-03-23,38.71316909790039,-0.023428936799216257,33.09766046892645,-0.07280539602798086,0.3114356660104501,43.22830699692995,39.496150934588606,41.36222896575928,18.916079184311325
2018-03-26,40.55096435546875,0.04637973324564925,48.61215503695091,-0.07988258778250668,0.23317201525185874,43.16329519784269,39.415643858553786,41.28946952819824,18.827243922294016
2018-03-27,39.511173248291016,-0.025976063211347995,42.593817417844505,-0.16746335240456034,0.15304494172057495,43.18335365819816,39.159699396611416,41.17152652740479,18.913487402870118
2018-03-28,39.07462692260742,-0.011110170417095683,40.33597733282015,-0.2689965546284583,0.06863664245076831,43.22801371897098,38.84183643972043,41.034925079345705,18.93155037275012
2018-03-29,39.37974548339844,0.0077782815611305706,42.62521386084963,-0.3211399298162405,-0.009318672002633456,43.26446419215437,38.63592490696673,40.95019454956055,18.84982332192556
2018-04-02,39.12156295776367,-0.006577812820523663,41.18521427476937,-0.37892904427533836,-0.08324074645717444,43.282138341993374,38.394570260911905,40.83835430145264,18.828457850664165
2018-04-03,39.52291870117188,0.010206926650613825,44.333519846206315,-0.38787015391557134,-0.14416662794885382,43.22991963226047,38.24892787140164,40.739423751831055,18.612226303530672
2018-04-04,40.278690338134766,0.018941829445580226,49.784492527582756,-0.3301656487886291,-0.1813664321168089,43.15414217158579,38.20594159916617,40.68004188537598,18.74581755527697
2018-04-05,40.5579948425293,0.006910367866834314,51.66808222218465,-0.2589122937227799,-0.1968756044380031,43.12116000073879,38.18658345324071,40.65387172698975,18.495164654718025
2018-04-06,39.52057647705078,-0.025911461496431292,44.92717652456691,-0.282893468695427,-0.21407917728948786,43.0341275572577,38.07270494701476,40.55341625213623,18.757304404822634
2018-04-09,39.91254806518555,0.009869302560954751,47.70340170987672,-0.26718989255560643,-0.2247013203427116,42.799527774038104,38.07423969727537,40.436883735656735,18.569710916329004
2018-04-10,40.66361618041992,0.018642978990580844,52.63085291787971,-0.1919273562728918,-0.21814652752874764,42.463202042060246,38.211766295952444,40.337484169006345,18.548496844113103
2018-04-11,40.47348785400391,-0.004686602428828842,51.31281792397947,-0.14594070737490483,-0.2037053634979791,42.17965220862956,38.318577390369455,40.24911479949951,18.312275609253305
2018-04-12,40.87250900268555,0.009810546664172385,53.92091727002605,-0.0764173927323668,-0.17824776934485664,41.99779286184317,38.39951205453867,40.19865245819092,18.332474482463407
2018-04-13,41.01098251342773,0.0033822114856660625,54.825316290566825,-0.010030385899298722,-0.14460429265574506,41.806459769884576,38.498838844617374,40.152649307250975,18.425640434329296
2018-04-16,41.2668342590332,0.006219235762766291,56.52324610314008,0.062506358544141,-0.10318216241576786,41.686932435520426,38.56673081826376,40.12683162689209,18.27349774502636
2018-04-17,41.8348274230957,0.013670051780579314,60.10792794602412,0.1639348140470389,-0.0497587671232065,41.842081278928745,38.48058717810251,40.16133422851563,18.482919131183966
2018-04-18,41.740943908691406,-0.002246669157775754,59.238510109264716,0.23404406647948406,0.007001799597331604,41.96624009297908,38.41745436502873,40.191847229003905,18.23456802176398
2018-04-19,40.5579948425293,-0.028749594161683698,49.51926810233653,0.1919394918369406,0.04398933804525341,41.99174711611205,38.4278581390149,40.20980262756348,18.751675154642772
2018-04-20,38.896244049072266,-0.04183522928528079,39.67234269358536,0.024202915737660646,0.04003205358373486,42.0338064350627,38.312334617183396,40.17307052612305,19.383719178447855
2018-04-23,38.78357696533203,-0.0029008090202535097,39.10457607456,-0.1164781339346419,0.0087300160800595,42.02592868975023,38.32725314923903,40.17659091949463,18.79954175391177
2018-04-24,38.243743896484375,-0.014016894300496376,36.41542900858094,-0.2684345500368579,-0.04670289714332398,42.09125801290891,38.03120178018192,40.06122989654541,18.71906534695744
2018-04-25,38.41039657592773,0.004348178480291128,37.83664125925665,-0.37113540816662294,-0.11158939934798377,42.15521385675591,37.85716826909858,40.00619106292724,18.54756359265855
2018-04-26,38.54418182373047,0.0034769960506049855,39.0150886626238,-0.43669725265250037,-0.1766109700088871,42.189337073997805,37.770000541969,39.9796688079834,18.53268713577168
2018-04-27,38.098236083984375,-0.011637179111851914,36.52923914837319,-0.5186607823844085,-0.24502093248399137,42.268207943989445,37.56297873203595,39.9155933380127,18.77571675257003
2018-04-30,38.78826904296875,0.01794987260797498,42.6213153021179,-0.5219211946213633,-0.3004009849114658,42.27977767835751,37.51807960618839,39.89892864227295,18.949599304915214
2018-05-01,39.6895637512207,0.02297041867110707,49.44663997272054,-0.44662967540661214,-0.3296467230104951,42.28373159877638,37.530790190774404,39.90726089477539,19.18278293328248
2018-05-02,41.44285583496094,0.04322723518130502,59.53135301531938,-0.24268704056213863,-0.31225478652082383,42.43543570281678,37.49550263641661,39.965469169616696,19.399599176258462
2018-05-03,41.51796722412109,0.001810768189464694,59.900406822700894,-0.07414546893546259,-0.26463292300375163,42.56778615052029,37.45914942687229,40.01346778869629,18.730169324295705
2018-05-04,43.146854400634766,0.038483236995514494,66.9412855098964,0.18868745133649867,-0.17396884813570157,43.093393008657394,37.29617036109358,40.19478168487549,19.23074481183717
2018-05-07,43.45901870727539,0.007208879659434951,68.09737187455633,0.4173623910954163,-0.05570260028947799,43.6118571877254,37.132353246234565,40.37210521697998,18.950164817163223
2018-05-08,43.66791534423828,0.0047952344363398946,68.88162122532646,0.6084315213070468,0.07712422402982697,44.08180153986446,36.962838810477336,40.5223201751709,18.548292659742742
2018-05-09,43.97537612915039,0.007016214042853192,70.04866425352586,0.7757226515079267,0.21684390952544694,44.5769183765888,36.81791080126765,40.697414588928225,18.346439850657326
2018-05-10,44.604400634765625,0.01420267926286628,72.33462604811695,0.9481296496744136,0.36310105755524025,45.139720922091406,36.62829741897304,40.884009170532224,18.53362722229902
2018-05-11,44.434757232666016,-0.0038105393499706613,70.76595727871334,1.0588686543419357,0.5022545769125794,45.59816748569279,36.512228327295496,41.05519790649414,18.468029879862936
2018-05-14,44.331085205078125,-0.0023358551415474417,69.77017560727575,1.1252929702785082,0.6268622555857651,45.982251140674286,36.43456976691849,41.20841045379639,18.23573816728481
2018-05-15,43.928184509277344,-0.009129998374394295,65.88975549912064,1.1323707352899746,0.7279639515266071,46.234268820711115,36.39188779549982,41.31307830810547,18.36707742561804
2018-05-16,44.3381462097168,0.009289264549163928,67.84919021290615,1.1577149804446663,0.813914157310219,46.54539902955008,36.340477816763396,41.44293842315674,18.155834615206047
2018-05-17,44.05778121948242,-0.0063434128362882735,65.09521388421031,1.1420129512970831,0.8795339161075919,46.831444538975376,36.40441094503342,41.6179277420044,18.052164554078285
2018-05-18,43.89755630493164,-0.003643328450410933,63.50871485874014,1.1039149244361255,0.9244101177732987,47.011145893238066,36.72484081635666,41.86799335479736,18.108580301635573
2018-05-21,44.20856094360352,0.007059803339665361,65.27768663717369,1.086295302778872,0.9567871547744135,47.168424663125634,37.11006044429624,42.139242553710936,18.11419907460119
2018-05-22,44.09782409667969,-0.0025080158115226214,64.08642336799548,1.051277613659991,0.975685246551529,47.18008335947893,37.68380976796247,42.4319465637207,17.92577441644981
2018-05-23,44.38058090209961,0.00639156567128931,65.80252360051722,1.0344178290144868,0.9874317630441206,47.15359995427614,38.30731160578245,42.730455780029295,18.200452950182658
2018-05-24,44.331085205078125,-0.0011158780875026027,65.21507341975416,1.0054719839712476,0.9910398072295461,47.02749573777557,39.01210616041779,43.01980094909668,18.34742165293554
2018-05-25,44.432395935058594,0.0022827129506747235,65.88639224423828,0.9794170127936894,0.9887152483423749,46.64710526376923,40.02591261953156,43.33650894165039,18.061774755941777
2018-05-29,44.27218627929688,-0.0036122109132249013,63.78983305829199,0.9350618689579946,0.977984572465499,46.154864949436075,41.066544657497516,43.610704803466795,18.3159467097918
2018-05-30,44.17794418334961,-0.002130966480597658,62.52935218069796,0.8821368241797174,0.9588150228083426,45.5933946231444,42.07685302700208,43.83512382507324,18.129820305843523
2018-05-31,44.02949142456055,-0.0033659951211396717,60.50130724214691,0.8187761066388788,0.9308072395744499,45.315089014667606,42.61382219443884,43.96445560455322,18.515365282629546
2018-06-01,44.82352828979492,0.017873517555921516,66.71897382738884,0.8231457091353889,0.9092749334866377,44.90722817302495,43.352239142648884,44.129733657836915,18.3563555440602
2018-06-04,45.19814682006836,0.008322899842063155,69.18364638202334,0.8470727082740055,0.8968344884441113,45.0050485546607,43.45954800295648,44.23229827880859,18.470087870142535
2018-06-05,45.54685592651367,0.0076855102170816,71.31326739008682,0.8839829330902234,0.8942641773733337,45.22504479839539,43.448335481145634,44.33669013977051,18.272922931136367
2018-06-06,45.70472717285156,0.0034601351228256546,72.24831736969742,0.915421038473589,0.8984955495933848,45.460954268232605,43.41610719416973,44.43853073120117,18.243160454605096
2018-06-07,45.58221435546875,-0.0026841274093696087,70.33241899703096,0.9198467818918488,0.9027657960530777,45.636182905778526,43.40156237925565,44.51887264251709,18.262725514328363
2018-06-08,45.16751480102539,-0.009139475014383973,64.13284351387668,0.8797502143364184,0.8981626797097458,45.70118626212512,43.39287043953503,44.547028350830075,18.484849206001517
2018-06-11,45.05678176879883,-0.0024546179252159313,62.547424236546256,0.8294764769078355,0.8844254391493638,45.75288870788229,43.40337044739114,44.578129577636716,18.109170365622866
2018-06-12,45.30418395996094,0.005475877938391999,64.65005682140148,0.8003712850333216,0.8676146083261554,45.83848695424806,43.41508207651366,44.62678451538086,18.02977514492828
2018-06-13,44.931915283203125,-0.008251039038057824,59.25900288970297,0.7387503851619712,0.8418417636933186,45.849350312392836,43.50459179576146,44.67697105407715,18.276274444729076
2018-06-14,44.95547866821289,0.0005242867662234605,59.489274633332265,0.6839327947773626,0.8102599699101275,45.875151876627214,43.540523477376695,44.707837677001955,18.27496572864819
2018-06-15,44.49365997314453,-0.010325930590750479,53.148810354166024,0.5963501964959192,0.767478015227286,45.861584354031784,43.59767887533834,44.72963161468506,19.324399988782925
2018-06-18,44.470096588134766,-0.0005297300040281672,52.839360137408505,0.5190556378245361,0.7177935397467361,45.82890769510606,43.68760956258436,44.75825862884521,18.118759115190958
2018-06-19,43.75148010253906,-0.01629153335783812,44.35721511637473,0.3952565273327693,0.6532861372639427,45.87288694716535,43.59792222641864,44.735404586791994,18.71569090773499
2018-06-20,43.94232940673828,0.004352635757926247,46.799745320819056,0.308983020275825,0.5844255138663191,45.88540580559395,43.5698538989959,44.727629852294925,18.228488241274174
2018-06-21,43.69728088378906,-0.0055922010777444174,44.121632609246475,0.2183206124002055,0.5112045335730965,45.93188027168971,43.455049431069085,44.693464851379396,18.448758848560285
2018-06-22,43.5700569152832,-0.0029157314030030445,42.75371252286904,0.13465190660658521,0.43589400817979423,45.98418126801689,43.3266456057624,44.655413436889646,18.50503660735138
2018-06-25,42.92210006713867,-0.014983300055396154,36.54014223896645,0.015876141741294703,0.3518904348920944,46.117312912161054,43.042484374826245,44.57989864349365,18.65695689198986
2018-06-26,43.45460510253906,0.012329985976383831,43.77247895091679,-0.03488368422369348,0.2745356110689368,46.15248132326823,42.92555784604329,44.53901958465576,18.403298555229945
2018-06-27,43.39098739624024,-0.0014650764845449875,43.13992452926144,-0.07933016051953956,0.20376245675124155,46.18690658218648,42.8124369084141,44.49967174530029,18.432028128174835
2018-06-28,43.70669937133789,0.0072496381835059,47.21647544158161,-0.0880638500823423,0.14539719538452478,46.19569559657301,42.771368688705316,44.48353214263916,18.056273137030583
2018-06-29,43.61481475830078,-0.002104513369147373,46.17879307611757,-0.1012327343971009,0.09607120942819965,46.169712179253025,42.676480752875875,44.42309646606445,18.32582926992646
2018-07-02,44.10254287719727,0.011120561730354445,52.185668755155014,-0.07148950055056957,0.0625590674324458,46.080975007626634,42.655657530215166,44.3683162689209,18.07713637263473
2018-07-03,43.33444213867188,-0.017569693129268853,43.87980228507631,-0.10864469533322563,0.028318314879311513,45.93528162982829,42.58010952922934,44.257695579528814,17.837628472104008
2018-07-05,43.683143615722656,0.008014548795793969,47.93143083364457,-0.10870013244569776,0.0009146254143096583,45.70579415063089,42.607438652713846,44.156616401672366,18.011460609549136
2018-07-06,44.28868865966797,0.013767011379942396,54.12528731279521,-0.059199230581540974,-0.011108145784860468,45.49128008791776,42.692600145846896,44.09194011688233,18.06315974220764
2018-07-09,44.90363311767578,0.013789397784506833,59.40631121842405,0.029313560755177548,-0.003023804476852866,45.43983898621177,42.717653079217925,44.07874603271485,18.185292544475715
2018-07-10,44.84945297241211,-0.0012073156301370752,58.76443936678511,0.09400506875288528,0.016381970169094765,45.400968103444946,42.735791082346076,44.06837959289551,17.970580144805417
2018-07-11,44.26747512817383,-0.013061179960610075,52.23563584307731,0.09719243281466561,0.032544062698208934,45.221245555327684,42.81184274728463,44.01654415130616,18.13733593197299
2018-07-12,45.00965881347656,0.016626895392754394,58.55888214917777,0.15778758544774263,0.05759276724811568,45.23800192158664,42.80286073405302,44.02043132781983,18.09445742132671
2018-07-13,45.080345153808594,0.0015692385775270242,59.114043264306574,0.20910306738961992,0.08789482727641654,45.265527723045444,42.787821581153786,44.026674652099615,17.728644965556168
2018-07-16,44.98139190673828,-0.002197454548819654,57.94380623889022,0.23903085755056708,0.11812203333124666,45.34652792335058,42.75559457420803,44.051061248779305,17.912724350006854
2018-07-17,45.1086311340332,0.00282471482643432,59.06593753076097,0.2699046958078668,0.1484785658265707,45.451359130452914,42.71461682169553,44.08298797607422,17.944868292116592
2018-07-18,44.86122131347656,-0.005499852172061054,55.94043303712459,0.27128136749431064,0.1730391261601187,45.539847413303505,42.7371026599387,44.1384750366211,17.99868374913965
2018-07-19,45.20994186401367,0.007743261674846282,59.216220988127134,0.29708659444255403,0.1978486198166058,45.67851529978251,42.72519601918723,44.20185565948487,18.21177535964795
2018-07-20,45.10626602172852,-0.002295842357663791,57.839379646820746,0.30564832506652095,0.21940856086658883,45.78168526928496,42.76292456347873,44.27230491638184,18.23078821151325
2018-07-23,45.14632415771485,0.0008876895064650006,58.24336585543281,0.312068582698835,0.23794056523303805,45.870682928375025,42.831553628631816,44.35111827850342,17.973730937409204
2018-07-24,45.47382354736328,0.0072279912085843005,61.492097601298674,0.3396676693890015,0.25828598606423075,45.9195319837947,43.03787692123461,44.478704452514656,18.130216150543895
2018-07-25,45.90264892578125,0.00938597244945166,65.29910492990359,0.39162832112103274,0.2849544530755912,46.09072802524707,43.11148526210646,44.601106643676765,18.017806292194297
2018-07-26,45.7589225769043,-0.003136024493410405,63.04925071549292,0.4164098828682441,0.3112455390341218,46.18028254796643,43.25872425745351,44.71950340270997,18.150235932625616
2018-07-27,44.99787902832031,-0.016771445753673262,52.69588309342209,0.3703701979356424,0.3230704708144259,46.168507808703936,43.39961696241424,44.78406238555909,18.380858260171454
2018-07-30,44.74578475952149,-0.005618110989294601,49.77984373577572,0.3099683925949748,0.3204500551705357,46.111718473226894,43.56950329801335,44.84061088562012,18.247731144845467
2018-07-31,44.83531188964844,0.0019987958013957825,50.82066397504969,0.26625440286418467,0.30961092470926554,46.100108801814656,43.6543898706707,44.87724933624268,18.874885227638657
2018-08-01,47.476558685302734,0.05724004709902565,70.34658120817447,0.4396690623824,0.3356225522438925,46.579707867154696,43.589002459993736,45.084355163574216,19.420366592354345
2018-08-02,48.86434555053711,0.028811912823840633,75.78642236591857,0.6812314194893574,0.40474432569298546,47.47607208926074,43.21075843136914,45.34341526031494,19.335434298975322
2018-08-03,49.005706787109375,0.0028887556816350017,76.26407249512732,0.8740030353026924,0.4985960676149269,48.2067118939895,42.95182043938453,45.57926616668701,18.711778982159682
2018-08-06,49.26017379760742,0.005179164483069821,77.13834038358678,1.035374142144292,0.6059516825208,48.87280847471342,42.72137792665376,45.79709320068359,18.437553603274427
2018-08-07,48.7983512878418,-0.009419393652054705,71.9581401884352,1.1131648188947878,0.7073943097955976,49.31163749395471,42.67743873895544,45.994538116455075,18.44390497167609
2018-08-08,48.831356048583984,0.0006761212934043991,72.1023286071453,1.1640591497540242,0.7987272777872829,49.66513931576276,42.78032500918842,46.22273216247559,18.316452930989005
2018-08-09,49.21540451049805,0.007834025803049507,73.79108401077075,1.2213043387023461,0.8832426899702956,50.071654798285586,42.79438409636773,46.43301944732666,18.3584904076695
2018-08-10,49.06881713867188,-0.002982930078896452,71.99955509444051,1.2405429802831165,0.9547027480328598,50.39404196664237,42.87084412649728,46.632443046569826,18.40500655312274
2018-08-13,49.385650634765625,0.0064361647972554096,73.49727197824865,1.2667532150529226,1.0171128414368724,50.72142521412879,42.98388675181359,46.85265598297119,18.455696484355858
2018-08-14,49.593711853027344,0.0042041395192957175,74.46326693932544,1.2894498413002538,1.0715802414095488,51.03886063194054,43.11495940590126,47.0769100189209,18.23425478762267
2018-08-15,49.70956039428711,0.002333228124193399,75.00945736494525,1.3017789923204575,1.1176199915917304,51.30369781023595,43.3349561356869,47.31932697296143,18.562444168980672
2018-08-16,50.43781280517578,0.014543871186908924,78.17029799433543,1.3546977047596513,1.1650355342253147,51.66705638280047,43.4943846572386,47.58072052001953,18.551723050119804
2018-08-17,51.44505310058594,0.019773160160535166,81.63089316153918,1.461069737161992,1.2242423748126503,52.155588672876256,43.63973107504855,47.897659873962404,18.769279167428184
2018-08-20,50.94379806518555,-0.0097912816534857,75.2386359293716,1.4877731245431463,1.2769485247587495,52.44616871862429,43.92889842004759,48.18753356933594,18.612546616843417
2018-08-21,50.844482421875,-0.0019514166926036444,74.00215434289164,1.4838172869902948,1.3183222772050587,52.67129778284638,44.24083524327666,48.45606651306152,18.466028809940646
2018-08-22,50.84685134887695,4.659053853542702e-05,74.01312466683164,1.4639973595859104,1.347457293681229,52.86759836455777,44.538954903874846,48.70327663421631,18.14719608950943
2018-08-23,50.95088958740234,0.0020440193228508383,74.52161193768117,1.4400845425037474,1.3659827434457328,52.99973673096611,44.92601323851631,48.96287498474121,18.14007757020416
2018-08-24,51.10930252075195,0.003104306533085942,75.31368389452152,1.4175751387036897,1.3763012224973241,52.95128499513679,45.5856073235888,49.268446159362796,18.118299174656677
2018-08-27,51.53015899658203,0.008200721792965479,77.3300582084799,1.417357459853008,1.384512469968461,52.746057893125254,46.46927184930638,49.60766487121582,18.223453458698184
2018-08-28,51.9463119506836,0.008043474887776934,79.14410065105436,1.434232078632192,1.3944563917012074,52.34519888579559,47.58123086273957,49.96321487426758,18.327547404111783
2018-08-29,52.72183609008789,0.014818994051734634,82.02994822928254,1.4929735822021826,1.4141598298014024,52.60971038530547,47.841247103708206,50.22547874450684,18.50703458064308
2018-08-30,53.20654678344727,0.009151731825822757,83.56100628864715,1.5606485638745582,1.4434575766160336,53.08208676317656,47.803090849128125,50.442588806152344,19.08940817981511
2018-08-31,53.82129669189453,0.011487789516205403,85.27460752078778,1.644924983079484,1.4837510579087239,53.6315006876701,47.73523591511311,50.6833683013916,18.970883228295378
2018-09-04,53.993900299072266,0.003201844627718583,85.72455343880935,1.7059768815125622,1.5281962226294916,54.13509437823338,47.70501487469631,50.92005462646485,18.51198656244738
2018-09-05,53.6416015625,-0.006546167176182948,80.32928285835175,1.7062646305696063,1.5638099042175146,54.43348349349968,47.89095078689583,51.162217140197754,18.70835282385422
2018-09-06,52.75021743774414,-0.016757021193110164,68.5700045343102,1.6159378983053472,1.5742355030350812,54.50881860934907,48.20750180996246,51.358160209655765,18.736658692849748
2018-09-07,52.324615478515625,-0.008100974799626636,63.76994905939721,1.4928026908287322,1.5579489405938114,54.52275960420522,48.50448191190806,51.51362075805664,18.82933543326725
2018-09-10,51.62238693237305,-0.013511485912520778,56.71535139381226,1.3232990095997508,1.5110189543949994,54.42166587396036,48.86093262152304,51.6412992477417,18.878523231615354
2018-09-11,52.92753982543945,0.02496837133528343,64.5621297827272,1.2795314102535613,1.464721445566712,54.4405181349886,49.19626927956218,51.81839370727539,18.778327222798186
2018-09-12,52.270240783691406,-0.012496605762092586,58.78259916820566,1.1782248899397203,1.4074221344413138,54.360782271948565,49.54365803566863,51.9522201538086,19.09929686316453
2018-09-13,53.5328254699707,0.023867826685968714,65.22270145508482,1.1861456266056791,1.3631668328741868,54.40489138572618,49.88187542945936,52.14338340759277,18.932459519325008
2018-09-14,52.9251708984375,-0.011415979853263068,60.3364808038683,1.130360133938403,1.3166054930870301,54.404465965954564,50.13103665855716,52.26775131225586,18.6675189544573
2018-09-17,51.51598739624024,-0.026986851710767704,50.82686301317532,0.9613584556455876,1.2455560855987418,54.402491181022576,50.140104873054575,52.271298027038576,18.817981957978574
2018-09-18,51.601112365722656,0.0016510353571985664,51.32592545951501,0.8247846772763694,1.1614018039342673,54.36838092772525,50.239946556405606,52.30416374206543,18.6540660767132
2018-09-19,51.63184356689453,0.0005953758042096283,51.51722840812638,0.7108346655161739,1.0712883762506487,54.31864340353249,50.36842019510033,52.34353179931641,18.50221649955185
2018-09-20,52.02432632446289,0.007572817587970851,54.00364073352521,0.6447660766722834,0.9859839163349756,54.25614033760976,50.54867075858164,52.4024055480957,18.483046916623667
2018-09-21,51.463958740234375,-0.010829690735129573,50.056494223438015,0.5409534880763971,0.89697783068326,54.21002728539285,50.64609072608176,52.4280590057373,19.768719608547496
2018-09-24,52.20403671264648,0.014278091171094513,54.75951224350467,0.5124916858295734,0.8200806017125227,54.15827504562489,50.80731638503917,52.48279571533203,18.52299904576674
2018-09-25,52.53504943847656,0.006320731639643202,56.722474439580225,0.5107577654935227,0.7582160344687228,54.147388447324126,50.918692027529396,52.53304023742676,18.402695993516343
2018-09-26,52.11655807495117,-0.00799784359203777,53.55845467433411,0.4701947531485189,0.700611778204682,54.14463042534466,50.938474661935615,52.54155254364014,18.379221056565893
2018-09-27,53.187625885009766,0.020343061540332958,59.747109274406846,0.5184975772914555,0.6641889380220368,54.192296577921134,50.93738748885132,52.56484203338623,18.609024141348115
2018-09-28,53.37442398071289,0.003505906413630918,60.7299677798811,0.5653341385730144,0.6444179781322323,54.21628301142085,50.93018877507817,52.57323589324951,18.334224859920678
2018-10-01,53.73381042480469,0.006710740678419943,62.62098593586857,0.6242558999197527,0.6403855624897364,54.198327943841505,50.93939521594854,52.56886157989502,18.36308553943914
2018-10-02,54.21142578125,0.008849273762366902,65.03099662927039,0.701406016019881,0.6525896531957653,54.25160595104263,50.90786975696519,52.57973785400391,18.412172662657124
2018-10-03,54.87109375,0.01209499035044272,68.0910913942102,0.8064811185510905,0.6833679462668304,54.550971538332384,50.73145338842543,52.641212463378906,18.557125896203335
2018-10-04,53.90641403198242,-0.017737214778105765,59.84376863904676,0.8026597413926453,0.7072263052919934,54.690906726817246,50.707137859364394,52.69902229309082,18.66885246911095
2018-10-05,53.03158187866211,-0.01636184898673453,53.513627947475264,0.720731485047601,0.709927341243115,54.723368902525365,50.74537232367092,52.73437061309814,18.71575046788287
2018-10-08,52.90862655639648,-0.0023212221174489706,52.67035541244843,0.6385208142256147,0.6956460358396149,54.718259260181185,50.879105928417445,52.798682594299315,18.591735745800143
2018-10-09,53.6416015625,0.013758517114275308,57.01856971772652,0.6253050946756176,0.6815778476068155,54.79027251619861,50.87849884610607,52.83438568115234,18.49359658651618
2018-10-10,51.15659332275391,-0.04743352977719123,42.696807683853386,0.4095906389267725,0.627180405870807,54.8615055919158,50.69590102429514,52.77870330810547,18.939250708748347
2018-10-11,50.704986572265625,-0.00886712556293305,40.696246821645616,0.19989027738743204,0.5417223801741321,54.88219221354725,50.39243051289318,52.63731136322021,19.174441256853257
2018-10-12,52.51612854003906,0.03509607246140948,50.67736858967946,0.17779573198795617,0.46893705053689694,54.85814806789437,50.37557042270621,52.61685924530029,18.89909639894168
2018-10-15,51.39303207397461,-0.021617732196101122,45.55699664115621,0.06886728765003625,0.38892309795952484,54.865349377597774,50.35607358077625,52.61071147918701,18.629027366689726
2018-10-16,52.52559280395508,0.021797932288417376,50.94021744945786,0.07308640188344384,0.3257557587443086,54.86177868045793,50.45209232173933,52.65693550109863,18.575425541542423
2018-10-17,52.298614501953125,-0.004330653435408908,49.87583470979303,0.057452551030451104,0.2720951172015371,54.84954708133251,50.53100101437061,52.69027404785156,18.33230408265885
2018-10-18,51.07619857788086,-0.02365127191642959,44.484845589684745,-0.052965583051374665,0.20708297715095478,54.90297902706561,50.38275629397931,52.64286766052246,18.685543430915356
2018-10-19,51.854095458984375,0.015115310783950854,48.31347497210085,-0.07681746871917028,0.15030288797692978,54.88608481975734,50.43866417316258,52.66237449645996,18.700694497355286
2018-10-22,52.170928955078125,0.0060915049545273775,49.83108513427623,-0.06935496385632689,0.10637131761027845,54.885914853920504,50.43552336324259,52.660719108581546,18.561905971724798
2018-10-23,52.66273498535156,0.009382666211800925,52.17831287010984,-0.02348551217437489,0.08039995165334779,54.89151353917516,50.44269323267543,52.667103385925294,18.859394930699747
2018-10-24,50.85631561279297,-0.03490377377153957,44.02982701358283,-0.1313820967054511,0.03804354198158802,54.961585212517896,50.24659731311687,52.604091262817384,18.913558265846376
2018-10-25,51.96995544433594,0.02166145606183751,49.28771050764147,-0.12558186045479403,0.005318461494311609,54.900142578975185,50.1862729025922,52.54320774078369,18.598184053279237
2018-10-26,51.14240264892578,-0.016051821132621824,45.84144859805418,-0.18562199111215705,-0.03286962902698212,54.8337619435573,50.02945140483137,52.431606674194335,19.057435340291164
2018-10-29,50.18245697021485,-0.018948447676426994,42.15900878179799,-0.30712349245185067,-0.08772040171195583,54.773082112227996,49.7349958907017,52.25403900146485,19.029043163136887
2018-10-30,50.43309020996094,0.004982008549805646,43.436593115403426,-0.37882345879292956,-0.14594101312815058,54.53226192334127,49.59798252245952,52.06512222290039,18.803491168315144
2018-10-31,51.7476921081543,0.025732322780696485,49.71092861628311,-0.32581304215250384,-0.18191541893302124,53.994072392704474,49.823831888911734,51.908952140808104,18.84879149950178
2018-11-01,52.54214859008789,0.015235843581985136,53.09697986697886,-0.2171922494491838,-0.18897078503625375,53.73086409068675,49.95061364674001,51.84073886871338,19.26780487925024
2018-11-02,49.056976318359375,-0.06863327317855486,40.28307832782604,-0.40763480391409956,-0.2327035888118229,53.818972958533955,49.465044222862524,51.64200859069824,19.716270008327676
2018-11-05,47.66434097290039,-0.028798854987381634,36.493230910873045,-0.6632899404811923,-0.3188208591456968,54.10795034472168,48.6516382783252,51.37979431152344,19.39393689704459
2018-11-06,48.17979431152344,0.01075617838721901,38.78867888503072,-0.8149119043347,-0.41803906818349745,53.97159593404602,48.2418119639032,51.10670394897461,18.663874742833165
2018-11-07,49.6410026550293,0.029877430652026554,44.87182843985787,-0.8078536673666363,-0.4960019880201253,53.969490821846726,48.092358009330034,51.03092441558838,18.71109109875487
2018-11-08,49.4677963256836,-0.0034952800854260915,44.30970474103751,-0.8069344291501039,-0.5581884762461211,53.98752290803696,47.9506068984816,50.96906490325928,18.435080576914338
2018-11-09,48.51398468017578,-0.019469778275526147,41.245496932915785,-0.873105932990768,-0.6211719675950506,53.88465064436799,47.65326477616424,50.768957710266115,18.738866810160935
2018-11-12,46.07013320922852,-0.05168722990506607,34.636312410590335,-1.10995089313532,-0.7189277527031044,54.24119538795366,46.764430146103955,50.50281276702881,19.136283896221833
2018-11-13,45.609825134277344,-0.010041713613987726,33.54595235738323,-1.3195839032944292,-0.8390589828213695,54.35832602947577,45.955722737614074,50.15702438354492,19.04945792784036
2018-11-14,44.32147979736328,-0.028653725971107397,30.638735054803377,-1.5715622839615833,-0.9855596430494123,54.57321822350533,44.94311707312553,49.75816764831543,19.309411159401225
2018-11-15,45.41526794433594,0.024378916033776045,35.7311469567599,-1.663817946162112,-1.1212113036719522,54.618305625202964,44.331936608073406,49.475121116638185,19.0408012191174
2018-11-16,45.91827774047852,0.011014898811273047,37.986029736706854,-1.6770109975253717,-1.2323712424426363,54.42746182816568,43.92919863326009,49.17833023071289,18.810783120623487
2018-11-19,44.09844970703125,-0.040438617857046166,33.41787467006391,-1.8134076643952284,-1.3485785268331547,54.28965933781252,43.25975319880857,48.774706268310545,18.937694388365884
2018-11-20,41.99150848388672,-0.0489572089119401,29.06048373216248,-2.067680618753279,-1.4923989452171798,54.21778563108272,42.264504255391884,48.2411449432373,19.41873873007596
2018-11-21,41.94406509399414,-0.0011304716921042887,28.968885421885247,-2.2471186668742007,-1.643342889548584,54.26023491969646,41.330829914898274,47.795532417297366,18.639790578759804
2018-11-23,40.87872314453125,-0.025727236021195542,26.917192404241007,-2.4470803852523133,-1.80409038868933,54.0893969576133,40.39254464700096,47.24097080230713,18.364068074108246
2018-11-26,41.43156051635742,0.013433210543256054,29.6996658743422,-2.5317576063401788,-1.9496238322194999,53.81297446699766,39.69788292435976,46.75542869567871,19.008434080521322
2018-11-27,41.341407775878906,-0.0021783144421864795,29.502405677204962,-2.576439891545874,-2.074987044084775,53.571785742407336,39.05496672951649,46.31337623596191,18.924781411806634
2018-11-28,42.931095123291016,0.03773178414658983,37.39814124504638,-2.455273575699273,-2.1510443504076746,53.07462084225718,38.80193212099966,45.93827648162842,19.03180409446113
2018-11-29,42.60129165649414,-0.00771181803108424,36.48515819664776,-2.358671484273927,-2.192569777180925,52.21044423495992,38.751468683130895,45.48095645904541,18.933983303578405
2018-11-30,42.37114715576172,-0.005416934401633642,35.8278582268628,-2.274465743366356,-2.208948970418011,50.950375471819086,38.99443730283912,44.9724063873291,18.878902747860803
2018-12-03,43.85169219970703,0.03434566972784245,42.94851478614685,-2.064466589652625,-2.1800524942649337,50.386907799795516,39.03737656299746,44.71214218139649,18.910548279253955
2018-12-04,41.922698974609375,-0.04498588684033177,37.16258473898747,-2.0302904548174396,-2.150100086375435,50.05171237158884,38.79840779137502,44.42506008148193,18.923739489456707
2018-12-06,41.45529556274414,-0.011211790608895034,35.90054808951014,-2.017662809898006,-2.1236126310799492,49.572625687814075,38.60504460027186,44.08883514404297,18.965290798335634
2018-12-07,39.97711563110352,-0.03630845009302978,32.178730624198494,-2.102693534950717,-2.119428811854103,48.720159685078976,38.49112190061438,43.60564079284668,18.946156928234664
2018-12-10,40.240478515625,0.006566236087559054,33.5014810652394,-2.12434172436123,-2.1204113943555285,47.662174311366556,38.62637549332095,43.14427490234375,19.329358575093867
2018-12-11,40.01033782958984,-0.0057355507998215465,32.89767055957584,-2.1354523351858177,-2.1234195825215867,46.67480527283024,38.76337984679867,42.719092559814456,19.057928252829832
2018-12-12,40.12184524536133,0.00278308872831647,33.52284913462057,-2.1109264120929865,-2.1209209484358666,46.20734401464171,38.63601230860048,42.421678161621095,18.7749283512918
2018-12-13,40.5608024597168,0.0108811884063482,36.04876314328791,-2.0326382739139177,-2.103264413531477,45.72620561049642,38.61224844528971,42.169227027893065,18.664367048601893
2018-12-14,39.26293563842773,-0.03252118325917732,32.15805575160984,-2.051670980185129,-2.0929457268622076,45.54751980437125,38.28507983552133,41.91629981994629,18.90812392263359
2018-12-17,38.89754867553711,-0.009349727752047381,31.139107875405884,-2.072349456722968,-2.0888264728343597,45.06599485437823,38.11483285863446,41.590413856506345,18.992516426773726
2018-12-18,39.402931213378906,0.012908977229499581,34.242654850172315,-2.02461860818007,-2.075984899903502,44.213708398576046,38.31558466172669,41.26464653015137,18.723492786468324
2018-12-19,38.17388534545898,-0.031688557684107964,30.627478669490444,-2.062193612509816,-2.073226642424765,43.90916398030476,38.02767264384075,40.96841831207276,19.094590062806017
2018-12-20,37.21059036254883,-0.02555824420247643,28.12150507857737,-2.1449759807779856,-2.087576510095409,44.07001929102158,37.388725520990135,40.72937240600586,19.372693772805682
2018-12-21,35.76324462890625,-0.03967272826887656,24.833711482080403,-2.300847570215666,-2.1302307221194603,44.37498080737297,36.465681958129956,40.42033138275146,19.76348915129883
2018-12-24,34.83790969848633,-0.02621452664859645,22.9836098739283,-2.4705645926266584,-2.1982974962209,44.784297339351774,35.45228408154666,40.118290710449216,18.81728538715432
2018-12-26,37.291259765625,0.06805282354331436,36.492616589917276,-2.3796703502124927,-2.2345720670192186,44.697780973269346,35.124770372555844,39.911275672912595,19.272240940522074
2018-12-27,37.04924392700195,-0.006511031849215296,35.825047854613175,-2.3006442687785906,-2.247786507371093,44.596728082919256,34.79660687801824,39.69666748046875,19.17430383409516
2018-12-28,37.06822967529297,0.00051231505294284,35.92407505022311,-2.210996546779775,-2.24042851525283,44.18900278211203,34.61804563402566,39.403524208068845,18.946388680684876
2018-12-31,37.42650604248047,0.009618911353805123,37.87234449564273,-2.0869827347625645,-2.209739359154777,43.75878623877226,34.53078361596407,39.144784927368164,18.757252982716054
2019-01-02,37.46920394897461,0.0011401964444903347,38.11384649382294,-1.9626315363989804,-2.1603177946036176,43.308279725299336,34.49109580875828,38.89968776702881,18.813795236226806
2019-01-03,33.73699951171875,-0.10492422409923742,27.90354317922518,-2.140564922574427,-2.1563672201977795,42.73070297604261,34.057203289216176,38.39395313262939,19.7160893259066
2019-01-04,35.17720031738281,0.0418030110304691,35.12575898236754,-2.1406897059059204,-2.1532317173394078,42.28578809917545,33.82756830036068,38.056678199768065,19.272660773003054
2019-01-07,35.098907470703125,-0.00222815069119054,34.92096063866974,-2.122637729551414,-2.147112919781809,41.8461856066597,33.63153198367233,37.73885879516602,19.20508992603396
2019-01-08,35.76799392700195,0.018883465346485783,38.23521976674198,-2.030930421311922,-2.1238764200878317,41.58385553526889,33.472949884652984,37.528402709960936,18.91599387474164
2019-01-09,36.37540817260742,0.016839477525683745,41.16457242741156,-1.8874807622576242,-2.0765972885217905,41.2108200407263,33.45947834489382,37.33514919281006,19.010667215282925
2019-01-10,36.49167251586914,0.0031911376392922053,41.73419963890415,-1.7443070274989552,-2.0101392363172237,40.83802250876321,33.48040934548484,37.15921592712402,18.779213567962607
2019-01-11,36.13338851928711,-0.009866756685244248,40.43500312730762,-1.6408367902786338,-1.9362787471095058,40.386144377074764,33.53344180456586,36.95979309082031,18.498500684647162
2019-01-14,35.59004211425781,-0.015151444784249759,38.478695414672906,-1.5844152431108753,-1.8659060463097799,39.735298071090405,33.68721207600432,36.71125507354736,18.681172494821563
2019-01-15,36.31846618652344,0.020260439455531947,42.49543938379269,-1.4640464098715142,-1.7855341190221268,39.34167488937301,33.78638831253129,36.56403160095215,18.55908176939568
2019-01-16,36.76214218139648,0.01214224828863854,44.8570324959293,-1.3176630975160961,-1.6919599147209208,39.012488465611376,33.902034086878864,36.45726127624512,18.621814249574097
2019-01-17,36.980430603027344,0.005920299522278841,46.0313718494767,-1.1705458921215879,-1.5876771102010543,38.50369333559226,34.168579155862815,36.33613624572754,18.59702447744308
2019-01-18,37.20820999145508,0.006140565518742544,47.29274131989588,-1.023773134492096,-1.4748963150592629,38.321956816013426,34.25374814004127,36.28785247802735,18.72081497300057
2019-01-22,36.37303924560547,-0.022701615485847048,43.29694177737002,-0.9637366102690521,-1.3726643741012208,38.23405752995132,34.25789231440903,36.245974922180174,18.616050147820886
2019-01-23,36.52013397216797,0.004035904042370487,44.19131240256363,-0.8939826417614682,-1.2769280276332704,38.26200222041929,34.30563655826724,36.283819389343265,18.342961346136487
2019-01-24,36.23065948486328,-0.007958016710192367,42.761873356844475,-0.8522362421543406,-1.1919896705374844,38.21174801672056,34.49516574060365,36.35345687866211,18.438186627908497
2019-01-25,37.43124771118164,0.03260014841328747,49.9875037549693,-0.7140434353238803,-1.0964004234947635,38.234607158654754,34.48630539322512,36.36045627593994,18.714409505775237
2019-01-28,37.08483505249024,-0.009297728527577149,48.10070270200526,-0.6252695288386647,-1.0021742445635438,38.239205961823224,34.48526570260548,36.36223583221435,18.4672627672102
2019-01-29,36.700462341308594,-0.010418774518804666,46.02483177462291,-0.5792539548053242,-0.9175901866119,38.19877191253664,34.48892301849364,36.34384746551514,18.929597352708164
2019-01-30,39.20836639404297,0.06610079960628314,58.58398343228187,-0.33653996006186304,-0.8013801413018926,38.64382766518696,34.22205330099956,36.43294048309326,19.31447716928985
2019-01-31,39.49072647094727,0.007175719012921443,59.72037696909839,-0.12001975907035956,-0.665108064855586,39.100603145848496,33.967430072535294,36.534016609191895,18.909005517610826
2019-02-01,39.509708404541016,0.0004805526447784627,59.800232648219634,0.0525005499027813,-0.5215863419039126,39.36307138339196,34.28223272427406,36.82265205383301,18.688203993327782
2019-02-04,40.63196563720703,0.02800866368996734,64.30584814556194,0.2765925307650292,-0.3619505673701243,40.032300783210665,34.15847985643777,37.09539031982422,18.651649605505483
2019-02-05,41.32716751098633,0.016965004897269143,66.7890663132322,0.5044688187418913,-0.1886666901477212,40.74567447852692,34.06793216514984,37.40680332183838,18.78814211169538
2019-02-06,41.341407775878906,0.0003445145869276642,66.83995540819521,0.6783914151397923,-0.01525506909021851,41.36172945283866,34.0092185757258,37.68547401428223,18.542530176155758
2019-02-07,40.55841445922852,-0.019121339998194778,61.27981493927018,0.7444635960020491,0.13668866392823503,41.72959345485115,34.05965520237542,37.89462432861328,18.65943620080064
2019-02-08,40.6060791015625,0.0011745196876689348,61.489828832667726,0.7915479416956757,0.2676605194817232,42.05789547056334,34.14279384523256,38.10034465789795,18.372330493506702
2019-02-11,40.372554779052734,-0.005767570003710323,59.77910280909848,0.8007881760794149,0.37428605080126154,42.280359260809476,34.34424668096298,38.31230297088623,18.246013033603703
2019-02-12,40.72045135498047,0.008580239576034645,61.49767147695458,0.8266543181796635,0.4647597042769419,42.458442692855854,34.679204172988875,38.568823432922365,18.305651424586664
2019-02-13,40.55126953125,-0.0041633686665816004,60.151653265847024,0.8240032661580017,0.5366084166531538,42.61475648159517,34.94617071872221,38.78046360015869,18.314884588973065
2019-02-14,40.69900894165039,0.0036366539537185287,60.95532993862421,0.824321360518752,0.5941510054262735,42.77940630040852,35.17520757593426,38.97730693817139,18.28535117557844
2019-02-15,40.60846328735352,-0.0022272415866513465,60.154582230529414,0.8079535889712233,0.6369115221352635,42.90544983131013,35.41196731346526,39.158708572387695,18.405640210069144
2019-02-19,40.72997283935547,0.0029877545765044553,60.89695508873424,0.7956154577022758,0.668652309248666,43.026184096123146,35.64340933344228,39.33479671478271,18.144811306791834
2019-02-20,40.99209976196289,0.006415104590908196,62.51927885999229,0.7977923975975472,0.6944803269184423,43.0490324898139,36.08246699138728,39.56574974060059,18.464291814980204
2019-02-21,40.76096725463867,-0.005654420845156768,60.14957747978459,0.7719684052207043,0.7099779425788947,42.98589020316158,36.56969260628666,39.77779140472412,18.04959968559896
2019-02-22,41.21609115600586,0.01110380358527797,63.114343820436005,0.779244751983569,0.7238313044598297,42.82293776515501,37.23118821140749,40.02706298828125,18.141665023289804
2019-02-25,41.51632690429688,0.007258027103229882,64.96601765086992,0.800015741453663,0.7390681918585964,42.81774331226068,37.64489058361334,40.23131694793701,18.28707621722504
2019-02-26,41.5401611328125,0.0005739281718534272,65.11573081252503,0.8090736261741753,0.7530692787217123,42.6351421263067,38.27302437759955,40.45408325195312,18.03913918692891
2019-02-27,41.668827056884766,0.003092599235252916,65.96137869720515,0.8172139955971573,0.7658982220968014,42.05955206562624,39.34545090983763,40.702501487731936,18.528113519994733
2019-02-28,41.25896835327149,-0.00988479288097496,60.89716185717747,0.7815835167018861,0.7690352810178183,41.98508529201498,39.624977879371734,40.80503158569336,18.54167285612147
2019-03-01,41.69264602661133,0.010456255200286764,64.04291494317553,0.7793563346235644,0.7710994917389675,41.98456332579173,39.84569180116139,40.91512756347656,18.455514936916256
2019-03-04,41.90234756469727,0.005017094181058851,65.48867818657735,0.7854581655534076,0.7739712265018556,41.96898650248436,40.10053254048439,41.034759521484375,18.513668237499093
2019-03-05,41.82609939575195,-0.0018213210155190974,64.47358247855283,0.7752052371004794,0.7742180286215803,42.071936990653676,40.11699542816957,41.09446620941162,18.184320244821617
2019-03-06,41.58543014526367,-0.005770663112893085,61.2465857869146,0.7391393815830227,0.7672022992138688,42.10442171155006,40.110336970700914,41.10737934112549,18.23725779284631
2019-03-07,41.10409164428711,-0.011642199091192506,55.28652498809623,0.664062043061719,0.7465742479834389,42.086458816732296,40.104568252359506,41.0955135345459,18.412503410509967
2019-03-08,41.2017936706543,0.0023741211672624477,56.21785478106704,0.6054670016733326,0.7183527987214177,42.086463830541994,40.168901159692375,41.127682495117185,18.37983375953653
2019-03-11,42.62911987304688,0.03405579374279333,67.0239362592227,0.6665200765408272,0.7079862542852996,42.36615384126256,40.09151522612025,41.228834533691405,18.66788452062521
2019-03-12,43.10806274414063,0.011172465397771017,69.7242331183822,0.7449642807374772,0.7153818595757352,42.708680701913124,40.02253916197847,41.3656099319458,18.682047595784592
2019-03-13,43.29870223999024,0.00441261295259515,70.75092170225382,0.8131415027173006,0.7349337882040483,43.054312144412634,39.934732807979955,41.494522476196295,18.636839969548202
2019-03-14,43.78001403808594,0.011054749548844604,73.2200916210427,0.8956853784445329,0.7670841062521453,43.45473057427613,39.85718882880006,41.655959701538094,18.362182620160485
2019-03-15,44.34953308105469,0.012924767906469382,75.82110003406346,0.9955809838984919,0.8127834817814147,43.94323020197949,39.73374161503712,41.838485908508304,18.866465967060325
2019-03-18,44.80226135253906,0.01015643411441739,77.677176421785,1.0986161951970885,0.8699500244645495,44.451413439056495,39.644938184478676,42.048175811767585,18.468319779160343
2019-03-19,44.447227478027344,-0.00795602869927661,72.94795867298177,1.1385001548552012,0.92366005054268,44.77882716738116,39.68924992002119,42.234038543701175,18.656429325028967
2019-03-20,44.83562850952149,0.008700516517429258,74.75849168810143,1.1877574687252732,0.9764795341791987,45.15029787502837,39.70213208712984,42.426214981079106,18.636926971321426
2019-03-21,46.486934661865234,0.03616819551441909,80.67909307625132,1.344541809765147,1.0500919892963885,45.86896173398205,39.55606496889882,42.712513351440435,19.134300920198637
2019-03-22,45.52427291870117,-0.02092564364612395,70.3233582845945,1.3752626010423867,1.1151261116455882,46.23863014996955,39.617214729180844,42.9279224395752,18.94913487450285
2019-03-25,44.97383499145508,-0.012164778421157398,65.17223605615516,1.3397495105414734,1.1600507914247653,46.461849353536685,39.73974633432953,43.10079784393311,18.982472454279264
2019-03-26,44.50917434692383,-0.010385543009000924,61.10331513611698,1.259591117445197,1.1799588566288517,46.582221095846926,39.91627591343043,43.24924850463868,19.109829948245043
2019-03-27,44.90950393676758,0.008954108297314693,63.23312034689368,1.214369766859349,1.186841038674951,46.73583128394777,40.086733413317866,43.41128234863282,18.597936164521798
2019-03-28,44.96906661987305,0.0013254036297202455,63.55288590708059,1.1698524011852953,1.18344331117702,46.828406264858,40.36516825906779,43.596787261962895,18.2358151658787
2019-03-29,45.26215744018555,0.006496461821630622,65.1586528033904,1.1450229362384192,1.1757592361893,46.957999157985796,40.59252650729742,43.77526283264161,18.36152505335301
2019-04-01,45.56954956054688,0.00676841389458704,66.81022969817488,1.137042266052589,1.1680158421619578,47.10942348872651,40.807822376141665,43.95862293243409,18.52906868134099
2019-04-02,46.23198318481445,0.014432114636522653,70.09961645639348,1.170675565523183,1.168547786834203,47.31800026981912,41.0398339739553,44.17891712188721,18.327059947336334
2019-04-03,46.54889297485352,0.006831386717038609,71.55218800198068,1.2089659621425852,1.1766314218958795,47.48665910049785,41.36752142623556,44.42709026336671,18.349047256964187
2019-04-04,46.629913330078125,0.0017390301261880757,71.92766426950544,1.2316513329917456,1.1876354041150528,47.48482138945613,41.92194130585638,44.703381347656254,18.15224167818607
2019-04-05,46.94207382202149,0.00667211757459968,73.38521940196628,1.2602905507295503,1.2021664334379523,47.411835912906824,42.5689547975424,44.990395355224614,18.121012469801354
2019-04-08,47.680763244628906,0.01561366055628725,76.49528822289935,1.32729319035343,1.2271917848210478,47.681161952658215,42.80479309494922,45.24297752380372,18.45534108400865
2019-04-09,47.53777313232422,-0.0030034114203398845,74.67618214009944,1.3532556689592,1.2524045616486783,47.89083741362289,43.038088672802886,45.46446304321289,18.778864156579907
2019-04-10,47.80465698242188,0.005598442306213684,75.83143023486603,1.3794648049805218,1.277816610315047,48.10617161111807,43.27334994955088,45.689760780334474,18.278900577833088
2019-04-11,47.40672302246094,-0.008359006602099794,70.65575502849384,1.3525346121230726,1.2927602106766523,48.22766027642765,43.5145321826788,45.871096229553224,18.24159236679559
2019-04-12,47.387657165527344,-0.0004022571201556452,70.40780248422014,1.3145010352614435,1.2971083755936106,48.35817580808511,43.6878290594686,46.02300243377685,18.52542627954871
2019-04-15,47.47343826293945,0.0018085627286175937,70.90256375981197,1.2765655165991774,1.292999803794724,48.50328175784763,43.809840800746116,46.156561279296874,18.066095058848806
2019-04-16,47.47820663452149,0.0001004378932285507,70.9316576573668,1.2326765841370033,1.28093515986318,48.580335830054594,44.03588464418857,46.30811023712158,18.4481558330815
2019-04-17,48.40274429321289,0.019285714326323675,75.95230632199194,1.2579953638512862,1.2763472006608012,48.83088233026224,44.142049722350066,46.486466026306154,18.565881789291364
2019-04-18,48.57669448852539,0.003587366230359177,76.76543469302902,1.2773722539788466,1.2765522113244103,49.11486356133928,44.06704447393905,46.59095401763916,18.38798399379798
2019-04-22,48.73634338378906,0.0032811438628301127,77.51683071892523,1.2907321537980607,1.2793881998191405,49.395600864435025,44.10751421735209,46.75155754089356,18.16911201048149
2019-04-23,49.43928527832031,0.014320334218918374,80.50613718419139,1.3425652503278869,1.29202360992089,49.73826250607561,44.21139760439802,46.974830055236815,18.351244927951402
2019-04-24,49.36303329467773,-0.001543526505914529,79.27483497045085,1.3617925580270267,1.3059773995421176,49.92111570516571,44.51393030008331,47.21752300262451,18.06632312722144
2019-04-25,48.9150619506836,-0.00911646578913349,72.28058571813784,1.3256020786917517,1.3099023353720445,49.99184853926513,44.8437532673755,47.41780090332031,18.121908077594526
2019-04-26,48.68154144287109,-0.004785431978869988,68.86950350618099,1.2635127215671957,1.3006244126110749,49.96021965586939,45.246629633071045,47.603424644470216,18.127602820042384
2019-04-29,48.75540542602539,0.00151613940454895,69.36202251314586,1.2063604920310098,1.281771628495062,49.911489637200575,45.64468445032384,47.778087043762206,18.302108908525227
2019-04-30,47.81657028198242,-0.01944383378684529,57.01487996876428,1.0729425742994607,1.2400058176559416,49.75368761877643,46.02718854089154,47.890438079833984,19.042007493171674
2019-05-01,50.16366958618164,0.04791881322395535,70.94147808299296,1.1434185937986143,1.2206883728844762,50.0409534149781,46.13309138482659,48.087022399902345,19.373531733874724
2019-05-02,49.83722686767578,-0.006528819033545459,67.65820089456972,1.1595634224849576,1.2084633828045726,50.21379466169843,46.289083527388485,48.25143909454346,18.66742519801221
2019-05-03,50.4567756652832,0.012354810111667338,70.4531371562443,1.2084208029174732,1.2084548668271529,50.48411339903498,46.401451023572434,48.44278221130371,18.241190387525634
2019-05-06,49.67756652832031,-0.015563588844938754,63.070717848249096,1.1707690666562627,1.2009177067929748,50.563270931391415,46.59584276184589,48.57955684661865,18.68129271250727
2019-05-07,48.338417053222656,-0.02732682486831503,52.82588540683952,1.0211010067098414,1.1649543667763482,50.55479407634127,46.67008499775541,48.61243953704834,18.859289167236447
2019-05-08,48.347938537597656,0.0001969561133541879,52.88448590417174,0.8929627760841825,1.1105560486379151,50.533751386443676,46.772144228180345,48.65294780731201,18.47287464217451
2019-05-09,47.8284797668457,-0.010802311651879528,49.28729380925847,0.740955054980347,1.0366358499064015,50.53270933468862,46.775568558377785,48.6541389465332,18.754538143436204
2019-05-10,47.1658821105957,-0.013950478515147463,45.07556838490851,0.560559961252487,0.9414206721756186,50.557070505007175,46.727123296872705,48.64209690093994,18.920454324262668
2019-05-13,44.42462539672852,-0.05987685283678347,32.64634197627997,0.19416087689792505,0.79196871312008,51.137440109413276,45.85045051558673,48.4939453125,19.25238218576018
2019-05-14,45.12788772583008,0.01570646678729321,37.414278656175256,-0.03901589372957659,0.6257717917501487,51.39266500027677,45.360670571012285,48.37666778564453,18.79993055427324
2019-05-15,45.668487548828125,0.011908101167364321,40.878894339419375,-0.1781348490107746,0.4649904635979641,51.51664178851537,45.05572187420435,48.28618183135986,18.48063503291063
2019-05-16,45.46755599975586,-0.004409493035209809,39.99272300621761,-0.3011298822880022,0.3117663944207708,51.60567135376126,44.673173479612764,48.13942241668701,18.69926355086713
2019-05-17,45.2092170715332,-0.005698033100255702,38.827303739415065,-0.41467006636868575,0.16647910226287949,51.66737928228291,44.2747178093919,47.971048545837405,18.694642124238356
2019-05-20,43.7955436706543,-0.03176891403449495,33.13674421874114,-0.6116721335519557,0.010848855099912444,51.84142162182835,43.606595498532975,47.724008560180664,18.855375804120275
2019-05-21,44.6351432800293,0.01898944513665887,38.86732889048514,-0.6920712528644586,-0.12973516649296177,51.738139296138044,43.229463624394185,47.483801460266115,18.546953867708513
2019-05-22,43.72138595581055,-0.020684151130318556,35.31945084530858,-0.8200674861339863,-0.26780163042116667,51.673971637955326,42.729466548690176,47.20171909332275,18.59458699954873
2019-05-23,42.975074768066406,-0.017217072462322153,32.69443690571896,-0.9705387324628205,-0.40834905082949746,51.67678228127371,42.13265718711008,46.90471973419189,18.79993055427324
2019-05-24,42.81002426147461,-0.003848004189990043,32.12577661865588,-1.0905354617937348,-0.544786333022345,51.6385521109781,41.58373563926604,46.61114387512207,18.3679000386543
2019-05-28,42.63301467895508,-0.004143341293698955,31.493132467340317,-1.1862426613076167,-0.6730775986793994,51.5246014599218,41.08544721561532,46.30502433776856,18.532157724841014
2019-05-29,42.4296875,-0.004780651472238273,30.744183600775557,-1.2639283314837613,-0.7912477452402719,51.47803784366808,40.59332255367078,46.03568019866943,18.551049148349474
2019-05-30,42.64975357055664,0.005173201858678349,32.61211310968285,-1.2928343029849572,-0.891565056789209,50.937398548366275,40.38257024741009,45.65998439788818,18.25667366064396
2019-05-31,41.87713241577149,-0.018281583763519026,29.5941855435221,-1.362381873597137,-0.9857284201507948,50.41204732599758,40.111912024588364,45.26197967529297,18.49925530673611
2019-06-03,41.4537467956543,-0.010161641574265884,28.061694462920855,-1.4351193430764582,-1.0756066047359276,49.61202977755909,40.01162668606396,44.811828231811525,18.90053817092675
2019-06-04,42.97028732299805,0.035930613723680546,40.03908970429876,-1.3547751606516272,-1.1314403159190676,48.7540847293738,40.19884381371702,44.47646427154541,18.63475934043236
2019-06-05,43.66397476196289,0.01601450160039996,44.58406314717627,-1.221051516490796,-1.1493625560334133,48.12437540220317,40.361108911761676,44.24274215698242,18.59542030492243
2019-06-06,44.30503463745117,0.0145749333342929,48.47122311985523,-1.0512284830894743,-1.1297357414446256,47.40926383937803,40.67193008457217,44.0405969619751,18.316488445662834
2019-06-07,45.48429870605469,0.02626886372402426,54.758109773483426,-0.812124089817047,-1.06621341111911,46.874357878354736,40.972417939516355,43.923387908935545,18.625559309353733
2019-06-10,46.06557083129883,0.012698651331413997,57.509967484356885,-0.5691673262386416,-0.9668041941430163,46.59750205554701,41.13924263439439,43.8683723449707,18.4683617313078
2019-06-11,46.5989875793457,0.011512980780545438,59.91927709152006,-0.32977858483030076,-0.8393990722804733,46.960876716977886,40.99330419122524,43.977090454101564,18.49515351598709
2019-06-12,46.45069122314453,-0.003187468966400124,58.91902466321214,-0.15029505134602061,-0.7015782680935828,47.188687943099474,40.8977733148351,44.04323062896729,18.106145339903954
2019-06-13,46.44111251831055,-0.00020623358535686931,58.85068771348106,-0.00872539841664377,-0.563007694158195,47.328708547800126,40.835015207082684,44.081861877441405,18.277945998674124
2019-06-14,46.10383224487305,-0.007289037075107656,56.371395827995826,0.07538488219017836,-0.4353291788885203,47.429428736562855,40.79792264283168,44.11367568969727,18.13361183014706
2019-06-17,46.37892150878906,0.005949002685340923,57.92820209552688,0.16236860591599367,-0.3157896219276175,47.60835384928736,40.73596797383275,44.172160911560056,17.88754817670646
2019-06-18,47.46967697143555,0.02324604945193019,63.49109277747081,0.31567972430642044,-0.18949575268080993,48.0874416170927,40.62429353610555,44.355867576599124,18.48087234026208
2019-06-19,47.33094024658203,-0.0029269181566437498,62.3616205122591,0.4211304660848896,-0.06737050892767003,48.45236251510713,40.528952334746386,44.49065742492676,18.252224233622606
2019-06-20,47.711273193359375,0.008003495777821602,64.23972936239963,0.5292893111974379,0.05196145509735156,48.883790744952655,40.496512828655746,44.6901517868042,18.27050881671432
2019-06-21,47.548622131347656,-0.0034148939492369182,62.79660536422718,0.595022346595826,0.16057363339704644,49.216193913806535,40.621464396129994,44.918829154968265,19.06884311603411
2019-06-24,47.50078582763672,-0.0010065566693563074,62.35295343877938,0.6359257051264962,0.25564404774293636,49.47806164565265,40.82867282090009,45.15336723327637,18.104346778292694
2019-06-25,46.78078079223633,-0.01527380289914257,55.946181630412205,0.6032891802952136,0.3251730742533918,49.57289996264951,41.148611115231354,45.36075553894043,18.249669396917383
2019-06-26,47.7925910949707,0.02139817772648441,61.874671331214685,0.6515583752432903,0.39045013445137156,49.736913188397864,41.52088824898007,45.62890071868897,18.462494256356262
2019-06-27,47.77825546264648,-0.0003000001140117823,61.74788132689847,0.6808073706981972,0.44852158170073675,49.84802617238901,41.9226254541979,45.885325813293456,18.241539735846818
2019-06-28,47.34290313720703,-0.009153701903981334,57.86966713631905,0.6612358013392239,0.4910644256284342,49.687574446980655,42.62965425174982,46.15861434936524,18.639353524246662
2019-07-01,48.21120834350586,0.018174604817918116,62.877635540272756,0.7076330121577215,0.5343781429342918,49.36000039947811,43.63297445403751,46.49648742675781,18.506968535050188
2019-07-02,48.49345397949219,0.005837287068492543,64.36061915997789,0.7584352307733226,0.579189560502098,49.24255416758668,44.30273735157835,46.77264575958252,18.03119922990755
2019-07-03,48.89533233642578,0.008253119342819968,66.41775296733877,0.8216530746204427,0.6276822633257669,49.2082583123317,44.86016896427963,47.034213638305665,17.632079395222267
2019-07-05,48.85226821899414,-0.0008811289478851731,65.97827313194888,0.8583838423451979,0.6738225791296532,49.168558133497285,45.35459250126834,47.261575317382814,18.050515224310878
2019-07-08,47.8452262878418,-0.02082946091140947,56.55424323183812,0.7970455280507807,0.6984671689138786,49.10723086215152,45.652012530792824,47.37962169647217,18.434133853698484
2019-07-09,48.13706970214844,0.006081211346062489,58.40832608297785,0.763186260408105,0.711410987212724,49.12536793794565,45.84102534208365,47.48319664001465,18.22602747518668
2019-07-10,48.613067626953125,0.0098398158085835,61.30858163187191,0.7659324092718123,0.7223152716245417,49.24468093320016,45.92312035158989,47.58390064239502,18.086443621601205
2019-07-11,48.2590446472168,-0.007309111931351693,58.0654912735116,0.7311142265590362,0.7240750626114406,49.27099623399942,46.077640393197846,47.67431831359863,18.20708151286234
2019-07-12,48.62981414794922,0.007653538605180807,60.42650965682829,0.7250802917107677,0.7242761084313061,49.32355596799306,46.243950822168074,47.783753395080566,18.069431070867118
2019-07-15,49.08668518066406,0.009351017790739147,63.177655125569636,0.7485353790780067,0.7291279625606463,49.36139082656251,46.50440125717772,47.932896041870116,18.031919363565958
2019-07-16,48.9168586730957,-0.00346572523555837,61.46705636514345,0.7448341406100951,0.732269198170536,49.351395476216815,46.76819032395408,48.05979290008545,18.027152126638587
2019-07-17,48.64177703857422,-0.005639323705707143,58.69485065905606,0.7115023374541991,0.7281158260272687,49.40360970818736,46.83318609869741,48.118397903442386,17.848511507666394
2019-07-18,49.19432830810547,0.01129556706196695,62.36643929290802,0.7213575520672677,0.7267641712352685,49.526248015440444,46.89688659759666,48.21156730651855,18.12176785464169
2019-07-19,48.45997619628906,-0.015040114377691056,55.32749859358177,0.6622774799289886,0.7138668329740125,49.546223409964774,46.951781503365304,48.24900245666504,18.242955022111705
2019-07-22,49.567481994628906,0.022596789596005005,62.24779940413766,0.6967903933072677,0.7104515450406637,49.72928788603697,46.97060301362123,48.3499454498291,18.305400085985692
2019-07-23,49.95499420166016,0.007787470332730179,64.32995156022942,0.7468024485855409,0.7177217257496391,49.9658850706059,46.97942666645465,48.472655868530275,18.111717845807284
2019-07-24,49.914329528808594,-0.0008143576742072883,63.93147617149115,0.774231208036646,0.7290236222070405,50.02980384071519,47.22886277000258,48.629333305358884,17.909294980003818
2019-07-25,49.519649505615234,-0.007938575923124861,60.04397730452522,0.7554133828728098,0.7343015743401944,50.111895231811296,47.31947721997093,48.71568622589111,17.834384186288805
2019-07-26,49.69187927246094,0.0034719743154935628,61.15404408811131,0.745800499739282,0.7366013594200119,50.1993403167717,47.423394515991966,48.811367416381835,18.070777122774842
2019-07-29,50.15592956542969,0.009295219185470556,64.0519465030882,0.7667881445895688,0.7426387164539234,50.28235552278781,47.62168195279813,48.95201873779297,18.277890632798584
2019-07-30,49.94063568115234,-0.004301730349006755,61.750352533534524,0.7573186887368735,0.7455747109105135,50.390723990687434,47.68625621866315,49.03849010467529,18.72627248406456
2019-07-31,50.95963668823242,0.02019886821835744,67.6715421620362,0.8225570166109506,0.760971172050601,50.73627895380163,47.587319526422974,49.1617992401123,19.439981394594835
2019-08-01,49.85692596435547,-0.021876459034179476,57.32899459855752,0.7763302696889411,0.7640429915782692,50.80863822261332,47.61111962040426,49.20987892150879,19.19112039683017
2019-08-02,48.802040100097656,-0.02138530553736445,49.530314644033005,0.6471152250122287,0.7406574382650611,50.80864790030381,47.60608713082412,49.207367515563966,18.912007908278444
2019-08-05,46.24735641479492,-0.05376781358936258,36.55958571128981,0.3347114034321095,0.6594682312984709,51.12526476070185,47.129683283121395,49.127474021911624,19.16057791847289
2019-08-06,47.122833251953125,0.01875336224693445,42.15052677496121,0.1559748076833074,0.5587695465754382,51.2261463139852,46.927378084818514,49.076762199401855,18.780445317067574
2019-08-07,47.61080551147461,0.010302076046146764,45.057000655737426,0.05308808462047665,0.45763325418444595,51.2663900198614,46.786908167394465,49.02664909362793,18.709294389854826
2019-08-08,48.66090774536133,0.021816250019909937,50.787158547936244,0.05564267541269885,0.37723513843009654,51.264591499701154,46.82889299736915,49.04674224853515,18.497993584311
2019-08-09,48.25992202758789,-0.008274547516887854,48.69857209013686,0.02502256620629595,0.3067926239853364,51.26680820865454,46.789687076379636,49.02824764251709,18.40535186470543
2019-08-12,48.13746643066406,-0.0025406427446193394,48.04871961044356,-0.009021242940292495,0.24362985060021064,51.25411045295788,46.707462957076295,48.98078670501709,18.314515471231086
2019-08-13,50.17600631713867,0.041476148850266896,58.07792602628032,0.127027629645859,0.22030940640934032,51.37852434679871,46.708963827639764,49.04374408721924,19.056590689330747
2019-08-14,48.68252182006836,-0.030216879822298984,50.40117947005439,0.11303265393257789,0.19885405591398786,51.37915546322224,46.712407189365656,49.04578132629395,18.800414974159224
2019-08-15,48.43999862670898,-0.004994180470702866,49.262453092751166,0.08143322843130107,0.1753698904174505,51.35567152534934,46.66045815909891,49.00806484222412,18.506028747469728
2019-08-16,49.58294296264648,0.02332099236984142,54.48184401130931,0.14692287652154334,0.1696804876382691,51.410341116221154,46.71808524486283,49.06421318054199,18.520359558270957
2019-08-19,50.50737380981445,0.018472458953559104,58.22502313714913,0.270301866377487,0.18980476338611268,51.53611213845145,46.68630340415108,49.11120777130127,18.396945283395805
2019-08-20,50.50976943969727,4.7430164944413615e-05,58.234608365412306,0.36407705834783854,0.22465922237845787,51.616609951730894,46.661283114675356,49.138946533203125,18.493347401482442
2019-08-21,51.05721282958984,0.010780052319410737,60.4669018675357,0.4770693218106459,0.27514124226489545,51.79862362460023,46.59355777188414,49.19609069824219,18.271503023440275
2019-08-22,51.01399230957031,-0.0008468700363380174,60.19336315265962,0.5567115457550429,0.33145530296292497,51.995394401052344,46.54622127582754,49.27080783843994,18.304313217240328
2019-08-23,48.65610885620117,-0.047322585911835524,47.55446040044905,0.4246717415024861,0.3500985906708372,51.94927588432561,46.488762750928295,49.21901931762695,19.04807266878667
2019-08-26,49.58053970336914,0.018821043859306025,51.82532979667873,0.3901259596940463,0.35810406447547904,51.890903619527016,46.48959602952083,49.190249824523924,18.461576985316256
2019-08-27,49.02108001708984,-0.011348002023790757,49.21335056990207,0.313985033620213,0.34928025830442583,51.82235195959536,46.46619212304625,49.144272041320804,18.455016477690705
2019-08-28,49.35002136230469,0.006687788723208428,50.78396161252253,0.2769926201194508,0.33482273066743085,51.60543488489649,46.52214766515234,49.063791275024414,17.970561322988715
2019-08-29,50.18561935424805,0.01679031985846418,54.62296753741845,0.31151073858448086,0.33016033225084085,51.647584069530794,46.51286781950729,49.08022594451904,18.245874885410224
2019-08-30,50.12077713012695,-0.0012928833140453146,54.26920585094314,0.3298322694909075,0.3300947196988542,51.750903931271175,46.541421660769835,49.146162796020505,18.25313273096305
2019-09-03,49.390846252441406,-0.014670526806856604,50.318525209708184,0.2821998687675631,0.320515749512596,51.522390094511515,47.084284481294155,49.303337287902835,18.19868654438032
2019-09-04,50.22883224487305,0.01682410084030457,54.42080099422772,0.30851296880773305,0.3181151933716234,51.459137676536,47.458136798561654,49.45863723754883,18.15609522732989
2019-09-05,51.21089553833008,0.019363103558309832,58.722420560627604,0.40395405955591457,0.33528296660848167,51.586239675624455,47.691043802158745,49.6386417388916,18.376256446004376
2019-09-06,51.20608901977539,-9.386174722787838e-05,58.693224173457466,0.4737429518578935,0.362974963658364,51.77610812448379,47.755693480740824,49.76590080261231,18.16513280844082
2019-09-09,51.424583435058594,0.004257883928027021,59.67473873411489,0.5404518327796595,0.3984703374826231,51.933424710358416,47.914843035613266,49.92413387298584,18.509035893508425
2019-09-10,52.03206634521485,0.01174385393956009,62.35318015277551,0.6350178054484417,0.4457798310757869,52.153808029942,48.08391970748475,50.118863868713376,18.66057600658135
2019-09-11,53.686431884765625,0.031300115492073184,68.49108917850246,0.8338434646209265,0.5233925577848149,52.88090327682318,47.707867017366276,50.29438514709473,18.992554811239096
2019-09-12,53.56636428833008,-0.002238965339414768,67.62929013889146,0.9705380222099791,0.6128216506698477,53.39267900664836,47.68447553436727,50.538577270507815,18.674600228348435
2019-09-13,52.5242919921875,-0.019645571966136394,60.512652698479954,0.9834463611164068,0.6869465927591596,53.54872427986736,47.93685959769611,50.742791938781735,18.88474930170353
2019-09-16,52.8004264831543,0.005243500816158643,61.663866043013165,1.004380188757061,0.7504333119587399,53.79717855686306,48.0101536727512,50.90366611480713,18.25382774179803
2019-09-17,52.99250411987305,0.003631203837145258,62.4832064989355,1.0246578402507325,0.8052782176171385,54.059905503685215,47.9959397569349,51.02792263031006,18.109727328760886
2019-09-18,53.48954391479492,0.009335722106748143,64.59210297082245,1.0685177748876882,0.8579261290712485,54.38917451786821,47.96464819026167,51.17691135406494,18.434189103842982
2019-09-19,53.054954528808594,-0.008157939688377355,61.34510441891693,1.0560360316341075,0.8975481095838205,54.59585614753148,47.957740730520285,51.27679843902588,18.29559814242148
2019-09-20,52.27937698364258,-0.01472628249835236,55.94054656026908,0.9723528556058412,0.9125090587882247,54.686164254895886,47.99397109056309,51.34006767272949,19.21662095149008
2019-09-23,52.51709747314453,0.004536810965774373,57.185622850916076,0.9146716273319413,0.9129415724969681,54.665935698921835,48.40029850823148,51.53311710357666,18.154916719845787
2019-09-24,52.26737594604492,-0.004766393182611621,55.41408247690636,0.83913536794892,0.8981803315873584,54.67568436789495,48.65923346352594,51.66745891571045,18.641928106636676
2019-09-25,53.07174682617188,0.015272322256770353,59.74040274111452,0.8345580797478647,0.8854558812194597,54.66596887467809,49.07401563765101,51.86999225616455,18.288446806411713
2019-09-26,52.79802322387695,-0.0051709607395219225,57.688983454361974,0.7996257508631288,0.8682898551481936,54.599101058864925,49.485683639621406,52.042392349243165,18.137442131361034
2019-09-27,52.54111099243164,-0.0048778213861774946,55.75381792900228,0.7426501499308742,0.8431619141047297,54.56950423073702,49.750829631567676,52.16016693115235,18.43466255133394
2019-09-30,53.77766418457031,0.023262287424335473,62.307596560008065,0.7881903166653217,0.8321675946168481,54.65371179364921,50.03231077409981,52.34301128387451,18.45903185796004
2019-10-01,53.92654800415039,0.0027646813692212206,63.017872718033274,0.8267644805785679,0.8310869718091921,54.52322955275729,50.61636319016262,52.56979637145996,18.751588965826624
2019-10-02,52.57471084594727,-0.02538767674270568,53.2127950363203,0.7397257248068883,0.8128147224087314,54.30086550662888,51.07331509639846,52.68709030151367,18.746014036528116
2019-10-03,53.02132415771485,0.008458953498125574,55.66697621350258,0.6987303173796917,0.7899978414029235,54.23861089762173,51.31661256734409,52.77761173248291,18.555438892553983
2019-10-04,54.50762176513672,0.02764636556040771,62.68237433221159,0.7772137210714689,0.7874410173366326,54.402119283760335,51.483257455741615,52.942688369750975,18.746227810504738
2019-10-07,54.51961517333984,0.00022000756119792424,62.73362076986788,0.8308031699621807,0.7961134478617423,54.535296753116285,51.6595831602138,53.09743995666504,18.622036667319517
2019-10-08,53.88093185424805,-0.011783901967967088,58.15373214636928,0.8123722663454558,0.7993652115584851,54.57614866062435,51.80361780360905,53.1898832321167,18.53240100250572
2019-10-09,54.51240921020508,0.011651721295618969,61.171991595407526,0.8390485581027605,0.8073018808673402,54.724791552237235,51.73757264454011,53.23118209838867,18.129932656075265
2019-10-10,55.24715423583984,0.013388464346012657,64.39032752339173,0.908999118554668,0.8276413284048059,55.05679816640143,51.573645025126886,53.31522159576416,18.54301873226545
2019-10-11,56.71663665771485,0.02625075114807654,69.78453835545605,1.0706683933767636,0.8762467413991974,55.794660969776686,51.255016688304366,53.524838829040526,18.93227967463947
2019-10-14,56.63499450683594,-0.001440511515501351,69.15772911799453,1.1786182417470243,0.9367210414687629,56.34777824267033,51.085356217778894,53.71656723022461,18.38430303602715
2019-10-15,56.5029411315918,-0.0023343794363191485,68.09237397802715,1.2392286144763673,0.9972225560702839,56.7761283842094,51.0080497774117,53.89208908081055,18.285548081407754
2019-10-16,56.27482986450195,-0.004045328723129398,66.1953913685744,1.2543962001292073,1.0486572848820686,57.09683223613612,50.96587452045567,54.0313533782959,18.118266700271285
2019-10-17,56.49333190917969,0.0038752483801820802,67.13973358519782,1.2694148853286151,1.0928088049713778,57.42011524383073,50.986429250798174,54.20327224731445,18.02889959692834
2019-10-18,56.76465606689453,0.004791267823346333,68.32308573365049,1.288359487335839,1.13191894144427,57.70446680215921,51.1506056007949,54.427536201477054,18.39468168858715
2019-10-21,57.74910736083984,0.017194012622927683,72.23059449174185,1.3670516919885785,1.1789454915531319,58.15388138082061,51.22439201090303,54.68913669586182,18.284256038303003
2019-10-22,57.61705780029297,-0.0022892261007408372,70.9660470833827,1.4025923239436793,1.2236748580312415,58.459942724713,51.45329885243544,54.95662078857422,18.22580391049808
2019-10-23,58.39020919799805,0.013329558833469311,73.85245144817762,1.4761294852759335,1.27416578348018,58.92518831652481,51.51989949780625,55.22254390716553,18.14398873886808
2019-10-24,58.48624038696289,0.0016432944518113741,74.19559613408627,1.5245826895958174,1.3242491647033074,59.298249715571906,51.715659815067745,55.506954765319826,18.053597550188716
2019-10-25,59.20658493041992,0.012241248125087732,76.66898592826936,1.602633822491491,1.3799260962609443,59.704932837963774,51.9755240864747,55.84022846221924,18.11248572558786
2019-10-28,59.79965972900391,0.009967203153044593,78.49650403401378,1.6928321718268151,1.4425073113741185,60.25946316787172,52.02319331101011,56.14132823944092,18.385807696389403
2019-10-29,58.41661071777344,-0.023399691299491283,65.59323115541594,1.63388016346628,1.4807818817925509,60.465100715114964,52.266562035129176,56.36583137512207,18.77723288735142
2019-10-30,58.4094123840332,-0.00012323168345928926,65.53285190293076,1.5684987495126066,1.498325255336562,60.43897484183371,52.87615806221902,56.657566452026366,18.639992973116243
2019-10-31,59.73003768920898,0.02235798992995645,70.836768292124,1.6047483925599266,1.519609882781235,60.60257899016754,53.38342526703462,56.99300212860108,18.751149287276572
2019-11-01,61.42521286010742,0.027985346030285848,75.95223914701671,1.750089028038353,1.5657057118326587,61.25813745070926,53.41962591598996,57.33888168334961,18.83361919692316
2019-11-04,61.82859802246094,0.006545624832595272,76.98671099806651,1.876194735133268,1.6278035164927807,61.87189770511484,53.536763946496485,57.70433082580566,18.452876851851848
2019-11-05,61.7397575378418,-0.0014379166822048397,76.20916352977582,1.9465273759914794,1.6915482883925204,62.22877233554239,53.96577188442832,58.097272109985354,18.196256385254454
2019-11-06,61.76615905761719,0.0004275345004566748,76.28581527191727,1.9815547528739685,1.74954958128881,62.53963430874548,54.38028489596644,58.45995960235596,18.144458107306274
2019-11-07,62.4790267944336,0.011475302718549539,78.31720094013019,2.0432829758427715,1.8082962601996024,62.98337408326548,54.65973237730581,58.821553230285645,18.36875989479877
2019-11-08,62.65003204345703,0.0027332636730871087,78.78663956587442,2.0820017119843826,1.8630373505565585,63.488936371760644,54.74750962738486,59.11822299957275,18.063811509711922
2019-11-11,63.14612579345703,0.007887304832564153,80.1306021547959,2.1281848190812624,1.9160668442614994,64.00165831109388,54.885900816713736,59.44377956390381,18.220046948920498
2019-11-12,63.08832931518555,-0.000915700586821631,79.49868526961794,2.135504801371056,1.9599544356834109,64.38752445858925,55.15857348757773,59.7730489730835,18.28587769740433
2019-11-13,63.692832946777344,0.009536246583159514,81.17118749716926,2.165126105099766,2.000988769566682,64.76698993584333,55.52090831855121,60.14394912719727,18.447657584730383
2019-11-14,63.25209426879883,-0.006943805610013383,76.28477849294683,2.128501236500341,2.0264912629534138,64.96739423945294,55.9963802509035,60.48188724517822,18.306198765057903
2019-11-15,64.00347900390625,0.011809203289661323,78.645003007983,2.1354896375606245,2.0482909378748557,65.23359387518283,56.45406290887479,60.84382839202881,18.422742626810184
2019-11-18,64.32621002197266,0.0050297277409617905,79.58481808693917,2.1423737408289867,2.067107498465682,65.57171366511238,56.7736533850585,61.172683525085446,18.278001361484453
2019-11-19,64.13114929199219,-0.0030369747742926864,77.3685555552351,2.1077923533532896,2.075244469443204,65.75113557870708,57.24564062063373,61.49838809967041,18.1484414949231
2019-11-20,63.38455581665039,-0.011709961623317644,69.40214148504907,1.9971209337555749,2.0596197623056782,65.81485165323316,57.68135920797289,61.748105430603026,18.481158540872904
2019-11-21,63.10037612915039,-0.004493502289916132,66.59146734769861,1.8649837389567239,2.0206925576358876,65.78135646385586,58.17626797156895,61.9788122177124,18.61456190533056
2019-11-22,63.04497909545898,-0.0008783048278547172,66.03008641988052,1.7357849342021083,1.9637110329491319,65.76595338093709,58.57551047099162,62.170731925964354,17.994888446289295
2019-11-25,64.15040588378906,0.017381992602814,71.24025989144006,1.702961968472522,1.91156122005381,65.90506676719096,58.87147170021626,62.38826923370361,18.246570196367294
2019-11-26,63.64946746826172,-0.00783945974131769,66.2792046178563,1.6178780964375008,1.8528245953305482,65.66547759786903,59.63434654458703,62.64991207122803,18.471446108509483
2019-11-27,64.50444030761719,0.01334310500542439,70.10560962213708,1.600982547453377,1.802456185755114,65.32974185853287,60.579585076281596,62.95466346740723,17.993515905485413
2019-11-29,64.36233520507812,-0.0022054584600908283,68.71002785051553,1.558164459044427,1.7535978404129766,65.09499280596852,61.27756388043285,63.186278343200684,17.65748873164639
2019-12-02,63.618160247802734,-0.011629636875511254,61.77475414148053,1.4474962796930058,1.6923775282689826,65.02188089943556,61.569970525735336,63.29592571258545,18.363974944137823
2019-12-03,62.48384094238281,-0.017990989683204926,52.994289284931654,1.2538077469517788,1.604663572005542,64.9596281858583,61.697747531304785,63.328687858581546,18.555477344613546
2019-12-04,63.03536224365234,0.008787895981368664,56.25035155106375,1.1317650658802734,1.5100838707804884,64.852541407742,61.93439478000215,63.39346809387207,18.022909973361923
2019-12-05,63.96015930175781,0.014564504235922614,61.11441814116945,1.0970229578140902,1.427471688187209,64.76345824096894,62.242877971189266,63.5031681060791,18.125294416462882
2019-12-06,65.19561767578125,0.01913187450276561,66.47657685493573,1.1558567553160728,1.3731487016129817,65.01481129522402,62.26318400506895,63.638997650146486,18.47966261483911
2019-12-09,64.28284454345703,-0.014099460834511983,59.9041278337001,1.1159656430274794,1.3217120898958812,65.04206351458068,62.3992130357123,63.720638275146484,18.667872024842637
2019-12-10,64.6585693359375,0.005827853822883535,61.58765856070535,1.1019667135060587,1.2777630146179166,65.15191589374015,62.440605010800866,63.79626045227051,18.319980474680445
2019-12-11,65.21007537841797,0.00849334123744857,63.9784871293804,1.1224356500218278,1.246697541698699,65.35345795064819,62.45123756021607,63.90234775543213,18.181875193845805
2019-12-12,65.37622833251953,0.002544723895873309,64.69150326656973,1.1389356433454694,1.2251451620280531,65.57522174964215,62.39781329979633,63.98651752471924,18.737754621692766
2019-12-13,66.26490020751953,0.013501637137157617,68.30513856546196,1.2097748686748702,1.2220711033574165,65.98316121117686,62.29115443213369,64.13715782165528,18.710268007873765
2019-12-16,67.39923858642578,0.016973372546259115,72.21421085345659,1.341977609701246,1.2460524046261825,66.65701644583591,61.95687515572659,64.30694580078125,18.668992899920603
2019-12-17,67.53168487548828,0.001963172387799134,72.63854298152866,1.4408275796077987,1.2850074396225057,67.22472679734636,61.7097122895677,64.46721954345703,18.55309752437744
2019-12-18,67.37033081054688,-0.002392167990465234,71.21175426860586,1.4889829003699333,1.3258025317719913,67.66956525276666,61.58879198600287,64.62917861938476,18.569345555310043
2019-12-19,67.43778228759766,0.001000703609441411,71.46409100793628,1.5151237065395406,1.3636667667255011,68.05760800601732,61.60607187984695,64.83183994293213,18.404238315060915
2019-12-20,67.298095703125,-0.0020734883180722995,70.0938618855325,1.5071949387482277,1.3923724011300465,68.33861156976218,61.744840273499534,65.04172592163086,19.435831713982953
2019-12-23,68.3962631225586,0.016186249819101595,74.27056915678772,1.5714100294790967,1.4281799267998565,68.78746329889609,61.8311169470756,65.30929012298584,18.40629781372978
2019-12-24,68.46129608154297,0.0009503744514726942,74.49771377987763,1.609001005788599,1.4643441425976051,69.22766317377568,61.82200609197139,65.52483463287354,17.69663716757131
2019-12-26,69.8196029663086,0.01964625025190751,78.72280205978532,1.7284713967726333,1.517169593432611,69.88956380509207,61.77711901045968,65.83334140777588,18.349412439201
2019-12-27,69.79309844970703,-0.00037968632726328484,78.44968141618783,1.8002615548030434,1.5737879857066976,70.46672379955417,61.72882483020656,66.09777431488037,18.80093744663857
2019-12-30,70.20731353759766,0.005917358251446225,79.63860054586476,1.869034402951442,1.6328372691556465,71.04292370171873,61.73712276129397,66.39002323150635,18.7861179935197
2019-12-31,70.72028350830078,0.00727994015318058,81.03407939900865,1.9425374081043998,1.6947772969453974,71.58750734791167,61.902751441150826,66.74512939453125,18.42870447753403
2020-01-02,72.3338623046875,0.022559950607944038,84.60765747009722,2.1067065906784137,1.777163155692001,72.2556018578122,62.219659067480755,67.23763046264648,18.724337545755937
2020-01-03,71.63066864013672,-0.009769062592613538,77.73368109464914,2.155225896198985,1.8527757037933976,72.6420883045717,62.69270326036972,67.6673957824707,18.801325704837964
2020-01-06,72.20140838623047,0.007936237221993965,79.21006514315792,2.214207714785843,1.9250621059918869,73.12595145723098,63.03296501615769,68.07945823669434,18.589471174908827
2020-01-07,71.86186981201172,-0.0047137508900486095,75.98232057262143,2.2080997067348846,1.9816696261404867,73.53726005010292,63.28828163690879,68.41277084350585,18.50568344740739
2020-01-08,73.01782989501953,0.015957854909685286,79.10420041162163,2.2703640408752506,2.0394085090874396,73.98089173247757,63.71814848969041,68.84952011108399,18.698912308193826
2020-01-09,74.56878662109375,0.02101835328429969,82.40818052930422,2.416996588041002,2.1149261248781523,74.68223802310655,64.00782392757705,69.3450309753418,18.95194644474146
2020-01-10,74.73736572265625,0.0022581678055831967,82.72785896624869,2.517783422691039,2.19549758444073,75.30339289571484,64.33939808939257,69.8213954925537,18.761748128121678
2020-01-13,76.33409118652344,0.021139465492035835,85.42876852349622,2.695428889432577,2.2954838454390996,76.1622128121134,64.57636445839442,70.36928863525391,18.615688168781787
2020-01-14,75.3033447265625,-0.01359509054575984,77.05239052513616,2.7216678834989096,2.380720653051062,76.67584629225368,64.96657543015843,70.82121086120605,18.902825378266407
2020-01-15,74.98059844970703,-0.0042951597650862745,74.58632065050126,2.6854631999726877,2.441669162435387,77.10355807042679,65.29699963831344,71.20027885437011,18.618905185227593
2020-01-16,75.91983795166016,0.012448627103864515,76.90304217540779,2.7014192264259265,2.493619175233495,77.61668491224738,65.62268810411005,71.61968650817872,18.505290247919667
2020-01-17,76.76038360595703,0.011010648761499495,78.7683861770739,2.7501870574494376,2.5449327516766838,78.1553166746509,66.02306162124752,72.08918914794921,18.74143292978078
2020-01-21,76.24015808105469,-0.00680033578920723,74.74491548359482,2.7155548369491527,2.5790571687311776,78.45002813529904,66.6085877399451,72.52930793762206,18.523627157007944
2020-01-22,76.51229858398438,0.0035631609048836616,75.45133546446839,2.6791840508997353,2.5990825451648893,78.62383445091017,67.35620171241992,72.99001808166504,18.43883889238309
2020-01-23,76.88078308105469,0.004804456653127261,76.41337021555715,2.6495511835230445,2.6091762728365206,78.86643970493934,67.96204845424036,73.41424407958985,18.46442966045432
2020-01-24,76.6592025756836,-0.0028862925608563405,74.5221365156409,2.578464296306308,2.6030338775304784,78.93013906675401,68.71813974183974,73.82413940429687,18.80279261560535
2020-01-27,74.405029296875,-0.0298461201763654,58.6255693693124,2.31356514252721,2.5451401305298247,78.80155537519235,69.30526606645805,74.0534107208252,18.902736460397367
2020-01-28,76.50991821289062,0.027896844639707166,65.93319129859933,2.2475690222681663,2.485625908877493,78.80731401117917,69.97118940678958,74.38925170898438,18.904550301598647
2020-01-29,78.11143493652344,0.020716077897760414,70.24007247012835,2.2980056578847012,2.448101858678935,79.03846736146699,70.53044819639433,74.78445777893066,19.191849518803817
2020-01-30,77.99823760986328,-0.0014502284791595539,69.57057886839138,2.302303455652577,2.4189421780736633,79.17775470170368,71.1189562663139,75.14835548400879,18.657673557971194
2020-01-31,74.53990173339844,-0.04535165594571096,52.96173605014679,2.0035549542922837,2.335864733317387,79.0790126160088,71.43830229487988,75.25865745544434,19.11176780893067
2020-02-03,74.33517456054688,-0.002750323385204411,52.16775721301075,1.7303286906709587,2.2147575247881015,78.84738104116406,71.94038446176563,75.39388275146484,18.97334903093905
2020-02-04,76.78926086425781,0.03248054552143962,59.923681476993664,1.6923112526235258,2.1102682703551863,78.78070129440425,72.46584945632816,75.6232753753662,18.73268756377943
2020-02-05,77.4154281616211,0.008121293106040182,61.63312393967519,1.6931905798390119,2.0268527322519514,78.61062007533731,73.19128651035605,75.90095329284668,18.593177537092593
2020-02-06,78.32093811035156,0.011628885080594353,64.02301941635298,1.7468183041391683,1.9708458466293948,78.72133760448592,73.61087980274063,76.16610870361328,18.47351605831577
2020-02-07,77.25634765625,-0.01368589335663952,59.34281685067893,1.6840029715213518,1.9134772716077864,78.7836811716514,73.8172923390908,76.3004867553711,18.58351363265979
2020-02-10,77.62330627441406,0.004738637974874564,60.41694720804455,1.64487081469116,1.859755980224461,78.88047369458556,74.0090938713324,76.44478378295898,18.510053340234986
2020-02-11,77.15496826171875,-0.006051746518708153,58.2999753885008,1.5581064536013258,1.799426074899834,78.94124903161463,74.03040624182287,76.48582763671875,18.362237751276552
2020-02-12,78.98724365234375,0.02347039250808039,63.664201020866,1.6185368975425973,1.7632482394283868,79.2985486163011,74.04149654971451,76.6700225830078,18.549341302049076
2020-02-13,78.42475128173828,-0.007146784017551767,61.067101432285874,1.602566635766891,1.7311119186960877,79.4559699422121,74.22849050700665,76.84223022460938,18.366727082345058
2020-02-14,78.44407653808594,0.0002463874654257959,61.12577579111681,1.5733330706567727,1.6995561490882247,79.63783131385264,74.29905299400869,76.96844215393067,18.198956197873844
2020-02-18,77.00772857666016,-0.018480182179328244,54.54596602443908,1.4179190945660878,1.6432287381837976,79.64843120556141,74.31318759937024,76.98080940246582,18.842879729805997
2020-02-19,78.12299346923828,0.014378636190690387,58.29944383629322,1.368964385702796,1.5883758676875974,79.76531391432002,74.38458842942998,77.074951171875,18.358635123620594
2020-02-20,77.32154846191406,-0.010311743326107663,54.79755025429714,1.2510758880238768,1.5209158717548534,79.79446430393439,74.43636302760858,77.11541366577148,18.42632479628117
2020-02-21,75.57135772705078,-0.02289533545356564,48.014742982577275,1.0048394749470475,1.4177005923932924,79.81573194067836,74.28415285546423,77.0499423980713,18.679608348324134
2020-02-24,71.98168182373047,-0.04866567782214587,37.705857821249076,0.5141121336681778,1.2369829006482695,80.39307447937753,73.23905824156972,76.81606636047363,19.219066837276806
2020-02-25,69.54350280761719,-0.034459171101006415,32.587983529751966,-0.07071829321938594,0.9754426618747385,81.31188947655042,71.83409059547105,76.57299003601074,19.256514286600705
2020-02-26,70.646728515625,0.015739306116918993,36.77001534691126,-0.4401062544643395,0.6923328786069229,81.71014110624229,70.84951999605262,76.27983055114746,19.104054323091578
2020-02-27,66.02870178222656,-0.067602279563313,28.73425886898265,-1.0928869178821827,0.3352889193091019,82.70196848964054,68.64941929722471,75.67569389343262,19.58572226835518
2020-02-28,65.99006652832031,-0.0005852994313403357,28.677792392974084,-1.5949522223772163,-0.05075930902816178,83.22788130094192,66.92268937776903,75.07528533935547,19.8711463736246
2020-03-02,72.1337661743164,0.08901803530194423,46.63621532272636,-1.4800364382140572,-0.3366147348653409,83.21119566779413,66.6987614550086,74.95497856140136,19.648557169696982
2020-03-03,69.84286499023438,-0.03227432596746993,42.35372764599345,-1.5558861440732414,-0.5804690167069211,83.29620504185584,66.16452112391565,74.73036308288575,19.582191462668636
2020-03-04,73.0824966430664,0.04534096119023936,49.42621588153088,-1.3391495009270358,-0.732205113550944,83.08365817666045,66.0063915669919,74.54502487182617,19.205396572599245
2020-03-05,70.7119140625,-0.03297481963629259,45.06887203845402,-1.3431869293798826,-0.8544014767167317,82.80018519681708,65.61951313692315,74.20984916687011,19.049677600016672
2020-03-06,69.77287292480469,-0.013368780258414094,43.435360836968144,-1.4059524477915062,-0.9647116709316867,82.36214204024157,65.20274977494398,73.78244590759277,19.23682755670499
2020-03-09,64.25438690185547,-0.08239529410988308,35.33096052694735,-1.8793265686308445,-1.1476346504715185,82.53465999419817,63.73003574554793,73.13234786987304,19.474103183033453
2020-03-10,68.88207244873047,0.0695459474097786,44.65647582287946,-1.8596268012342563,-1.290033080624066,82.0310371947501,63.35953516242765,72.69528617858887,19.469016768250945
2020-03-11,66.48977661132812,-0.035347746806981,41.33783760455351,-2.013838596699401,-1.4347941838391332,81.64247120567036,62.68158198646831,72.16202659606934,19.359119589533332
2020-03-12,59.92358016967773,-0.10397811409111832,33.892804398813794,-2.635509222717431,-1.6749371916147928,81.59049993996442,60.82718690390766,71.20884342193604,19.852125321710727
2020-03-13,67.10292053222656,0.1131574815166585,45.459149483619086,-2.5198278982522453,-1.8439153329422835,80.59346565135951,60.692038117561395,70.64275188446045,19.730989990265073
2020-03-16,58.4703369140625,-0.13770800376020792,37.0622315198911,-3.089117543516238,-2.0929557750570744,80.28350347538802,59.00462633113054,69.64406490325928,19.591376770011752
2020-03-17,61.041290283203125,0.043030960734572694,40.5823108482713,-3.294848278381181,-2.333334275721896,79.55458521061628,58.136900766556565,68.84574298858642,19.596426901413636
2020-03-18,59.54701232910156,-0.02478440132848398,39.209672285784556,-3.5376868586922257,-2.574204792315962,78.4588137834809,57.37507407967828,67.9169439315796,19.520071399614274
2020-03-19,59.09075164794922,-0.0076916980783273015,38.778376333396466,-3.724026349356137,-2.8041691037239973,77.27246261609277,56.73834556566992,67.00540409088134,19.42078749007792
2020-03-20,55.33934783935547,-0.06559023599501232,35.3366740913458,-4.126837064956646,-3.0687026959705275,76.68530466458584,55.30230252840731,65.99380359649658,19.81119917361993
2020-03-23,54.16370391845703,-0.02147317495770044,34.308993114710404,-4.489183584373933,-3.3527988736512087,76.63032265806012,53.57548674440571,65.10290470123292,19.63485969096329
2020-03-24,59.59769821166992,0.09560593800021513,42.61611616933827,-4.2884334940386,-3.539925797728687,76.18444195562849,53.02678698724261,64.60561447143554,19.476841937530637
2020-03-25,59.26937484741211,-0.005524224510002322,42.26831824280051,-4.108470660365803,-3.6536347702561103,75.4830709846885,52.590422591361296,64.0367467880249,19.53122819437312
2020-03-26,62.38833236694336,0.05128554838727318,46.717026514832824,-3.671848231738011,-3.6572774625524906,75.28344445460135,52.426012179920136,63.854728317260744,19.345285621333435
2020-03-27,59.80530548095703,-0.04228389915471067,43.71280116542751,-3.4939741348947564,-3.624616797020944,75.06526244076015,52.025718089025005,63.54549026489258,19.134692737489495
2020-03-30,61.51203155517578,0.028138413283436973,46.17574723907813,-3.1786476299101523,-3.5354229635987857,73.82458271435088,52.20422435352022,63.01440353393555,18.93933405726257
2020-03-31,61.386505126953125,-0.002042765931347315,46.016264875745385,-2.9053865489979813,-3.409415680678625,72.92835223815538,52.254818843387575,62.59158554077148,19.098724444011083
2020-04-01,58.15652084350586,-0.054052013789549595,41.99682860492485,-2.915845855236391,-3.3107017155901786,71.09051753013861,52.600055971448306,61.845286750793456,18.987234698476772
2020-04-02,59.12695693969727,0.016548933609145843,43.59106564301045,-2.8133977501117684,-3.2112409224944964,69.57664800876961,52.95542978053703,61.26603889465332,18.92710068292586
2020-04-03,58.27721405029297,-0.014475767269069935,42.48980239321716,-2.7688563854211807,-3.1227640150798335,68.06152200856951,53.32098989328595,60.69125595092773,18.682121512898334
2020-04-06,63.36118698120117,0.08364030391004552,50.54066327686786,-2.296846291697456,-2.957580470403358,67.93633846121416,53.356853448575876,60.64659595489502,19.12288875591772
2020-04-07,62.6273078918457,-0.011650069960773484,49.464211642720365,-1.9594059884528434,-2.757945574013255,66.60090916677372,54.06680628732785,60.333857727050784,19.128160722471254
2020-04-08,64.230224609375,0.0252724769274994,51.87519226569284,-1.5448322692593877,-2.515322913062482,66.08947171111453,54.352288542791726,60.220880126953126,18.94478896811208
2020-04-09,64.69371795654297,0.007190213621975224,52.57968471346684,-1.1654450453963108,-2.245347339529248,66.65568343768192,54.263090594910864,60.45938701629639,18.90208662598745
2020-04-13,65.9635009765625,0.01943747171045576,54.542951250967654,-0.7536296855544933,-1.9470038087342971,66.35778943592008,54.44704264110627,60.40241603851318,18.690881919455
2020-04-14,69.29489135742188,0.04926961214212529,59.303456490941045,-0.1566420121562615,-1.5889314494186901,68.02141299066747,53.86587453069484,60.943643760681155,19.088483454634133
2020-04-15,68.66239929199219,-0.009169453735257111,58.06024528714196,0.262413259641761,-1.2186625076066,69.20025725689956,53.44914116534164,61.3246992111206,18.69188582070994
2020-04-16,69.20797729492188,0.007914402850690306,58.86137191344531,0.6312643445076418,-0.8486771371837516,70.37863035345967,53.236864565363575,61.80774745941162,18.872553504110144
2020-04-17,68.26888275146484,-0.013662068657862443,56.84843151621836,0.838142816710743,-0.5113131464048527,71.20017996452627,53.333128064648534,62.2666540145874,19.187310705917874
2020-04-20,66.85186004638672,-0.02097493880984411,53.85559144201281,0.877636756445284,-0.23352316583482535,71.3708335797352,54.31372567014274,62.84227962493897,18.68316193235322
2020-04-21,64.78544616699219,-0.031398145395838774,49.7429421436567,0.7337356105141453,-0.040071410565031246,70.88916419348485,55.85756928124659,63.37336673736572,19.013961184838514
2020-04-22,66.65149688720703,0.0283965233510203,53.21724361933669,0.7614896349953284,0.1202407985470407,71.15738317782393,56.29473016446123,63.72605667114258,18.57650774083192
2020-04-23,66.39320373535156,-0.0038828074346924264,52.674437817657534,0.7539517145975907,0.24698298175715072,71.29380504671772,56.87069118436139,64.08224811553956,18.64233839987059
2020-04-24,68.3099594116211,0.028460876703750807,56.24136634014123,0.8923574808875543,0.3760578815832315,71.7807762526238,56.975882682923086,64.37832946777344,18.653071020231323
2020-04-27,68.35824584960938,0.0007066228740644463,56.33065953281057,0.9944776406307483,0.4997418333927349,72.08321691151752,57.52873606089457,64.80597648620605,18.578432939101905
2020-04-28,67.25019073486328,-0.016342342754406925,53.62636591236628,0.9747613732631208,0.5947457413668121,72.27516337590224,57.91060551447863,65.09288444519044,18.534052294412074
2020-04-29,69.45901489257812,0.03231701016126108,57.95913111585482,1.1244082604336825,0.7006782451801863,72.70902752108482,58.28399234585854,65.49650993347169,18.737539028477112
2020-04-30,70.92436218261719,0.020877122966244235,60.58980329463792,1.3457330041694746,0.829689196978044,72.85536875810404,59.41443524275046,66.13490200042725,19.02534638190407
2020-05-01,69.78250122070312,-0.01623070831725359,57.56689351075388,1.4127109687765227,0.9462935513377397,72.70351698820792,60.631841440747166,66.66767921447754,19.298716188659565
2020-05-04,70.76986694335938,0.014050022463855484,59.45079210720646,1.5278515289651438,1.0626051468632207,72.14104633151507,62.443577386746654,67.29231185913086,18.710121276905834
2020-05-05,71.83201599121094,0.014896979879900931,61.43435248332426,1.685379794708311,1.1871600764322388,72.59849705031586,62.83320956894683,67.71585330963134,18.811040342813044
2020-05-06,72.57311248779297,0.010264219987839798,62.8016429550243,1.848711577628066,1.3194703766714042,72.93698492496374,63.48930215389369,68.21314353942871,18.773684163085083
2020-05-07,73.32388305664062,0.010291880144767637,64.18686582193457,2.015500665719671,1.4586764344810574,73.5261562989442,63.80949662463977,68.66782646179199,18.562312250646016
2020-05-08,75.06912994384766,0.023523039615630806,67.240824601684,2.262429182540501,1.619426984092946,74.45650549926613,63.91668862304833,69.18659706115723,18.71214366747046
2020-05-11,76.25038146972656,0.015612996770347786,69.1578824698848,2.524339917925616,1.8004095708594803,75.61496362426146,63.786918547369396,69.70094108581543,18.79874999583052
2020-05-12,75.37899017333984,-0.011493827087381014,66.08557651141227,2.6312605340520463,1.9665797634979936,76.4346659304077,63.57562612281495,70.00514602661133,18.90496443233421
2020-05-13,74.46884155273438,-0.012147787559569499,62.94046185735988,2.6124399241420946,2.095751795626814,76.98866688383288,63.602269395464,70.29546813964843,19.11693509724751
2020-05-14,74.92631530761719,0.006124364328809528,63.871188249209276,2.6044166697686393,2.1974847704551794,77.56138593702299,63.60138414354342,70.58138504028321,18.883969384289824
2020-05-15,74.48334503173828,-0.0059296242664806705,62.241168563663194,2.5331140220296504,2.264610620770074,77.99093841124093,63.79327789735282,70.89210815429688,18.929594948119263
2020-05-18,76.23826599121094,0.023287971233547877,65.948733622254,2.5883764227387474,2.3293637811638086,78.57575885918716,64.14709804388902,71.36142845153809,18.722105952893642
2020-05-19,75.79772186279297,-0.005795277389482411,64.24337728636664,2.5670328868650785,2.3768976023040627,78.68030907146289,65.14377540119335,71.91204223632812,18.43782888061538
2020-05-20,77.27185821533203,0.019261592381522596,67.29130599483585,2.638651730051336,2.4292484278535174,79.13963455641704,65.74648604905173,72.44306030273438,18.52957820623343
2020-05-21,76.69574737548828,-0.00748356807043635,64.96078690967585,2.6187356942689632,2.4671458811366067,79.269196571987,66.64717839749544,72.95818748474122,18.447213623188503
2020-05-22,77.1895523071289,0.0064178531360118045,66.04625109485443,2.61268066711429,2.4962528383321434,79.58436628026286,67.21996797877034,73.4021671295166,18.21982693283668
2020-05-26,76.66670227050781,-0.006796630410302639,63.79284467860387,2.536453726483572,2.5042930159624293,79.68108200360568,67.95409789751737,73.81758995056153,18.647991607944583
2020-05-27,77.00074005126953,0.004347548210040575,64.62329165168026,2.474473197372319,2.4983290522444075,79.44639745407117,69.16383737869249,74.30511741638183,18.542413312149183
2020-05-28,77.03462219238281,0.00043992679559045104,64.71170302558075,2.4004166778739773,2.4787465773703214,79.422354278369,69.94544128437514,74.68389778137207,18.710067370326325
2020-05-29,76.95960235595703,-0.000974320206884484,64.32836387491565,2.309055524046471,2.4448083667055514,79.47834682029435,70.49297275978378,74.98565979003907,18.8494221841502
2020-06-01,77.9060287475586,0.012222701284943295,66.98542457325222,2.2866606510153815,2.4131788235675176,79.33968662341132,71.44398570935235,75.39183616638184,18.207378619046597
2020-06-02,78.26671600341797,0.0046190889163880075,67.9647678811895,2.271828772030929,2.3849088132602,79.26475125065909,72.26860598811044,75.76667861938476,18.288780032472925
2020-06-03,78.69754791259766,0.005489567884688198,69.14225241879984,2.2686869248747428,2.3616644355831085,79.31767882289071,72.9022316080175,76.10995521545411,18.464613424867103
2020-06-04,78.01980590820312,-0.008649281180749296,65.08924150420897,2.186306492423185,2.3265928469511237,79.23037440439147,73.53420536855775,76.38228988647461,18.287839410325216
2020-06-05,80.24187469482422,0.028082790618352393,71.07575608554849,2.2741072933676776,2.3160957362344345,79.69039500840951,73.76598392835807,76.72818946838379,18.73731756002542
2020-06-08,80.71630096435547,0.005895042504144299,72.1729365126503,2.3548273122655132,2.3238420514406504,80.35837278571744,73.66272325310094,77.01054801940919,18.3762522642923
2020-06-09,83.26517486572266,0.03108984343937262,77.1810673700024,2.5945628256163076,2.377986206275782,81.69766522538018,73.02491015303778,77.36128768920898,18.810777704708315
2020-06-10,85.40737915039062,0.025402111056109355,80.37746384850391,2.9237102183220145,2.487131008685029,83.38970238595302,72.33571189017003,77.86270713806152,18.93141596963257
2020-06-11,81.30693817138672,-0.04920115070095743,62.36862049357754,2.821169889856691,2.5539387849193615,83.69350772151832,72.71571621646997,78.20461196899414,19.122105575037182
2020-06-12,82.00891876220703,0.008596653468551657,63.86142113951644,2.76468039314895,2.5960871065652795,84.07093430010757,73.04654998333969,78.55874214172363,19.114557663188265
2020-06-15,83.02313232421875,0.012291264925150001,65.96229937505242,2.7698218363657645,2.6308340525253766,84.49172376558948,73.47973924710584,78.98573150634766,18.748608011807768
2020-06-16,85.22341918945312,0.02615699751257809,70.03249245211697,2.9178065707410354,2.688228556168508,85.4406759113329,73.42930242118663,79.43498916625977,18.924051454778418
2020-06-17,85.10481262207031,-0.0013926826491627601,69.54969591410519,2.9910361769618845,2.7487900803271836,86.15646299476191,73.64422441368535,79.90034370422363,18.555267588141874
2020-06-18,85.1386947631836,0.0003980432743782286,69.61413997315158,3.017026766574574,2.8024374175766615,86.83661929707203,73.75075176616038,80.2936855316162,18.388368284173506
2020-06-19,84.65216064453125,-0.00573099710394276,67.40801588055842,2.9641958541954523,2.8347891049004197,87.28070527522353,74.10230711491319,80.69150619506836,19.39326107168674
2020-06-22,86.86699676513672,0.025827543373052028,71.7906789893573,3.065706187688093,2.8809725214579545,88.09482002376268,74.25593681217481,81.17537841796874,18.72407769581973
2020-06-23,88.72113800048828,0.02111999376185828,74.84075580295998,3.258208955635567,2.956419808293477,89.1304152524402,74.42578515649535,81.77810020446778,19.17283053039538
2020-06-24,87.15504455566406,-0.017809515946438863,68.13921294448733,3.2469690949744177,3.0145296656296656,89.65147421261764,74.92015664675736,82.2858154296875,19.076246512170936
2020-06-25,88.31206512451172,0.013188082262532175,70.25812562843844,3.293458376643997,3.070315407832532,90.2493039706274,75.4500711819605,82.84968757629395,18.739297378165105
2020-06-26,85.59861755371094,-0.031207603208687613,60.15425151795629,3.075891957755502,3.071430717817126,90.22827578339192,76.33500088897136,83.28163833618164,19.13977244094883
2020-06-29,87.57135772705078,0.02278484494712642,64.18670014794975,3.027750623932562,3.0626946990402133,90.47779107235645,77.05201849795604,83.76490478515625,18.688001940966465
2020-06-30,88.30238342285156,0.008313121685964067,65.57692163687133,3.013844214204326,3.0529246020730363,90.74533977718569,77.78803653507016,84.26668815612793,18.758746003895027
2020-07-01,88.1353530883789,-0.0018933634909774333,64.95646783365646,2.955278718770387,3.0333954254125066,90.8750790362214,78.60207779361258,84.73857841491699,18.522670393619762
2020-07-02,88.1353530883789,0.0,64.9564678332602,2.8757156813931317,3.0018594766086317,90.67621110986288,79.81250043798867,85.24435577392578,18.552073860843908
2020-07-06,90.49300384521484,0.0263988060539886,69.65628219766221,2.968682983920459,2.9952241780709974,91.13558759256847,80.37823687032216,85.75691223144531,18.591735745800143
2020-07-07,90.21221923828124,-0.0031076559727058533,68.47839177911673,2.985290696926697,2.9932374818421374,91.40962850450695,81.05378778577624,86.2317081451416,18.53779156261041
2020-07-08,92.31328582763672,0.02302318677751972,72.25866476838357,3.1318884826559383,3.0209676820048976,92.33060180978572,81.0376255766889,86.68411369323731,18.57847051709728
2020-07-09,92.71025848388672,0.004291056760954269,72.9194758566762,3.2427205952482865,3.065318264653576,93.26403124440662,80.8344840754176,87.04925765991212,18.648953526241677
2020-07-10,92.8724136352539,0.0017475251410267317,73.20030018599626,3.305536244308641,3.1133618605845887,93.74408536701665,81.5109774991943,87.62753143310547,18.318173941467936
2020-07-13,92.44398498535156,-0.004623761484450247,71.10235522342052,3.282904211024004,3.1472703306724723,94.02327716844466,82.27529232008074,88.1492847442627,19.071177180723968
2020-07-14,93.97378540039062,0.01641297129459537,73.97101720257973,3.3497959079576987,3.1877754461295176,94.60033138047145,82.79330341567113,88.69681739807129,18.957110960425975
2020-07-15,94.6200714111328,0.006853760260857951,75.09578890677588,3.4155851994839566,3.2333373968004055,95.39308105085122,82.94021896745933,89.16665000915528,18.847241766882764
2020-07-16,93.45578002929688,-0.012381241358009519,69.28706219551682,3.3353275233596946,3.2537354221122636,95.78371087723434,83.38468588179887,89.58419837951661,18.521228103938057
2020-07-17,93.26696014404295,-0.0020224633533159272,68.36351210246018,3.219375592263617,3.2468634561425347,96.02661039556499,83.95461290155414,89.99061164855956,18.339327522096784
2020-07-20,95.23247528076172,0.020855090319138812,72.47623539120542,3.2486352515446697,3.2472178152229616,96.43906914773748,84.6001856130047,90.51962738037109,18.318847345142686
2020-07-21,93.91808319091795,-0.013898063609307393,66.27178754538993,3.1296862110332313,3.223711494385016,96.71505242674215,85.02931097657816,90.87218170166015,18.454436561342654
2020-07-22,94.18195343017578,0.00280563913849383,66.88468325590125,3.0218760563735003,3.183344406782713,97.07458707219537,85.21585787409369,91.14522247314453,18.304164916298664
2020-07-23,89.8951187133789,-0.046584942899107404,50.750003620756836,2.5610023560110307,3.0588759966283767,96.9439782045057,85.62047415755484,91.28222618103027,19.09873662655425
2020-07-24,89.67242431640625,-0.002480342576225414,50.074223933209375,2.1529689653017527,2.877694590363052,96.89319409373893,85.80729418751106,91.350244140625,19.03823547183162
2020-07-27,91.79766845703124,0.023423598652974303,56.084216220490404,1.9782845710887642,2.6978125865081948,96.49728945959772,86.82310391198432,91.66019668579102,18.61306814472957
2020-07-28,90.28968811035156,-0.01656364122891528,51.35984184440697,1.69858429644502,2.49796692849556,96.29004337113079,87.30218303878132,91.79611320495606,18.45629497116166
2020-07-29,92.02037048339844,0.01898671283399817,55.94644325577773,1.5981489509535578,2.3180033329871597,96.16420945624309,87.7998156597237,91.9820125579834,18.31897134374206
2020-07-30,93.13385009765624,0.012027735952490225,58.64816367641651,1.5900723509115409,2.1724171365720357,96.02561230449321,88.43826251240132,92.23193740844727,18.87892804382341
2020-07-31,102.8839111328125,0.09956356943101899,73.80011486083455,2.34340669441346,2.2066150481403204,98.66642635713202,87.27230426420587,92.96936531066895,19.7406664875714
2020-08-03,105.47634887695312,0.024885470301693358,76.28798604036822,3.1137245705425585,2.388036952620768,101.57561970292811,85.86144542158361,93.71853256225586,19.54610113281747
2020-08-04,106.18071746826172,0.006655777704254045,76.92900540375632,3.737954878833065,2.6580205378632273,103.95927888564802,85.07463606186175,94.51695747375489,18.969215945450642
2020-08-05,106.56558990478516,0.0036181390044996674,77.29026245456889,4.215128507001779,2.969442131690938,106.02581740461069,84.43332795061393,95.22957267761231,18.617700427118447
2020-08-06,110.2835922241211,0.03429449606182111,80.47150209203639,4.837539614294641,3.3430616282116787,108.74477981005292,83.47169891919513,96.10823936462403,19.125898782685095
2020-08-07,107.77618408203124,-0.02299845210908214,73.04048939795776,5.07003382531984,3.688456067633311,110.4107485401137,83.29610723381208,96.85342788696289,19.104007870222784
2020-08-10,109.34270477294922,0.014430323245365686,74.61750500512126,5.3193738597254026,4.014639626051729,112.17386037394847,83.22286737873706,97.69836387634277,19.173998801048985
2020-08-11,106.0908660888672,-0.03019107627340769,65.98834073441364,5.1947001584955785,4.2506517325405,113.13331747452314,83.47511834701005,98.3042179107666,19.0514332423755
2020-08-12,109.61671447753906,0.03269391308732713,70.03471253564594,5.319086729466022,4.464338731925604,114.59814759926915,83.50995252890466,99.05405006408691,18.925073728586536
2020-08-13,111.55667877197266,0.017542924294411857,72.00798440036867,5.51067920907613,4.67360682735571,116.22195594801835,83.69623405442306,99.9590950012207,19.163008493416278
2020-08-14,111.4572296142578,-0.0008918651309822568,71.74714980975256,5.590054247937857,4.8568963114721395,117.58394152268205,84.15327542678084,100.86860847473145,18.924875638944275
2020-08-17,111.166259765625,-0.002614010005211313,70.93750967148554,5.565327076808231,4.998582464539358,118.76403606500148,84.56655933294775,101.66529769897461,18.599342286056498
2020-08-18,112.09258270263672,0.008298244695538604,72.020024417966,5.556426113470479,5.110151194325582,119.8698139083316,85.27823144078951,102.57402267456055,18.4754870699122
2020-08-19,112.23323822021484,0.0012540289426535294,72.18941534797035,5.497351712104177,5.187591297881301,120.81238527611761,86.14078855200738,103.4765869140625,18.795947785733233
2020-08-20,114.72364044189452,0.021946919588106097,75.06751480264948,5.587085031143701,5.267490044533782,121.50606770142161,87.92995829955495,104.71801300048828,18.658966676543525
2020-08-21,120.63562774658205,0.05024855182128677,80.28385932589859,6.065329951777741,5.427058025982573,122.9224438740089,89.60990246998523,106.26617317199707,19.63871857344123
2020-08-24,122.0784683227539,0.011889359503909654,81.31150761430453,6.486001089954556,5.63884663877697,124.40387187518765,91.15655445537875,107.7802131652832,19.661768972827442
2020-08-25,121.07696533203124,-0.008237600443473821,78.26225409235008,6.661780220719706,5.8434333551655175,124.78523315001947,93.8539209027149,109.31957702636718,19.16971475717993
2020-08-26,122.72349548339844,0.013507400108131245,79.61569573418112,6.854928324183575,6.04573234896913,125.1405698809406,96.56889667179377,110.85473327636718,18.90939817877633
2020-08-27,121.25640869140624,-0.012026437010124997,75.12727591869789,6.811103779967198,6.198806635168744,124.6069715358034,99.91475087630597,112.26086120605468,18.862493216740063
2020-08-28,121.05998229980467,-0.001621239354236625,74.52150958211958,6.68347955277568,6.295741218690131,125.28320179835342,101.05612773045519,113.1696647644043,19.049982501793195
2020-08-31,125.16537475585938,0.03334971670496132,78.43524563892058,6.834819746737978,6.403556924299701,126.82261419845692,101.48561791824231,114.15411605834962,19.234729208929274
2020-09-01,130.1510772705078,0.03906004759359351,82.04279959355114,7.273221298768874,6.577489799193536,129.31446389266247,101.39080420426133,115.35263404846191,18.8390495797169
2020-09-02,127.45452880859376,-0.02093624435886852,74.75838307173304,7.318703306403691,6.7257325006355675,130.71200962680692,102.08215236049774,116.39708099365234,19.11442275256702
2020-09-03,117.25041961669922,-0.08344767805266447,54.89548962210135,6.4569303192267995,6.671972064353815,130.77008651044088,102.72075821612164,116.74542236328125,19.36691700328023
2020-09-04,117.3280029296875,0.0006614701810587347,54.99340179937756,5.71435778365165,6.480449208213382,130.59709289975834,103.84893371156979,117.22301330566407,19.62247277512012
2020-09-08,109.43242645263672,-0.06966620757729547,44.42431071130123,4.437602741557086,6.071879914882123,130.5905048989156,103.86449388038129,117.22749938964844,19.259514027820888
2020-09-09,113.79730987548828,0.03911163361314993,50.13037483009982,3.7349209418351563,5.60448812027273,130.03503629107374,105.19060686688525,117.61282157897949,18.9913240814838
2020-09-10,110.08230590820312,-0.03319056082447183,45.8185197106398,2.8454699738156393,5.052684490981312,129.99681426143155,105.27538803959385,117.6361011505127,19.021023807408056
2020-09-11,108.63704681396484,-0.01321584132131005,44.22484160411189,2.000888347777746,4.442325262340598,130.21669122357352,104.76354788165109,117.4901195526123,19.01323547354593
2020-09-14,111.89617156982422,0.029558921561455443,48.56917365448555,1.5763641102065975,3.8691330319137984,130.196276356539,104.82785694424224,117.51206665039062,18.75822455623125
2020-09-15,112.07076263427734,0.001559079249254814,48.79924591951653,1.2397228795279602,3.343251001436631,130.1523718983337,104.96221168931278,117.55729179382324,19.033929378530313
2020-09-16,108.76312255859376,-0.029958151127736796,44.717902783060325,0.6979874035340004,2.814198281856105,130.3721114424672,104.40952613077498,117.3908187866211,18.85686256618756
2020-09-17,107.0269012451172,-0.016092113525956644,42.69916060344728,0.127094519517442,2.2767775293883723,130.7408397858919,103.52016408984055,117.13050193786621,18.997355909717395
2020-09-18,103.63197326660156,-0.032234311892773454,38.992438785084595,-0.5924550661835895,1.70293101027398,131.44490571477883,101.70693144342432,116.57591857910157,19.475358215652662
2020-09-21,106.77469635009766,0.02987506841809476,43.85167174553813,-0.8987515603863301,1.1825944961419181,131.2392603270759,100.5264836914788,115.88287200927735,19.09216395108573
2020-09-22,108.45276641845705,0.015593772753091279,46.31068342061347,-0.9946221237770629,0.747151172158122,130.60955964922232,99.79361417890269,115.2015869140625,19.025299402694802
2020-09-23,103.9035873413086,-0.04285132127252669,41.06070211172367,-1.4212971397243592,0.31346150978162574,130.27735731598443,98.40847871306829,114.34291801452636,18.830925750124614
2020-09-24,104.97054290771484,0.010216342687237683,42.7013630629599,-1.6542762991751516,-0.08008605200972974,129.40191933561377,97.5086214358706,113.45527038574218,18.937945398592436
2020-09-25,108.90863800048828,0.036829580213479,48.40966314846226,-1.5038076412110968,-0.36483036985000317,128.46575772531682,97.21000597707575,112.83788185119629,18.82602185103939
2020-09-28,111.50817108154295,0.02358852418242772,51.82165668870826,-1.1614115221954506,-0.5241466003190927,127.50658307663232,97.21399950393408,112.3602912902832,18.74038751514273
2020-09-29,110.66427612304688,-0.007596792740327209,50.65053611493641,-0.9472362515966068,-0.6087645305745956,125.53783321925239,97.73263949803275,111.63523635864257,18.414483591206544
2020-09-30,112.33263397216795,0.014963337180522658,52.915960310600504,-0.6355520231166736,-0.6141220290830112,121.60094544554175,99.88768294190942,110.74431419372559,18.77608128318227
2020-10-01,113.28321838378906,0.00842662451785154,54.2058808786114,-0.30828212439918445,-0.5529540481462458,117.67276462608294,102.39873271888777,110.03574867248535,18.570138150438886
2020-10-02,109.62642669677734,-0.03281257547024754,48.68077105154185,-0.3400707756567982,-0.5103773936483563,116.4948147100491,102.81428334292943,109.65454902648926,18.790256125273885
2020-10-05,113.00193786621094,0.030326502878372533,53.40230340468837,-0.09182941739204864,-0.4266677983970948,115.48431870053766,103.3921728460932,109.43824577331543,18.48124702053734
2020-10-06,109.76222229003906,-0.029088557239606,48.76502357307593,-0.15473068502862475,-0.37228037572340084,115.50254035875454,103.40693077161654,109.45473556518554,18.900004561246057
2020-10-07,111.62456512451172,0.01682473274384537,51.37878847423036,-0.05368603116738768,-0.3085615068121982,115.13810545340804,103.5540912018654,109.34609832763672,18.3886636328441
2020-10-08,111.5178680419922,-0.00095631376907528,51.217576757070226,0.017580366627356625,-0.24333313212428723,115.28341246218804,103.55234040646431,109.41787643432617,18.240084110622185
2020-10-09,113.45780181884766,0.017246148089093978,54.041161535432344,0.22796806941653358,-0.14907289181612307,115.77998657982575,103.53784178931487,109.6589141845703,18.425736949772624
2020-10-12,120.66474151611328,0.0615849910959808,62.682785233656496,0.9651163814187953,0.0737649628308606,117.91431851685633,102.28036684691321,110.09734268188477,19.297094039237603
2020-10-13,117.46381378173828,-0.02688565040664222,57.51049291757144,1.2763110928502783,0.3142741888347441,118.81704087406492,101.91694960445072,110.36699523925782,19.385115720958968
2020-10-14,117.55110168457033,0.0007428286555564998,57.613206579205,1.512542894991455,0.5539279300660863,119.80163372403587,101.8111546670774,110.80639419555663,18.830881295462518
2020-10-15,117.08551788330078,-0.003968557109151002,56.8241503439126,1.6432472470521589,0.7717917934633008,120.53659726190061,102.08205279303102,111.30932502746582,18.538989872308825
2020-10-16,115.4462661743164,-0.014099396102036484,54.018946131231814,1.596157959237118,0.9366650266180643,120.5526425956933,103.24743675000983,111.90003967285156,18.563861193091103
2020-10-19,112.4975357055664,-0.025873877216612766,49.30389033875206,1.3058484461001427,1.01050171051448,120.49687374158225,103.87548953966774,112.186181640625,18.60831566810899
2020-10-20,113.98160552978516,0.01310576380834153,51.59393750204473,1.1819038454763557,1.0447821375068553,120.61676842288814,104.30847876949467,112.4626235961914,18.639203242630284
2020-10-21,113.3608169555664,-0.005461278281269683,50.56498868685313,1.0218056670388336,1.040186843413251,120.02744583182914,105.84352432197946,112.9354850769043,18.31472005934029
2020-10-22,112.27444458007812,-0.009629530090548904,48.73334496463844,0.798065928428727,0.9917626604163463,119.33976133335963,107.26159898768529,113.30068016052246,18.44036572707384
2020-10-23,111.58576965332033,-0.0061527422518398095,47.557287865294875,0.5587394618169981,0.9051580206964768,119.17501927790506,107.69405420842305,113.43453674316406,18.22918847644247
2020-10-26,111.59547424316406,8.696599840045173e-05,47.57648674563061,0.3656397249228007,0.7972543615417416,119.1733462849202,107.70445751757003,113.43890190124512,18.53267551320308
2020-10-27,113.09894561767578,0.013382564763416083,50.594156712872056,0.33011896122117435,0.7038272814776281,119.14857238609962,107.9726983658535,113.56063537597656,18.340303324435737
2020-10-28,107.86104583740234,-0.047419274400714646,41.608082104690716,-0.119310895503844,0.5391996460813336,119.46372791850818,107.21038401996837,113.33705596923828,18.7848918267284
2020-10-29,111.85736846923828,0.03638077778889067,49.044275567699835,-0.15127366851228885,0.4011049831626091,119.42815266823521,107.10337427878628,113.26576347351075,18.800001726701677
2020-10-30,105.5913314819336,-0.057648284236354014,40.36439939133421,-0.6744466130929112,0.18599466391150507,119.94983668100483,106.17818074453228,113.06400871276855,19.063968343970977
2020-11-02,105.50402069091795,-0.0008272166591612601,40.25748614652961,-1.0836189078386127,-0.06792805043851849,120.36077095160536,105.01745475640246,112.68911285400391,18.626612221746562
2020-11-03,107.1239013671875,0.015237058245524734,43.26024369054925,-1.2626253080897811,-0.30686750196877105,120.52575289440439,104.58864072131827,112.55719680786133,18.49415795507531
2020-11-04,111.49847412109376,0.040024784544085416,50.49644244029418,-1.0395148286805096,-0.4533969673111188,120.52275403481427,104.5790304805666,112.55089225769044,18.74446931764089
2020-11-05,115.4559555053711,0.034878213824414285,55.96742157044263,-0.5371703275065869,-0.4701516393502124,120.80629437147672,104.68929889024201,112.74779663085937,18.65485998541904
2020-11-06,115.32479095458984,-0.001136702839524569,55.747515890527836,-0.1479372457089454,-0.40570876062195904,120.97715561870116,104.7051365565918,112.84114608764648,18.555717636492965
2020-11-09,113.02200317382812,-0.020169898669166478,51.89248601877389,-0.024994827999947233,-0.3295659740975567,119.71853045478663,105.19948788627782,112.45900917053223,18.855803684997078
2020-11-10,112.68191528320312,-0.003013577702415051,51.32796745210797,0.04448290204129535,-0.2547561988697863,119.08993108983184,105.3498974013791,112.21991424560547,18.74293380120946
2020-11-11,116.10211181640624,0.02990113776431617,56.458069568526966,0.3712462840437496,-0.12955570228707913,118.80813161034348,105.48679789405105,112.14746475219727,18.536639904025076
2020-11-12,115.83003997802734,-0.002346134083368732,55.952843326560995,0.601323017490742,0.016620041668485103,118.57078082428924,105.59860088957794,112.08469085693359,18.4518140438857
2020-11-13,115.87862396240234,0.0004193540652367497,56.02851358927281,0.77860552800486,0.1690171389357601,118.64226384005222,105.57035365262355,112.10630874633789,18.217117993862164
2020-11-16,116.88915252685548,0.008682773263368379,57.65788488553016,0.9892410496118487,0.3330619210709778,119.20334457672789,105.4484345980768,112.32588958740234,18.328379045127452
2020-11-17,116.00493621826172,-0.007593327610091246,55.71254053626404,1.0724597037510364,0.4809414776069895,119.46471997381978,105.38939226983256,112.42705612182617,18.12323113740574
2020-11-18,114.68351745605467,-0.011456431339548491,52.84312838584075,1.0200254180857087,0.5887582657027334,119.59239222825352,105.39399006544767,112.49319114685059,18.15047311355139
2020-11-19,115.27619934082033,0.005154669742576664,53.9877946591198,1.0145996703453477,0.6739265466312563,119.84912992761619,105.4374278421592,112.64327888488769,18.121101526968165
2020-11-20,114.01309204101562,-0.011017697944064535,51.138824398326804,0.8980256426971494,0.718746365844435,119.97726320976729,105.55202679877765,112.76464500427247,18.1142140194917
2020-11-23,110.62201690673828,-0.030194147115939513,44.36931895666083,0.5259456884697897,0.680186230369506,119.97480132364394,105.4571429512584,112.71597213745117,18.667222810386093
2020-11-24,111.90457916259766,0.011527399248649272,47.21534963327759,0.33074903034346903,0.6102987903642986,119.92146609173761,105.39104153765692,112.65625381469727,18.55060489705436
2020-11-25,112.74019622802734,0.007439486789539203,49.04442026401198,0.24070686716943612,0.5363804057253261,119.80624898485215,105.99417368360488,112.90021133422852,18.152790854297777
2020-11-27,113.28431701660156,0.004814715288090477,50.25323670369029,0.21082356158123616,0.4712690368965081,119.86169890191049,106.08141862128288,112.97155876159668,17.659068431198016
2020-11-30,115.6745834350586,0.02088019514402963,55.27290455949841,0.3756846910220304,0.4521521677216126,119.5151817249317,107.43626099357417,113.47572135925293,18.947833556787117
2020-12-01,119.24054718017578,0.030361924077136726,61.51236053375048,0.7850324308950007,0.5187282203562902,119.46413104931534,108.86096431811629,114.16254768371581,18.665415134523
2020-12-02,119.59033203125,0.0029291446928640607,62.07128473798618,1.124703298620247,0.6399232360090816,119.50213314073042,110.06960529310746,114.78586921691894,18.304194128829614
2020-12-03,119.45428466796876,-0.0011382592910794639,61.695998657589115,1.3671572851105367,0.7853700458293726,120.07139586600809,110.29592362251731,115.1836597442627,18.18454821238753
2020-12-04,118.78385925292967,-0.0056282102751970195,59.77795794782767,1.4880527424418517,0.9259065851518686,120.49655860394918,110.20355125933207,115.35005493164063,18.175552298679236
2020-12-07,120.2413330078125,0.012195298785505723,62.506857918485515,1.682079252222664,1.0771411185660278,121.18772230939058,110.00404175921292,115.59588203430175,18.278102852010154
2020-12-08,120.85345458984376,0.005077860897861514,63.62313099317831,1.8637555413329352,1.2344640031194094,121.90756936429113,110.06733984591395,115.98745460510254,18.22497604305823
2020-12-09,118.3271713256836,-0.021125266359752155,56.18796072574919,1.7833282648187208,1.3442368554592719,122.06319999688131,110.47623481757182,116.26971740722657,18.561218046527664
2020-12-10,119.74578094482422,0.011917577329459276,59.07983119275002,1.813158051813744,1.4380210947301664,122.44878079454269,110.45502093275225,116.45190086364747,18.21380663705883
2020-12-11,118.9393310546875,-0.006757463439114379,56.7851654428559,1.7515340127611836,1.5007236783363698,122.69686311944739,110.51786771551355,116.60736541748047,18.2807264945874
2020-12-14,118.3271713256836,-0.0051601138903450364,55.037684709961916,1.634459314178244,1.5274708055047446,122.85594577769884,110.60363979359023,116.72979278564453,18.187291143189555
2020-12-15,124.25421905517578,0.0488761944313551,65.96020363251336,1.9969207303000616,1.621360790463808,124.08895298343245,110.10713924068864,117.09804611206054,18.873307395508807
2020-12-16,124.18621826171876,-0.0005474213126459311,65.76281833714367,2.2527189761562028,1.7476324276022872,125.15524484872141,109.85897557974538,117.50711021423339,18.40260435604726
2020-12-17,125.05097198486328,0.006939230797147155,67.11069647084246,2.496441899101683,1.8973943219021665,126.25136372562955,109.7996021557181,118.02548294067383,18.362625703557057
2020-12-18,123.06883239746094,-0.015977618228268833,61.166505314033465,2.50082402949009,2.018080263419751,126.82876079855205,110.00146838845967,118.41511459350586,19.0758222780664
2020-12-21,124.59432220458984,0.012319225298679879,63.82234121773482,2.5974493979757227,2.1339540903309455,127.52145986093748,110.36689234243167,118.94417610168458,18.613378291818403
2020-12-22,128.140869140625,0.02806716179675123,69.11135506589152,2.9264678964105855,2.2924568515468735,128.39709958654785,111.24313784020997,119.8201187133789,18.944845806477655
2020-12-23,127.2469253540039,-0.007000706039174206,66.47337705882231,3.0795841056942237,2.4498823023763436,128.9243965320415,112.25007551385694,120.58723602294921,18.295386203699447
2020-12-24,128.22825622558594,0.00768243468509096,67.92092684245569,3.242734776732746,2.608452797247624,129.50482243632487,113.21845560932944,121.36163902282715,17.821572044020918
2020-12-28,132.81446838378906,0.035141252204670397,73.64743577314556,3.6994568162152035,2.82665360104114,131.06598650554454,113.61030667682853,122.33814659118653,18.639705432384982
2020-12-29,131.04600524902344,-0.013404733123823693,68.56472473151075,3.8740544396322463,3.036133768759361,132.0679423221205,114.14549304164902,123.10671768188476,18.611691944528104
2020-12-30,129.9286346435547,-0.008563111217969478,65.48937473622892,3.8775637038146726,3.2044197557704237,132.90135240916294,114.38089170094449,123.64112205505371,18.384557080386173
2020-12-31,128.92788696289062,-0.007732103176630969,62.77366511249724,3.7562926433483312,3.3147943332860055,133.44950707629297,114.76649252697851,124.10799980163574,18.41180750292963
2021-01-04,125.7408676147461,-0.025030049261877366,54.95764933906447,3.364237788790817,3.3246830243869683,133.5245089974336,115.32014890051562,124.42232894897461,18.780464158586195
2021-01-05,127.29549407958984,0.012287925860746255,57.72292788093264,3.142749198640246,3.288296259237624,133.63038520969624,116.06543617091899,124.84791069030761,18.39705279965152
2021-01-06,123.0105209350586,-0.034241221089608316,48.82538232586594,2.591582226751811,3.1489534527404617,133.5475843614232,116.42515581191667,124.98637008666992,18.859503262162477
2021-01-07,127.20802307128906,0.033553835604926974,55.98301865953744,2.4650660262906285,3.012175967450495,133.68934967639356,116.91884734509082,125.3040985107422,18.512149016710357
2021-01-08,128.3060302734375,0.00859454849214273,57.65161327896401,2.4254420446044946,2.894829182881295,133.60775361567096,117.99832930058881,125.80304145812988,18.470976450414504
2021-01-11,125.3230209350586,-0.02352370030572411,51.89591685111757,2.1287963904258334,2.7416226243902027,133.35585135878944,118.80795555649377,126.0819034576416,18.42451838079528
2021-01-12,125.14813232421876,-0.001396477294775456,51.570842845106,1.8581706879632804,2.564932237104818,132.86905708285698,119.91562995937936,126.39234352111816,18.336767482841775
2021-01-13,127.17887878417967,0.01609649555608415,55.088740110584645,1.7869631379628572,2.4093384172764263,132.08461333759894,121.58524445048702,126.83492889404297,18.300057690510553
2021-01-14,125.2550048828125,-0.015242891513618123,51.28776034270995,1.55733807232113,2.2389383482853673,132.04946551339768,121.72047085745194,126.88496818542481,18.317781652059622
2021-01-15,123.5352020263672,-0.013825546207290377,48.093254884830465,1.2224927010355628,2.0356492188354065,132.096133335158,121.60870141215648,126.85241737365723,18.530418175921636
2021-01-19,124.20564270019533,0.005412448732531917,49.41598003546975,0.9997003675869109,1.8284594485857075,132.12810714044582,121.49219467840183,126.81015090942383,18.323699479663794
2021-01-20,128.2865753173828,0.032328030216431144,56.656268443369214,1.1392998550869606,1.690627529885958,132.12140022111186,122.02067588972797,127.07103805541992,18.46296887277228
2021-01-21,132.9893341064453,0.03600229926509356,63.19415373944524,1.6108380480667677,1.6746696335221203,133.04478287036662,121.93679443065878,127.4907886505127,18.60425901907827
2021-01-22,135.126953125,0.015945799746370254,65.72491850452968,2.1324419893679334,1.766224104691283,134.36083999433427,121.31934570512863,127.84009284973145,18.555730741662273
2021-01-25,138.8678436279297,0.0273079855360384,69.6570028325016,2.8152233283490773,1.9760239494228418,136.58366975970787,120.25860776714758,128.42113876342773,18.875644977555893
2021-01-26,139.1009979248047,0.001677557457527689,69.88886217712434,3.3366828588872863,2.2481557313157308,138.41925621976375,119.51029547701361,128.96477584838868,18.404455839167635
2021-01-27,138.0321502685547,-0.007713642073783035,67.34818721698312,3.621944696743327,2.52291352440125,139.38880421092082,119.06251567433307,129.22565994262695,18.763162039958527
2021-01-28,133.2030792236328,-0.03561175585013107,57.22614593467396,3.41893967499297,2.702118754519594,139.62299411959378,119.04403316312107,129.33351364135743,18.775702028349528
2021-01-29,128.21856689453125,-0.038138513563112784,49.03423275080915,2.8233029658870805,2.7263555967930913,139.54508608907958,118.95093441873293,129.24801025390624,18.99461524803131
2021-02-01,130.33673095703125,0.01638497813098164,52.167757907861535,2.493431988343872,2.6797708751032476,139.62557827551763,119.01132663170894,129.31845245361328,18.481209370573172
2021-02-02,131.16268920898438,0.0063171153354557785,53.37165078236665,2.2724592939761408,2.5983085588778265,139.78507703761568,119.39401002903467,129.58954353332518,18.238023942970358
2021-02-03,130.14244079589844,-0.007808905990785762,51.64260011226534,1.992048229322478,2.477056492966757,139.8719113044234,119.59187043385782,129.7318908691406,18.31399602970824
2021-02-04,133.49459838867188,0.025431466467471697,56.615758352958636,2.0170601293242214,2.38505722023825,140.00969519570884,120.50249428793376,130.2560947418213,18.248504758356884
2021-02-05,133.08103942871094,-0.0031027538384784206,55.85260735031077,1.9806794487096226,2.304181665932525,140.2705359123921,120.82895520699269,130.54974555969238,18.14220682601892
2021-02-08,133.2270050048828,0.001096216158993272,56.07764565932581,1.9412481984787462,2.231594972441769,140.52657069598163,121.06501789654769,130.79579429626466,18.08236762795197
2021-02-09,132.3511962890625,-0.0065955103725587605,54.28946872334483,1.8183671994748067,2.148949417848377,140.5478336030282,121.74657252490148,131.14720306396484,18.15637921720347
2021-02-10,131.74786376953125,-0.004568994444584022,53.03484307958793,1.6532416893014386,2.0498078721389894,140.4445037305232,122.50987554193775,131.47718963623046,18.106608165304312
2021-02-11,131.494873046875,-0.0019221103959452493,52.48709152246991,1.4848478936055471,1.9368158764323011,140.42952938485263,122.95644931387785,131.69298934936523,17.978759114390524
2021-02-12,131.7284393310547,0.0017746630674137138,52.97002500796091,1.3546261573270328,1.8203779326112475,140.21181009957732,123.82151204397738,132.01666107177735,17.912270550683985
2021-02-16,129.60707092285156,-0.01623518366872195,48.18004667963796,1.0679372754592578,1.6698898011808496,139.59008863610654,125.05042039709657,132.32025451660155,18.204715131982834
2021-02-17,127.3202667236328,-0.017801644700482518,43.60269509288342,0.6487301267595456,1.465657866296589,139.12045674662332,125.83151468892355,132.47598571777343,18.399646068196084
2021-02-18,126.22069549560548,-0.00867377099292906,41.55821444118645,0.22518345785863403,1.217562984608998,139.34741044565462,125.3979730077145,132.37269172668456,18.38874313489205
2021-02-19,126.37637329101562,0.0012326177486435392,41.9730608379778,-0.09680255213481814,0.9546898772602348,139.50367685216574,124.58041051966043,132.0420436859131,18.289076647185173
2021-02-22,122.61048889160156,-0.030251970467291098,35.42263282057442,-0.6483800613179085,0.6340758895446061,139.82755769701478,123.00488325147157,131.41622047424318,18.459097297317356
2021-02-23,122.47423553466795,-0.0011118879097015743,35.20853516837502,-1.084007949563528,0.2904591217229794,139.1443647682528,122.04871537090735,130.59654006958007,18.879831954398423
2021-02-24,121.9779815673828,-0.004060136208906064,34.393183602771074,-1.4525456947295368,-0.05814184156752383,138.1302838174109,121.35049468600707,129.740389251709,18.525400163151765
2021-02-25,117.7352523803711,-0.03540206961371183,28.348735562003554,-2.063184197231152,-0.4591503127002495,137.7765795264421,119.67450918815751,128.7255443572998,18.81406990374907
2021-02-26,117.9980010986328,0.0022292046047096073,29.178829700777484,-2.4971325940621796,-0.8667467689726356,137.93997445453925,117.99060644756037,127.96529045104981,18.918788240107173
2021-03-01,124.35232543945312,0.05245118635404234,45.59453279332713,-2.301765634544566,-1.1537505420870215,137.87502638813956,117.66893036845225,127.7719783782959,18.571751551552776
2021-03-02,121.754150390625,-0.021115020001745755,41.371880130029695,-2.329731232725962,-1.3889466802148096,137.7127781840597,116.97292051589146,127.34284934997558,18.443037958451555
2021-03-03,118.7764663696289,-0.02476055805889767,37.12794806048934,-2.5626280052526624,-1.62368294522238,137.60001286054938,115.84706355546624,126.72353820800781,18.54260011096088
2021-03-04,116.8983917236328,-0.01593818210068689,34.709532892961874,-2.865711169103733,-1.8720885899986506,137.65069971553143,114.47197179325762,126.06133575439453,18.998164521471676
2021-03-05,118.1536865234375,0.010681094533752052,37.63366954825204,-2.9703743343119697,-2.0917457388613143,136.84280375871614,113.74577656354947,125.2942901611328,18.85094643280587
2021-03-08,113.22980499267578,-0.04256677910521105,31.6465166169786,-3.4113132401705,-2.3556592391231517,136.43010797079643,112.17334890786569,124.30172843933106,18.85490563614294
2021-03-09,117.83255004882812,0.03984512315182657,41.08240515983481,-3.3507322845526915,-2.5546738482090596,135.22144129888804,111.84257008416861,123.53200569152833,18.67939065478034
2021-03-10,116.7524185180664,-0.009208937560551609,39.69747016617429,-3.3512479282228327,-2.7139886642118145,134.03850378620743,111.4656298197496,122.75206680297852,18.533503060004666
2021-03-11,118.67916870117188,0.016368179165295666,43.36514455102195,-3.1597601936628337,-2.8031429701020185,132.68359636377497,111.51366773534612,122.09863204956055,18.450496804362324
2021-03-12,117.7741928100586,-0.0076546199564399165,42.0708509024916,-3.0459173366045036,-2.851697843402516,131.1803813538986,111.64481472154087,121.41259803771973,18.294040989343767
2021-03-15,120.65455627441406,0.024162384852814786,47.4471482082513,-2.6922403222472013,-2.819806339171453,129.3345291002573,112.38327866951808,120.8589038848877,18.341678672129472
2021-03-16,122.19204711914062,0.012662408007259833,50.10885100918576,-2.261813302618748,-2.708207731860912,127.93932390207667,113.03698148732764,120.48815269470215,18.56242247308186
2021-03-17,121.40384674072266,-0.006471399141264482,48.74580869761148,-1.9616848894774392,-2.5589031633842176,126.93778296489806,113.44688042621523,120.19233169555665,18.53340747133333
2021-03-18,117.2876205444336,-0.034493351235839305,42.278007261505685,-2.0325460869826344,-2.453631748103901,125.97356888592853,113.51778701006756,119.74567794799805,18.613197659333515
2021-03-19,116.76215362548828,-0.004490222677505202,41.52062674235785,-2.106818789821574,-2.384269156447436,124.78145148510697,113.74848244433639,119.26496696472168,19.03883225616519
2021-03-22,120.0707015991211,0.027941758569395903,47.854809883297236,-1.8770705700486445,-2.2828294391676778,124.44307489700046,113.83288030319486,119.13797760009766,18.533226095748056
2021-03-23,119.2435531616211,-0.00691268250703004,46.49880759179494,-1.7416606370921102,-2.1745956787525644,124.0452944065421,113.90759255634853,118.97644348144532,18.37429225395331
2021-03-24,116.85945129394533,-0.02019612506781986,42.73963970048378,-1.8059070136832815,-2.1008579457387078,123.66665620670268,113.77437772884419,118.72051696777343,18.29885769466983
2021-03-25,117.34600830078124,0.0041549646849404565,43.73929140465175,-1.7968486926474867,-2.0400560951204634,123.66654293574392,113.73556659184398,118.70105476379395,18.409060499669565
2021-03-26,117.9493408203125,0.005128310815037938,45.02102843777888,-1.7211457194215285,-1.9762740199806765,123.66560784732333,113.73163565243253,118.69862174987793,18.359562510954973
2021-03-29,118.12449645996094,0.0014839058305405775,45.40985867255638,-1.6282475472705755,-1.9066687254386565,122.58279132573456,114.19166927607209,118.38723030090333,18.20772513139894
2021-03-30,116.67456817626952,-0.012350532284871756,42.71666354539002,-1.6525723461673465,-1.8558494495843947,122.0781327873977,114.18836959297339,118.13325119018555,18.266035453492098
2021-03-31,118.86404418945312,0.018591763427065727,47.75556706217376,-1.4781384485684868,-1.780307249381213,122.08571104134211,114.1895491210114,118.13763008117675,18.58893550059728
2021-04-01,119.69117736816406,0.006934549475834729,49.56064996433168,-1.258646697463476,-1.6759751389976658,122.23833502029221,114.31620370651443,118.27726936340332,18.13418597970449
2021-04-05,122.5131607055664,0.02330355489524915,55.24246369554495,-0.8472211937854013,-1.510224349955213,122.88434314555965,114.10614299945988,118.49524307250977,18.300220138052058
2021-04-06,122.8148422241211,0.0024594148814455377,55.81547949973718,-0.49115857040607125,-1.3064111940453849,123.02276679709358,114.92622307107048,118.97449493408203,18.19967616590293
2021-04-07,124.4593734741211,0.013301471747963048,58.90418256859557,-0.0754072008592459,-1.060210395408157,123.9946697423268,114.61700246836656,119.30583610534669,18.239958319863877
2021-04-08,126.85320281982422,0.01905118942709333,62.96281501905066,0.4421440159740939,-0.7597395131317068,125.4260994558083,114.19565118506085,119.81087532043458,18.30239934538381
2021-04-09,129.4221649169922,0.020049122726959363,66.75710195934316,1.0475256321734463,-0.3982864840706763,127.38322317028826,113.3128270921629,120.34802513122558,18.485407069328616
2021-04-12,127.70951080322266,-0.013321419356272542,62.183444608564834,1.3732678735996018,-0.04397561253662069,128.49129536715907,113.1982866946085,120.84479103088378,18.3309748418064
2021-04-13,130.81370544433594,0.02401597724593612,66.64413720102783,1.8604573176137507,0.33691097349345356,130.20130514134638,112.50419183741337,121.35274848937988,18.329294366955292
2021-04-14,128.478271484375,-0.018014418687860214,60.83053522619356,2.034654232014134,0.6764596251975896,131.07034424391784,112.26377517136535,121.6670597076416,18.283976334057236
2021-04-15,130.8818359375,0.01853510386532686,64.28373893304013,2.339683688480065,1.0091044378540848,132.40437981684963,111.87753851811134,122.14095916748047,18.308039353604062
2021-04-16,130.55096435546875,-0.0025312184111568365,63.45441389508213,2.525609504654824,1.3124054512142327,133.4538809219701,112.15437179409435,122.80412635803222,18.257248468068973
2021-04-19,131.21267700195312,0.005055813348019835,64.44239978301624,2.69528219847534,1.5889808006664543,134.408694241538,112.64461081217293,123.52665252685547,18.3616120466823
2021-04-20,129.52920532226562,-0.01291311589573715,59.99837605414406,2.6632071414254597,1.8038260688182555,135.06972086849052,112.92943455753488,123.9995777130127,18.367409716191457
2021-04-21,129.90870666503906,0.0029255678982618664,60.65703998410186,2.6380007834289927,1.970661011740403,135.66566110900933,113.40000966735785,124.5328353881836,18.04739867622486
2021-04-22,128.3907012939453,-0.011753978530928952,56.639585201477146,2.467095079801126,2.069947825352548,135.75258607376256,114.46620970260463,125.1093978881836,18.25304877689278
2021-04-23,130.70664978027344,0.017877528728022923,60.89500393285307,2.4898275835057575,2.15392377698319,136.0392814817721,115.51557844254432,125.77742996215821,18.180613554821775
2021-04-26,131.09593200683594,0.002973863059727259,61.57758447022389,2.5103176989715763,2.2252025613808675,136.260262591992,116.60925645097677,126.43475952148438,18.018785770323255
2021-04-27,130.77476501464844,-0.002452868204554498,60.63718644422618,2.4721434402136424,2.2745907371474225,136.2478145695133,117.88673132892417,127.06727294921875,18.005404680427826
2021-04-28,129.98655700683594,-0.006045454918607624,58.28464211359371,2.3511852660312087,2.28990964292418,135.5733153250586,119.89242945643556,127.73287239074708,18.495418027333947
2021-04-29,129.88922119140625,-0.0007490949765010276,57.98546084481643,2.221858651226853,2.2762994445847147,134.96340934191366,121.60485313977578,128.28413124084472,18.833459051972845
2021-04-30,127.923583984375,-0.015248856970402487,52.162377345650675,1.9384110857767496,2.2087217728231217,134.02319991714094,123.36830322616962,128.69575157165528,18.514530776442076
2021-05-03,128.9745635986328,0.008182117990898902,54.77734073381995,1.7780854571651759,2.122594509691533,133.4810355369951,124.55660789562208,129.0188217163086,18.134798397688083
2021-05-04,124.41070556640624,-0.03602696930281282,43.625246396903115,1.2681426805293086,1.951704143859088,133.1299906909812,125.06723907586448,129.09861488342284,18.739604917122957
2021-05-05,124.65399169921876,0.0019535985056055452,44.2765202318255,0.8735705364317994,1.7360774223736304,133.09324300305946,125.12344858629604,129.10834579467775,18.24633808294054
2021-05-06,126.24984741210938,0.012721026822075102,48.480955986178024,0.6817823261423257,1.5252184031273697,133.143288073821,125.01306797476298,129.078178024292,18.173862917928215
2021-05-07,126.92247009277344,0.005313568796637238,50.18694122955882,0.5774078188044882,1.3356562862627934,133.12605408740288,124.78033247875922,128.95319328308105,18.184620391283943
2021-05-10,123.64727783203124,-0.02614344971623606,42.76167313070541,0.22778387551700519,1.1140818041136358,133.52923704251958,123.97092622652337,128.75008163452148,18.293656147568417
2021-05-11,122.7310028076172,-0.007437987198693974,40.93689509469851,-0.12182700935397861,0.8669000414201129,133.72026776834397,122.9716252370271,128.34594650268554,18.65292516443921
2021-05-12,119.6702880859375,-0.02525462950064242,35.48897750744176,-0.6385099082404224,0.5658180514880058,134.5319113202859,121.27918334524146,127.90554733276367,18.535546648917293
2021-05-13,121.8147430419922,0.017761029069534112,41.37568146736828,-0.8649743492412085,0.2796595713421629,134.45137035281186,120.4530150231647,127.45219268798829,18.477640314135336
2021-05-14,124.23213958740234,0.01965051788050815,47.222295440845905,-0.8397057469812808,0.05578650767747417,134.1169058710833,120.15559702808662,127.13625144958496,18.221229317102274
2021-05-17,123.0819320678711,-0.009301660879244807,44.92645474279332,-0.9020935587689536,-0.13578950561181138,133.657615175031,119.80181323073072,126.72971420288086,18.12287561919859
2021-05-18,121.69778442382812,-0.011309453389258706,42.2635736641095,-1.0511089662895756,-0.3188533977473642,133.4817338154571,119.19455250046089,126.33814315795898,17.964073398468017
2021-05-19,121.54182434082033,-0.0012823577966774703,41.96177370000423,-1.1683217398714305,-0.48874706617217745,133.1622503567043,118.67734772679178,125.91979904174805,18.343929291650962
2021-05-20,124.0956573486328,0.020794261632875583,48.45291149748935,-1.0431163312012615,-0.5996209191779942,132.89351706952039,118.51657661944446,125.70504684448242,18.15745842446093
2021-05-21,122.26313018798828,-0.014877171448320804,44.598406226401885,-1.0793180627937033,-0.6955603479011361,132.22197594936307,118.34376578037326,125.28287086486816,18.18869068996744
2021-05-24,123.89096069335938,0.013226302515318674,48.51637801185754,-0.9655258969428644,-0.7495534577094818,131.31782207021988,118.52742252816877,124.92262229919433,17.96011881722043
2021-05-25,123.6960220336914,-0.001574708797719424,48.07788980270821,-0.8809200088344511,-0.7758267679344757,130.354690030683,118.78268026960994,124.56868515014648,18.092308626607927
2021-05-26,123.64727783203124,-0.00039414208767856595,47.96116344651118,-0.80848279624567,-0.7823579735967146,129.45305972836263,119.05038265444986,124.25172119140625,17.851093675119323
2021-05-27,122.1169204711914,-0.012454028305043628,44.322806064456145,-0.8645963046690781,-0.7988056398111872,128.41136590766146,119.31484640312956,123.86310615539551,18.36543862108877
2021-05-28,121.46383666992188,-0.005362372413060154,42.829597813710784,-0.9508047833964355,-0.829205468528237,127.78137640536968,119.29886117397601,123.54011878967285,18.082562567515083
2021-06-01,121.14216613769533,-0.0026517952318023614,42.07767728671268,-1.0331719840197593,-0.8699987716265415,126.66070105422833,119.63629677902364,123.14849891662598,18.029667221821292
2021-06-02,121.90247344970705,0.006256544422829795,44.5553839996217,-1.0252793558118185,-0.9010548884635969,126.52462924882039,119.52154537276164,123.02308731079101,17.897763999643953
2021-06-03,120.42083740234376,-0.012228741065168943,40.88505056751265,-1.12560476648342,-0.9459648640675616,126.4083480557202,119.21451113617432,122.81142959594726,18.14925516247177
2021-06-04,122.7115249633789,0.018843689261868187,48.01508564822676,-1.0086469806138325,-0.9585012873768158,125.84685592098496,119.42217102603651,122.63451347351074,18.135253474187973
2021-06-07,122.72126770019533,7.939229893291484e-05,48.04378893363309,-0.904741636831929,-0.9477493572678385,124.92726790635177,119.92163880141189,122.42445335388183,18.079001387784622
2021-06-08,123.54004669189452,0.006649700630549009,50.51656356237076,-0.7477081671597574,-0.9077411192462224,124.9113136808403,119.9268699129097,122.419091796875,18.125017587208013
2021-06-09,123.92019653320312,0.003072413858458229,51.66674385876816,-0.5858300122163911,-0.8433588978402562,125.05734659061719,119.8997563756914,122.47855148315429,17.856417440528002
2021-06-10,122.92597198486328,-0.008055461671618804,48.492124673514496,-0.5316376324307015,-0.7810146447583453,124.85954941629619,120.42312193990499,122.64133567810059,18.080812360948908
2021-06-11,124.1346435546875,0.009784491226803107,52.327084058813774,-0.38670242181568426,-0.7021522001698132,125.03536582214149,120.47929558532921,122.75733070373535,17.795610834511923
2021-06-14,127.18563842773438,0.024280927458450785,60.35178147743779,-0.025358122523087445,-0.566793384640468,125.86610605601477,119.94390523548914,122.90500564575196,18.389257164393857
2021-06-15,126.36685180664062,-0.006458540134926237,57.55195587853781,0.19271905526873923,-0.41489089665862655,126.41155119678463,119.72695206859622,123.06925163269042,17.95461018603148
2021-06-16,126.8639907836914,0.003926374928429656,58.80167441358295,0.4010388245824288,-0.25170495241041546,127.00528232007159,119.64984158129559,123.32756195068359,18.335286251826883
2021-06-17,128.4625244140625,0.012521649116453157,62.613220937280154,0.687200428324104,-0.06392387626351159,127.90458302858774,119.44261088010366,123.6735969543457,18.3873483509648
2021-06-18,127.16612243652344,-0.010142940612461166,57.93216321950818,0.8001530891348239,0.10889151681615551,128.3362715231342,119.31796889434628,123.82712020874024,18.50642991719789
2021-06-21,128.95965576171875,0.01400532702636653,62.14832705550795,1.0226040933282121,0.29163403211856687,129.15106728680135,119.17282568805219,124.16194648742676,18.193319573473328
2021-06-22,130.59725952148438,0.012618623453061658,65.54393140646508,1.3158705179814802,0.4964813292911496,130.25234885353254,118.74217400413349,124.49726142883301,18.130109180940636
2021-06-23,130.32432556152344,-0.00209207727618187,64.50530144927788,1.5088694747587539,0.6989589583846705,131.1272289864175,118.53012422403174,124.82867660522462,17.91341877946969
2021-06-24,130.0416259765625,-0.002171556567852131,63.38491829528774,1.6203328560573453,0.8832337379192055,131.83184763662274,118.4649403882796,125.14839401245118,18.045419875377345
2021-06-25,129.74923706054688,-0.0022509570664183613,62.181945286860014,1.665871912423313,1.039761372820027,132.3547471338205,118.7052725500174,125.53000984191894,18.075139320296724
2021-06-28,131.37709045410156,0.012468099229615016,66.04565406327146,1.812423615757993,1.1942938214076202,133.0441727927703,119.00717226948555,126.02567253112792,17.94443851102356
2021-06-29,132.887939453125,0.011434471379858542,69.19168901607844,2.0271124930419404,1.3608575557344844,133.87244945213968,119.35347294165916,126.61296119689942,17.983045186669745
2021-06-30,133.50201416015625,0.0046103525031582545,70.39244710229089,2.2212010488191396,1.5329262543514157,134.71649694926242,119.66937951558135,127.19293823242188,17.962785922292717
2021-07-01,133.80418395996094,0.002260852390556693,70.99158414779862,2.372056613029912,1.7007523260871151,135.22860465096403,120.49560646964146,127.86210556030274,17.776053233838866
2021-07-02,136.42628479003906,0.019407013124627944,75.60486504786087,2.67238674678498,1.895079210226688,136.4308321725623,120.66485493070917,128.54784355163574,18.18309085751285
2021-07-06,138.4342498779297,0.01461105220045064,78.43338545216716,3.0374131349799995,2.1235459951773503,137.8758863105109,120.79109901053401,129.33349266052247,18.499323712447936
2021-07-07,140.91990661621094,0.01779620801633567,81.32065548149376,3.487074083371965,2.3962516128162736,139.7412963478121,120.66367496566446,130.20248565673828,18.46862865829087
2021-07-08,139.6234588623047,-0.009242471163648174,75.63321898729967,3.6962134775740196,2.656243985767823,140.92593494091932,121.04936260546741,130.98764877319337,18.47493690421465
2021-07-09,141.44622802734375,0.012970411281854733,77.96646827444506,3.963353124629208,2.9176658135400997,142.13640742080742,121.69091572982734,131.91366157531738,18.419588157296886
2021-07-12,140.85165405273438,-0.0042123933018379505,75.42922826116063,4.080053748995567,3.150143400631193,143.0277281661324,122.47129603430707,132.74951210021973,18.1501795775052
2021-07-13,141.96287536621094,0.007858344719736253,76.93965230768673,4.213633958346321,3.362841512174219,144.19802755562094,122.77872033866616,133.48837394714354,18.42891773659239
2021-07-14,145.38424682617188,0.02381463319429961,80.84415522773473,4.54320211395023,3.5989136325294213,145.84119994998042,123.03728744625982,134.43924369812012,18.66009757231506
2021-07-15,144.7311553955078,-0.004502294803229801,78.12491304704739,4.697537938100311,3.8186384936435993,147.03144659825725,123.63375725916464,135.33260192871094,18.486658550696305
2021-07-16,142.69393920898438,-0.014175869403403934,70.19360817057004,4.602410150824568,3.975392825079793,147.71477229679635,124.37357304011772,136.04417266845704,18.350809640504025
2021-07-19,138.85342407226562,-0.02728317765030154,58.198505352041316,4.169064834778254,4.014127227019485,147.57535868800875,125.68171681247951,136.62853775024413,18.614886412454656
2021-07-20,142.4600067138672,0.025642432004367183,64.35817512992477,4.069743161595909,4.025250413934771,147.9192093455279,126.68790125017527,137.30355529785157,18.383497963203478
2021-07-21,141.72891235351562,-0.005145140602758002,62.3524054543,3.8872272787999975,3.9976457869078166,148.15782520025508,127.56245067865119,137.86013793945312,18.132912014412636
2021-07-22,143.09359741210938,0.009582778432171767,64.5719712062268,3.8087953835195094,3.9598757062301555,148.4049964740383,128.59220658992652,138.49860153198242,18.163698582947102
2021-07-23,144.80911254882812,0.011917466430821281,67.19061079282059,3.840791027655996,3.936058770515324,148.67984918912524,129.79410253206615,139.2369758605957,18.084472086591088
2021-07-26,145.22830200195312,0.002890590827068777,67.81659193165021,3.855528756187084,3.9199527676496766,148.6857086211965,131.33614959413552,140.01092910766602,18.098187754753653
2021-07-27,143.06436157226562,-0.015012390836793343,61.313243390856286,3.650515731372394,3.8660653603942206,148.34664857552664,132.84393675162178,140.5952926635742,18.46774180455966
2021-07-28,141.31954956054688,-0.012270974815236337,56.600143681459464,3.3091043892708285,3.7546731661695425,147.86812529948966,134.16562103840099,141.01687316894532,18.594055741029635
2021-07-29,141.96287536621094,0.0045419472229944234,57.88557887560029,3.0552257166884544,3.614783676273325,147.3123472771767,135.56748518131937,141.43991622924804,17.85327596795379
2021-07-30,142.1772918701172,0.0015092307905017316,58.328587354959055,2.8386049881484894,3.4595479386483583,146.50478659143843,137.21235665807328,141.85857162475585,18.070280373639925
2021-08-02,141.8459014892578,-0.0023335455623896464,57.324917198472015,2.61010341844721,3.2896590346081287,146.0109940590616,138.24811086037198,142.1295524597168,17.956738721988533
2021-08-03,143.63941955566406,0.01256486081918523,61.21471543700511,2.544405870064679,3.140608401699439,145.90911994070422,138.87050194650283,142.38981094360352,17.98660936525031
2021-08-04,143.2397918701172,-0.002786036269781581,59.90448838536122,2.4320582219713174,2.998898365753815,145.97367428035525,139.03793613224238,142.50580520629882,17.847417519458066
2021-08-05,143.34703063964844,0.0007483859418051899,60.15097275711564,2.32487545682406,2.864093783967864,145.8982454661766,139.48572212415542,142.691983795166,17.652760468555176
2021-08-06,142.66366577148438,-0.004778605675444776,57.71610083254871,2.159892611948351,2.7232535495639616,145.90530928931312,139.60040207543298,142.75285568237305,17.806840018560123
2021-08-09,142.6148681640625,-0.0003421050103182907,57.536994391806,2.002125700847415,2.579027979820652,145.8656296125255,139.81640316335339,142.84101638793945,17.70546587317695
2021-08-10,142.13650512695312,-0.003359867814431494,55.71181606125492,1.8175428849066293,2.4267309608378476,145.86467982059364,139.8347159313595,142.84969787597657,18.04995180363094
2021-08-11,142.3903045654297,0.0017840111873101017,56.500245200376064,1.6724600881943843,2.275876786309155,145.47268598697576,139.92731553890314,142.70000076293945,17.69694034692891
2021-08-12,145.3482666015625,0.02056079050493098,64.4447249091554,1.7756946396561375,2.1758403569785516,145.6103903651766,139.85132228130777,142.7308563232422,18.096094008098962
2021-08-13,145.55323791503906,0.0014092147631753914,64.92279199112323,1.8526915623647255,2.1112105980557865,146.017447992129,139.73019452496084,142.87382125854492,17.899383837161185
2021-08-16,147.52520751953125,0.013457143604795814,69.21183515501447,2.0492116091486707,2.0988108002743635,146.50784320250344,140.10697765931295,143.3074104309082,18.45310922085262
2021-08-17,146.6173553466797,-0.006172891449514453,65.25585171064765,2.107406211966776,2.100529882612846,147.01043607895642,140.02011964614124,143.51527786254883,18.339792773311384
2021-08-18,142.87843322753906,-0.025832016751042037,52.058623026096576,1.8307226552464613,2.046568437139569,146.9809490296011,140.1645587828989,143.57275390625,18.273641396886973
2021-08-19,143.2103271484375,0.002320217469261316,52.96789798530692,1.6195607209618004,1.9611668939040154,146.98372899946693,140.17345178666588,143.5785903930664,18.280962262132782
2021-08-20,144.6648712158203,0.01010546552012302,56.83208444874437,1.5516959320005412,1.8792727015233206,146.96613848021812,140.1766181726139,143.571378326416,17.91897343834629
2021-08-23,146.14874267578125,0.010205054144472642,60.40602158753674,1.5992138812499945,1.8232609374686555,147.12966260169154,140.10513811852329,143.6174003601074,17.912049394338368
2021-08-24,146.06089782714844,-0.0006012454012668223,60.08885715689706,1.611210817879254,1.7808509135507753,147.43247794330898,140.10197640239414,143.76722717285156,17.699265788016938
2021-08-25,144.83087158203125,-0.008456984387169839,55.68037435142483,1.5041269986150212,1.7255061305636246,147.44724292266426,140.43834362518731,143.9427932739258,17.89290055032158
2021-08-26,144.03036499023438,-0.005542513426553771,52.9573193214934,1.3392302953032242,1.6482509635115445,147.42440812813072,140.6679273821232,144.04616775512696,17.69907649461961
2021-08-27,145.06515502929688,0.0071588411907524225,55.95588890467932,1.2773231913197378,1.5740654090731834,147.4781152238498,140.90300660232205,144.19056091308593,17.83732745509967
2021-08-30,149.4776153564453,0.029963665037892388,65.92881438092354,1.5662552220872783,1.5725033716760024,148.4350995930748,140.7091936198158,144.5721466064453,18.325894138059297
2021-08-31,148.2183380126953,-0.008460208078521343,61.63921177573687,1.6743222361834,1.592867144577482,148.96251523005336,140.6396698285404,144.80109252929688,18.27511263989559
2021-09-01,148.88214111328125,0.00446855021643514,63.005618939837156,1.7928624833289746,1.6328662123277806,149.5525989122586,140.61382107065157,145.08320999145508,18.201450787027603
2021-09-02,149.99501037597656,0.007447035682066327,65.2409896932138,1.954080310642894,1.6971090319908033,150.309966843635,140.52125111290795,145.41560897827148,18.07981588788888
2021-09-03,150.62953186035156,0.004221361449156884,66.48449166160776,2.1087389511877745,1.7794350158301975,151.04989229360703,140.57791227182267,145.81390228271485,17.872649858645328
2021-09-07,152.96273803710938,0.015370958658100672,70.64337442409577,2.392003746898098,1.9019487620437776,152.23833300554608,140.42425854718832,146.3312957763672,18.225617973532433
2021-09-08,151.42031860351562,-0.010134812712564969,64.90919661903149,2.463633546590728,2.0142857189531678,152.77324517535823,140.8177277250324,146.7954864501953,18.125237981765963
2021-09-09,150.40504455566406,-0.006727584895655202,61.37756916937595,2.4106876417168337,2.093566103505901,153.00268222122895,141.3897646781851,147.19622344970702,17.863910670627575
2021-09-10,145.4263916015625,-0.03366189292634497,47.67817098495643,1.9445760829646304,2.063768099397647,153.00145679911225,141.3988026003018,147.20012969970702,18.763512721623734
2021-09-13,145.99253845214844,0.003885454954693598,49.07025432808721,1.60239126480991,1.9714927324800997,153.00044827763335,141.44374117549162,147.2220947265625,18.44443927164075
2021-09-14,144.5965576171875,-0.009608010712446597,45.83217258407097,1.2046765826711976,1.8181295025183195,152.9689630597363,141.18236140315432,147.0756622314453,18.509573109939144
2021-09-15,145.4849090576172,0.0061248602176439265,48.175818453922645,0.950213894389691,1.644546380892594,152.952505281126,141.0855745528584,147.0190399169922,18.237734604147043
2021-09-16,145.25062561035156,-0.0016116605646076373,47.59100556990555,0.7213306141093199,1.4599032275359394,152.8117801933704,141.46351887889523,147.1376495361328,18.03551962273277
2021-09-17,142.58555603027344,-0.018518490111089306,41.42996551945456,0.32118767172832463,1.2321601163744165,152.8776286953831,141.33519326506612,147.1064109802246,18.68203527573442
2021-09-20,139.539794921875,-0.021592383902385433,35.736087922800095,-0.23894159002907145,0.937939775093719,153.47049700260246,140.22981732845224,146.85015716552735,18.63158085733187
2021-09-21,140.0181121826172,0.0034219581370178217,37.19586550395804,-0.6369099584689195,0.6229698283811913,153.83446918100657,139.25278210073174,146.54362564086915,18.144057312044016
2021-09-22,142.38058471679688,0.016731859427010637,43.966128756410754,-0.7529909571300095,0.3477776712789511,153.88379619581175,138.83542377489138,146.35960998535157,18.151549548363718
2021-09-23,143.33726501464844,0.006696703576685673,46.48207486292086,-0.7590401379375464,0.1264141094356516,153.90207833063107,138.66778098333378,146.28492965698243,17.987405509227845
2021-09-24,143.4251251220703,0.0006127728962588519,46.71868601787827,-0.7481207110500918,-0.048492854661497095,153.9142215255261,138.59511380162235,146.25466766357422,17.794779061110653
2021-09-27,141.9119873046875,-0.01060606514672318,43.1781319083584,-0.8517461630400476,-0.2091435163372072,153.98602155007978,138.2079970046077,146.09700927734374,18.121610080313374
2021-09-28,138.5342559814453,-0.0240894270764978,36.52401498591952,-1.1926763388117365,-0.4058500808321131,153.9528774612572,137.1468051559303,145.54984130859376,18.50660428863359
2021-09-29,139.4324188232422,0.006462400345138197,39.206861395123,-1.3745468043719882,-0.5995894255400882,153.83853653505673,136.38255416318543,145.11054534912108,18.127677887870558
2021-09-30,138.13406372070312,-0.009355341179688986,36.78640743205064,-1.6049460456331417,-0.800660749558699,153.64031763243085,135.50596532655354,144.5731414794922,18.304783814728445
2021-10-01,139.25669860839844,0.008094292741560856,40.22277961527743,-1.6776133684502952,-0.9760512733370184,153.02296854301943,135.04948323920712,144.03622589111328,18.365586561649188
2021-10-04,135.8302001953125,-0.024913404858094918,34.125150784665706,-1.9887672598102029,-1.1785944706316553,152.43303859546836,134.1594800202543,143.29625930786133,18.40375837492708
2021-10-05,137.75332641601562,0.014059018252096961,39.65451998642905,-2.056473005978404,-1.3541701777010051,150.77242675764018,134.29915069597308,142.53578872680663,18.20824343821084
2021-10-06,138.6221466064453,0.00628726596426269,42.022207740000574,-2.0167756351530954,-1.4866912691914231,149.15706086224074,134.63469939166552,141.89588012695313,18.237011491424344
2021-10-07,139.88145446777344,0.009043448192822219,45.36810527848816,-1.8622329011509464,-1.561799595583328,147.4664171845944,135.27298406052276,141.36970062255858,17.938324348475224
2021-10-08,139.50071716308594,-0.002725567906958482,44.53135649735121,-1.7503025908262941,-1.5995001946319212,146.91046649014976,135.23636731111975,141.07341690063475,17.889196543670156
2021-10-11,139.4128875732422,-0.0006297978388675615,44.32824938390045,-1.6496677840258371,-1.6095337125107045,146.13903132419847,135.34983738918044,140.74443435668945,17.98143443727062
2021-10-12,138.14378356933594,-0.009144891694843931,41.39058728252307,-1.6532622828952128,-1.6182794265876062,145.61441347815102,135.22917783044275,140.4217956542969,18.106461672741922
2021-10-13,137.55804443359375,-0.004249083303247664,40.07069100797976,-1.6839635189587057,-1.6314162450618261,144.78271333199135,135.26819151420008,140.02545242309571,18.18195010520507
2021-10-14,140.3402862548828,0.020024120180913475,48.475491149242465,-1.4668815099715857,-1.5985092980437783,143.86046400243947,135.69940690820505,139.77993545532226,18.062677790027163
2021-10-15,141.3945770263672,0.0074843111749445575,51.26470573274917,-1.1959834469718658,-1.5180041278293959,143.66087877616977,135.77989423408414,139.72038650512695,18.034139951066646
2021-10-18,143.06393432617188,0.011737222812414747,55.383213877016686,-0.8369438301418484,-1.3817920682918865,144.10888745320756,135.68429949747605,139.8965934753418,18.265069676611507
2021-10-19,145.2213134765625,0.014967255113661041,60.07852887438385,-0.37400854193739974,-1.1802353630209892,144.99661997470645,135.31688710537168,140.15675354003906,18.151217051074727
2021-10-20,145.7094268798828,0.0033555330778664454,61.07658805016728,0.03189007264077759,-0.9378102758886359,145.68579822450977,134.96059307187693,140.32319564819335,17.883148330920033
2021-10-21,145.92420959472656,0.0014729628329105523,61.53231953367921,0.36667205194009966,-0.6769138103228888,146.2299996903112,134.67508606408333,140.45254287719726,17.93326237046707
2021-10-22,145.15301513671875,-0.00529891174560239,58.867176090765724,0.5632672407587336,-0.4288776001065643,146.5504911379382,134.5273836179212,140.5389373779297,17.891069792265675
2021-10-25,145.10418701171875,-0.00033644729639213346,58.69383535992232,0.7069806893686632,-0.2017059422115188,147.02486548370746,134.37222924285504,140.69854736328125,17.741842717392128
2021-10-26,145.76805114746094,0.004564652114174127,60.40111333657502,0.8644777589157684,0.011530798013938637,147.685630875459,134.43484336770504,141.06023712158202,17.924635368845102
2021-10-27,145.3092041015625,-0.00315275355732333,58.598311930847196,0.9414181173335407,0.19750826187785905,148.19331840406093,134.51483436693516,141.35407638549805,17.842555475096468
2021-10-28,148.94073486328125,0.024684560152651108,66.99470919437385,1.2806653749508712,0.4141396844924615,149.34292865559965,134.44589122965428,141.89440994262696,18.421459450681567
2021-10-29,146.23658752441406,-0.018322701553844464,57.623421358948974,1.316147451465639,0.5945412378870971,149.82444847619524,134.66236030066023,142.24340438842773,18.643449833164393
2021-11-01,145.41656494140625,-0.005623287366696745,55.106100380102475,1.2635330609000732,0.7283396024896924,149.7913773828583,135.65406786860655,142.72272262573242,18.127494229819668
2021-11-02,146.45135498046875,0.007090840097173188,57.62198803268558,1.2904590764117643,0.8407634972741069,150.0057962397602,136.30945186814998,143.1576240539551,18.05138363169382
2021-11-03,147.88645935058594,0.009751487389054141,60.895031574842946,1.411330131464041,0.9548768241120937,150.43047526244973,136.81120411987447,143.6208396911621,17.813922264893232
2021-11-04,147.36903381347656,-0.0035049377829418854,59.122028115550684,1.44867003053659,1.053635465396993,150.76240985097448,137.22802746592006,143.99521865844727,17.91641027149253
2021-11-05,147.89694213867188,0.0035758192998732283,60.38920323234533,1.5035282220701163,1.1436140167316178,151.0486561562278,137.78140365822534,144.41502990722657,17.997009418906654
2021-11-08,147.0757293701172,-0.005568074398591901,57.407934775279706,1.463864211425971,1.2076640556704885,151.09178903484872,138.5045549592919,144.7981719970703,17.82322368918994
2021-11-09,147.43743896484375,0.0024563232852151578,58.38249097081494,1.4449605330200086,1.2551233511403925,150.81664752468737,139.70906200900401,145.2628547668457,17.854833850438027
2021-11-10,144.61207580566406,-0.019349125161237428,48.95903929873902,1.1882980767500442,1.2417582962623228,149.8478472303623,141.38326544053612,145.6155563354492,17.992772169901166
2021-11-11,144.5631866455078,-0.00033812823550418645,48.81222142083557,0.9697674093266642,1.1873601188751912,149.3050773431608,142.3483253668001,145.82670135498046,17.529082649058825
2021-11-12,146.63577270507812,0.0142350856111609,54.976346805792915,0.9528369434839874,1.1404554837969505,148.88379758440277,143.29372469342928,146.08876113891603,17.971326457947473
2021-11-15,146.64556884765625,6.680372184548939e-05,55.00392761417031,0.9294952514940178,1.098263437336364,148.67953101626463,143.85615471371582,146.26784286499023,17.896817177729258
2021-11-16,147.6231689453125,0.0066442918908994454,57.78326776837544,0.9786002555713935,1.07433080098337,148.8193258969449,143.95654537991058,146.38793563842773,17.897380990731072
2021-11-17,150.0575408935547,0.016355955473442475,63.782503223966394,1.20011561069893,1.099487762926482,149.51234566145146,143.6983370167712,146.60534133911133,18.301976044944773
2021-11-18,154.3395538330078,0.0281362437239837,71.46405937959798,1.7015760737244818,1.2199054250860821,151.52064098694046,142.53157611511034,147.0261085510254,18.741514919563432
2021-11-19,156.9596405029297,0.01683363522132214,74.96320402581334,2.284076785390994,1.4327396971470645,153.84288024210636,141.3899993965655,147.61643981933594,18.580293061844355
2021-11-22,157.4191131591797,0.002923053660920133,75.52987961585595,2.7510757111508894,1.6964068999478297,155.7204053900361,140.7439668633819,148.232186126709,18.581675671248497
2021-11-23,157.80043029785156,0.0024193761623374386,76.01506273238269,3.116025231441995,1.9803305662466628,157.35114602913686,140.31646413932017,148.83380508422852,18.38029512295733
2021-11-24,158.3185577392578,0.003278056206566421,76.69133552637324,3.407776187321417,2.2658196904616137,158.81633144802603,140.15221408420055,149.4842727661133,18.056313446723628
2021-11-26,153.30328369140625,-0.03219098578683398,59.270633358304664,3.1974420983690095,2.452144172043093,159.1837124172181,140.22108799782097,149.70240020751953,18.158793778559545
2021-11-29,156.6565704345703,0.02163775424110244,64.99593693041125,3.263711004218578,2.6144575384781903,160.04198977157816,140.4048089344765,150.22339935302733,18.301313715691816
2021-11-30,161.6034393310547,0.03108946892498423,71.38610443350714,3.673059819584182,2.826177994699389,161.8052355007165,140.26025064430303,151.03274307250976,18.974842261504342
2021-12-01,161.0852813720703,-0.0032115061425274285,69.94574285625244,3.910581933816758,3.0430587825228628,163.1945762576185,140.3343025265612,151.76443939208986,18.83973642048904
2021-12-02,160.0978240966797,-0.006148893698314484,67.16450281733808,3.973338201531135,3.2291146663245174,164.22964329044058,140.52037196834848,152.37500762939453,18.733586027226767
2021-12-03,158.22079467773438,-0.011793536815833405,62.10894816996817,3.8274914695792006,3.348790026975454,164.8008368864285,141.03435445878637,152.91759567260743,18.5863909344557
2021-12-06,161.62295532226562,0.021274694067316705,66.96293782054353,3.9410033809232914,3.467232697765022,165.84627661392332,141.36151604965087,153.6038963317871,18.492973507468427
2021-12-07,167.35189819335938,0.03483258398792112,73.19093271611494,4.4420351828792946,3.6621931947878767,167.89804121699112,141.33736832890733,154.61770477294922,18.606374948636855
2021-12-08,171.16470336914062,0.022527500293788878,76.38205690210908,5.088115381535289,3.9473776321373597,170.5427934824445,141.06534250388364,155.80406799316407,18.57767509955552
2021-12-09,170.65631103515625,-0.0029746135400055694,75.09845002088603,5.495763836671188,4.257054873044126,172.2772767575672,141.93528275171016,157.10627975463868,18.506158204259762
2021-12-10,175.43701171875,0.02762841389564692,78.7199648789528,6.133883178427055,4.632420534120712,174.70437101945834,142.59557099714323,158.64997100830078,18.563938317310296
2021-12-13,171.80992126464844,-0.020891314093837553,70.35936708357603,6.274591878011989,4.960854802898968,175.94442338152174,143.87293349103686,159.9086784362793,18.84749630699702
2021-12-14,170.43150329589844,-0.008055280999521734,67.42845448401465,6.203369147951605,5.209357671909496,176.50795506881673,145.6879952485661,161.0979751586914,18.75271745099734
2021-12-15,175.29037475585938,0.028110407347037267,71.87579485147803,6.4644764799188295,5.460381433511363,177.76497392422047,147.19769697421705,162.48133544921876,18.69119097819572
2021-12-16,168.40773010253906,-0.04005587917495196,59.485592125544194,6.046335625441202,5.577572271897331,177.71472225020656,149.08296756912935,163.39884490966796,18.827383758870965
2021-12-17,167.31280517578125,-0.00652285871078738,57.77919192282022,5.562483843582697,5.574554586234405,177.7995882898657,150.29542666374755,164.04750747680663,19.090726637716156
2021-12-20,165.9539031982422,-0.008155087049403004,55.645708595495066,5.01160512347866,5.461964693683256,177.85599734494932,151.1384438781952,164.49722061157226,18.492993042706324
2021-12-21,169.12144470214844,0.018907006336962306,59.40819563940605,4.775574051076546,5.3246865651619135,178.15788258552274,152.0067917919187,165.08233718872071,18.328410848795382
2021-12-22,171.71218872070312,0.015202689303015094,62.23028008685788,4.742895963910257,5.208328444911582,178.70165992536127,152.85419029436528,165.77792510986328,18.338768717691007
2021-12-23,172.3378448486328,0.003637010647040272,62.90107362733374,4.713153268057454,5.109293409540756,179.21856840343247,153.7392105272316,166.47888946533203,18.040248692915796
2021-12-27,176.2973175048828,0.02271510927081156,66.90670884571016,4.951994806357305,5.077833688904066,179.48111391189906,155.77606840011265,167.62859115600585,18.131926109845253
2021-12-28,175.28054809570312,-0.005784051519460305,64.96684330993574,5.001578568038212,5.062582664730896,179.68695436856038,157.43262570956463,168.5597900390625,18.18678333917214
2021-12-29,175.3685302734375,0.0005018246732028639,65.06124208090029,4.9904467195101745,5.048155475686752,180.2658266301334,158.23026254222987,169.24804458618163,17.948256603631847
2021-12-30,174.21493530273438,-0.006599849659123502,62.67653321686984,4.832829328048831,5.005090246159168,180.42798113871217,159.3810734267175,169.90452728271484,17.90606462867502
2021-12-31,173.59901428222656,-0.003541673156336157,61.38288361811513,4.605131639905551,4.925098524908445,180.1426003560034,161.01657322798098,170.5795867919922,17.975366620950712
2022-01-03,177.93972778320312,0.024696760879576576,66.6129845372496,4.720523626311035,4.884183545188963,179.72684721879077,163.4042196757405,171.56553344726564,18.464581842761824
2022-01-04,175.68138122558594,-0.012772864534176169,61.91471171224754,4.576982310479082,4.822743298246986,179.14460464413375,165.3923048407295,172.26845474243163,18.41376086673263
2022-01-05,171.00828552246094,-0.02696001178119737,53.50514439854403,4.039579259814701,4.66611049056053,178.9617331877509,165.94081503002252,172.4512741088867,18.36450820750497
2022-01-06,168.1536102294922,-0.016834100429403843,49.11637439814009,3.344778507179086,4.401844093884241,179.07054700456354,165.53089189924503,172.30071945190429,18.389231365998267
2022-01-07,168.31979370117188,0.0009877956667658702,49.37669800016796,2.775558610323003,4.076586997171994,179.15097270315172,165.21681446725844,172.18389358520508,18.27806940740662
2022-01-10,168.33929443359375,0.00011584854311668745,49.40940592965847,2.2995139220925296,3.7211723821561007,178.82141254531854,164.83660289657598,171.82900772094726,18.4861463445939
2022-01-11,171.16470336914062,0.01664471808502897,54.04252847007794,2.1257278971453957,3.40208348515396,178.795473259262,164.79802039308174,171.79674682617187,18.14806199451153
2022-01-12,171.6046600341797,0.00256707251940617,54.73763996882638,2.0004421939318604,3.1217552269095403,178.82555920500988,164.88525012116202,171.85540466308595,18.130397972613025
2022-01-13,168.33929443359375,-0.019211790604435012,48.83391054742001,1.6190018122342735,2.821204543974487,178.44998203259345,164.56571926135186,171.50785064697266,18.25233074085861
2022-01-14,169.19964599609375,0.00509780249122838,50.35326767300085,1.3703343807078738,2.5310305113211644,178.42384924381219,164.67104363948857,171.54744644165038,18.20303208055162
2022-01-18,166.0027618408203,-0.019074929134822994,45.00543031733531,0.904871025892362,2.205798614235404,178.55046423624623,164.41342431355844,171.48194427490233,18.325894138059297
2022-01-19,162.51263427734375,-0.021248677666940295,40.00953714428674,0.2514651043675826,1.81493191226184,179.0779131029837,163.54184855473113,171.30988082885742,18.3674381931035
2022-01-20,160.83106994628906,-0.010401189007409713,37.83058282147742,-0.39747019508055814,1.3724514907933605,179.93568992464836,161.85503425748053,170.89536209106444,18.330980311054127
2022-01-21,158.77804565429688,-0.012847271430932613,35.30269528854966,-1.0651397299629082,0.8849332466421067,180.77184540753342,159.72546446795485,170.24865493774413,18.6264657110225
2022-01-24,158.00572204589844,-0.004876039856588425,34.37220464473569,-1.6377141579057763,0.3804037657325301,181.33086682949252,157.7332307657223,169.53204879760742,18.904923766373898
2022-01-25,156.2068634033203,-0.011450071569313507,32.24067819962964,-2.211147642364068,-0.13790651588678954,181.2832711001343,155.77178108492427,168.52752609252929,18.56736131471768
2022-01-26,156.118896484375,-0.0005633023757182077,32.13572914703509,-2.642237931216016,-0.6387727989526348,181.04753672220411,154.0913503017217,167.5694435119629,18.50018762501954
2022-01-27,155.6593475341797,-0.0029479239928475926,31.557795353904638,-2.986534934962151,-1.108325226154538,180.53489282644838,152.63307592355162,166.583984375,18.619159410491783
2022-01-28,166.5209503173828,0.06745117932318974,53.04970743092932,-2.35579606989279,-1.3578193949021884,179.6806169546102,152.71795329685463,166.19928512573242,19.008110128370745
2022-01-31,170.87136840820312,0.02578991266669937,58.65042733258147,-1.4877388655719415,-1.3838032890361391,179.281672027381,152.8441336366815,166.06290283203126,18.565141204894406
2022-02-01,170.70523071289062,-0.000972769849228948,58.364093173309655,-0.803935927732141,-1.2678298167753397,177.90877414931515,153.4935818077161,165.70117797851563,18.27234198713336
2022-02-02,171.90769958496094,0.007019430401523313,59.89039596957457,-0.16310777948473287,-1.0468854093172182,177.17507544893996,153.8499123440288,165.5124938964844,18.257153082325953
2022-02-03,169.033447265625,-0.01686109430061089,54.72618933087237,0.11153924884735034,-0.8152004776843045,176.91270825615013,153.91479571113504,165.41375198364258,18.30883369168484
2022-02-04,168.7495880126953,-0.0016807198118562344,54.228864905248024,0.3028033990294148,-0.5915997023415607,176.97544437939808,153.9116573662074,165.44355087280275,18.227889381521578
2022-02-07,168.03497314453125,-0.0042437571258894915,52.92492227038351,0.3921971636885928,-0.39484032913552997,176.94694243907438,153.91167725086703,165.4293098449707,18.162573020546844
2022-02-08,171.13807678222656,0.01829856602212752,57.683199203672984,0.7053065610731721,-0.17481095109378955,177.30175610440776,153.83674182039695,165.56924896240236,18.13071875446379
2022-02-09,172.5574188232422,0.008259346588687717,59.690187837035566,1.055806376414779,0.07131251440792416,177.5267300393711,153.75103943084372,165.6388847351074,18.082196498598396
2022-02-10,168.4852294921875,-0.023881956678249706,52.06112468099441,0.993535500186141,0.25575711156356756,177.1204095439929,153.8454168720227,165.4829132080078,18.324895362257504
2022-02-11,165.07876586914062,-0.020425358249908914,46.68570182355675,0.6616847468843332,0.3369426386277207,176.8799964464246,153.7597771131457,165.31988677978515,18.407298611297826
2022-02-14,165.31373596191406,0.0014223696426879933,47.091507382750926,0.4128912040128796,0.3521323517047525,176.5408546986374,153.71032785751495,165.12559127807617,18.272012519630255
2022-02-15,169.14109802246094,0.022888167586645792,53.323718904761016,0.518578806832295,0.38542164273026097,176.83400872863257,153.73100744568382,165.2825080871582,17.951115434630417
2022-02-16,168.90623474121094,-0.001389529194738696,52.91183965028637,0.5767372218551259,0.42368475855523396,177.18476878069518,154.01960744000795,165.60218811035156,17.929288414581674
2022-02-17,165.31373596191406,-0.021498638391907215,46.93938243369827,0.32914932847486966,0.40477767253916114,177.19161254876522,154.46103027350043,165.82632141113282,18.058121392223956
2022-02-18,163.76705932617188,-0.009400050362641552,44.60500356318866,0.00803760826337907,0.3254296596840047,177.0001495562061,155.15139463324704,166.07577209472657,18.231608866925498
2022-02-22,160.85000610351562,-0.01797275654980018,40.51281271471257,-0.47633664736511605,0.16507639827418055,176.7676486388088,155.66832395640603,166.2179862976074,18.32815748806542
2022-02-23,156.6897735595703,-0.026204405664359363,35.50932683998458,-1.182274211293418,-0.10439372363933916,176.6971042306074,155.78715938023242,166.24213180541992,18.315422456402402
2022-02-24,159.3033905029297,0.016542614483203374,40.482504168858064,-1.513392327592726,-0.3861934444300166,176.28877346821034,156.513939544485,166.40135650634767,18.76531600793744
2022-02-25,161.36880493164062,0.012881958711191625,44.14794445946761,-1.5908063124019236,-0.627116018024398,175.54442487683625,157.82923387560518,166.68682937622071,18.337018671774132
2022-02-28,161.63308715820312,0.0016364132347844811,44.617942469609176,-1.6122471050776426,-0.8241422354350469,175.58446150326589,157.30041093325755,166.44243621826172,18.36998307214646
2022-03-01,159.75364685058594,-0.011695950912493433,41.916550195219585,-1.7605991226810431,-1.0114336128842463,175.24416174760947,156.52893853315223,165.88655014038085,18.240050567967106
2022-03-02,163.04270935058594,0.020379265558364272,47.86539297707682,-1.5943901721118436,-1.1280249247297658,174.65553383774648,156.3513143067848,165.50342407226563,18.194091274777005
2022-03-03,162.7196807861328,-0.0019832164799265272,47.352441891813164,-1.4717684561850604,-1.1967736310208248,173.75431692005063,156.3337293445978,165.0440231323242,18.155130623029144
2022-03-04,159.72427368164062,-0.018579931388546453,42.77479896923702,-1.5978748756186292,-1.2769938799403857,173.3856187851842,155.77151012106583,164.578564453125,18.243193893110092
2022-03-07,155.93601989746094,-0.024003244911377845,37.79814025885809,-1.980663684162181,-1.4177278407847447,173.3132933059669,154.56247878875968,163.9378860473633,18.38421177168501
2022-03-08,154.11529541015625,-0.011744800467815435,35.65122832553861,-2.403240758969474,-1.6148304244216907,173.37289716285275,153.11090715843633,163.24190216064454,18.691839309561143
2022-03-09,159.50889587402344,0.03439870038101679,45.522636338934895,-2.2766735781941065,-1.747199055176174,172.2009374596128,153.11994877085598,162.6604431152344,18.331356523491987
2022-03-10,155.1724853515625,-0.027562387248119602,40.18510704449407,-2.497490745153925,-1.8972573931717243,170.6806637906416,152.90172909265917,161.79119644165038,18.47272276747229
2022-03-11,151.4625244140625,-0.024199076179891064,36.26722933855647,-2.937985514907041,-2.1054030175187877,170.37393357755832,151.50618879792995,160.94006118774413,18.38991325183943
2022-03-14,147.43931579589844,-0.026921557955213365,32.559934181887016,-3.5705609021750604,-2.398434594450042,171.03484876614425,149.08132860201982,160.05808868408204,18.504397625881147
2022-03-15,151.8148956298828,0.029245314035251567,39.770951372402116,-3.6764291430253024,-2.654033504165094,170.65529644540027,148.11099688956068,159.38314666748047,18.347726117209284
2022-03-16,156.2198944091797,0.02860260744440618,46.02764355391762,-3.3660818035421585,-2.796443164040507,169.09877846395293,148.37539450967986,158.7370864868164,18.44342219572931
2022-03-17,157.22813415527344,0.006433240164300689,47.37515456872787,-3.0041428905431076,-2.8379831093410273,167.35305099025882,148.95331192478025,158.15318145751954,18.1411705373335
2022-03-18,160.51715087890625,0.020702961484455554,51.618669212837496,-2.423965566045581,-2.755179600681938,166.56074969971618,149.26595470702208,157.91335220336913,18.631846454483558
2022-03-21,161.88763427734375,0.00850168307820585,53.30820660472503,-1.832460831979347,-2.57063584694142,166.2367247679015,149.40203713395394,157.81938095092772,18.377892244210887
2022-03-22,165.25498962402344,0.020587193674605198,57.257752838398446,-1.0795275131668802,-2.272414180186512,167.00363838178814,149.0756218721181,158.0396301269531,18.21650615145088
2022-03-23,166.6156463623047,0.008199968390594552,58.7751863116154,-0.36877776559435915,-1.8916868972680814,168.25274210208067,148.81910543209904,158.53592376708986,18.401117638168618
2022-03-24,170.39413452148438,0.022424550917436493,62.73197501300507,0.4936979042115013,-1.414609936972165,170.16301195158925,148.01790998444588,159.09046096801757,18.316779174625697
2022-03-25,171.03038024902344,0.003727011017081567,63.36953071844866,1.2145551633307434,-0.8887769169115834,171.84297200692504,147.3041074608484,159.57353973388672,18.2043415032224
2022-03-28,171.89181518554688,0.0050240944446614914,64.26100011579436,1.8342067411858238,-0.344180185292102,173.52088755879578,146.65206471171206,160.08647613525392,18.31944394739884
2022-03-29,175.1808319091797,0.01895346816360443,67.511988181,2.5611578101519683,0.23688741379671208,175.88850647217026,145.8271643041969,160.8578353881836,18.4265574522265
2022-03-30,174.01600646972656,-0.006671479416920871,65.24827467982746,3.0085988369907,0.7912296984355097,177.53407210668666,145.2789283815946,161.40650024414063,18.344158177472174
2022-03-31,170.92271423339844,-0.017935795399949214,59.53892863231581,3.0781136643852847,1.2486064916254649,178.49274653080394,145.14055730220386,161.8166519165039,18.450718082162744
2022-04-01,170.62901306152344,-0.0017198053518384744,59.01094637887555,3.074069476531946,1.6136990886067613,179.45772783909337,145.26604993190273,162.36188888549805,18.18180535616847
2022-04-04,174.67181396484375,0.023417179045959864,63.773172092471114,3.3583714586605993,1.962633562617529,180.95601691421734,145.641340263517,163.29867858886718,18.15238815464094
2022-04-05,171.36318969726562,-0.0191236439439068,57.849494255058154,3.278907298428578,2.225888309779739,181.61350431735153,146.70864228909377,164.16107330322265,18.111459030068463
2022-04-06,168.20143127441406,-0.018622963676175774,52.80206505022546,2.927062543165448,2.3661231564568808,181.99318103764543,147.19821910883897,164.5957000732422,18.30480739493316
2022-04-07,168.50485229492188,0.0018022895172821844,53.22385551320437,2.642248385627539,2.4213482022910124,182.15386428804794,148.3707725527724,165.26231842041017,18.167009696739374
2022-04-08,166.49815368652344,-0.01198032599110822,50.03890475570749,2.2289137762241182,2.3828613170776336,181.608160800389,150.42003896767744,166.01409988403321,18.153787753267
2022-04-11,162.2498016357422,-0.025847087389757745,44.03154857047652,1.540775513794756,2.214444156421058,179.83944710940463,153.66980124264617,166.7546241760254,18.09559722301467
2022-04-12,164.11947631835938,0.011457543723495884,47.044662542753144,1.1332249921139237,1.9982003235596313,178.509523318891,156.2301831020074,167.3698532104492,18.18830976305389
2022-04-13,166.80157470703125,0.016210253846794767,51.110769614410955,1.0149613495273968,1.8015525287531844,177.73807442954046,158.05980002114313,167.8989372253418,18.07280838617973
2022-04-14,161.7995147705078,-0.030446924896006332,44.28182689351335,0.5117134141084136,1.5435847058242302,177.09684571978818,159.15816679241885,168.12750625610352,18.137381068090985
2022-04-18,161.5841827392578,-0.0013317434659396426,44.009224793205526,0.09442186775044092,1.2537521382094723,176.97048852574852,159.39122717249364,168.18085784912108,18.049963393886262
2022-04-19,163.86492919921875,0.014016223825807078,47.68289706319306,-0.05165209760724565,0.9926712910461288,176.81202317626926,159.74742201416043,168.27972259521485,18.03094824182892
2022-04-20,163.6985321044922,-0.0010159686820814325,47.43834749787701,-0.17878272648266602,0.7583804875403699,176.87755102487478,159.52624841360176,168.20189971923827,18.033985391676957
2022-04-21,162.90560913085938,-0.004855569366015835,46.2218218609621,-0.3396022002619645,0.538783949979903,176.9884500428153,159.04434567251676,168.01639785766602,18.28403365687463
2022-04-22,158.3734130859375,-0.028215329372675346,39.920269517427215,-0.8232729573732627,0.2663725685092698,177.28261553314704,157.54810803863032,167.41536178588868,18.256777338863333
2022-04-25,159.44041442871094,0.00671465656526614,41.92756580310253,-1.1077183385084766,-0.008445612894279447,177.15995764308954,156.51176934665656,166.83586349487305,18.380341976409145
2022-04-26,153.48880004882812,-0.03804267466409567,34.919394464547295,-1.7927234926249014,-0.36530118884040386,177.54087398639558,154.29055148967865,165.91571273803712,18.37592603686211
2022-04-27,153.26365661621094,-0.0014679163485291295,34.68321961351673,-2.3269387049462864,-0.7576286920615805,176.8911312262845,152.74857672049282,164.81985397338866,18.29356530784699
2022-04-28,160.18435668945312,0.044165697070741874,46.63199377256283,-2.16688692864372,-1.0394803393780083,175.5484993971492,152.70804357160083,164.128271484375,18.684711319352363
2022-04-29,154.32083129882812,-0.037291625802344,39.96181790046834,-2.4845419848822985,-1.3284926684788663,175.04769407017884,151.54866060511412,163.29817733764648,18.696398536491312
2022-05-02,154.6243133544922,0.001964634554262633,40.436705578963256,-2.6808937654164424,-1.5989728878663816,174.32503146100464,150.6708532435852,162.49794235229493,18.628144413922183
2022-05-03,156.11219787597656,0.009576575902410383,42.824485739162625,-2.685487491865615,-1.8162758086662283,172.2300868531304,150.90983624257274,161.56996154785156,18.303770463584264
2022-05-04,162.51409912109375,0.04018979593762523,51.78133454578868,-2.1477897424148296,-1.8825785954159486,170.7613350029278,151.49367903515815,161.12750701904298,18.50001397847087
2022-05-05,153.45944213867188,-0.05732845030827582,41.80592534440367,-2.4243491596204763,-1.9909327082568544,170.0011805763992,150.7796345481125,160.39040756225586,18.687077643329864
2022-05-06,154.1848907470703,0.004716160029486825,42.75739771660771,-2.55552831078262,-2.1038518287620076,168.86426900904078,150.48454996068577,159.67440948486328,18.570174319139735
2022-05-09,149.0675811767578,-0.03375270348870096,38.03347151126394,-3.037399596523983,-2.2905613823144026,168.55673882515703,149.04902289359296,158.802880859375,18.695109637222505
2022-05-10,151.46937561035156,0.015983695269687414,41.310863486853215,-3.188723702085639,-2.47019384626865,168.39969953226645,148.1280195839445,158.26385955810548,18.563626317539267
2022-05-11,143.6170196533203,-0.0532332924766323,34.82571292812075,-3.8973425084047335,-2.7556235786958667,168.91161651206613,145.5658569376409,157.2387367248535,18.776183608274067
2022-05-12,139.75454711914062,-0.027262521822678916,32.15200502104621,-4.716231490345365,-3.1477451610257665,169.064425394843,142.70834529607498,155.886385345459,19.02281948444407
2022-05-13,144.2150115966797,0.031417673013719526,38.06552128361659,-4.948244421117977,-3.507845013044209,168.8535630319899,141.16075734154526,155.00716018676758,18.551629187383845
2022-05-16,142.67591857910156,-0.010729567380208992,36.87134824398334,-5.196407334993154,-3.845557477433998,168.58294608885228,139.54054786866726,154.06174697875977,18.27731603088583
2022-05-17,146.30311584472656,0.025104850774708157,41.52701350405921,-5.042269581540751,-4.084899898255349,167.32789763940914,139.03941498266116,153.18365631103515,18.176521667829086
2022-05-18,138.04881286621094,-0.058073266403132574,35.170391962687845,-5.522507538443506,-4.372421426292981,166.66876211647994,137.13357858176224,151.9011703491211,18.513650924456197
2022-05-19,134.64707946777344,-0.02495020981861278,32.93305099827377,-6.1071911371635395,-4.719375368467093,166.19990326902965,134.77658446290397,150.4882438659668,18.728868145277143
2022-05-20,134.88232421875,0.0017455966398740143,33.249289837753466,-6.476912994918536,-5.070882893757382,166.02387804032975,132.60350080488507,149.3136894226074,18.73859688332162
2022-05-23,140.293701171875,0.03933536481822461,40.23090443602857,-6.261093348808686,-5.308924984767643,164.81570857577393,131.89699894375732,148.35635375976562,18.583873005211423
2022-05-24,137.59786987304688,-0.01940264586997264,38.09334267874489,-6.235704460751009,-5.494280879964316,164.50506302519054,130.61855147676258,147.56180725097656,18.461176614900108
2022-05-25,137.75469970703125,0.0011391203007984098,38.29873000099521,-6.132240080664303,-5.621872720104314,164.04746864028195,129.5252501707532,146.78635940551757,18.342532168776724
2022-05-26,140.95053100585938,0.022934419781532947,42.48616835418552,-5.726357057263499,-5.642769587536151,162.0552211581736,129.59411508450216,145.82466812133788,18.32198133820489
2022-05-27,146.69525146484375,0.03994833071761574,49.16481504627525,-4.884831608500434,-5.4911819917290074,161.1844664663164,129.70231179296093,145.44338912963866,18.326133783821795
2022-05-31,145.91094970703125,-0.005360813495841859,48.339504615028744,-4.232414583927493,-5.239428510168705,160.14982194613572,129.86561994839553,145.00772094726562,18.457190102009925
2022-06-01,145.7835235595703,-0.0008736960569719724,48.197941060394186,-3.68319404841651,-4.928181617818266,158.71546008732463,130.267114375566,144.4912872314453,18.123441156951657
2022-06-02,148.23435974121094,0.016671727043521888,51.160460683059775,-3.015411038316415,-4.545627501917896,155.3853463773532,132.16925414754917,143.77730026245118,18.096999763288867
2022-06-03,142.51905822753906,-0.039318800382595186,44.73542778670191,-2.9137770510002383,-4.219257411734365,153.91131877597252,132.54924335781652,143.23028106689452,18.2993071562219
2022-06-06,143.2640838623047,0.005213934713694779,45.69287420791256,-2.741511602312528,-3.9237082498499976,152.04188504285958,133.32659640245294,142.68424072265626,18.08658329927927
2022-06-07,145.7835235595703,0.017433138625378673,48.91594934238401,-2.374322552962667,-3.6138311104725314,151.51425149444313,133.5258241891506,142.52003784179686,18.032193704297775
2022-06-08,145.04830932617188,-0.0050559513535433686,48.020309939414126,-2.1182305864443833,-3.314711005666902,150.25791787651477,134.14005117866103,142.1989845275879,17.803571975333394
2022-06-09,139.8329620361328,-0.03661827274750802,42.12773843750362,-2.309488452492218,-3.1136664950319655,150.10613191142863,133.91343138202842,142.00978164672853,18.056448760238986
2022-06-10,134.43138122558594,-0.03939468985570572,37.055959733814106,-2.8639107375306594,-3.0637153435317046,150.477055565208,133.01019113889356,141.74362335205078,18.33117062224423
2022-06-13,129.28472900390625,-0.039036718444694946,32.98165738485804,-3.676209163862552,-3.1862141075978743,151.25962766946162,130.73459077536262,140.99710922241212,18.621227712669768
2022-06-14,130.1473846435547,0.006650362647323272,34.28587848438511,-4.201915353821676,-3.3893543568426345,151.67803009132155,129.063334959948,140.37068252563478,18.25562095390653
2022-06-15,132.76483154296875,0.01991184295336132,38.2147467478529,-4.357109164761539,-3.5829053184264157,151.12601692305756,128.2615196980362,139.6937683105469,18.332210131887827
2022-06-16,127.50054168701172,-0.04045876613695853,33.83345916576792,-4.848989442015693,-3.836122143144271,151.82555619345266,126.50715330972116,139.1663547515869,18.498788359002813
2022-06-17,128.9710235595703,0.01146714244575932,36.039370581784425,-5.061803191432176,-4.081258352801853,152.20544960948592,125.55965430286761,138.88255195617677,18.71722568241933
2022-06-21,133.19619750976562,0.03223545491402991,42.020631157063924,-4.833802330230839,-4.23176714828765,152.2484560491939,125.34803519226116,138.79824562072753,18.20996589780277
2022-06-22,132.6864471435547,-0.00383440590064088,41.51620766298445,-4.640746957303861,-4.313563110090893,152.11796313678832,124.71780270183474,138.41788291931152,18.111559839951994
2022-06-23,135.54898071289062,0.021344251702898793,45.47451912969907,-4.208256486290907,-4.292501785330896,152.07186257950812,124.55901434309928,138.3154384613037,18.09818361304944
2022-06-24,138.87228393554688,0.02422163387163171,49.728543466519454,-3.5563465270085715,-4.145270733666431,152.1272306266165,124.6154047188425,138.3713176727295,18.30545843807709
2022-06-27,138.87228393554688,0.0,49.72854346639373,-3.0050626953542405,-3.917229126003993,151.97258751935283,124.56222311907493,138.26740531921388,18.066971412520328
2022-06-28,134.73529052734375,-0.030242647525224983,44.694272731420355,-2.868916002885072,-3.7075665013802093,150.8602916996322,124.47852284504555,137.66940727233887,18.02144719428998
2022-06-29,136.49005126953125,0.012939684873021799,47.13875009748955,-2.58957325296538,-3.4839678516972437,149.81019884920826,124.58652585171947,137.19836235046387,18.00883131436505
2022-06-30,134.02947998046875,-0.018191951887777072,44.18933369126697,-2.537489055968166,-3.294672092551428,148.6190470639497,124.60227327906787,136.61066017150878,18.410271768037628
2022-07-01,136.19595336914062,0.016034906719192357,47.31503051686833,-2.294941006734774,-3.0947258753880975,146.69834984529248,125.31912986051807,136.00873985290528,18.078916945680675
2022-07-05,138.77420043945312,0.01875347267128101,50.843349068360034,-1.8730851790000713,-2.8503977361104926,146.15625382844738,125.48674009855459,135.82149696350098,18.110804881251553
2022-07-06,140.10745239257812,0.009561490309319963,52.61074289964155,-1.4148693726452848,-2.563292063417451,145.60891864026743,125.71841213976185,135.66366539001464,18.12044420629764
2022-07-07,143.46995544433594,0.023715998244362872,56.82674645754001,-0.7715106555872353,-2.204935781851408,145.0411679238813,126.05480604462457,135.54798698425293,18.009001885421206
2022-07-08,144.1464080810547,0.004703862295669112,57.643148584923324,-0.20470050276261986,-1.8048887260336506,144.81285659081183,126.19292725318232,135.50289192199708,17.98291660806162
2022-07-11,142.01907348632812,-0.014868136941214326,54.17369636588576,0.07201239007349614,-1.4295085028122214,145.18387183477398,126.04052315423966,135.61219749450683,17.96089039712362
2022-07-12,142.9895782470703,0.006810379305610897,55.48988602131945,0.3654087697613022,-1.0705250482975168,146.1401312523378,125.94008343882429,136.04010734558105,18.166933657728435
2022-07-13,142.62686157226562,-0.0025398879001885507,54.855753011898116,0.5621788621845951,-0.7439842662010945,146.69035095051055,126.72407699748747,136.70721397399902,18.08080112278426
2022-07-14,145.54824829101562,0.02027577470520727,58.92701462901993,0.9429819621636852,-0.40659102052813856,147.702844879867,127.25166943287716,137.47725715637208,18.17402161862851
2022-07-15,147.21478271484375,0.01138499228636764,61.08314141710879,1.363528653083307,-0.052567085805849456,149.046485532452,127.35302389747964,138.19975471496582,18.14965781420245
2022-07-18,144.1758270263672,-0.020859051551818494,55.37462105772099,1.4350541975653925,0.24495717086839897,148.9402628686357,129.12677509523147,139.03351898193358,18.215142567055008
2022-07-19,148.02842712402344,0.026370754729836667,60.42410692736925,1.7820687578978323,0.5523794882742856,149.47518926624247,130.49758905407003,139.98638916015625,18.23413910713345
2022-07-20,150.02830505371094,0.013419646170292215,62.77857333805929,2.1931722082997567,0.8805380322793799,150.75663132668407,130.89935774802294,140.8279945373535,17.987177222675218
2022-07-21,152.2928466796875,0.014981313528772222,65.29624854576996,2.6709155859484213,1.2386135430131882,152.2125867226047,131.4040423057156,141.80831451416014,17.991229264181985
2022-07-22,151.05763244628906,-0.008143854354939514,62.80096629782803,2.9162425602345365,1.574139346457458,153.32987873808437,131.83761546357576,142.58374710083007,18.015346642262486
2022-07-25,149.94009399414062,-0.0074255948734131775,60.54659201943176,2.986068403617992,1.856525157889565,154.21336106568126,132.06091414183825,143.13713760375975,17.79750544082995
2022-07-26,148.6166534423828,-0.008865646022809037,57.89604660589088,2.901172386144367,2.0654546035405255,154.7677414619682,132.48097069623495,143.62435607910157,17.825362405066976
2022-07-27,153.70452880859375,0.03366192042803717,64.35624311981888,3.2074670183497176,2.293857086502364,155.75959802310686,133.38603796322124,144.57281799316405,18.180145594224523
2022-07-28,154.2534637451172,0.003565002572917895,64.98055443998145,3.4546787961438383,2.526021428430659,156.7657716611084,134.1562055727783,145.46098861694335,18.21462413825756
2022-07-29,159.31195068359375,0.03226711615581852,70.16628062665808,4.012519702087275,2.823321083161982,158.29868152084538,135.15154278335382,146.7251121520996,18.43839197993117
2022-08-01,158.33164978027344,-0.006172351743732353,68.06282319038019,4.325647180814144,3.1237863026924146,159.39954460632754,136.26424933898494,147.83189697265624,18.032506301982487
2022-08-02,156.8611602783203,-0.009330797682405804,64.91895726407392,4.404375847115972,3.3799042115771263,160.1493359199292,137.32315400927004,148.73624496459962,17.90830393438618
2022-08-03,162.86068725585938,0.03753407128726537,70.83754290106299,4.894460277929738,3.6828154248476492,162.16756693472135,137.58024648080598,149.87390670776367,18.228399768383948
2022-08-04,162.54698181152344,-0.0019280771250281914,70.1709015827808,5.1976273004956965,3.9857777999772592,163.9609741110685,137.69454194117756,150.82775802612304,17.83142682115365
2022-08-05,162.32122802734375,-0.001389817862636477,69.66282696420993,5.3579102521955235,4.260204290420912,165.42652377496154,138.04647427191344,151.7364990234375,17.8532318748829
2022-08-08,161.85000610351562,-0.0029072428773095414,68.54715881626697,5.38483890416552,4.485131213169834,166.3269702714438,139.12912103714993,152.72804565429686,17.91445952031476
2022-08-09,161.8991241455078,0.0003034327371397736,68.6036023246503,5.348489413712173,4.657802853278302,167.04917603095913,140.29786986747837,153.67352294921875,17.960793784200007
2022-08-10,166.1399688720703,0.025857168230940985,73.09324213046548,5.597360025718501,4.8457142877663415,168.26992963524583,141.42842699317214,154.84917831420898,18.06643856700632
2022-08-11,165.40370178222656,-0.004441455924785339,71.18989615401011,5.669822987779014,5.010536027768876,169.30325931084025,142.3806426666988,155.84195098876953,17.861175967354956
2022-08-12,168.94757080078125,0.02119927171665985,74.61618771549773,5.944684398420208,5.197365701899143,170.954475767914,142.9027050182188,156.9285903930664,18.035597521808267
2022-08-15,170.0176239013672,0.006313666841792417,75.56127179108012,6.1776463276198115,5.3934218270432766,172.0599518864424,144.3814085871904,158.2206802368164,17.8061913309405
2022-08-16,169.8605499267578,-0.0009242958088356358,75.11914399872614,6.27723571203677,5.570184604041975,173.21055058203365,145.4140221718726,159.31228637695312,17.847573623385355
2022-08-17,171.35269165039062,0.008746150814807962,76.52440101691408,6.40275738191778,5.736699159617137,174.54712098173178,146.20989043184244,160.3785057067871,18.191795754581015
2022-08-18,170.96002197265625,-0.0022942171548982577,75.31882129278699,6.396810597624437,5.868721447218597,175.69554171340917,146.9281872294619,161.31186447143554,17.94731307867708
2022-08-19,168.37823486328125,-0.015216892735955827,67.76010864731262,6.113298782428814,5.917636914260641,176.03819355572642,148.3175956288439,162.17789459228516,18.06894076018494
2022-08-22,164.5005645751953,-0.023298844532464513,58.29715307020078,5.512177094750996,5.836544950358713,175.53456668955965,150.27726955311613,162.9059181213379,18.050005407435755
2022-08-23,164.1667938232422,-0.0020310557660392684,57.55211904328936,4.9517703894943,5.65959003818583,174.37389813775002,152.99295214301168,163.68342514038085,17.807214993505387
2022-08-24,164.46128845214844,0.0017922674513940206,58.06139888471566,4.479767324268721,5.423625495402408,173.82499942114023,154.61752682397693,164.22126312255858,17.801555121812584
2022-08-25,166.91549682617188,0.0148124633701363,62.138207983885394,4.254690179649174,5.1898384322517614,173.2897081349712,156.41902141825148,164.85436477661133,17.751605515119998
2022-08-26,160.62290954589844,-0.03842823625853285,48.98881111741836,3.5278884151573777,4.857448428832885,173.19272503614673,156.6471004033064,164.91991271972657,18.184464630314107
2022-08-29,158.42396545410156,-0.013784676069749922,45.3752472410475,2.742838633202382,4.4345264697067845,173.1819520651161,156.66710494171986,164.92452850341797,18.110262158166673
2022-08-30,155.9991912841797,-0.015423941834473282,41.720710559080565,1.9030844413840384,3.928238064042236,173.32300070119712,156.43985940622477,164.88143005371094,18.171016109726818
2022-08-31,154.34017944335938,-0.010691699481817021,39.38353727539477,1.0911269711317857,3.360815845460146,174.10058515076344,154.81022417540845,164.45540466308594,18.292746242329002
2022-09-01,155.06658935546875,0.004695509730279609,40.94353380511652,0.5004906900353774,2.7887508143751925,174.58050899446206,153.58226108610435,164.0813850402832,18.122677605400263
2022-09-02,152.95599365234375,-0.013704376575133266,37.89219275279744,-0.1363287394493966,2.203734903610275,175.21975407753658,152.00649256552984,163.6131233215332,18.158767790628676
2022-09-06,151.6994171142578,-0.008249212844774392,36.16415840104951,-0.7339474608651244,1.616198430715195,175.86710680483094,150.34408093930966,163.1055938720703,18.11571416467617
2022-09-07,153.10321044921875,0.009211228077486831,39.48439422856332,-1.0818196693180369,1.0765948107085488,176.186080873734,149.14551550077772,162.66579818725586,18.286573196811272
2022-09-08,151.63072204589844,-0.009664167371445502,37.29326429143496,-1.459504153478207,0.5693750178711976,176.21189637697339,147.66877531492113,161.94033584594726,18.257264953571546
2022-09-09,154.48739624023438,0.01866441058212058,43.80818621843459,-1.5108954329333244,0.15332092771029315,175.9407152875944,146.84832585010093,161.39452056884767,18.035441717588537
2022-09-12,160.43637084960938,0.03778490538398859,54.42685569332493,-1.059378997195239,-0.08921905727081328,175.0761324362249,146.86178870635325,160.96896057128907,18.46905178220556
2022-09-13,151.0220489501953,-0.06047157496820707,41.16840667366019,-1.4445541463884979,-0.3602860750943502,174.1190479296864,145.91931571777454,160.01918182373046,18.624899147033013
2022-09-14,152.46511840820312,0.009509992442055807,43.44272287493672,-1.614750740742835,-0.6111790082240471,172.8331375104169,145.46568298518858,159.14941024780273,18.292454124676166
2022-09-15,149.57899475097656,-0.01911119187143658,40.103574613384346,-1.9599260196226567,-0.8809284105037691,171.10622426760625,145.0152265380578,158.06072540283202,18.320651558133118
2022-09-16,147.9395751953125,-0.011020731573897236,38.30260321322057,-2.338807059998885,-1.1725041404027925,169.203712936401,144.61569319152872,156.90970306396486,18.904826407810845
2022-09-19,151.65032958984375,0.02477349280135949,44.39002271696381,-2.312983512467781,-1.4006000148157902,167.3129966047358,144.83361899585017,156.07330780029298,18.215796975950646
2022-09-20,154.02598571777344,0.015543919115094437,47.93198141666916,-2.076881571718644,-1.535856326196361,166.09030091244384,145.0088568023999,155.54957885742186,18.494765439406617
2022-09-21,150.90423583984375,-0.020475890716932246,43.968878313042055,-2.1172617329412446,-1.6521374075453377,164.79429418435035,144.97860773215353,154.88645095825194,18.43750640526349
2022-09-22,149.9422149658203,-0.006395449575522913,42.7946026437724,-2.2015126784600625,-1.7620124617282826,163.20440456000006,145.11659000787103,154.16049728393554,18.277416436952286
2022-09-23,147.6745147705078,-0.01523935891872037,40.07747024105818,-2.4233319513164133,-1.894276359645909,160.44421523152815,145.95268113077654,153.19844818115234,18.38017016968579
2022-09-26,148.00828552246094,0.00225762806215519,40.67451980912413,-2.5428800743237048,-2.0239971025814683,159.26789986214936,145.86753409781159,152.56771697998047,18.351752881066595
2022-09-27,148.9801788330078,0.006545013673081881,42.47196151436186,-2.5300344926552896,-2.1252045805962325,158.3759009044614,145.81515439339017,152.09552764892578,18.251583767642668
2022-09-28,147.09532165527344,-0.012732445867490536,39.94433290205904,-2.6414969657240306,-2.2284630576217923,158.02717044906865,145.2734978858923,151.65033416748048,18.803841625171625
2022-09-29,139.87014770507812,-0.05036634745505891,32.06635026639783,-3.275089737337936,-2.437788393565021,159.06022870073292,142.7934364603999,150.9268325805664,18.668619934744616
2022-09-30,135.66851806640625,-0.030499932445017072,28.541137975533246,-4.069344105221944,-2.764099535896406,160.32983853330958,139.584019498917,149.9569290161133,18.643226524637306
2022-10-03,139.84071350097656,0.030289470798420266,36.05826236186857,-4.312424169550269,-3.0737644626271785,160.50106956904702,138.10126044804284,149.30116500854493,18.554439494479123
2022-10-04,143.42384338378906,0.025300172036450092,41.72770486561956,-4.167893355571181,-3.2925902412159793,160.3232199907603,137.45155265328268,148.88738632202148,18.290914835841402
2022-10-05,143.7183074951172,0.0020509995739125693,42.181414381915886,-3.983669588096177,-3.430806110592019,159.89570985363207,136.94057249500077,148.41814117431642,18.19090274578519
2022-10-06,142.76609802246094,-0.00664757285802404,41.06788192793235,-3.869896513527408,-3.5186241911790974,159.61363938675208,136.33618055953696,147.97490997314452,18.04091556043764
2022-10-07,137.52392578125,-0.03740970526204484,35.51014861688083,-4.154835662226503,-3.645866485388579,159.23030471853002,135.02316818186063,147.12673645019532,18.268992375147633
2022-10-10,137.8478546142578,0.00235266650748158,36.0857424735197,-4.304889553734,-3.777671099057663,157.04073649816917,134.9538847786863,145.99731063842773,18.131651110614786
2022-10-11,136.43421936035156,-0.010307985137329778,34.633004182973366,-4.486163197776733,-3.9193695188014774,156.82884646650763,133.70699185136345,145.26791915893554,18.159753559390726
2022-10-12,135.80596923828125,-0.004615418763535714,33.97831750133726,-4.627179159995023,-4.060931447040187,156.21106504770586,132.65885835317306,144.43496170043946,18.07018241397081
2022-10-13,140.3707733154297,0.033060132395050554,42.48565671642463,-4.320786450051685,-4.112902447642487,155.62318625529375,132.32591500203048,143.97455062866212,18.54487872422786
2022-10-14,135.84524536132812,-0.03277096657351396,37.347571295073216,-4.392506226918442,-4.168823203497678,155.40120913322605,131.3384591406997,143.36983413696288,18.29961985324403
2022-10-17,139.80140686035156,0.028706557048476775,43.75167058250873,-4.0830486535794535,-4.151668293514033,154.2456843014277,131.30909169954887,142.7773880004883,18.261109242987004
2022-10-18,141.11688232421875,0.009365606512866791,45.737815099672616,-3.6891274562267142,-4.05916012605657,152.31574585048477,131.9481198111363,142.13193283081054,18.412009265119256
2022-10-19,141.22482299804688,0.00076461023683122,45.90659959751822,-3.329847746927271,-3.91329765023071,150.9590503461904,132.336874031251,141.6479621887207,17.938738953587368
2022-10-20,140.7634735107422,-0.0032721208975470956,45.25861285673967,-3.0472166204300493,-3.740081444270578,149.6442688837237,132.73378134820987,141.18902511596679,17.98251682437955
2022-10-21,144.5723876953125,0.02669934604621322,51.362644509228474,-2.4872108556539274,-3.489507326547248,149.09274662176628,132.9750909026478,141.03391876220704,18.276216675388838
2022-10-24,146.71246337890625,0.014694304788734007,54.43681322286772,-1.8493973289397445,-3.1614853270257477,148.8097435712019,133.1285117388567,140.9691276550293,18.146005725152804
2022-10-25,149.54953002929688,0.019153002690362075,58.207983651364145,-1.1022914161958681,-2.7496465448597722,148.96380848851098,133.03138194117653,140.99759521484376,18.129422966279495
2022-10-26,146.61431884765625,-0.019822184918916026,53.29336620008738,-0.7385382008585282,-2.3474248760595233,148.8647977876011,133.08229236132468,140.9735450744629,18.29505290437694
2022-10-27,142.14767456054688,-0.030938978676673747,46.81561067117505,-0.8014434801116863,-2.038228596869956,148.97736328125882,133.19747955321384,141.08742141723633,18.50851029531271
2022-10-28,152.8872528076172,0.07283426107713187,59.54737635427764,0.015123508617108428,-1.627558175772543,151.0181505089701,132.87856579962363,141.94835815429687,18.920015000137795
2022-10-31,150.53118896484375,-0.015530441621450992,56.35981515586157,0.46676350938145106,-1.2086938387417443,152.2620099577267,132.7037538972538,142.48288192749024,18.399898286979834
2022-11-01,147.8905029296875,-0.01769814349138462,52.93932239107851,0.6046402535076254,-0.8460270202918704,152.77553561534015,132.63689419423017,142.70621490478516,18.202267250754435
2022-11-02,142.37342834472656,-0.0380187720105991,46.5789108738055,0.26566434251552096,-0.6236887477303922,152.69779031351806,132.58015158101318,142.63897094726562,18.354590096222612
2022-11-03,136.33609008789062,-0.043330294999577613,40.801837352236795,-0.48455361783862827,-0.5958617217520394,152.76278850630385,131.87215259477037,142.3174705505371,18.399646068196084
2022-11-04,136.0706024169922,-0.0019492014128925277,40.563584328633404,-1.0879877472152373,-0.6942869268446791,152.84953869517003,131.6400700694784,142.24480438232422,18.762956116902053
2022-11-07,136.60154724121094,0.003894387424026354,41.30178311416973,-1.5060104808664505,-0.8566316376490335,152.90994882544913,131.4550292018946,142.18248901367187,18.238854276581414
2022-11-08,137.17189025878906,0.004166538930032982,42.13320521292332,-1.7708612083263802,-1.0394775517845027,152.86840176584855,131.57034335133898,142.21937255859376,18.314303055594188
2022-11-09,132.61915588378906,-0.03375328180845722,37.55978957461814,-2.321365674759903,-1.295855176379583,153.19729309258082,130.92277068915746,142.06003189086914,18.131902083801343
2022-11-10,144.41888427734375,0.0852364644554798,52.07857480756734,-1.78492940852243,-1.3936700228081524,153.41755916597015,131.10731571195953,142.26243743896484,18.59340641548656
2022-11-11,147.20166015625,0.01908548901455091,54.75076907510802,-1.122315689266685,-1.339399156099859,153.7639499766199,131.896566380802,142.83025817871095,18.358589370105896
2022-11-14,145.8053436279297,-0.009531015166299752,53.1492726985405,-0.7017710375304489,-1.211873532385977,154.0436677512639,132.21724228291578,143.13045501708984,18.111081583908003
2022-11-15,147.53598022460938,0.011799610458774406,54.90972907888068,-0.22623061563692204,-1.014744949036166,154.4921044395882,132.41071538463055,143.45140991210937,18.31385583437073
2022-11-16,146.30682373046875,-0.008366130780558891,53.375683163718314,0.05086954575148184,-0.8016220500786364,154.76434596389774,132.64667393356322,143.70550994873048,17.977798790342945
2022-11-17,148.2046356201172,0.0128880428822768,55.44540610518209,0.4187835033268925,-0.5575409393975306,155.22002186385785,132.93511424454059,144.07756805419922,18.202392897100864
2022-11-18,148.7650909423828,0.003774499132596278,56.065669656345065,0.7469714045900275,-0.2966384706000189,155.62490837376015,132.94949805934533,144.28720321655274,18.130724099956264
2022-11-21,145.5398712158203,-0.021918412946184542,51.612760333901406,0.7383036977103927,-0.08965003693793658,155.5255265580183,132.9316206587786,144.22857360839845,17.888360779750098
2022-11-22,147.6736297607422,0.014554556354080839,54.20421149152461,0.8933133987790143,0.10694265020545358,155.27579175698622,132.99376543295517,144.1347785949707,17.76297987398011
2022-11-23,148.54884338378906,0.005909181437258205,55.2625792499245,1.0743971470526503,0.30043354957489293,155.49606551962052,132.96694412393418,144.23150482177735,17.88113668190677
2022-11-25,145.63821411132812,-0.01978825495658769,51.03819087199679,0.9718410859647406,0.4347150568528625,155.642779275887,133.1692843227458,144.4060317993164,17.376440184923993
2022-11-28,141.81312561035156,-0.026615386819809926,46.05560845454697,0.5752805185277623,0.4628281491878425,154.39962825109376,133.3050226278125,143.85232543945312,18.053175954071865
2022-11-29,138.81402587890625,-0.02137508009395568,42.54828826079136,0.01878459089314788,0.37401943752890354,153.55012046344694,132.98281410686553,143.26646728515624,18.24351150315309
2022-11-30,145.55955505371094,0.047450221981561125,51.49544797209353,0.12067433001405448,0.32335041602593373,153.26436097700454,133.0354788057103,143.14991989135743,18.528466425516672
2022-12-01,145.8348846435547,0.0018897386790623467,51.82522730657078,0.22109088116454245,0.30289850905365545,153.49975804256195,133.14622737003572,143.32299270629883,18.08171100516737
2022-12-02,145.3431854248047,-0.00337731262525674,51.156311472552666,0.25802139374783906,0.2939230859924922,153.43225781236097,134.11443713392808,143.77334747314453,17.99675733982967
2022-12-05,144.18292236328125,-0.008014954379119444,49.53167968033021,0.19145854378419358,0.2734301775508325,153.13140025622448,135.2265266846935,144.178963470459,18.047097964761065
2022-12-06,140.52499389648438,-0.025697422169934737,44.71074690959419,-0.15467426244217108,0.18780928955223178,152.78388658557057,135.96638502087475,144.37513580322266,17.985692088431197
2022-12-07,138.58786010742188,-0.013880871947388082,42.35945025363354,-0.5786274554799036,0.03452194054580472,152.61988832490528,136.27198026640332,144.4459342956543,18.06001357022979
2022-12-08,140.26934814453125,0.012059996065562326,45.06030124088758,-0.770054672643397,-0.12639338209203566,151.18635077108326,138.47053704629957,144.8284439086914,17.944712175778317
2022-12-09,139.7875213623047,-0.0034409243985037163,44.41803704888418,-0.9496940342722837,-0.29105351252808526,151.3431002562322,137.8506512696467,144.59687576293945,18.14751941338257
2022-12-12,142.07862854003906,0.016257061292546653,48.19895532091797,-0.8968480152816767,-0.4122124130788035,151.05949965066745,137.62194871359034,144.3407241821289,18.07059406394906
2022-12-13,143.0422821044922,0.006759639141172751,49.74735317278469,-0.7683512999305435,-0.48344019044915154,150.90815949480128,137.49698271711276,144.20257110595702,18.35759397917306
2022-12-14,140.8199920654297,-0.015657842862357097,46.30956410709982,-0.8361977932994193,-0.5539917110192052,150.54207337157936,137.19147002441673,143.86677169799805,18.225774746201363
2022-12-15,134.22195434570312,-0.04798761735772567,37.92890319749727,-1.4061637495831292,-0.72442611873199,151.0953175214688,135.42973893605077,143.26252822875978,18.40994230272178
2022-12-16,132.26516723632812,-0.014686055128321057,35.85643375051539,-1.9927905930081806,-0.9780990135872282,151.35361876554558,133.57749085359504,142.4655548095703,18.891664523943383
2022-12-19,130.16087341308594,-0.016037577067827217,33.722480736322154,-2.5975525491923577,-1.3019897207082543,151.4789127882704,131.59177507794055,141.53534393310548,18.192431694232976
2022-12-20,130.09207153320312,-0.0005287308583565942,33.65196163755118,-3.047255627228253,-1.6510429020122541,151.74269305239724,129.78321484555195,140.7629539489746,18.164921034317945
2022-12-21,133.1894989013672,0.023530475588383733,39.759437586400836,-3.1177723156679917,-1.9443887847434018,151.00995340454728,129.06754140746443,140.03874740600585,18.26902030589767
2022-12-22,130.0232391357422,-0.02405972085957204,36.10109672191518,-3.3900693911544977,-2.233524906025621,150.18613189171484,128.0388024954922,139.11246719360352,18.170321443677164
2022-12-23,129.65940856933594,-0.002802118722094386,35.69466780120143,-3.593797807261467,-2.50557948627279,149.7058841880458,126.92116964496205,138.31352691650392,17.971497279038328
2022-12-27,127.8599624633789,-0.013975456577406975,33.67536755783949,-3.85600468523063,-2.775664526064358,149.78812237248263,125.44361514582789,137.61586875915526,18.049730114141976
2022-12-28,123.93653869628906,-0.03116597187138943,29.72666195754219,-4.330474024772229,-3.0866264258059326,150.47075099853123,123.27323780151761,136.87199440002442,18.263306218113392
2022-12-29,127.44695281982422,0.02793057181673641,36.86047228265118,-4.372826095472703,-3.343866359739287,149.54152535600835,122.39120322065182,135.96636428833008,18.142337607569253
2022-12-30,127.76162719726562,0.002466018477027997,37.47322425920579,-4.331072911690313,-3.541307670129492,148.2731568092555,121.8522460227757,135.0627014160156,18.159760050035352
2023-01-03,122.9827117919922,-0.03812244922790744,32.34014470398546,-4.630227367988738,-3.759091609701341,147.27600123140803,120.61335423734198,133.944677734375,18.53505799539313
2023-01-04,124.25120544433594,0.010261575737901324,34.88961996516693,-4.710651139340513,-3.949403515629176,146.0345893037565,119.86159447309898,132.94809188842774,18.305422529500724
2023-01-05,122.9335479736328,-0.010661417692729805,33.47843544107586,-4.825090859409073,-4.124540984385156,145.3736564448065,118.76338273976383,132.06851959228516,18.209499125101075
2023-01-06,127.456787109375,0.036133433515968226,42.13135355486128,-4.498936625165314,-4.199420112541188,144.5983019507846,118.42562993398103,131.5119659423828,18.29005599152486
2023-01-09,127.97792053222656,0.004080370680324405,43.0504779317439,-4.15056085092732,-4.189648260218414,143.39321851583014,118.40157060770503,130.89739456176758,18.075239620843863
2023-01-10,128.54823303222656,0.004446435045333793,44.09692036014269,-3.784822015260204,-4.1086830112267725,142.13962032579133,118.53123996473602,130.33543014526367,17.972770465311235
2023-01-11,131.26217651367188,0.02089248236219191,48.90808308032824,-3.2386457037218292,-3.934675549725784,140.24716876325456,119.34204632463609,129.79460754394532,18.056245783099172
2023-01-12,131.1835174560547,-0.0005994311339819995,48.7770555616993,-2.780096943395165,-3.7037598284596602,137.64170979207785,120.76162883096903,129.20166931152343,18.0835226862096
2023-01-13,132.510986328125,0.010068318200861863,51.155316301972555,-2.283258124929688,-3.419659487753666,135.4491885289834,122.12324952033302,128.7862190246582,17.872667156929733
2023-01-17,133.67132568359375,0.008718435846329831,53.2007219042811,-1.775414223132401,-3.090810434829413,135.33102053337853,122.18635464972694,128.75868759155273,17.9688564801278
2023-01-18,132.9534912109375,-0.00538461659668256,51.756768225274165,-1.4145613323847783,-2.7555606143404865,135.4494217202497,122.1367858603167,128.7931037902832,18.059320570016148
2023-01-19,133.0125274658203,0.00044393833577778655,51.87246161775995,-1.111012029188629,-2.426650897310115,135.83316651633297,122.03820646950689,128.93568649291993,17.880776419844135
2023-01-20,135.56910705566406,0.019038210218826172,56.713613402980336,-0.6565837243130943,-2.072637462710711,136.70897672933617,121.71009980874979,129.20953826904298,18.200328306353796
2023-01-23,138.75503540039062,0.023228517664846918,61.862033249382314,-0.03891958644877036,-1.665893887458323,137.95913091569574,121.01649927229252,129.48781509399413,18.21930236591974
2023-01-24,140.1513214111328,0.010012662973259024,63.88917049444457,0.5568334749736152,-1.2213484149719354,139.7185235001255,120.26991491540186,129.99421920776368,18.011736104289373
2023-01-25,139.4925079345703,-0.004711812858329473,62.2090065742621,0.9646909696958801,-0.7841405380383724,141.09312933739554,119.87861901465524,130.4858741760254,18.002119773138816
2023-01-26,141.55746459960938,0.014694851630483993,65.29013942863126,1.437969698444988,-0.33971849074170035,142.7851185021666,119.55638006350722,131.1707492828369,17.80643902772674
2023-01-27,143.49456787109375,0.013591435038900592,67.93149768479893,1.9469117588831182,0.11760755918326338,144.47031625826546,119.82698522488883,132.14865074157714,18.071914458254852
2023-01-30,140.6134796142578,-0.020282333066558172,60.551021455547705,2.0936381075827057,0.5128136688631519,145.47305975037477,120.14089441222292,132.80697708129884,17.974632690874326
2023-01-31,141.88192749023438,0.008980368308835153,62.48359131096433,2.2859222500026135,0.8674353850910443,146.56326625163575,120.46271794025877,133.51299209594725,18.00326198984455
2023-02-01,143.00291442871094,0.00786979550396845,64.15484548699641,2.499945282603221,1.1939373645934797,147.2303593752134,121.79764508035302,134.5140022277832,18.167897249979816
2023-02-02,148.302978515625,0.036392322663581146,70.78212298785175,3.061934875960361,1.5675368668668561,148.88744179566774,122.54573996702757,135.71659088134766,18.58906395339926
2023-02-03,151.92153930664062,0.024106865466724418,74.27865712990568,3.7560063882617953,2.005230771145844,150.78615913073276,123.54582176526333,137.16599044799804,18.85478060938106
2023-02-06,149.1977996826172,-0.01809125857751263,67.71027937618437,4.039712743980317,2.4121271657127386,152.0792552983649,124.42682685495544,138.25304107666017,18.061979476978514
2023-02-07,152.06906127929688,0.01906182795664766,70.65608440643913,4.444999699973721,2.818701672564935,153.7058859705911,125.20931025743626,139.45759811401368,18.238230390864523
2023-02-08,149.38462829589844,-0.017810390362488077,64.71194918085158,4.497734146022566,3.154508167256462,154.4326346884808,126.56620106591373,140.49941787719726,17.97626846087594
2023-02-09,148.35214233398438,-0.006935590108549267,62.532914910453314,4.405430525355172,3.404692638876204,154.99498672099057,127.71284561543521,141.3539161682129,17.840989044231957
2023-02-10,148.71652221679688,0.002453170657372412,63.00635133324249,4.311975878442894,3.586149286789542,155.36369023986595,129.09744257263407,142.23056640625,17.866437764099306
2023-02-13,151.51339721679688,0.018632093145229664,66.50496176195884,4.412729635096326,3.751465356450899,156.10085562093042,130.26051828043677,143.1806869506836,17.94584949648718
2023-02-14,150.87327575683594,-0.004233800450600109,64.99004329907656,4.3903164261516,3.8792355703910393,156.5801852562611,131.5013836524303,144.0407844543457,17.93791767415672
2023-02-15,152.97091674804688,0.01380756564662595,67.5950010253824,4.490057308172993,4.00139991794743,157.03865574478874,133.04465571761358,145.04165573120116,17.99868679914288
2023-02-16,151.37551879882812,-0.010484187599764256,63.71212311275381,4.389764917133277,4.0790729177845995,156.83920123985075,135.0804093558524,145.95980529785157,18.037484352194543
2023-02-17,150.23313903808594,-0.007575281372056692,61.00963532736525,4.170032437061366,4.097264821639953,156.55264333624402,136.8333704577013,146.69300689697266,17.895487413914086
2023-02-21,146.22494506835938,-0.027042192073950404,52.582067877483546,3.6306136538124747,4.003934588074458,156.19917085265246,137.93383390808975,147.0665023803711,17.89079463443502
2023-02-22,146.64842224121094,0.0028918810328788895,53.31580358314002,3.2003992402260053,3.8432275185047677,155.93130942435923,138.85140541939077,147.391357421875,17.747557754376846
2023-02-23,147.13096618652344,0.0032850798815582407,54.185743453263456,2.865358413364362,3.647653697476687,155.4671587503439,140.07940191860138,147.77328033447264,17.694890550458997
2023-02-24,144.48184204101562,-0.018169277537556913,48.80844163579157,2.358882239248601,3.38989940583107,155.21693185876808,140.62206655431788,147.91949920654298,17.831345698928207
2023-02-27,145.67343139648438,0.008213506101264237,51.15642908644963,2.030244134161137,3.1179683514970833,155.10957991722768,140.94730484839732,148.0284423828125,17.622139736068654
2023-02-28,145.1711883544922,-0.0034536897512532313,50.11310147725643,1.7095624799974019,2.836287177197147,154.58621530508762,141.9264403345608,148.2563278198242,17.7384141742722
2023-03-01,143.1031036376953,-0.014348280470262669,45.95677983471318,1.2738585572471663,2.523801453207151,154.40739026277987,142.22738299161466,148.31738662719727,17.831515146759962
2023-03-02,143.69398498535156,0.004120559148917289,47.301623318911524,0.9651140123726805,2.212063965040257,154.32163616076602,142.38224414929257,148.3519401550293,17.771322690816895
2023-03-03,148.73622131347656,0.03448847624057728,57.109945488090204,1.114451366496695,1.9925414453315449,154.34569395362604,142.40151063621772,148.37360229492188,18.074412900647584
2023-03-06,151.49366760253906,0.018369415762856244,61.34686977247872,1.4387204918866416,1.8817772546425642,154.2736367199138,142.43078069951977,148.3522087097168,18.28781200029894
2023-03-07,149.29754638671875,-0.014602555777126188,56.55506068622472,1.5011926670197795,1.8056603371180073,154.28178997263853,142.4326021172052,148.35719604492186,17.84410699666361
2023-03-08,150.54827880859375,0.008342551877181486,58.541230123041395,1.632804021167999,1.7710890739280059,154.041933987621,142.52037985515244,148.28115692138672,17.670006161484746
2023-03-09,148.30288696289062,-0.015027106172679959,53.78713438362073,1.538191299305879,1.7245095190035806,153.9644897560197,142.48964995345295,148.22706985473633,17.801408384082738
2023-03-10,146.24464416503906,-0.013975851652548476,49.79520584568721,1.2823449686815138,1.6360766089391674,153.92646122565503,142.3169286669231,148.12169494628907,18.043400693960344
2023-03-13,148.18472290039062,0.013178758857940025,53.31252797526265,1.2220460621100813,1.5532704995733504,153.89326698355063,142.2969429773869,148.09510498046876,18.251754282940666
2023-03-14,150.2725067138672,0.013990734092177512,56.8185529065476,1.3274237351065494,1.5081011466799903,153.70233328440193,142.3637876262426,148.03306045532227,18.115457738245155
2023-03-15,150.66644287109375,0.0026180484964068193,57.46757545074304,1.4262823605650965,1.4917373894570116,153.67089223625914,142.3745453858112,148.02271881103516,18.16149413837487
2023-03-16,153.4829864501953,0.018521317632144447,61.87921243903685,1.712163308638253,1.53582257329326,153.79472801111552,142.30191658116962,148.04832229614257,18.148361404750453
2023-03-17,152.64593505859375,-0.005468633760857786,59.891005592059614,1.8498589454494265,1.5986298477244933,154.03837057766128,142.18531564060044,148.11184310913086,18.410070665613677
2023-03-20,155.00949096679688,0.015365257423034365,63.46103256969298,2.1252048992128607,1.703944858022167,154.9803337129863,141.72098769814653,148.3506607055664,18.1147179391346
2023-03-21,156.86090087890625,0.011873083883069362,66.01293887536039,2.464403746013886,1.856036635620511,156.43611251486527,141.32880447732225,148.88245849609376,18.118741533118417
2023-03-22,155.4329376220703,-0.00914506168707363,62.39345519515864,2.588161856255539,2.0024616797475168,157.33592811344343,141.30744041683002,149.32168426513672,18.142312509406043
2023-03-23,156.5162353515625,0.006945375580645806,64.00582715276224,2.742045529523949,2.1503784497028033,158.34592967551566,141.2359657712617,149.79094772338868,18.029445425450476
2023-03-24,157.8162078857422,0.008271369842143899,65.89549131803608,2.9350627915972893,2.3073153180817005,159.34253883535962,141.57279319589037,150.457666015625,17.89637299337775
2023-03-27,155.87611389160156,-0.012369564675823737,60.76804663247283,2.8980738003375848,2.4254670145328774,159.86765849345184,142.06794178730988,150.96780014038086,17.774232036739154
2023-03-28,155.25567626953125,-0.003988267763659261,59.182074668085086,2.7865737398938677,2.4976883596050756,160.12845935015415,142.81558972211147,151.4720245361328,17.64398239660099
2023-03-29,158.3283233642578,0.01959759068817059,64.1694589990245,2.912571765736459,2.5806650408313523,160.45796575434812,144.00860529057374,152.23328552246093,17.753312434570738
2023-03-30,159.8941650390625,0.009841254905189464,66.42114409227085,3.103006913708839,2.68513341540685,160.9101150956578,145.17647395463516,153.04329452514648,17.717517590584865
2023-03-31,162.39556884765625,0.015523014073333289,69.69724346223884,3.416388522478627,2.8313844368212058,162.35360984552915,145.0989139581818,153.72626190185548,18.045984399961313
2023-04-03,163.64625549316406,0.007671977560358443,71.20971272978619,3.722752096256386,3.009657968708242,163.9538858854544,144.71389670731904,154.33389129638672,17.858144212294654
2023-04-04,163.11451721191406,-0.003254605785241116,69.6187330379288,3.877938143347137,3.183314003636021,165.0957988712296,144.95368080406337,155.02473983764648,17.650183748293486
2023-04-05,161.2728729248047,-0.011354720497454146,64.26345550620312,3.808417830918387,3.3083347690924945,165.76957489753204,145.352364189382,155.56096954345702,17.757319543710565
2023-04-06,162.15924072265625,0.005481026647915101,65.63364988060593,3.7812569793464945,3.4029192111432947,166.26726975714732,146.24030470574328,156.2537872314453,17.6308045995899
2023-04-10,159.56918334960938,-0.01610124026990627,58.56715788793062,3.5102715988764714,3.42438968868993,165.84323573144565,147.99679264990203,156.92001419067384,17.680796211760818
2023-04-11,158.3578338623047,-0.0076203360116784006,55.55455592683464,3.16132615252522,3.3717769814569882,165.35996477886425,149.49737469867483,157.42866973876954,17.679271480763383
2023-04-12,157.66847229003906,-0.004362691663537469,53.85674243514584,2.7969175303595932,3.2568050912375095,164.9790363207919,150.61789971436437,157.79846801757813,17.730192046492654
2023-04-13,163.0455780029297,0.03353522945540556,63.2827301400919,2.908481401425007,3.187140353275009,165.12824708904986,151.70660245928997,158.41742477416992,18.041549841746082
2023-04-14,162.7008819580078,-0.002116346397862678,62.402706271585295,2.9352467851272195,3.136761639645451,165.42640469621125,152.33023440290987,158.87831954956056,17.715187685706766
2023-04-17,162.7205352783203,0.00012078688921758167,62.434782217089364,2.9243344955156374,3.0942762108194883,165.44336551026052,153.32073361083323,159.38204956054688,17.541594294562486
2023-04-18,163.9417266845703,0.007476817725491281,64.4635370818793,2.979876209902443,3.0713962106360797,165.84958997780777,153.80773271506334,159.82866134643555,17.72599239640444
2023-04-19,165.08409118652344,0.0069439480439034695,66.29718313096288,3.080561887029063,3.0732293459146764,166.52473865123903,153.9549030723938,160.2398208618164,17.680865367255528
2023-04-20,164.11895751953125,-0.00586347201775024,63.32429137512216,3.047349838555874,3.068053444442916,166.75766545422448,154.59057825915443,160.67412185668945,17.77549292539843
2023-04-21,162.5137481689453,-0.00982891330569658,58.616343531162606,2.8585504810039026,3.0261528517551137,166.7794909870637,155.1685040080535,160.9739974975586,17.881752258049474
2023-04-24,162.81903076171875,0.0018767409996698077,59.23704392237461,2.7024077099123076,2.9614038233865525,166.88608800431302,155.56218927840183,161.22413864135743,17.551979479509253
2023-04-25,161.28273010253906,-0.009480430848474464,54.78391676298379,2.4267230622004092,2.8544676711493238,166.56688037226863,156.42205853154,161.4944694519043,17.701479094396433
2023-04-26,161.2728729248047,-6.111924669686321e-05,54.755474750307215,2.182289525601732,2.7200320420398056,165.93831718327144,157.65234138606448,161.79532928466796,17.633196531925616
2023-04-27,165.85227966308594,0.027999717417080117,64.08440119601923,2.331221172339127,2.64226986809967,166.35517639706117,157.98787780215756,162.17152709960936,17.988393635591276
2023-04-28,167.10296630859375,0.007512676511707421,66.13794031902425,2.5211087627597806,2.6180376470316924,167.11277956607927,157.9511547600926,162.53196716308594,17.827847584891533
2023-05-01,167.01429748535156,-0.0005307647040857577,65.85047470961449,2.634077210804975,2.621245559786349,167.7614149248357,157.76439226510573,162.7629035949707,17.77580742287095
2023-05-02,165.9803009033203,-0.006210310379169419,62.44211311601998,2.61008322240707,2.6190130923104933,168.07025018528768,157.68896154566934,162.8796058654785,17.695541243146362
2023-05-03,164.90682983398438,-0.006488465314755136,59.026343594866695,2.4759069556251347,2.5903918649734217,168.2382387745987,157.70020421856537,162.96922149658204,17.99198796507739
2023-05-04,163.2720489501953,-0.009962825224449554,54.166773774563744,2.212157764931021,2.514745044964942,168.27820789398032,157.86015270172282,163.06918029785157,18.212861683029736
2023-05-05,170.93389892578125,0.04585910426257203,67.6213376367281,2.5915085934660738,2.5300977546651686,169.76659018437226,157.24923623164335,163.5079132080078,18.546900983864806
2023-05-08,170.8649444580078,-0.00040347982471943537,67.42949173207512,2.8536872782968885,2.5948156593915126,170.85184937112393,157.29355315573156,164.07270126342775,17.840197760118635
2023-05-09,169.16123962402344,-0.010021105263361613,62.69657139331365,2.8906691981365498,2.6539863671405204,171.19343091817282,158.03231218485453,164.61287155151368,17.629411255259036
2023-05-10,170.92404174804688,0.010366916819690552,65.40250916218884,3.0273239292932885,2.728653879571074,171.5754169300455,158.97588311878263,165.27565002441406,17.799379712408765
2023-05-11,171.1111297607422,0.0010939695501398401,65.68699125541896,3.114814583727508,2.805886020402361,172.39639104074894,158.96146418386041,165.67892761230468,17.717780173345137
2023-05-12,170.1841278076172,-0.005432271396607263,62.92603168173429,3.073916056510967,2.8594920276240825,172.90442277999293,159.2017570295774,166.05308990478517,17.63395011393082
2023-05-15,169.69107055664062,-0.002901403804896981,61.44664988034066,2.967510466089493,2.881095715317165,173.24833213286615,159.55490120453618,166.40161666870117,17.43361075130475
2023-05-16,169.69107055664062,0.0,61.44664988002513,2.850326479678472,2.8749418681894268,173.58354976617517,159.79461795843423,166.6890838623047,17.55580294805842
2023-05-17,170.30247497558594,0.0035965687351312264,62.70752401498372,2.7748063131506626,2.8549147571816738,173.98231797873646,159.91768812477918,166.95000305175782,17.87511875463329
2023-05-18,172.62986755371094,0.013573688005361639,67.1162822209431,2.869677313548806,2.8578672684551005,174.71008352351362,160.04101358341995,167.37554855346679,17.997510332924836
2023-05-19,172.73831176757812,0.0006279919455477977,67.31020493583111,2.9199543900261915,2.8702846927693186,175.2198052109541,160.5537482558428,167.88677673339845,17.837454681674654
2023-05-22,171.79159545898438,-0.005495712688680155,63.7743690525134,2.8505478995149645,2.866337334118448,175.45784424267242,161.212965693851,168.3354049682617,17.589900077246348
2023-05-23,169.1881103515625,-0.015270912945390444,55.18857804058378,2.555999296960948,2.8042697266869485,175.03565200812065,162.4256959533051,168.73067398071288,17.742368992205932
2023-05-24,169.4642333984375,0.001630717242391827,55.86719993544235,2.318126312409106,2.70704104383138,174.3795659093177,163.90091809947137,169.14024200439454,17.62535688505239
2023-05-25,170.5983428955078,0.006670029463818638,58.63783555359151,2.195811468866566,2.6047951288384175,174.41590438512682,164.33918594690445,169.37754516601564,17.84190279642753
2023-05-26,173.00462341308594,0.01400639745233072,63.82680121023054,2.2669112598709376,2.5372183550449217,174.83972151354627,164.5055345289342,169.67262802124023,17.819839252412972
2023-05-30,174.84878540039062,0.010603197890091395,67.22081204452056,2.443895114945718,2.518553707025081,175.56031238644618,164.5683924475382,170.0643524169922,17.840226350130205
2023-05-31,174.79945373535156,-0.00028217882914748993,67.03960746702919,2.5507717333636606,2.5249973122927973,176.0366432152626,164.9739769019249,170.50531005859375,18.416926716400077
2023-06-01,177.60015869140625,0.01589538595761246,71.70327748751791,2.828856411144301,2.585769132063098,176.87568528161606,165.40426772131363,171.13997650146484,18.048192874974628
2023-06-02,178.44827270507812,0.004764046365382689,72.95138510090163,3.0821471607964384,2.685044737809766,177.25471324833242,166.54286213008552,171.89878768920897,17.942594957889163
2023-06-05,177.09725952148438,-0.007599699973672884,67.81968029936195,3.1376970137039564,2.7755751929886046,178.0189570356741,166.3949544023142,172.20695571899415,18.61909299012766
2023-06-06,176.7323455810547,-0.002062654252475082,66.45979379365897,3.1163518033413027,2.8437305150591445,178.61172661518586,166.3889249351071,172.50032577514648,17.9875628115222
2023-06-07,175.361572265625,-0.007786446579341533,61.47332080618178,2.9547649289962408,2.865937397846564,178.83701688504573,166.7836679294074,172.81034240722656,17.941751011313396
2023-06-08,178.07354736328125,0.015346682737571364,66.78333041448185,3.010832885046085,2.894916495286468,179.56043266561898,166.77520271035758,173.16781768798828,17.73182237328518
2023-06-09,178.4581756591797,0.002157611344374688,67.46816009323217,3.0511318840736408,2.9261595730439027,180.26562265806953,166.8047173077508,173.53516998291016,17.705287974894997
2023-06-12,181.2490234375,0.015517642057032058,71.98197375527391,3.270566171792325,2.995040892793587,181.44865894589344,166.72817058291514,174.0884147644043,17.809572449682747
2023-06-13,180.77566528320312,-0.0026150615623834433,70.20276217176574,3.367455448473663,3.0695238039296027,182.27308140427442,167.0122075971904,174.64264450073242,17.821553838900513
2023-06-14,181.40679931640625,0.003485175201604649,71.22405404367444,3.4553371642091975,3.146686475985522,183.05463167979298,167.4022301976484,175.2284309387207,17.866650097536485
2023-06-15,183.43833923339844,0.011136565620760064,74.27992205593519,3.6468734629163464,3.246723873371687,184.16258377707788,167.6078645261448,175.88522415161134,17.99654034816186
2023-06-16,182.3634033203125,-0.005877167231089616,70.0415173303987,3.6696278296581966,3.3313046646289894,184.98128522125117,167.76251665863165,176.3719009399414,18.433164506520004
2023-06-20,182.45216369628903,0.00048660411316226674,70.19275988162084,3.6527168041959044,3.395587092542373,185.69680989886376,168.01837717389014,176.85759353637695,17.723507489623103
2023-06-21,181.4167022705078,-0.005691414230238865,66.00637149924626,3.5152401114870884,3.419517696331316,186.06406695489582,168.61363079901045,177.33884887695314,17.71780036916339
2023-06-22,184.4146423339844,0.01639010555092233,71.33662876642668,3.6066226494827447,3.456938686961602,186.48129141280089,169.71905953934754,178.1001754760742,17.75213448397433
2023-06-23,184.09909057617188,-0.0017125648612523843,70.0908404430555,3.611945322223818,3.487940014014045,186.56909149230972,171.09474517761214,178.83191833496093,17.78800760446038
2023-06-26,182.70855712890625,-0.007581849054283699,64.72658001482007,3.46402799228494,3.4831576096682246,186.3085276272977,172.566330465964,179.43742904663085,17.688557801036243
2023-06-27,185.45999145507807,0.014946879961438666,69.6725049613764,3.528149882400271,3.492156064214634,186.7312731071467,173.38912179031422,180.06019744873046,17.742043798891906
2023-06-28,186.63352966308597,0.006307780342690919,71.50757296645934,3.631796577774452,3.5200841669265976,187.46267734895054,173.83619197477992,180.64943466186523,17.751578180713345
2023-06-29,186.9688262939453,0.0017949390068601632,72.02834826201162,3.6983605680333653,3.5557394471479515,188.04495075146164,174.47085582812818,181.2579032897949,17.651673617428443
2023-06-30,191.28829956054688,0.022839813150148887,77.68650333699067,4.052938649269549,3.6551792875722713,189.8452152848497,174.0394053816542,181.94231033325195,18.260666921111934
2023-07-03,189.79913330078125,-0.007815392013726084,72.25963159634239,4.165760764567096,3.7572955829712367,190.96711213361286,174.05259459246136,182.5098533630371,17.26417027023399
2023-07-05,188.68479919433597,-0.005888426063029634,68.40864598055826,4.117788353365057,3.829394137050001,191.57283748945667,174.60562320390272,183.0892303466797,17.663960996903736
2023-07-06,189.15817260742188,0.0025056634426495485,69.16053900288861,4.071038749582669,3.877723059556535,192.05276764830177,175.36827574769433,183.71052169799805,17.624266432851986
2023-07-07,188.04376220703125,-0.0059088437250689315,65.22479779867736,3.8991191277894472,3.8820022732031174,191.90626830829015,176.78299408184657,184.34463119506836,17.661714243715803
2023-07-10,186.0023956298828,-0.010915160077588516,58.64163273408665,3.557145803959088,3.817030979354312,191.7279115944607,177.75423562233618,184.74107360839844,17.90855762880837
2023-07-11,185.479736328125,-0.0028139154035548997,57.05385621896089,3.2069870925106727,3.6950222019855845,191.42471160010268,178.75959168358872,185.0921516418457,17.657928383054088
2023-07-12,187.14634704589844,0.00894527734561168,60.70724561215911,3.0290483633918655,3.5618274342668412,191.51190084661368,179.26213479791755,185.38701782226562,17.922280948821435
2023-07-13,187.90573120117188,0.004049491988127199,62.28172039605703,2.9156962619286446,3.432601199799202,191.56055355277186,179.92648868355627,185.74352111816407,17.537396771046275
2023-07-14,188.05364990234372,0.0007868866491384136,62.59612297012723,2.8054601100275534,3.3071729818448725,191.60188578236026,180.54984151256164,186.07586364746095,17.54400009653203
2023-07-17,191.30799865722656,0.017157393745022405,68.76494432459074,2.946727867645251,3.2350839590049483,192.31602804843374,180.62266518887094,186.46934661865234,17.737883834060977
2023-07-18,191.05157470703125,-0.0013412714444758311,67.81587891543631,3.0033713185535476,3.188741430914668,192.75698327716952,181.05052709880704,186.90375518798828,17.6926978030659
2023-07-19,192.4026641845703,0.0070469690082072545,70.15329311631086,3.121302854441467,3.1752537156200282,193.3520791132003,181.45048131160442,187.40128021240236,18.203858433928364
2023-07-20,190.4599151611328,-0.01014863192500154,63.061213247167714,3.0231518239433797,3.1448333372846986,193.23680950563153,182.47007220823565,187.8534408569336,17.902850662817308
2023-07-21,189.2863311767578,-0.006180904917164394,59.169796115427474,2.818181760566574,3.0795030219410737,193.26166819833173,182.9323823998128,188.09702529907227,18.091505632435847
2023-07-24,190.0851593017578,0.004211330190434545,60.936798573714945,2.689200829025623,3.001442583357984,193.2711154489546,183.52154202174856,188.39632873535157,17.630533578671617
2023-07-25,190.94314575195312,0.004503538917950872,62.79898093077211,2.62594459288772,2.9263429852639318,193.00384426609529,184.61227206691254,188.8080581665039,17.43405340782949
2023-07-26,191.81097412109372,0.004534659778628734,64.63535750427755,2.615688043105564,2.864211996832258,193.2144407251025,185.0367738745069,189.1256072998047,17.675648536070728
2023-07-27,190.54867553710935,-0.006602700734787835,59.99615568693358,2.4771476906437613,2.786799135594559,193.28066830964607,185.36206087736562,189.32136459350585,17.67540204410831
2023-07-28,193.12258911132807,0.013417487449203331,65.44279123022386,2.5457015151125972,2.738579611498167,193.77082554695573,185.48727992179425,189.629052734375,17.692764069646728
2023-07-31,193.7340087890625,0.0031609655368236597,66.60591587825289,2.619175152277961,2.714698719654126,194.23009105667236,185.27258533492918,189.75133819580077,17.474551771547425
2023-08-01,192.90560913085935,-0.004285132135572125,63.48799974282835,2.5808086542200783,2.6879207065673167,194.6025943884631,185.21072958614627,189.9066619873047,17.375849032318104
2023-08-02,189.91749572753903,-0.01561125256832511,53.71954633850369,2.2829704864828386,2.606930662550421,194.6289304268666,185.30766320106306,189.96829681396483,17.735289428760606
2023-08-03,188.52700805664065,-0.0073484694013711774,49.87395834369243,1.9126826435801831,2.4680810587563737,194.62891001882983,185.24456715402172,189.93673858642578,17.930232761868652
2023-08-04,179.47393798828125,-0.04921127031863263,33.20656224370444,0.8785919048719109,2.1501832279794812,196.106380891378,182.91011385959857,189.50824737548828,18.5687282745382
2023-08-07,176.37734985351562,-0.017404271983604197,29.56681885456041,-0.18862686589076816,1.6824212092054314,197.76035985639,180.29363031694984,189.02699508666993,18.396143154595272
2023-08-08,177.31422424316406,0.005297703702481572,31.99548166750104,-0.9478809159933803,1.1563607841656691,198.7084491507699,178.52898981407387,188.61871948242188,18.032411943166714
2023-08-09,175.7264862060547,-0.008994706246214308,30.10115347574859,-1.658593181387431,0.5933699910550492,199.6651697671645,176.43028311369488,188.0477264404297,17.916143655833437
2023-08-10,175.50950622558594,-0.001235522627214424,29.841133100981807,-2.2138266278573155,0.03193066727257621,200.32905495127662,174.52677543202415,187.42791519165038,17.817134768879264
2023-08-11,175.5687713623047,0.00033761779674247746,30.01894835483577,-2.6188820906484125,-0.4982318843116216,200.74370314969593,172.86363937960095,186.80367126464844,17.767459816055695
2023-08-14,177.21788024902344,0.009349111657076536,34.95875572553011,-2.7748355808957683,-0.9535526236284511,200.4973609537,171.70096973477658,186.0991653442383,17.5923001746224
2023-08-15,175.23301696777344,-0.011263323660683265,32.02833572108494,-3.023735977959717,-1.3675892944947043,200.28716060341085,170.32931431113994,185.3082374572754,17.59108594557077
2023-08-16,174.36399841308594,-0.004971554712241324,30.810588809147518,-3.2536082993614173,-1.7447930954680468,199.75436739615665,169.0582409412457,184.40630416870118,17.6649110934558
2023-08-17,171.82608032226562,-0.014662254719105122,27.519792136161854,-3.5990845436092513,-2.115651385096288,199.52177514629702,167.42744970721859,183.4746124267578,18.00611789158577
2023-08-18,172.3100128173828,0.002812450212294141,29.075363841347922,-3.790137304664597,-2.4505485690099498,199.16692063056274,166.08467238701536,182.62579650878905,17.929203412261792
2023-08-21,173.64312744140625,0.007706946794048427,33.320855710676426,-3.790284742268341,-2.7184958036616282,198.41802588235316,165.18936394918978,181.80369491577147,17.650909527063792
2023-08-22,175.01571655273438,0.007873577429052384,37.47106204906718,-3.6377118398602875,-2.9023390109013603,197.3009057093049,164.71374120231616,181.00732345581054,17.55410596186158
2023-08-23,178.85716247558594,0.02171173352879882,47.34821212135895,-3.1702791294286214,-2.9559270346068125,195.855290467843,164.86397527922733,180.35963287353516,17.780558576489224
2023-08-24,174.17636108398438,-0.02651915694447923,39.218863036844596,-3.1413256453215865,-2.9930067567497676,194.4904885087274,164.5915457930304,179.5410171508789,17.821857820971477
2023-08-25,176.37850952148438,0.012563952693518975,44.08301355023865,-2.907172747997606,-2.9758399549993353,192.26137810916194,165.1462482336115,178.7038131713867,17.75611326511222
2023-08-28,177.9387664794922,0.008807174523849243,47.30093415088315,-2.5661245070280643,-2.893896865405081,189.47887954671788,166.34922256509853,177.9140510559082,17.595616889265163
2023-08-29,181.8196563720703,0.021575814191818164,54.339611324355886,-1.96009122700832,-2.707135737725729,186.75910387196862,167.9604029639689,177.35975341796876,17.785876072581356
2023-08-30,185.30555725097656,0.01899082664551939,59.563885313135806,-1.184864043182614,-2.4026813988171063,185.38847219613507,168.8698407921462,177.12915649414063,17.92332895567185
2023-08-31,185.52279663085935,0.001171643982775384,59.87202088278383,-0.5466599566825607,-2.031477110390197,184.4357452298658,169.5221466158373,176.97894592285155,17.923009898767134
2023-09-01,187.09298706054688,0.008427982886054912,62.118967122827634,0.08484458931599193,-1.6082127704489595,186.03271935672532,168.6870773962044,177.35989837646486,17.639062962252904
2023-09-05,187.3299560546875,0.0012657826136851175,62.46059761733318,0.5975497278581372,-1.1670602707875402,187.63782139826216,168.17723597478474,177.90752868652345,17.628376013944006
2023-09-06,180.6247711181641,-0.03644974118522694,48.99585448230022,0.45754555681824627,-0.8421391052663829,187.8732358616607,168.2728761988862,178.07305603027345,18.219247325468725
2023-09-07,175.3415985107422,-0.02968572894635775,41.41942293028664,-0.07880818184574423,-0.6894729205822552,187.87488250329469,168.23274078772093,178.0538116455078,18.538364227986985
2023-09-08,175.95387268066406,0.0034858108919969613,42.52858016448744,-0.449287864601871,-0.6414359093861783,187.87485037287476,168.27720956364865,178.0760299682617,17.998343615421724
2023-09-11,177.11912536621094,0.006600657216493295,44.67549998789644,-0.641475004499938,-0.6414437284089303,187.8932042829838,168.41389105393029,178.15354766845704,17.89225278746573
2023-09-12,174.0973663330078,-0.017207811525760994,40.45502990586743,-1.0257907206926689,-0.7183131268656779,187.8989262351414,168.0961177101711,177.99752197265624,18.31942513606511
2023-09-13,172.0334930419922,-0.011925534491451107,37.82659888747891,-1.4798423196062345,-0.8706189654137892,188.0262380198063,167.6488535329281,177.8375457763672,18.249511579404626
2023-09-14,173.54437255859375,0.008744131460869912,40.85606274459346,-1.6981904505406078,-1.036133262439153,188.05046850437623,167.54266046290894,177.79656448364258,17.924674781206146
2023-09-15,172.823486328125,-0.004162552920908599,39.85813363943225,-1.907414919651501,-1.2103895938816227,187.98715193596638,167.7057176319047,177.84643478393554,18.509236353833735
2023-09-18,175.74649047851562,0.016771798278701143,45.654479786778275,-1.8164261820901402,-1.3315969115233264,187.87651211171075,168.1600052222736,178.01825866699218,18.02404059608157
2023-09-19,176.83279418945312,0.006162058836168042,47.67289555130161,-1.6377819898850134,-1.3928339271956638,187.8392158893905,168.51626811939857,178.17774200439453,17.763419896751827
2023-09-20,173.2974853515625,-0.02019493426108386,42.18209348714506,-1.761173347847972,-1.4665018113261254,187.90111984251905,168.2825410461528,178.09183044433593,17.88344613588911
2023-09-21,171.7569580078125,-0.008929243538712066,40.019085357716776,-1.9606682073163881,-1.565335090524178,187.935679634544,167.53796080735054,177.73682022094727,17.961009170713282
2023-09-22,172.60621643066406,0.004932351700916811,41.791128679462695,-2.0268766907486224,-1.657643410569067,187.99580165442148,167.320824322141,177.65831298828124,17.85373265779867
2023-09-25,173.88011169433594,0.007353254083973802,44.44256954613308,-1.9540298497174433,-1.7169206983987424,187.9956284437727,167.07115775007495,177.53339309692382,17.64789929396329
2023-09-26,169.81158447265625,-0.023676552714194825,38.422918651630376,-2.1992428455139645,-1.813385127821787,188.1398179233404,166.1142500698237,177.12703399658204,17.983553142846095
2023-09-27,168.30072021484375,-0.00893711523164852,36.44856268622403,-2.4868234770830213,-1.948072797674034,187.90195913995186,165.00021523748953,176.4510871887207,18.019035346452377
2023-09-28,168.5574493408203,0.0015242567874862003,37.040574319498845,-2.66331625271215,-2.091121488681657,186.7842695605175,164.4430940259083,175.6136817932129,17.84610563878617
2023-09-29,169.07095336914062,0.0030418319083463045,38.279059445758584,-2.7302796016984416,-2.218953111285014,185.29219963259425,164.28997962765965,174.79108963012695,17.764079568084682
2023-10-02,171.57923889160156,0.014726725019495885,44.066902041926554,-2.551538313765491,-2.2854701517811096,182.85006736904867,165.1807370743107,174.0154022216797,17.76991276403763
2023-10-03,170.24610900878906,-0.007800104059825187,41.82213856239045,-2.4887680268199404,-2.3261297267888756,179.53683863627117,166.78558110249838,173.16120986938478,17.719392534964026
2023-10-04,171.49034118652344,0.007281855213351685,44.65577436886548,-2.3119720097433856,-2.323298183379778,178.05526235429363,167.35371439131183,172.70448837280273,17.786185435912017
2023-10-05,172.7247314453125,0.0071722341550183874,47.393329267233575,-2.048639474184654,-2.268366441540753,177.7789030028281,167.36838703623442,172.57364501953126,17.69764946884907
2023-10-06,175.2725067138672,0.014642764433193876,52.60434480794756,-1.615737158814511,-2.137840584995505,177.65990931976842,167.41924412261437,172.5395767211914,17.863229878380483
2023-10-09,176.75376892089844,0.008415684009536361,55.372195029139874,-1.1399923520939126,-1.9382709384151866,177.5750215301995,167.46759626765206,172.52130889892578,17.562441939116322
2023-10-10,176.1612548828125,-0.003357831516593659,54.013390826941624,-0.8015325281904495,-1.7109232563702392,177.8934255549755,167.35558109785651,172.624503326416,17.59281291531245
2023-10-11,177.5536346435547,0.007872933789124905,56.70228587252247,-0.4161501493100843,-1.4519686349582082,178.5998319932801,167.20118881970816,172.90051040649413,17.67731550126174
2023-10-12,178.4522705078125,0.005048443072796558,58.393184862876616,-0.037783884385447664,-1.169131684843656,179.36123228012423,166.93057832778595,173.1459053039551,17.854044638653825
2023-10-13,176.61553955078125,-0.01034589612596317,53.771000190103244,0.11256765862009388,-0.912791816150906,179.7379630727527,166.93305285742306,173.33550796508788,17.7556758482837
2023-10-16,176.4871368408203,-0.0007272825962854978,53.45245860017577,0.21883867803074963,-0.686465717314575,179.84193054513332,166.90315002127295,173.37254028320314,17.776647503712127
2023-10-17,174.9367218017578,-0.008823675798752187,49.6293626955819,0.17592572797963157,-0.5139874282557336,179.58721744015054,166.96825588748618,173.27773666381836,17.868154284737425
2023-10-18,173.64312744140625,-0.0074221174952984244,46.63247286806171,0.03710690670951067,-0.4037685612626848,179.60662042348767,166.9834171131334,173.29501876831054,17.818550924037513
2023-10-19,173.2678680419922,-0.0021634341411191395,45.76905277167705,-0.10201237152332965,-0.3434173233148138,179.64068493044084,167.10044360959824,173.37056427001954,17.898168783513363
2023-10-20,170.72012329101562,-0.014813257457739964,40.31179062865578,-0.4130853203987783,-0.3573509227316067,179.6506525394136,166.90186668666058,173.2762596130371,17.97819890773058
2023-10-23,170.8385772705078,0.0006936083551460503,40.66602018413144,-0.6426465974169275,-0.4144100576686709,179.58249154918025,166.66587423451114,173.1241828918457,17.840506846265747
2023-10-24,171.2731170654297,0.0025403401041344327,42.025270852283676,-0.7805145476519897,-0.4876309556653347,179.52959339604115,166.8649256469276,173.19725952148437,17.595523321802236
2023-10-25,168.96231079101562,-0.013583781214028224,37.15124216271428,-1.063973817759205,-0.6028995280841087,179.46106861614606,166.99960948443987,173.23033905029297,17.861312442889542
2023-10-26,164.804931640625,-0.024913134949627526,30.33477794553562,-1.6055750149654386,-0.8034346254603748,180.0442465193085,166.0411798112579,173.0427131652832,18.0728990093687
2023-10-27,166.11831665039062,0.00793774334479527,34.427964956291646,-1.9068378323398179,-1.0241152668362634,180.35851453465898,165.43164812403245,172.89508132934571,17.884521944562636
2023-10-30,168.16244506835938,0.012230161777305253,40.306552958097676,-1.9580752333240525,-1.2109072601338213,180.46573813304312,164.98274514332408,172.7242416381836,17.749901544411973
2023-10-31,168.63644409179688,0.0028147321837438395,41.613684768063806,-1.9380923606206863,-1.3563442802311945,180.5259240618593,164.76159272280864,172.64375839233398,17.618744978614146
2023-11-01,171.79647827148438,0.018565331000945984,49.54580081556597,-1.6482672424806708,-1.4147288726810898,180.53298449613848,164.78514599702558,172.65906524658203,17.857419085400355
2023-11-02,175.35150146484375,0.020482028885076907,56.6765670053416,-1.1188210149236681,-1.3555473011296058,180.7560308958095,164.8247765993077,172.7904037475586,18.163654619230662
2023-11-03,174.44296264648438,-0.005194712636441005,54.554518347989884,-0.76373865103821,-1.2371855711113267,180.6686419028384,164.82921118554052,172.74892654418946,18.19539992280326
2023-11-06,176.99075317382812,0.014499662666551106,59.17113699516356,-0.2735940942339994,-1.0444672757358613,180.70638701266256,164.8151645010093,172.76077575683593,17.971910889970857
2023-11-07,179.54843139648438,0.014347495075795143,63.21143173075141,0.31757148904938504,-0.7720595227788121,181.31327391592873,164.54699524911035,172.93013458251954,18.071548723362724
2023-11-08,180.60504150390625,0.005867571568089005,64.76275137112145,0.8614043450452584,-0.445366749213998,181.91896703587253,164.2464428152017,173.08270492553712,17.71425176957383
2023-11-09,180.1310272216797,-0.0026280408095591622,63.46969877154201,1.2398545391089044,-0.10832249154941753,182.24621450901256,164.08707101344837,173.16664276123046,17.80010537482663
2023-11-10,184.3136749267578,0.0229545461124615,69.29529490910656,1.8558902113403803,0.28452004902854205,183.82140149899072,163.28169756106786,173.5515495300293,18.007184487331898
2023-11-13,182.7316131591797,-0.00862057962009435,65.06846735453593,2.1911851387652064,0.665853066975875,184.8631805415264,162.86436615036814,173.86377334594727,17.591198266356486
2023-11-14,185.34207153320312,0.0141846714513733,68.48443607610629,2.637151517566963,1.0601127570940925,186.5224929955495,162.24558866948956,174.38404083251953,17.911660173430448
2023-11-15,185.9056701660156,0.003036242392783419,69.185076483309,3.00146180195145,1.4483825660655643,188.1725444558025,161.82179148169752,174.99716796875,17.800607448204936
2023-11-16,187.58663940429688,0.009001420084516218,71.23884255792339,3.386779806708745,1.8360620141942006,190.0019173496541,161.4242957240764,175.71310653686524,17.812111834445673
2023-11-17,187.56686401367188,-0.00010542559492660675,71.17874038546304,3.648493827061799,2.1985483767677203,191.57262036691762,161.5382667790785,176.55544357299806,17.74581937423727
2023-11-20,189.3071746826172,0.009235568706387712,73.31260058899177,3.9507903484843325,2.548996771111043,193.26740176432227,161.69034512288474,177.4788734436035,17.65507256346583
2023-11-21,188.50624084472656,-0.0042398443506296395,70.71761382161887,4.0787169426049275,2.8549408054098198,194.57766133319512,162.10339793194157,178.34052963256835,17.45662996840243
2023-11-22,189.1687469482422,0.0035083434406052894,71.61268737954262,4.185312716141084,3.1210151875560728,195.64547707258993,163.05622580826946,179.3508514404297,17.494786571301724
2023-11-24,187.8437347412109,-0.007029038702051399,67.18918451457822,4.115433072440197,3.319898764532898,195.68728075804398,165.31830243287396,180.50279159545897,16.99557490752996
2023-11-27,187.6657257080078,-0.0009480935384383297,66.59404527734313,3.999584390852789,3.455835889796876,195.46981242976625,167.69051166691344,181.58016204833984,17.51811047950191
2023-11-28,188.2688751220703,0.0032088024366662506,67.63995892504217,3.9113549281570386,3.546939697468909,195.24184595197082,169.92912115007996,182.5854835510254,17.463969004860132
2023-11-29,187.25042724609372,-0.005424223823566026,63.996397867740335,3.7164117302046122,3.58083410401605,194.47768134056795,172.55468407691254,183.51618270874025,17.577040874949343
2023-11-30,187.82395935058597,0.003058233630436974,65.13536565395552,3.567078033817296,3.5780828899762995,193.9321849622698,174.70292856312085,184.31755676269532,17.703126130634413
2023-12-01,189.0995330810547,0.006768368783942555,67.59099966216449,3.5111834064991854,3.5647029932808767,193.85602832896302,176.15388835804868,185.00495834350585,17.637713905051168
2023-12-04,187.30975341796875,-0.009509824628412326,61.08936149509546,3.284603387396942,3.5086830721040903,193.01251365779953,178.28408210636061,185.64829788208007,17.5857280573627
2023-12-05,191.255126953125,0.02084459807659017,68.32292421748421,3.384382704153836,3.48382299851404,192.91349956295275,179.80953357913708,186.36151657104492,18.014641486051747
2023-12-06,190.1674346923828,-0.005703360621608261,64.74920108658921,3.3372214448681916,3.4545026877848706,192.81012998287582,180.97480348880384,186.89246673583983,17.531268064123456
2023-12-07,192.0956115722656,0.010088305693537697,67.94966239879298,3.4160554065596784,3.4468132315398323,193.03529550088234,181.89869497763328,187.4669952392578,17.675770706145904
2023-12-08,193.5194854736328,0.007384982504756442,70.10794695852695,3.552475882563101,3.4679457617444864,193.18631690292358,183.08651940078738,188.13641815185548,17.793441165660578
2023-12-11,191.0177764892578,-0.013011713181838495,62.18459662616584,3.4193074375721437,3.458218096910018,193.33985816023366,183.6033882997273,188.47162322998048,17.925461061545143
2023-12-12,192.5306701660156,0.007888972234402242,64.77712052652015,3.396693394342577,3.44591315639653,193.34577496535002,184.5773771952945,188.96157608032226,17.780067207228456
2023-12-13,195.7443084716797,0.016553792377706083,69.55222487034658,3.5966256937531114,3.4760556638678466,194.4826355892599,184.4807402652323,189.4816879272461,18.069763492643347
2023-12-14,195.8926239013672,0.0007574129226230617,69.7560093599256,3.7241120515711543,3.5256669414085087,195.4509582152459,184.51111301278146,189.98103561401368,18.017686595507353
2023-12-15,195.35867309570312,-0.0027294536337794722,67.99171457054904,3.738960136001566,3.5683255803271203,196.21475904855325,184.52451554861474,190.369637298584,18.671738258122556
2023-12-18,193.69747924804688,-0.008539661603928241,62.68014056171493,3.57546713013258,3.5697538902882124,196.54536779214482,184.80696832846064,190.67616806030273,17.836422066377864
2023-12-19,194.7357177734375,0.005345789216108279,64.54442953421749,3.4894507015754357,3.5536932525456573,197.0477763698592,184.84741405982828,190.94759521484374,17.522085052325213
2023-12-20,192.6493225097656,-0.010771791476875084,58.24742385125021,3.2158570034491163,3.4861260027263494,197.1868634675907,185.1226351286007,191.1547492980957,17.771412659412366
2023-12-21,192.5009765625,-0.0007703276095523579,57.81552349479334,2.9530211586571795,3.3795050339125154,197.30640074674176,185.3363208108754,191.32136077880858,17.654586477149827
2023-12-22,191.43312072753903,-0.005562718165051481,54.67284375220285,2.628257895605003,3.229255606251013,197.25770723003123,185.74395292621878,191.500830078125,17.430463588828104
2023-12-26,190.8892364501953,-0.0028451626436476214,53.08996848201342,2.30047530675202,3.0434995463512147,197.14056159547403,186.1834496349947,191.66200561523436,17.180019784838255
2023-12-27,190.98812866210935,0.0005179265552730196,53.35440772863182,2.025338180746388,2.8398672732302495,197.0523457725054,186.54359081196728,191.79796829223633,17.688537005914377
2023-12-28,191.41331481933597,0.0022237694950787944,54.54094743564869,1.8206121124495382,2.636016241074107,196.812723029889,187.19950231190785,192.00611267089843,17.343337683066583
2023-12-29,190.37506103515625,-0.005438910188405739,51.121290328665424,1.5566428156163,2.420141555982546,196.59605222471723,187.6712832855367,192.13366775512696,17.56905589229277
2024-01-02,183.56219482421875,-0.03644258537973345,35.42540722513016,0.7886132378446575,2.093835892354968,197.61174793555244,186.1018537490179,191.85680084228517,18.228171884349607
2024-01-03,182.187744140625,-0.007515829845061042,33.2100801432845,0.06825082764746071,1.6887188794134667,198.54135853754826,184.66004221928767,191.60070037841797,17.88307472177044
2024-01-04,179.8739471435547,-0.01278140467221301,29.828391529259008,-0.6814898619046232,1.2146771311498488,199.73422723759253,182.32905553828638,191.03164138793946,18.091948887149307
2024-01-05,179.152099609375,-0.004021148400654817,28.841682305670957,-1.3187105489024304,0.7079995951393929,200.67944038993693,180.28230887764119,190.48087463378906,17.948750475929494
2024-01-08,183.4830780029297,0.023887281752097384,41.37265546537164,-1.4574383315499233,0.27491200980152963,200.67993851995243,179.42055739069212,190.05024795532228,17.895494177034
2024-01-09,183.06776428222656,-0.0022660643518659976,40.63369636116147,-1.5826496451725802,-0.09660032119329232,200.46250791172983,178.59281587977407,189.52766189575195,17.573024842809552
2024-01-10,184.10601806640625,0.0056553958988378224,43.357413543811546,-1.579890120125583,-0.3932582809797505,200.3529640838283,178.01118386539045,189.18207397460938,17.661242061347895
2024-01-11,183.51275634765625,-0.003227594862173829,42.16693513326122,-1.6070493744177838,-0.6360164996673572,200.05984392838127,177.40251263900154,188.7311782836914,17.70994785730947
2024-01-12,183.83905029296875,0.001776466184321464,43.09243326440393,-1.5839848928335982,-0.8256101783006053,199.1600116881428,177.11181906136892,188.13591537475585,17.5162642583454
2024-01-16,181.5746917724609,-0.012393554174829968,38.489236938098756,-1.72849590869464,-1.0061873243794124,198.17962932399587,176.6604082126252,187.42001876831054,17.999131999819177
2024-01-17,180.6353302001953,-0.005186845317794346,36.7360692878769,-1.8969536572714105,-1.1843405909578122,197.16767090407293,176.2000323429974,186.68385162353516,17.672388671643855
2024-01-18,186.5187225341797,0.0320513743173588,51.60459686737187,-1.5379880757271565,-1.2550700879116812,196.27567979507788,176.37414778060574,186.3249137878418,18.17229375368329
2024-01-19,189.4159393310547,0.015413711217468854,56.96800821596931,-1.0081032964106384,-1.2056767296114728,195.32382294181744,176.79402678962785,186.05892486572264,18.048210290913442
2024-01-22,191.7198486328125,0.012089850583040325,60.6981007044103,-0.397675410522055,-1.0440764657935893,195.14655866340962,176.87834368034038,186.012451171875,17.912084317013168
2024-01-23,192.99542236328125,0.006631285529669753,62.62954171082289,0.18686713852233083,-0.7978877449304053,195.2475831276478,176.8267637961803,186.03717346191405,17.561611225335124
2024-01-24,192.32302856445312,-0.0034900715484677473,60.92973319045777,0.5890742783112728,-0.5204953402820697,195.40968494767188,176.75365275984765,186.08166885375977,17.797643429475237
2024-01-25,191.9967041015625,-0.0016981930074198583,60.077529425218586,0.8714491540029314,-0.24210644142506949,195.5974312540094,176.67665321864683,186.1370422363281,17.819603973533187
2024-01-26,190.2662811279297,-0.009053635117534877,55.63386998669758,0.9447125469872049,-0.004742643742614627,195.48864149739387,176.7132582218444,186.10094985961913,17.613109901216994
2024-01-29,189.5840301513672,-0.00359221351122075,53.93986329714967,0.9369221069273124,0.18359030639137078,195.21308784539735,176.80588340704406,186.0094856262207,17.66875126470606
2024-01-30,185.93533325195312,-0.01943341454067927,45.89183368432131,0.6290771706658518,0.272687679246267,194.75899311461248,176.81600535950864,185.78749923706056,17.838348395187147
2024-01-31,182.33604431152344,-0.019547560676643608,39.61297396265504,0.09359638295475747,0.23686941998796512,194.77811183916643,176.6742715836851,185.72619171142577,17.831313248195315
2024-02-01,184.7685546875,0.013252604214871564,45.08168809052445,-0.13296006042139652,0.1629035239060928,194.76726318220508,176.94320129533398,185.85523223876953,17.988133210299278
2024-02-02,183.7698516845703,-0.005419817475488797,43.34605663822587,-0.3886149486515649,0.05259982939456127,194.57342610665825,177.52662882498237,186.0500274658203,18.44587762937582
2024-02-05,185.57937622070312,0.009798526041298472,47.304663115053074,-0.4401361664776857,-0.04594736977988813,194.26081326848134,178.4819693242921,186.37139129638672,18.05926315715533
2024-02-06,187.1812286376953,0.008594589967045858,50.5956068971208,-0.34770289741928195,-0.1062984753077669,194.33323933651934,178.77935831973065,186.556298828125,17.588060002431344
2024-02-07,187.2899932861328,0.0005808972499259666,50.820194112749604,-0.26264486113154817,-0.13756775247252317,194.3729607560543,179.1618598005863,186.7674102783203,17.794051393155655
2024-02-08,186.21221923828125,-0.0057711949387897025,48.46889837568231,-0.27898712300103057,-0.16585162657822466,194.38081162489257,179.36462904893554,186.87272033691406,17.52815539004134
2024-02-09,186.97454833984372,0.004085515501385398,50.223173099009514,-0.22779897108750902,-0.17824109548008155,194.385480458157,179.70613941488986,187.04580993652343,17.625616024991423
2024-02-12,185.2914123535156,-0.009042714796935058,46.46228722970339,-0.31936555216051943,-0.20646598681616912,194.35248872755395,179.88436735154764,187.1184280395508,17.547973813296938
2024-02-13,183.20237731933597,-0.011338358870217632,42.23492967214698,-0.5541129269282123,-0.2759953748385778,194.20425053564526,180.19537409814382,187.19981231689454,17.8502732014411
2024-02-14,182.3211975097656,-0.004821475698359367,40.5586169825181,-0.8020106791258286,-0.38119843569602796,193.99013729041076,180.57807407433535,187.28410568237305,17.81610291111513
2024-02-15,182.0340881347656,-0.001575986108818747,40.00152447231641,-1.0099961538775233,-0.506957979332327,194.16188050258572,179.95786742221898,187.05987396240235,17.996560215554354
2024-02-16,180.49945068359372,-0.008466232518471124,37.070523245495636,-1.2838590301567763,-0.6623381894972169,194.19651935880782,179.03157970125076,186.6140495300293,17.7225712916621
2024-02-20,179.75692749023438,-0.004122199021531733,35.70724436190892,-1.5430257089893757,-0.8384756933956488,193.7875272336434,178.24427971215738,186.0159034729004,17.798282776940614
2024-02-21,180.5094146728516,0.0041773998224902955,38.18810196680356,-1.6684647196153435,-1.0044734986395878,192.80004579688395,177.98316037987385,185.3916030883789,17.538100402983837
2024-02-22,182.53900146484372,0.01118092158213604,44.41782242194646,-1.5858249443102181,-1.1207437877737139,191.64597845987086,178.15882500692604,184.90240173339845,17.7723577974567
2024-02-23,180.70741271972656,-0.010084637845111186,40.45525683210998,-1.649116245954474,-1.226418279409866,190.4406816772088,178.2351926514045,184.33793716430665,17.62482953835907
2024-02-26,179.3609161376953,-0.007479151876310472,37.7864492856389,-1.7873229333197855,-1.33859921019185,189.60709212773614,177.9782457018537,183.79266891479492,17.52584326164173
2024-02-27,180.8163146972656,0.00808161291869369,42.22312523685442,-1.7591360034742536,-1.422706568848331,188.62707097781447,178.08149530636524,183.35428314208986,17.810382809051283
2024-02-28,179.6183319091797,-0.006647458621441486,39.7126556082692,-1.8125706711237513,-1.500679389303415,188.4159921291087,177.66087402079364,183.03843307495117,17.70638961733029
2024-02-29,178.95498657226562,-0.0036999188699061505,38.35285243206827,-1.8866958003337686,-1.5778826715094858,188.54427001957401,177.19449035640253,182.86938018798827,18.733172014881045
2024-03-01,177.87579345703125,-0.006048785396741915,36.1822189962388,-2.0093597164534174,-1.6641780804982722,188.54093634477448,176.5085479081552,182.52474212646484,18.11365411287493
2024-03-04,173.36109924316406,-0.025708819136415737,28.830959240679746,-2.442711784987182,-1.8198848213960543,189.24351444755786,174.7650945612312,182.00430450439453,18.21623750918164
2024-03-05,168.43052673339844,-0.02885333750115696,23.270341709975668,-3.1477174886346972,-2.085451354843783,190.3885458150776,171.905178244981,181.1468620300293,18.37078017401057
2024-03-06,167.44046020507812,-0.005895533907319091,22.338649306711474,-3.7431806263597878,-2.4169972091469845,190.7989607898198,169.52068642697705,180.15982360839843,18.043623790908224
2024-03-07,167.32167053222656,-0.0007096960314824941,22.22367924996763,-4.176530344903341,-2.768903836298256,190.6935186931982,167.62929624820805,179.16140747070312,18.088908857357907
2024-03-08,169.0345001220703,0.010184706242906993,27.97946147428955,-4.331817589074973,-3.0814865868535994,190.17719295049966,166.42785007928552,178.3025215148926,18.149750912533456
2024-03-11,171.034423828125,0.011762008356213525,34.110798100214126,-4.244577868338155,-3.3141048431505107,189.06500871611925,165.946021862494,177.50551528930663,17.91217743818395
2024-03-12,171.5096435546875,0.0027746504855502363,35.515612943650666,-4.089947136088227,-3.4692733017380544,188.06048864171947,165.57236505701098,176.81642684936523,17.906940894619655
2024-03-13,169.4305419921875,-0.012196434584677928,32.273576690993124,-4.088042873515292,-3.593027216093502,187.41196605352062,164.84370411249503,176.12783508300782,17.77610848535129
2024-03-14,171.2819366455078,0.010867890035601378,37.72511964201047,-3.8922739447558286,-3.6528765618259675,186.6626767653229,164.48906731426692,175.57587203979492,18.104784378734294
2024-03-15,170.9057159423828,-0.0021989154305977346,37.072084322637984,-3.7245492396265263,-3.6672110973860796,185.85571472772585,164.18319213262572,175.0194534301758,18.617502504485824
2024-03-18,171.99478149414062,0.006352100517821762,40.29404128373684,-3.463818965215495,-3.626532670951963,185.18983431009934,163.99860563130693,174.59421997070314,18.14102240838894
2024-03-19,174.33135986328125,0.013493719034003308,46.61010455949861,-3.0336756727373313,-3.5079612713090365,184.636062130317,164.00982104839397,174.32294158935548,17.826748853771875
2024-03-20,176.89564514160156,0.014602127997851762,52.54340136807618,-2.4575386473372873,-3.297876746514687,184.12018191888748,164.16432430669843,174.14225311279296,17.79375381338098
2024-03-21,169.66810607910156,-0.04171577162145827,39.28998918135786,-2.5546989241909444,-3.1492411820499386,182.83607145457157,164.16134523244014,173.49870834350585,18.480658577823036
2024-03-22,170.56910705566406,0.005296322964956032,41.27849203654007,-2.5298335483910535,-3.025359655318162,181.7651143987046,164.21847172190087,172.99179306030274,18.080442840097607
2024-03-25,169.1533203125,-0.008335010147140675,39.110694588326204,-2.5944623696732947,-2.939180198189189,180.87403456887915,164.0887919692068,172.48141326904297,17.809819310494166
2024-03-26,168.0246124267578,-0.006695053218013487,37.423341981810765,-2.7055703388320183,-2.892458226317755,179.47530770870551,164.20834860232966,171.8418281555176,17.86535276769953
2024-03-27,171.58883666992188,0.020990659353614945,45.42969673029871,-2.4774624509537375,-2.8094590712449516,178.13911843753522,164.74158834957416,171.4403533935547,17.914399794160158
2024-03-28,169.7770538330078,-0.010615002258092638,42.4560597164008,-2.415041939453033,-2.730575644886568,176.69817339692574,165.26474011625785,170.9814567565918,18.00019388721323
2024-04-01,168.34144592285156,-0.00849179526148303,40.21012110162216,-2.453136563566602,-2.675087828622575,175.31977335715834,165.68970540260727,170.5047393798828,17.649366617044787
2024-04-02,167.16323852539062,-0.007023521849151008,38.41406835316352,-2.54901486130413,-2.649873235158886,175.03356704006285,165.3561256479254,170.19484634399413,17.71403285761041
2024-04-03,167.96522521972656,0.004786154039658869,40.36662306018506,-2.531108436777629,-2.6261202754826347,175.05032888098188,165.2928336556392,170.17158126831055,17.68026795749322
2024-04-04,167.1434783935547,-0.004904369623486047,39.00214746890865,-2.5537870995722756,-2.611653640300563,175.07214984745264,165.2413145080161,170.15673217773437,17.799005511428202
2024-04-05,167.8959197998047,0.004491666803089698,40.96974971981518,-2.482428479900591,-2.5858086082205687,175.03743352436635,165.33345575786024,170.1854446411133,17.55567233015552
2024-04-08,166.77713012695312,-0.0066858914435537625,38.957533418949836,-2.4874791252297257,-2.5661427116224003,175.13764080373952,165.00751147897532,170.07257614135742,17.43786287495391
2024-04-09,167.98501586914062,0.00721641319673507,42.255053325029515,-2.3667332852962204,-2.5262608263571646,175.04647703896606,164.79373444785037,169.92010574340821,17.562040828279326
2024-04-10,166.11378479003906,-0.011201780085346752,38.76168594349952,-2.394432519176405,-2.499895164921013,174.98804693495094,164.31257867540063,169.6503128051758,17.72170261641496
2024-04-11,173.3016815185547,0.042360895524000616,54.367835546257844,-1.8154537466462557,-2.3630068812660614,175.4233261783308,164.26441338465747,169.84386978149413,18.327142304688422
2024-04-12,174.7966766357422,0.008589551050338973,56.83193241481309,-1.2218900978894567,-2.1347835245907407,175.9969970682751,164.0422164937366,170.01960678100585,18.437251694216602
2024-04-15,170.97503662109375,-0.022105889485465834,49.476910579889925,-1.0477828517654757,-1.9173833900256878,176.00270651320594,164.04343911667686,170.0230728149414,18.1132285372765
2024-04-16,167.69789123535156,-0.019353467049006437,44.194953794631736,-1.1608581985165358,-1.7660783517238574,175.79833878342546,163.81811782057846,169.80822830200196,18.115665326615694
2024-04-17,166.3316192626953,-0.008180592128471815,42.173525628163745,-1.3452111979377719,-1.6819049209666406,175.1914303541515,163.62505218979382,169.40824127197266,17.745397076527258
2024-04-18,165.38108825683594,-0.0057310653827954165,40.776173349706106,-1.550143101678941,-1.6555525571091008,173.6968315115789,163.96819534388985,168.83251342773437,17.579564759667488
2024-04-19,163.3614044189453,-0.012287485154485871,37.9025108232231,-1.8541512173001138,-1.6952722891473035,173.93913466120222,163.09522202825093,168.51717834472657,18.037212926633117
2024-04-22,164.1930389404297,0.00507785087510481,39.78430786869274,-2.0048630700780734,-1.7571904453334577,173.85697262347497,162.5397772544547,168.19837493896483,17.689133654087478
2024-04-23,165.2425079345703,0.006371337606200228,42.16609553439933,-2.016376390299456,-1.8090276343266574,173.7912840397192,162.21438460041753,168.00283432006836,17.718246592667263
2024-04-24,167.3414764404297,0.012622353885757973,46.70644271393277,-1.8349790664692875,-1.8142179207551836,173.76464344026306,162.17271160124085,167.96867752075195,17.691943711477524
2024-04-25,168.20281982421875,0.005134018282104369,48.49344113355973,-1.603236060585317,-1.7720215487212103,173.34239152058302,162.25636183635055,167.79937667846679,17.73863770359902
2024-04-26,167.6186981201172,-0.003478766320602475,47.334297903250864,-1.4499971342446258,-1.7076166658258936,173.15583784167794,162.22707994396657,167.69145889282225,17.61857549540751
2024-04-29,171.77699279785156,0.02450533627216869,55.49074505737716,-0.9816981477567595,-1.562432962212067,173.621731694182,162.10474077896257,167.86323623657228,18.037506356443973
2024-04-30,168.6384735107422,-0.018439868510515062,49.28641871008065,-0.8539760000755052,-1.4207415697847545,173.69553329514113,162.17846267653854,167.93699798583984,18.004176948095473
2024-05-01,167.6186981201172,-0.006065467761653652,47.43075808559648,-0.825526473935497,-1.301698550614903,173.67993434949295,162.15940891222579,167.91967163085937,17.735166379197736
2024-05-02,171.3116455078125,0.021792640347870578,54.1613922425842,-0.49923515644343297,-1.141205871780609,174.06888103617655,162.18727893696797,168.12807998657226,18.361088911750084
2024-05-03,181.5588531494141,0.05809547478488187,66.84600552033754,0.5795365441290414,-0.7970573885986789,177.25472665533982,160.36772665276567,168.81122665405275,18.91063466728708
2024-05-06,179.9054412841797,-0.009148474261394694,63.77920781110876,1.286227539155675,-0.38040040304780814,179.1897462745935,159.74553814923465,169.46764221191407,18.179496699621026
2024-05-07,180.58860778808597,0.003790172534024837,64.50384591744088,1.879742569312583,0.07162819142427013,180.97998372723615,159.2156598884865,170.09782180786132,18.163279556020033
2024-05-08,180.9252166748047,0.0018622191530011404,64.87670282931299,2.350177645791291,0.5273380822976743,182.56234891485485,159.11443788934434,170.8383934020996,17.623441154458394
2024-05-09,182.73704528808597,0.009964430154665926,66.8925729518721,2.836502821347864,0.9891710301077122,184.15704698001954,158.4632762011328,171.31016159057617,17.706983877517455
2024-05-10,181.4779510498047,-0.0069140439946157066,64.13767030142236,3.0847614347974,1.40828911104565,185.2007183287643,158.08773229379426,171.64422531127929,17.742609370186884
2024-05-13,184.68023681640625,0.01749171543855879,67.77293201815019,3.4995650656358066,1.8265443019636813,187.07680297738935,157.5821676647005,172.32948532104493,18.09279871958282
2024-05-14,185.82034301757807,0.0061544292337170105,68.97860202033661,3.8756212247549513,2.2363596865219355,188.97811797855564,157.49309784175688,173.23560791015626,17.77429502351361
2024-05-15,188.09066772460935,0.012143812525166801,71.2825903487133,4.307194018645646,2.650526552946678,191.03480075968767,157.61231990681623,174.32356033325195,18.069703835332817
2024-05-16,188.20965576171875,0.0006324099855811374,71.40247054148334,4.605727942532866,3.041566830863916,192.71430636699404,158.21567104999815,175.4649887084961,17.782877461994847
2024-05-17,188.2393798828125,0.00015791843432209573,71.43455048789583,4.789506269283521,3.391154718547837,193.87097968980316,159.54679527357575,176.70888748168946,17.53595895283112
2024-05-20,189.3993225097656,0.0061431535881281705,72.72058421120866,4.971441905562671,3.707212155950804,194.9626092517966,160.97579406851588,177.96920166015624,17.60787804824
2024-05-21,190.69808959960935,0.006833891013487515,74.12523129162535,5.160934814024614,3.9979566875655665,196.03384629024328,162.4501151965731,179.2419807434082,17.560519865186436
2024-05-22,189.2605438232422,-0.007566890230336269,69.83872422464079,5.135907830641855,4.225546916180825,196.71551431651227,163.96035390858538,180.33793411254882,17.360765021481132
2024-05-23,185.27505493164065,-0.021283100170316985,59.5560117374506,4.7398401932696,4.32840557159858,196.66043135130084,165.722660384539,181.19154586791993,17.747451889877542
2024-05-24,188.3484344482422,0.01645211785043199,63.9624340565222,4.620685393880393,4.386861536054943,196.60728122423836,167.84878414441397,182.22803268432617,17.40807185193235
2024-05-28,188.3583526611328,5.265746852614795e-05,63.97607439316813,4.475464307137884,4.404582090271532,196.79703677849275,169.31716457648773,183.05710067749024,17.772126378623554
2024-05-29,188.65577697753903,0.0015777890255327036,64.41109714909024,4.334410816473053,4.390547835511836,196.19877571125485,171.9171559904053,184.05796585083007,17.78708468686269
2024-05-30,189.6471710205078,0.005241282510572352,65.88973085206732,4.253589391984178,4.363156146806305,194.74966433202673,175.5691146596725,185.1593894958496,17.72531312003165
2024-05-31,190.59893798828125,0.005006068085310483,67.2945956505794,4.217718240403769,4.334068565525798,193.4665229363867,178.7809853033594,186.12375411987304,18.135107127144938
2024-06-03,192.36366271972656,0.00921623792680524,69.77988270421098,4.282324658734922,4.323719784167623,194.1804768237878,179.14751237298955,186.66399459838868,17.729142288699688
2024-06-04,192.680908203125,0.0016478380901446253,70.21802351724688,4.309448134351129,4.320865454204324,194.56808175490204,180.0374541337698,187.30276794433593,17.67563800346886
2024-06-05,194.1878662109375,0.0077905777322906005,72.27433950228023,4.401801375022899,4.337052638368039,195.14704840660463,180.8184133243524,187.98273086547852,17.807394119092677
2024-06-06,192.8097686767578,-0.0071220247105913724,67.67269270372314,4.314061217551739,4.3324543542047795,195.22977783402135,181.92413909713102,188.57695846557618,17.533506993430308
2024-06-07,195.19908142089844,0.012315919828893367,71.10742664332554,4.386756284962416,4.343314740356307,195.8841786944961,182.51594184993752,189.2000602722168,17.78776094867381
2024-06-10,191.46145629882807,-0.01933345236068003,60.31210723800745,4.095561455845967,4.293764083454239,195.36942086419165,184.02905020514427,189.69923553466796,18.390326695886664
2024-06-11,205.37098693847656,0.07013152022917749,75.32531662661799,4.930336481714221,4.421078563106236,199.3388553191768,182.1286907623662,190.7337730407715,18.96517303761147
2024-06-12,211.24017333984372,0.028177712420023204,78.94464636809748,5.996373534207635,4.736137557326516,204.2804368166487,179.7290922971208,192.00476455688474,19.104455646604343
2024-06-13,212.4001007080078,0.00547601508995544,79.58206671135149,6.855782826536569,5.160066611168527,208.34699723198796,178.09347518012137,193.22023620605466,18.399076044098358
2024-06-14,210.6651153564453,-0.008202021873541467,75.88165639842943,7.312577226082311,5.590568734151284,211.14460860712796,177.54140976445404,194.343009185791,18.06575713695599
2024-06-17,214.8092193603516,0.01948054074837888,78.45819300386908,7.917714157934512,6.0559978189079295,214.51830141605416,176.82470090328178,195.67150115966797,18.355910740024722
2024-06-18,212.4496307373047,-0.011045353942131683,73.63469959979837,8.113364637086391,6.467471182543623,216.83879269787047,176.80924044421937,196.82401657104492,18.196828203865003
2024-06-20,207.8792266845703,-0.02174765831901994,65.26505389227299,7.809601416977728,6.735897229430444,218.06231785631152,177.30382899427443,197.68307342529297,18.271861670817042
2024-06-21,205.70806884765625,-0.010499247945895967,61.67848063652003,7.309414207201712,6.850600624984698,218.78079176415295,178.2301075888744,198.50544967651368,19.303642591869515
2024-06-24,206.3524932861328,0.003127816748680008,62.34000306548727,6.885638551247638,6.857608210237286,219.11757432853247,180.00106885994407,199.55932159423827,18.206583662161417
2024-06-25,207.2745056152344,0.004458189908628179,63.315736240784574,6.548702612850207,6.795827090759871,219.6060533813209,181.4051969238549,200.5056251525879,17.832788691497175
2024-06-26,211.4185943603516,0.019795998917311906,67.40360851953858,6.5406749528860075,6.744796663185099,220.4532228720019,182.86405160309573,201.65863723754882,18.008390411903665
2024-06-27,212.2613067626953,0.003978066986127211,68.18012556612267,6.527072790390122,6.701251888626104,221.15401711664643,184.52381033696687,202.83891372680665,17.722977219002537
2024-06-28,208.81118774414065,-0.01638765901620744,61.69969500577141,6.1668100599984825,6.594363522900581,221.1882030995875,186.40602602638904,203.79711456298827,18.228826305281295
2024-07-01,214.8885498046875,0.028689085001312196,67.55054756315855,6.299079708424756,6.535306760005416,221.9073505910791,188.1158397165381,205.0115951538086,17.916547691552974
2024-07-02,218.3782958984375,0.0161093404535706,70.3513663343655,6.609309694488928,6.550107346902119,223.11349568185284,189.51115794363545,206.31232681274415,17.87674982038353
2024-07-03,219.64732360839844,0.0057943243682246365,71.32077523327756,6.87828058699202,6.6157419949201,224.18159916920115,191.13969599681445,207.6606475830078,17.43637347632038
2024-07-05,224.3961639404297,0.021389893216534898,74.65975830236496,7.389452673565387,6.770484130649158,226.02591248834773,192.31621245061712,209.17106246948242,17.916704956400427
2024-07-08,225.8634796142578,0.006517665480891578,75.60484377007786,7.82278416068965,6.980944136657257,227.40354433742834,194.2439516952865,210.82374801635743,17.894502892156215
2024-07-09,226.716064453125,0.0037676729255901515,76.16118810632224,8.141152815403842,7.212985872406575,228.71552624784795,196.08366808808955,212.39959716796875,17.688295750892944
2024-07-10,230.97915649414065,0.018629057654290706,78.76849757750254,8.63788599470081,7.497965896865423,229.54614065510424,199.2048237003645,214.37548217773437,17.95271824617976
2024-07-11,225.6156311035156,-0.02349467079353126,68.60233219040157,8.500767388975362,7.6985261952874104,230.7292637897747,200.04616498219795,215.38771438598633,17.98543559458111
2024-07-12,228.56008911132807,0.01296634377394854,70.82823892864266,8.53134897897067,7.865090752024063,232.5359917363719,199.9714286127492,216.25371017456055,17.786679464204358
2024-07-15,232.3869781494141,0.016604843544586,73.46159496195989,8.76336446158956,8.044745493937162,234.9329180447432,199.57319004851854,217.25305404663087,17.952775727078436
2024-07-16,232.8033599853516,0.0017901573313151738,73.73936332064049,8.878491217373295,8.211494638624389,237.04657584947213,199.6733567066802,218.35996627807617,17.58214474278905
2024-07-17,226.9143829345703,-0.025621370033234572,63.6002586586357,8.397734908396501,8.248742692578812,237.9493897889332,199.981059124641,218.9652244567871,17.864611925576416
2024-07-18,222.25469970703125,-0.020748758437837005,56.93000073781602,7.553660677703363,8.109726289603723,238.23650837126434,200.67444743928252,219.45547790527343,18.005689420191466
2024-07-19,222.3836212158203,0.0005798938433119206,57.06417130743277,6.81655169221807,7.851091370126592,238.18361732701533,202.17777793665653,220.18069763183593,17.710417943256957
2024-07-22,222.03663635253903,-0.0015615171805410638,56.55353465144407,6.133683447348545,7.507609785570983,237.66828438024453,204.32596763391564,220.99712600708008,17.690906943467997
2024-07-23,223.07760620117188,0.0046773239178589075,57.77431486472016,5.611813517528617,7.12845053196251,237.0236305149727,206.64313279069137,221.83338165283203,17.50339704424879
2024-07-24,216.66314697265625,-0.029175891441415892,48.69463160756097,4.627294021320552,6.628219229834119,236.11657888591668,208.48904855548955,222.3028137207031,17.939051413363753
2024-07-25,215.6221923828125,-0.004816062480520214,47.392946244500536,3.720175029701977,6.046610389807691,235.74514324030605,209.28084400334632,222.51299362182618,17.754977529000836
2024-07-26,216.08816528320312,0.0021587301442898927,48.0622475130503,3.0042457373858156,5.4381374593233165,235.41260625626973,209.9960668394334,222.70433654785157,17.54364199878093
2024-07-29,216.36575317382807,0.001283780383998166,48.48273685390437,2.4312398188701536,4.836757931232684,234.42764172452434,211.73648791414752,223.08206481933593,17.407653342821423
2024-07-30,216.92092895507807,0.0025626270456538046,49.36567752256142,1.998884647951968,4.269183274576541,234.25331436377743,212.11405318993351,223.18368377685547,17.544663079965805
2024-07-31,220.17274475097656,0.014879537213505874,54.30561735729161,1.8967696385241766,3.794700547366068,234.20729776095402,212.3395146780108,223.2734062194824,17.728259319967393
2024-08-01,216.48472595214844,-0.016892446575784998,48.523574394423406,1.500948463270845,3.335950130547024,234.35711574990023,211.8734369234396,223.11527633666992,17.950693130578376
2024-08-02,217.97183227539065,0.006845849615694278,50.7984062806469,1.2923568963279024,2.9272314837031996,234.24694512194552,211.34117438489042,222.79405975341797,18.474871546007275
2024-08-05,207.4727935791016,-0.04936562890192134,38.02289468818462,0.276672588662052,2.3971197046949704,235.10495101482778,208.64409988849255,221.87452545166016,18.59923354958349
2024-08-06,205.4502716064453,-0.009796198456888443,36.137448695884295,-0.6835852181673943,1.7809787201224976,235.7155882641696,205.90688335448274,220.81123580932618,18.059144014952064
2024-08-07,208.0180511474609,0.012420842962499271,40.19230225296812,-1.223296696392424,1.1801236368195134,234.8051892022466,204.52117188173776,219.66318054199218,17.966808713978054
2024-08-08,211.47808837890625,0.0164965317754472,45.237943620715775,-1.3561925005116677,0.6728604093532771,234.247529545615,203.66507726590845,218.95630340576173,17.66907997941691
2024-08-09,214.38291931152344,0.013642366558736178,49.118914912464525,-1.2131335546924902,0.2956616165441236,232.96790057307837,203.52698925846462,218.2474449157715,17.557968716675223
2024-08-12,215.91146850585935,0.0071046970041276775,51.08344980379491,-0.965289902953316,0.04347131264463569,230.57256880659037,204.27477006059712,217.42366943359374,17.453835944395262
2024-08-13,219.62364196777344,0.01704690743759989,55.57000646327417,-0.4639821514613516,-0.05801938017656177,227.82303721486596,205.70632985056375,216.76468353271486,17.603223545756833
2024-08-14,220.0703125,0.0020317344886847037,56.09185699374775,-0.030300284884447137,-0.05247556111813885,226.5421102743955,206.30284974757717,216.42248001098633,17.552241664554714
2024-08-15,223.04795837402344,0.013439710748075196,59.50635728328834,0.5473572618985543,0.06749100348519978,226.68372556115327,206.2405603275186,216.46214294433594,17.653111717370063
2024-08-16,224.3680725097656,0.005901075846388807,60.95599526332663,1.0990085214954775,0.27379450708725533,227.05975118133617,206.06297983673025,216.5613655090332,17.607402295295074
2024-08-19,224.20925903320312,-0.0007080762759525837,60.67458490371356,1.5060207293570613,0.5202397515412166,227.4481632020498,205.891830084083,216.6699966430664,17.52143887575516
2024-08-20,224.82464599609372,0.0027409393423020664,61.417870085963926,1.856833006295659,0.7875584024921052,227.77972197254476,205.73497529308023,216.7573486328125,17.226625299639036
2024-08-21,224.7154693603516,-0.0004857258970183571,61.196877591786354,2.1018161924271794,1.05040996047912,228.74190358145006,205.57802592294445,217.15996475219725,17.36413610245701
2024-08-22,222.85940551757807,-0.008293917226737054,57.414603253338605,2.1217401919109022,1.2646760067654765,229.35105972985923,205.69259108801185,217.52182540893554,17.592751125680085
2024-08-23,225.15219116210935,0.010235474610262045,60.64997371183795,2.296071066945842,1.4709550188015497,230.25878147648905,205.69127192927266,217.97502670288085,17.47076344845192
2024-08-26,225.4896545410156,0.0014977013129365655,61.11820188223971,2.4334091893851166,1.663445852918263,231.13387868604704,205.72856485643345,218.43122177124025,17.236582492440483
2024-08-27,226.33335876464844,0.0037346712293786907,62.32521381717022,2.580583164242654,1.8468733151831414,232.05824001069823,205.74544651273925,218.90184326171874,17.39721120544193
2024-08-28,224.80479431152344,-0.006776506452122254,58.76588028878025,2.5445452888618547,1.9864077099188842,232.54465887670193,205.72223260279026,219.1334457397461,17.45446948553988
2024-08-29,228.08023071289065,0.014465011346945719,63.56726770466455,2.7486011930018037,2.1388464065354684,233.6351422599136,205.7912996956528,219.7132209777832,17.764950747317997
2024-08-30,227.29612731933597,-0.0034437631846588068,61.7146444986129,2.814601403391947,2.2739974059067642,234.47529746429348,205.88357399566746,220.17943572998047,17.785628890414333
2024-09-03,221.1125030517578,-0.02758205739150284,49.469915756401875,2.3409551719148567,2.287388959108383,233.84623155306122,207.87661085416534,220.86142120361328,17.731338336056336
2024-09-04,219.20677185058597,-0.008656187495841534,46.41352600559421,1.7911631263972652,2.1881437925661595,232.37463004739817,210.72386238424247,221.54924621582032,17.59606178544754
2024-09-05,220.7253875732422,0.0069038906205208484,49.11162026574591,1.4611453919569328,2.042744112444314,230.96448385336006,213.4047422208587,222.1846130371094,17.415979502213048
2024-09-06,219.177001953125,-0.007039707223623784,46.53866756475993,1.0624153181614702,1.8466783535877456,229.93393263821986,215.20518479342076,222.5695587158203,17.69548548607487
2024-09-09,219.2663116455078,0.0004073944833826125,46.712080087074725,0.7450370840313383,1.6263500996764642,229.30760424861026,216.3198524164288,222.81372833251953,18.022886157033803
2024-09-10,218.4722595214844,-0.0036279781919334817,45.30499026987112,0.4245452829072178,1.3859891363226151,228.9450791477649,216.93845661883665,222.94176788330077,17.75885781601767
2024-09-11,221.0032958984375,0.011518567210173686,50.43054436516035,0.3705156308101607,1.1828944352201243,228.88381731127996,217.13768384838804,223.010750579834,17.61295515991286
2024-09-12,221.1125030517578,0.0004940205973216382,50.645454874596275,0.3326739881977119,1.0128503458156417,228.84384883129368,217.28187138355005,223.06286010742187,17.43866681615716
2024-09-13,220.844482421875,-0.001212881214909384,50.07168527537679,0.2778542579757186,0.8658511282476572,228.81823977051818,217.08713284911073,222.95268630981445,17.42010040951595
2024-09-16,214.71046447753903,-0.028168310661716208,39.142119698912715,-0.25758547217918704,0.6411638081622884,229.34753259266105,215.59207922374517,222.4698059082031,17.899087372172144
2024-09-17,215.1769561767578,0.0021702978961992522,40.210967283510854,-0.6369410742468915,0.38554283168045234,229.56831346819482,214.4680680625669,222.01819076538087,17.633646991776924
2024-09-18,219.04795837402344,0.017829952260333706,48.321881898789556,-0.6181005179739145,0.184814161749579,229.2694004918319,214.18931227672277,221.72935638427734,17.90810193425364
2024-09-19,227.16709899902344,0.036395171765807234,60.44300631976156,0.051385215778111615,0.15812837255528553,229.67094182858847,214.0329339038334,221.85193786621093,18.016933674170815
2024-09-20,226.5020751953125,-0.002931758725845806,59.21782468125886,0.5222751571308208,0.23095772947039261,230.11713021702298,213.95101248317235,222.03407135009766,19.579697711819932
2024-09-23,224.78497314453125,-0.007609836548524255,56.058188477851246,0.7482773674487078,0.33442165706605564,230.07056567201897,213.96085522641852,222.01571044921874,17.807194678268687
2024-09-24,225.67823791503903,0.003965988428923737,57.33356885763353,0.9880748373685151,0.4651522931265476,230.09754005445353,213.95273918138633,222.02513961791993,17.58956034329929
2024-09-25,224.6856842041016,-0.004407792317214848,55.409140778383275,1.0855121620757018,0.5892242669163785,229.8622100914841,214.02330168830105,221.94275588989257,17.560503320263223
2024-09-26,225.8271484375,0.00506741026358361,57.18882452835606,1.2405384133045345,0.7194870961940097,230.0037926664419,213.9839545259409,221.9938735961914,17.416561055506914
2024-09-27,226.0951232910156,0.0011859335186032252,57.6164959894286,1.3692374484417371,0.8494371666435552,229.6315262191535,214.1577102310418,221.89461822509764,17.34263552561351
2024-09-30,231.266357421875,0.022614298451544935,64.90284367055904,1.8669862818691456,1.0529469896886732,230.58087754307653,213.60538191737268,222.0931297302246,17.814479789926473
2024-10-01,224.52688598632807,-0.0295746492719407,52.286841404092215,1.6980625891903856,1.1819701095890158,230.805727004337,213.72197074956924,222.26384887695312,17.963158908010218
2024-10-02,225.09263610839844,0.0025165740936517068,53.11081672396371,1.59149488997258,1.2638750656657287,231.06203143633135,214.05425274335616,222.55814208984376,17.30839340657401
2024-10-03,223.9908905029297,-0.004906649879491466,51.254511079629985,1.4019764461038733,1.2914953417533577,231.20250753379003,214.24032693886625,222.72141723632814,17.343170267685633
2024-10-04,225.11248779296875,0.004994839389247269,53.053426372947015,1.3269885437471487,1.298593982152116,231.39177252809966,214.64461052854094,223.0181915283203,17.43303097736223
2024-10-07,220.0405120849609,-0.02278854777938187,44.97112670697994,0.8485129108488252,1.208577767891458,231.36435010414405,214.74945299644187,223.05690155029296,17.4919479547013
2024-10-08,224.0901641845703,0.018236814306916555,51.34462104537752,0.7870183470272707,1.1242658837186206,231.36781583703402,215.3077777298605,223.33779678344726,17.276726919255125
2024-10-09,227.83209228515625,0.01656043075820059,56.372758527658036,1.0283713623474,1.1050869794443765,231.87041161231366,215.48806159325272,223.6792366027832,17.329771738663688
2024-10-10,227.3358154296875,-0.002180632877289542,55.552793269086074,1.166157236451454,1.117301030845792,232.24361684160786,215.73718760175151,223.9904022216797,17.154247293765575
2024-10-11,225.8569183349609,-0.006526593363848995,53.07527407478191,1.1428448939456644,1.1224098034657666,232.39583809759898,216.08620993706887,224.24102401733393,17.273693036596026
2024-10-14,229.5790100097656,0.016345546383963523,58.13571748607504,1.4084753587025034,1.1796229145131139,232.12939521474675,217.83950737314376,224.98445129394526,17.501438184719355
2024-10-15,232.1100616455078,0.010964422368637188,61.19992397281767,1.8024466469478,1.3041876610000511,232.0336429181446,219.62857021662091,225.83110656738276,17.98606589537548
2024-10-16,230.055419921875,-0.008891426736925915,57.51940913823724,1.9266698646627844,1.4286841017325977,231.97310750368368,220.789851785867,226.38147964477534,17.34428584117331
2024-10-17,230.4226837158203,0.0015951415232058656,58.0055656664917,2.031336792421854,1.549214639870449,232.41477622563085,220.67374153559953,226.5442588806152,17.31183025330017
2024-10-18,233.25146484375,0.012201742249239467,61.64637475675701,2.315849412211236,1.7025415943386064,233.47368910246723,220.2897676236069,226.88172836303707,17.65348868770961
2024-10-21,234.720458984375,0.00627814999523567,63.419974339169215,2.629551431387142,1.8879435617483136,234.7558487292197,220.0011565808388,227.37850265502925,17.4060740970743
2024-10-22,234.1050567626953,-0.0026252947182444355,62.12389521454115,2.7962710534406767,2.0696090600867865,235.71152627025683,219.8881609245673,227.79984359741206,17.475131140602937
2024-10-23,229.0430145263672,-0.021860152854537497,52.60133721493559,2.4912158660725368,2.1539304212839365,235.80735373424716,220.22806649280352,228.01771011352534,17.77225835129714
2024-10-24,228.85446166992188,-0.0008235593201725486,52.27988118621931,2.2087813362406337,2.1649006042752763,235.89689923388917,220.4412523164037,228.16907577514644,17.253023828886615
2024-10-25,229.6881866455078,0.003636415925019152,53.62928810441223,2.028837399681265,2.1376879633564743,236.04052056103052,220.65693732471158,228.34872894287105,17.473990106958794
2024-10-28,231.6633758544922,0.008562672971425022,56.74962756703909,2.0222999800203354,2.114610366689247,236.0940513907288,220.643108338275,228.3685798645019,17.401446046432213
2024-10-29,231.93136596679688,0.001156139696937863,57.17073552247629,2.0155100450280656,2.0947903023570107,236.3985048430555,221.07910288399518,228.73880386352533,17.382708164045706
2024-10-30,228.387939453125,-0.015395819656392546,50.209605483184106,1.7045550174331652,2.0167432453722416,236.37242304043187,221.43471502109148,228.90356903076167,17.66716555489797
2024-10-31,224.2291259765625,-0.018377259001906225,43.5129869667282,1.1097469547491698,1.8353439872476274,236.35203526660734,221.4789263422793,228.91548080444332,17.980159813081475
2024-11-01,221.25143432617188,-0.013368646192611527,39.455380277445094,0.39354589700550946,1.5469843691992038,236.75152772876544,220.6933285334415,228.72242813110347,17.99414573119117
2024-11-04,220.35812377929688,-0.004045708472273717,38.301465166689404,-0.24332638157011388,1.1889222190453403,236.69604535326016,220.7805720783805,228.73830871582032,17.620938975469443
2024-11-05,221.78741455078125,0.006465272749537412,41.26147708438116,-0.6255099413434664,0.826035786967579,236.92334267399553,220.3229997942662,228.62317123413087,17.151682224273472
2024-11-06,221.06285095214844,-0.003272276440207543,40.20836256213847,-0.9756131320386885,0.4657060031663255,237.24641158592237,219.32300674903854,228.28470916748046,17.814831750914642
2024-11-07,225.7874298095703,0.021146926054968325,49.29588172082874,-0.8619029237914333,0.20018421777477374,237.2300523714783,219.1845274014709,228.2072898864746,17.55645340861097
2024-11-08,225.51914978027344,-0.0011889038318105918,48.84193210336925,-0.7843927296522679,0.003268828289365422,237.23293021555122,219.14787270192926,228.19040145874024,17.461712155886524
2024-11-11,222.8064727783203,-0.012101517158939552,44.39067026515631,-0.9311223072813561,-0.18360939882477892,237.17813668264355,218.5254125116924,227.85177459716797,17.553313524499227
2024-11-12,222.8064727783203,0.0,44.3906702649957,-1.0354702976485157,-0.3539815785895263,236.74669091216225,218.02649939545495,227.3865951538086,17.514298287591618
2024-11-13,223.6908264160156,0.00396129963483659,46.243017645700974,-1.0348774609103657,-0.49016075505369416,236.47905137859448,217.65767957843678,227.06836547851563,17.698438394256435
2024-11-14,226.7711639404297,0.013676561417135257,52.2138373243938,-0.7768945816219741,-0.5475075203673502,236.16320963200377,217.6083693474884,226.8857894897461,17.620480527340796
2024-11-15,223.57159423828125,-0.01420972572986415,46.44349095474685,-0.8211540731585956,-0.6022368309255992,235.28243206828216,217.52115985066314,226.40179595947265,17.68512074167731
2024-11-18,226.57241821289065,0.013332926109904214,51.82129554042042,-0.6070904623063882,-0.603207557201757,233.96963842230775,218.0191494194891,225.99439392089843,17.613999759450028
2024-11-19,226.8307647705078,0.0011395887601670345,52.26569163341358,-0.4118495550503667,-0.5649359567714789,232.65533351899464,218.60602512358346,225.63067932128905,17.404895618146483
2024-11-20,227.5461883544922,0.0031490337274675513,53.543617785159896,-0.19711876283619745,-0.49137251798442266,232.4582481213367,218.65342790405393,225.55583801269532,17.375692659489594
2024-11-21,227.0692596435547,-0.002098164010935638,52.533923588838206,-0.06468161467668665,-0.40603433732287547,232.23423613808708,218.69891968466683,225.46657791137696,17.555755452613166
2024-11-22,228.41065979003903,0.005890068770714481,55.09859451483314,0.1468230756484843,-0.29546285472860356,232.02514703773588,218.78025609947113,225.4027015686035,17.457515912334365
2024-11-25,231.3916015625,0.012966371797554901,60.23992306128059,0.5486546060351714,-0.12663936257584857,231.9583699860806,218.8198557219272,225.3891128540039,18.31701657756908
2024-11-26,233.56771850585935,0.009360530001678743,63.523463974968585,1.030820779386346,0.10485266581659036,232.4134242488215,218.52843671309256,225.47093048095704,17.64385193119002
2024-11-27,233.43853759765625,-0.0005532298970712255,63.189850693496474,1.3865340247548659,0.36118893760424553,233.43728855100724,218.00963222535992,225.72346038818358,17.327008264312834
2024-11-29,235.82330322265625,0.010163989260155043,66.66984508668327,1.8396634944908499,0.6568838489815665,235.19660244042132,217.40973606055525,226.30316925048828,17.164761835713872
2024-12-02,238.06895446777344,0.009477546923704444,69.58572555200334,2.3528549049259198,0.9960780601704371,237.13840901542943,217.1496814997073,227.14404525756837,17.689563768314784
2024-12-03,241.10952758789065,0.01269094520499032,73.02657945270168,2.9706676274707036,1.3909959736304907,239.4386098706392,216.92462102535688,228.18161544799804,17.475501760717165
2024-12-04,241.46725463867188,0.001482570772074229,73.40775478919656,3.449391803002925,1.8026751395049776,241.46175348614145,216.8694614186437,229.16560745239258,17.60838737156068
2024-12-05,241.4970703125,0.00012346946689693563,73.44144244406823,3.7875297515115847,2.199646061906299,243.03222059922004,217.34241624160026,230.18731842041015,17.505237178131694
2024-12-06,241.29833984375,-0.0008232492513117609,72.77963724489598,3.9934367706250384,2.5584042036500474,244.54129916797376,217.38442867626452,230.96286392211914,17.4229250705928
2024-12-09,245.1835021972656,0.015972826196489615,77.12040631765854,4.419178163992967,2.9305589957186315,246.66473590218104,217.22742718375648,231.94608154296876,17.61434697038983
2024-12-10,246.197021484375,0.004125196972770384,78.10146581892295,4.783225772423947,3.301092351059695,248.47951189933607,217.75170605720692,233.1156089782715,17.42412313969831
2024-12-11,244.92515563964844,-0.005179439036908281,73.82351552690282,4.91247917862475,3.6233697165727063,249.64511007297054,218.79797616970527,234.2215431213379,17.62673597727546
2024-12-12,246.3858337402344,0.005946060380318725,75.48431958368435,5.0742847535738065,3.913552723972926,250.85693039969567,219.855656575402,235.35629348754884,17.305252892864427
2024-12-13,246.55474853515625,0.0006853353430691915,75.67650960182802,5.156703580794641,4.162182895337269,252.06279619628765,220.62814923828267,236.34547271728516,17.316713171314248
2024-12-16,249.44625854492188,0.011659422964560157,78.74787156962121,5.3931726504128505,4.408380846352386,253.18808592368026,222.0903259415541,237.6392059326172,17.760867773493636
2024-12-17,251.8707733154297,0.00967265630162667,80.9230678810107,5.710388368696499,4.668782350821209,254.77504916622516,223.03319820926313,238.90412368774415,17.754300140903144
2024-12-18,246.47525024414065,-0.021654567925706067,64.98302888285701,5.4634314543293385,4.827712171522835,255.02584305238764,224.7468528704639,239.88634796142577,17.85459081139636
2024-12-19,248.2041778564453,0.006990121496717866,67.21178599175232,5.345605516654814,4.931290840549231,255.31434608095407,226.52414879209283,240.91924743652345,17.924453066467066
2024-12-20,252.87435913085935,0.018641055903460886,72.33414358364327,5.564923239607765,5.058017320360938,255.990473153947,228.42853166783033,242.20950241088866,18.809306875609565
2024-12-23,253.6494140625,0.0030602928334255634,73.08562771905557,5.7351631796065305,5.1934464922100565,256.53574077459825,230.40713947442518,243.47144012451173,17.52563280282139
2024-12-24,256.5608215332031,0.011412703502856704,75.75026382090044,6.035433094025109,5.361843812573067,257.74362419396857,231.71617805212517,244.7299011230469,16.961157451901094
2024-12-26,257.37554931640625,0.003170542160109815,76.45282897870872,6.266899965873222,5.542855043233098,258.99033193260976,232.8502533945387,245.92029266357423,17.12009060920619
2024-12-27,253.9673614501953,-0.01333053911498823,67.62628295197158,6.104952756872763,5.655274585961031,259.0803116852951,234.81315602710723,246.94673385620118,17.561604142421523
2024-12-30,250.5988922119141,-0.0133521386251976,60.225595308448185,5.639789132444037,5.652177495257632,258.7166107558314,236.65441585549672,247.68551330566407,17.386661690549982
