Date,Close,log_return,rsi_14,macd,macd_signal,bb_upper,bb_lower,sma_20,volume_log
2018-01-30,58.38594055175781,-0.007707881675686989,79.15154257852197,1.3070690690362952,1.1028135866438946,59.86578215329199,52.927282345609385,56.396532249450686,17.435522159561778
2018-01-31,58.62644958496094,0.0041108359827248175,80.4075958897031,1.2942703381405636,1.1411049369432285,59.930486218812334,53.40315979254021,56.66682300567627,17.399640448639953
2018-02-01,58.59520721435547,-0.0005330477694701186,79.73557380992776,1.2670010540213568,1.1662841603588543,60.031499731187814,53.74880460536004,56.89015216827393,18.112986435838106
2018-02-02,55.50128173828125,-0.054246790218039555,42.158536222477075,0.9843886019445875,1.129905048676001,59.92982051917067,53.96672336510668,56.948271942138675,18.58485531062621
2018-02-05,52.68406677246094,-0.05209304331875362,28.83362167283549,0.5270153889193594,1.0093271167246727,60.280189581399476,53.37881806325384,56.82950382232666,18.24095582497456
2018-02-06,53.77703094482422,0.020533370343939417,37.13513921211441,0.24985670427136597,0.8574330342340114,60.40575800373099,53.105570502738736,56.75566425323486,18.154499215996307
2018-02-07,52.337928771972656,-0.027125118139891137,31.864533004597533,-0.08493795651246927,0.6689588360847153,60.715371525731825,52.51140879348205,56.613390159606936,17.765638288678208
2018-02-08,49.97247695922852,-0.046248930700917165,25.46643573539602,-0.5349705224564616,0.4281729643764799,61.39190640312404,51.326921798169906,56.35941410064697,18.017093885827826
2018-02-09,51.88467025756836,0.037550982728005486,36.55647220087542,-0.7289239731438073,0.19675357687242248,61.59258829016004,50.80003561120715,56.196311950683594,18.404144785479
2018-02-12,52.29578399658203,0.007892380119977596,38.66934602110707,-0.8397795809901325,-0.010553054700088521,61.67946226527585,50.33583123753177,56.00764675140381,17.845138823247623
2018-02-13,52.27494812011719,-0.00039850302888434183,38.59918452583052,-0.9187242487245939,-0.1921872935049896,61.72968289272967,49.90594866854963,55.81781578063965,17.268224574071734
2018-02-14,53.19533920288086,0.017453530668664206,43.47779779758606,-0.8966841812450994,-0.3330866710530116,61.668932440028925,49.63742055679725,55.65317649841309,17.536469929752354
2018-02-15,54.12069320678711,0.01724582837820154,47.955139992241236,-0.7953802855436152,-0.42554539395113233,61.586981023008796,49.498150431458974,55.542565727233885,17.43707433153417
2018-02-16,54.32599639892578,0.0037862554984265055,48.92187760242485,-0.6905695110707839,-0.47855021737506265,61.4652194472213,49.38187909403847,55.423549270629884,17.503089191377704
2018-02-20,54.72718048095703,0.0073576195271900765,50.84339927633919,-0.5685797808109854,-0.49655613006224725,61.222158464553814,49.32457310282899,55.2733657836914,17.334609516404683
2018-02-21,55.23101806640625,0.009164230012031012,53.223365988323565,-0.4263320675994038,-0.4825113175696786,60.89140149183879,49.34578875474324,55.118595123291016,17.540866602992743
2018-02-22,55.04008865356445,-0.003462912621798307,52.19212311032989,-0.32525678029453076,-0.45106041011464904,60.567913998720414,49.36484204376005,54.96637802124023,17.148072182937828
2018-02-23,55.942138671875,0.016256114239204558,56.48222649800516,-0.17040170438936997,-0.3949286689695932,60.1884687126649,49.47625258555287,54.832360649108885,17.045998737698834
2018-02-26,56.71624374389648,0.013742736912938083,59.814861470461544,0.014617368853024004,-0.3130194614050698,59.814474497457816,49.632744969705264,54.72360973358154,17.246655048344277
2018-02-27,55.417476654052734,-0.023165648412727016,52.544376680511796,0.05580340062117983,-0.23925488899981992,59.27825057536909,49.826945423776415,54.552597999572754,17.575873136975375
2018-02-28,54.7435417175293,-0.012235604833110349,49.20233860731501,0.033674531422043685,-0.18466900491544722,58.7415457146611,49.99941040106155,54.37047805786133,17.713272374327417
2018-03-01,53.1313705444336,-0.029891866055928428,42.27527118231038,-0.11265290448146459,-0.1702657848286507,58.007027652003714,50.18442055966621,54.09572410583496,17.828970409516675
2018-03-02,53.76265335083008,0.01181151429541135,45.51028189782549,-0.1756543707961029,-0.17134350202214116,57.14250707774097,50.56568574757641,53.85409641265869,17.73076834583776
2018-03-05,54.28929138183594,0.009747944888994428,48.122250147953324,-0.1810017237453252,-0.173275146366778,56.9976895912109,50.589304198461946,53.79349689483642,17.170594225566855
2018-03-06,54.593780517578125,0.005592970958026274,49.62575942043988,-0.1588388159540841,-0.17038788028423923,57.0676883703554,50.710276793829166,53.88898258209228,16.96747709631684
2018-03-07,55.29498672485352,0.01276228212052573,53.00366571866082,-0.0837279079480524,-0.15305588581700189,57.20424076320729,50.72551997898021,53.96488037109375,17.241335541973598
2018-03-08,56.00611114501953,0.01277856392211221,56.210617508851534,0.03280170771605384,-0.11588436711039075,57.4150531637308,50.88152581576138,54.14828948974609,17.33780402920194
2018-03-09,57.56621551513672,0.027475047055856152,62.2902200673411,0.2481788012774402,-0.04307173343282456,57.50339688478217,51.552555950300835,54.5279764175415,17.568819175673962
2018-03-12,57.81863784790039,0.004375318390442689,63.18093339052995,0.43422954441605555,0.052388522136951464,57.87281969176646,51.77652990234976,54.82467479705811,17.606630688595065
2018-03-13,56.52829360961914,-0.02256989315741825,55.91080337238767,0.4721138678165744,0.13633359127287606,57.928921058701185,52.14367949671874,55.03630027770996,17.579961222105627
2018-03-14,56.97361755371094,0.007847026091877733,57.7190434369848,0.5319395199488994,0.21545477700808074,57.976733759011225,52.56573373976808,55.27123374938965,17.550080161878775
2018-03-15,57.05890274047852,0.0014958049238798232,58.07368759406661,0.5795528575160986,0.28827439310968433,58.09655274108446,52.83227111145461,55.464411926269534,17.323527420476765
2018-03-16,56.25603866577149,-0.014170726294784646,53.52237672830383,0.5462060264879369,0.3398607197853349,58.146441798561156,52.99591659987634,55.57117919921875,17.88720044667012
2018-03-19,54.55263137817383,-0.030747440351625042,45.393795470874565,0.37797067978871013,0.34748271178601,58.136611230632475,53.02841066572983,55.58251094818115,17.969004159748945
2018-03-20,54.34087371826172,-0.003889266428736638,44.48923090633948,0.22496265261212045,0.3229786999512321,58.15016275762938,52.97622846246339,55.563195610046385,17.815507828323295
2018-03-21,54.25161743164063,-0.0016438762160426686,44.090415765623966,0.09540073207251254,0.27746310637548816,58.163985427410715,52.8644657292055,55.51422557830811,17.619903830563256
2018-03-22,52.22585678100586,-0.03805509350403473,36.166240020760924,-0.1687942231823456,0.18821164046392141,58.40122453008683,52.34580343927352,55.37351398468017,18.054128623770314
2018-03-23,50.90675735473633,-0.025582040674791914,32.11827955389269,-0.4790882965097012,0.05475165306919688,58.73179595951656,51.51169387812992,55.12174491882324,17.725130698824223
2018-03-26,52.27246856689453,0.026474146626247627,39.64972265269744,-0.6077908692691167,-0.07775685139846585,58.64101148583556,51.158100834110726,54.899556159973145,18.004922861513958
2018-03-27,49.93429565429688,-0.04576176448694224,32.91626231240019,-0.8882207427292244,-0.23984962966461754,58.96311720834169,50.28767701162901,54.62539710998535,17.923363486654207
2018-03-28,49.84701919555664,-0.001749355199995856,32.6930803102736,-1.1047708084709313,-0.4128338654258803,59.21455735344049,49.54658461433295,54.38057098388672,18.1683400878512
2018-03-29,51.43191146850586,0.03130012636220653,40.572967713610424,-1.135412407338464,-0.5573495738083971,59.27946565087344,49.31173040930722,54.29559803009033,18.054503668846834
2018-04-02,50.21646118164063,-0.02391594057576821,36.995833399831135,-1.2434391825277729,-0.6945674955522723,59.423925972373034,48.81265087088868,54.11828842163086,17.99094345023702
2018-04-03,50.5164794921875,0.005956724695175245,38.438619877824785,-1.289972213159217,-0.8136484390736611,59.47265825220488,48.38663740209199,53.929647827148436,17.753630087598516
2018-04-04,51.06346893310547,0.01076973824797724,41.087463845135844,-1.2680946924335998,-0.904537689745649,59.430313460024564,48.07595103582504,53.7531322479248,17.741909749051462
2018-04-05,51.20876693725586,0.002841398756362622,41.8037856200965,-1.2249122391985807,-0.9686125996362354,59.28615891261447,47.81148360447537,53.54882125854492,17.394463560604507
2018-04-06,50.08355712890625,-0.022217993429444943,37.95496578381059,-1.2668810455728376,-1.0282662888235559,59.06686690339113,47.43852021208738,53.252693557739256,17.50773443824513
2018-04-09,50.58641052246094,0.009990220271886131,40.58754836533051,-1.2452115371714072,-1.0716553384931262,58.45989691625873,47.34750969995221,52.90370330810547,17.31866269225177
2018-04-10,51.400177001953125,0.015958642599827152,44.67839186782706,-1.149127712713124,-1.0871498133371258,57.66490151883807,47.50065901277814,52.582780265808104,17.416105124518122
2018-04-11,50.83285903930664,-0.011098639111422398,42.4822791749708,-1.1060090243291327,-1.0909216555355272,57.078584213932785,47.51743286065218,52.29800853729248,17.34363426255877
2018-04-12,51.43935394287109,0.01186054345799431,45.56289414461979,-1.0112411248911926,-1.0749855494066602,56.27386380424065,47.76872690926032,52.021295356750485,17.308861658195806
2018-04-13,51.37736511230469,-0.0012058124135244889,45.29586095488025,-0.9304136331842443,-1.046071166162177,55.27122684273725,48.20321010794635,51.7372184753418,17.05065339465093
2018-04-16,51.876251220703125,0.009663390171147741,47.94026923862482,-0.8166870639896402,-1.0001943457276699,54.345325035649736,48.691133170527024,51.51822910308838,17.209213291448265
2018-04-17,53.52560424804688,0.031299025315619906,55.584589838570295,-0.5867057547300902,-0.917496627528154,54.09199760452941,48.841757888634646,51.46687774658203,17.815251375797782
2018-04-18,53.328739166259766,-0.0036847412699999127,54.55489053931384,-0.41553919981483745,-0.8171051419854907,53.83935787404432,48.993184163919544,51.41627101898193,17.253554072874575
2018-04-19,54.025970458984375,0.012989483155245852,57.5539569588477,-0.22107926933836097,-0.6978999674560649,53.773986154013805,49.035991186684434,51.40498867034912,17.50148582400353
2018-04-20,53.4244499206543,-0.011196360516794035,54.2289800047899,-0.11418974544906746,-0.5811579230546654,53.97763445594892,48.95220219871417,51.464918327331546,17.56346050922121
2018-04-23,53.25038146972656,-0.003263536546613783,53.26991131489523,-0.043028886687309864,-0.4735321157811943,54.20154030872365,48.96265875743846,51.582099533081056,18.058131451190913
2018-04-24,50.712867736816406,-0.04882528840451058,41.69379829402567,-0.18920846735753827,-0.41666738609646314,54.12987528919952,48.87836369395478,51.50411949157715,18.66925810432248
2018-04-25,50.73021697998047,0.00034204881252674404,41.78694296340893,-0.30019642179141925,-0.3933731932354544,54.092484726964024,48.99534638875863,51.543915557861325,17.87353687479536
2018-04-26,51.73788833618164,0.019668634217879448,47.07534379692661,-0.30334771469318156,-0.37536809752699984,54.059055797117416,49.217862232667734,51.638459014892575,17.745884176241347
2018-04-27,51.14974594116211,-0.0114328374924061,44.53244678463816,-0.34927706440760176,-0.3701498909031203,54.0532911367165,49.195410340334284,51.62435073852539,17.522868257866268
2018-04-30,50.51152420043945,-0.012556013211997136,41.88820700742915,-0.43219350786647937,-0.3825586142957921,54.03540350238006,49.2428042765506,51.63910388946533,17.35623800004658
2018-05-01,51.61093521118164,0.021532060496292072,47.654261937236726,-0.4045289483762886,-0.3869526811118914,54.03145086233707,49.35620248849301,51.69382667541504,17.380129823005287
2018-05-02,50.881961822509766,-0.014225096611514292,44.501267824597925,-0.43639614276234795,-0.3968413734419828,54.03405979153688,49.33544284823362,51.68475131988525,17.362192635188514
2018-05-03,50.89435958862305,0.00024362771227536765,44.56844085657757,-0.455401146847656,-0.40855332812311745,54.03589226555535,49.302169639351874,51.66903095245361,17.486276982108237
2018-05-04,52.119232177734375,0.02378191649867469,50.89244781492921,-0.3673907167648949,-0.40032080585147295,54.02289722704825,49.518732182741786,51.77081470489502,17.423505310443893
2018-05-07,52.53876876831055,0.008017329473411754,52.87555025492423,-0.26078258093598095,-0.37241316086837456,54.07310538447714,49.663759849897865,51.8684326171875,17.353567151413394
2018-05-08,52.49562454223633,-0.0008215257334457959,52.64012594576261,-0.17772751157239242,-0.33347603100917816,54.133319098205675,49.71309089019765,51.92320499420166,17.07476031538796
2018-05-09,54.00118255615234,0.028276121440702098,59.42864995673898,0.009471002703740794,-0.2648866242665944,54.41350964921599,49.7497326908719,52.081621170043945,17.669056654837856
2018-05-10,54.82040786743164,0.015056585455436445,62.57239560023751,0.22137988056967828,-0.16763332329933986,54.86020951874677,49.64113821379718,52.250673866271974,17.410463901508013
2018-05-11,54.71676635742188,-0.0018923537451382678,61.918715992935454,0.3766148082351535,-0.05878369699244118,55.2126517522117,49.62263610484396,52.41764392852783,17.233368413302124
2018-05-14,54.87644958496094,0.002914109950491357,62.567560361798634,0.5066839713296218,0.05430983667197142,55.555696197227384,49.57961149625407,52.567653846740725,17.487701556212688
2018-05-15,53.7988510131836,-0.019832176865878934,55.673714858466624,0.516853555249547,0.14681858038748655,55.590226827913305,49.57240554208182,52.58131618499756,17.391725134402165
2018-05-16,53.76017379760742,-0.0007191812553391303,55.43761282663561,0.515845747046825,0.22062401371935425,55.64041072433994,49.56536510878994,52.60288791656494,17.05919610076087
2018-05-17,53.61982727050781,-0.0026140176125954277,54.5338656379024,0.49798183535815355,0.27609557804711415,55.585275755389745,49.57988575889249,52.582580757141116,17.063479095888805
2018-05-18,53.04358673095703,-0.0108049447155329,50.86723320716617,0.4323429801922316,0.30734505847613763,55.54853065699283,49.57854453831967,52.56353759765625,17.384536111786034
2018-05-21,53.75620651245117,0.013345163616776517,54.905230397972005,0.4328367032419109,0.3324433874292923,55.60671530496154,49.570942394623415,52.58882884979248,17.041560626294533
2018-05-22,53.32477188110352,-0.008058143890183032,52.11280820479452,0.3938744734640238,0.3447296046362386,55.6192448682542,49.81960324575947,52.71942405700683,16.91677337772008
2018-05-23,53.852909088134766,0.009855437756508802,55.121788528764526,0.4009905153845281,0.3559817867858965,55.65831937882413,50.092797946004964,52.87555866241455,16.982671989268795
2018-05-24,53.827613830566406,-0.00046982049024311853,54.94371677354405,0.39997821411583345,0.3647810722518839,55.739778500272145,50.220311373995436,52.98004493713379,16.840995838201877
2018-05-25,53.75967788696289,-0.0012628992058135904,54.43509388096536,0.3892075527874752,0.3696663683590022,55.75007340066959,50.47100966817807,53.11054153442383,16.91668338897266
2018-05-29,52.96574020385742,-0.014878411220665333,48.75484769028756,0.31299952656696206,0.3583330000005942,55.575485985567695,50.89101868362175,53.233252334594724,17.401138409986995
2018-05-30,53.431884765625,0.008762367475968723,51.92668664407154,0.28691075851163816,0.344048551702803,55.539107723177914,51.109491901455876,53.324299812316895,17.171919791696507
2018-05-31,54.54915237426758,0.020694512881848065,58.54906436032826,0.35232796304933345,0.3457044339721091,55.463130019789766,51.5521886600198,53.507659339904784,18.18960583491141
2018-06-01,56.28480529785156,0.031322436933522074,66.31271903584953,0.5380222686220435,0.38416800090209596,55.701744205276704,51.85261904545572,53.77718162536621,17.96184652000828
2018-06-04,57.17941284179688,0.015769307665815527,69.48518498025308,0.7487426566233992,0.45708293204635664,56.330754882290655,51.72962643484802,54.03019065856934,17.616691406509727
2018-06-05,57.07923889160156,-0.001753459792182229,68.70494902590127,0.8973132135134634,0.5451289883397781,56.819342894235554,51.69508543523222,54.25721416473389,17.310926645201533
2018-06-06,56.87740707397461,-0.0035422598999629903,67.07081806101712,0.9873883115110615,0.6335808529740348,57.15108234572104,51.801524236920564,54.476303291320804,17.368971153595883
2018-06-07,56.25603866577149,-0.01098480917467481,62.168374833719014,0.9971398308090968,0.7062926485410472,57.36757670764652,51.810515485957,54.58904609680176,17.402025033094876
2018-06-08,56.17124557495117,-0.0015084079895802819,61.50767490363565,0.9866523719508393,0.7623645932230056,57.52308015287957,51.790095811475894,54.65658798217773,17.121811044408265
2018-06-11,56.57738876342773,0.007204432187719141,63.50815379315807,0.9995906870605822,0.809809811990521,57.742327817437314,51.756910387518744,54.74961910247803,17.02619294813303
2018-06-12,56.93889999389648,0.006369349396334881,65.23983885847585,1.0271746994824085,0.8532827894888986,58.00189792315558,51.703585322694025,54.8527416229248,17.077139350224048
2018-06-13,56.74251937866211,-0.00345493241834232,63.47763826793751,1.0214147205408537,0.8869091756992896,58.21613222364788,51.783717858749576,54.99992504119873,17.350714248626982
2018-06-14,57.5300178527832,0.013783030639647004,67.2928681595953,1.0680822538294592,0.9231437913253236,58.53781613178033,51.8390183561347,55.18841724395752,17.38284368222976
2018-06-15,57.48835754394531,-0.0007244113910675011,66.89475058828405,1.0891499290191646,0.956345018864092,58.796016104778616,51.96767141048018,55.3818437576294,17.609605539725784
2018-06-18,58.69389724731445,0.020753306501525744,72.04817780720941,1.1894123867269286,1.0029584924366595,59.19690489384665,52.13181367304789,55.66435928344727,17.3131690023654
2018-06-19,58.4514045715332,-0.004140038369013742,69.69789179442218,1.23506689214247,1.0493801723778216,59.5206629986756,52.27757537412713,55.899119186401364,17.67164025250158
2018-06-20,58.71819305419922,0.0045538936571557324,70.82549010787659,1.2780435272859236,1.0951128433594421,59.78642153904252,52.55115895106978,56.16879024505615,17.760697529118453
2018-06-21,57.99269104003906,-0.0124326255404174,63.86556508120569,1.2392752770261595,1.1239453300927855,59.90821210203168,52.84334658327106,56.37577934265137,17.62141722884211
2018-06-22,57.98525238037109,-0.00012827714406370708,63.79634190763434,1.194185099247683,1.137993283923765,59.97106343464705,53.19625910563616,56.583661270141604,17.348320855650996
2018-06-25,56.49705505371094,-0.026000195059774113,51.71868408641875,1.0265324940267249,1.115701125944357,59.83794473086518,53.60311552609283,56.720530128479005,17.870455741740066
2018-06-26,56.16678237915039,-0.005862992565678659,49.4798982584748,0.8571358236575932,1.0639880654870044,59.47034573819186,54.29081873629544,56.88058223724365,17.36190439260987
2018-06-27,55.38920974731445,-0.013940716406053683,44.58638924928695,0.6526211189922151,0.9817146761880466,59.13040122525733,54.82649574739892,56.978448486328126,17.357570754080367
2018-06-28,55.877174377441406,0.008771162330025088,48.05808465525888,0.5238774762133218,0.8901472361931018,58.94885758879554,55.1408415841781,57.04484958648682,17.20753267533156
2018-06-29,55.99668502807617,0.002136525846718979,48.90244577773195,0.42657344928660024,0.7974324788118015,58.96281335903213,55.09807378696396,57.030443572998045,17.267464454973886
2018-07-02,56.637393951416016,0.011376944526373854,53.28664401344334,0.3965875480088954,0.7172634926512202,58.94210830420351,55.0645769527545,57.003342628479004,16.96035229717985
2018-07-03,55.356475830078125,-0.022875787437840845,44.97791378981104,0.2663933017386242,0.6270894544687011,58.99020753585744,54.84420141494823,56.91720447540283,16.615714508034692
2018-07-05,56.59672546386719,0.022157479395928055,52.67275914239281,0.26029073425946336,0.5537297104268536,58.98110240718219,54.825238382612724,56.90317039489746,17.16870749854362
2018-07-06,57.28057861328125,0.012010494549968232,56.30159138421564,0.30709563223604874,0.5044028947886926,59.01560451226887,54.89319027227703,56.95439739227295,16.89833758419871
2018-07-09,57.88557052612305,0.010506515718659638,59.27649089555437,0.3885279341568193,0.48122790266231796,59.10676826654483,54.97345901311826,57.040113639831546,16.887462903760287
2018-07-10,57.87862777709961,-0.00011994639333274195,59.22666093834353,0.44734666441017623,0.47445165501188963,59.192322819713716,55.01802836131656,57.10517559051514,16.875812649041098
2018-07-11,58.09286880493164,0.0036947228907588552,60.334748536359875,0.505422199855559,0.48064576398062353,59.29400568021977,55.031742381914015,57.16287403106689,17.319625503706494
2018-07-12,59.57065200805664,0.025120120516236365,66.99729332096501,0.6630490179055855,0.5171264147656159,59.679324597767085,54.929236727306154,57.30428066253662,17.603058206525994
2018-07-13,59.72735595703125,0.002627102359445802,67.618422356132,0.7914902984281582,0.5719991914981244,60.02476886562217,54.80352626987588,57.414147567749026,17.300190907428497
2018-07-16,59.3350944519043,-0.006589196224838861,64.35341400281567,0.8518095827769869,0.627961269753897,60.25514494301411,54.75782388327983,57.50648441314697,17.10331528960706
2018-07-17,60.15680694580078,0.013753659241957051,67.85497658306751,0.9549107642411556,0.6933511686513488,60.53167272026054,54.62758707588204,57.57962989807129,17.5084318578037
2018-07-18,60.14837646484375,-0.0001401515833620528,67.78141150354284,1.0241333522151805,0.7595076053641152,60.813032950591605,54.51592403488203,57.66447849273682,17.47773800675604
2018-07-19,59.46353530883789,-0.01145117788698309,61.90962377628818,1.0120653348813704,0.8100191512675663,60.91969334550305,54.483797865434454,57.70174560546875,17.461952155464022
2018-07-20,59.40303421020508,-0.001017966684866271,61.40355291433632,0.9862505289895154,0.8452654268119562,61.077678468429305,54.4668470595248,57.772262763977054,17.4514638326276
2018-07-23,60.05365753173828,0.010893148732825382,64.74141996047172,1.0066875069573484,0.8775498428410347,61.33500769453715,54.41635834855368,57.87568302154541,17.996735948377104
2018-07-24,62.3918342590332,0.03819595080214209,73.58311759283463,1.1977483823920565,0.9415895507512391,62.106770543606665,54.23407342001638,58.17042198181152,18.49393121498564
2018-07-25,63.274044036865234,0.014040792668111191,76.0259387256325,1.4041661060224655,1.0341048618054844,62.95314540478502,54.098424724609515,58.52578506469727,17.749373349564816
2018-07-26,63.74812316894531,0.007464544871051059,77.24373527220122,1.5877057791635352,1.1448250452770945,63.69099270306312,54.1964687684945,58.94373073577881,17.817118311420725
2018-07-27,62.130985260009766,-0.025694921128406864,65.09663611587813,1.5844087009497017,1.232741776411616,63.976984869347056,54.5358576904674,59.25642127990723,17.69422496002607
2018-07-30,60.99785232543945,-0.018406166215794956,58.191285293866066,1.473377209552055,1.2808688630397038,64.02553382614587,54.987425463404904,59.50647964477539,17.597333780502066
2018-07-31,60.858009338378906,-0.002295220706540345,57.382283397278314,1.3584405354487643,1.296383197521516,64.06330307713353,55.37171775111356,59.71751041412354,17.488819442479564
2018-08-01,61.144142150878906,0.0046906277246961375,58.6490277301407,1.275735040376972,1.2922535660926073,63.8744345584833,56.13935290184385,60.006893730163576,17.42626632232804
2018-08-02,61.54780197143555,0.006580077932512961,60.43566034204675,1.2285997801756494,1.2795228089092159,63.825364729581686,56.6835303815023,60.254447555541994,17.362365540863916
2018-08-03,61.40052795410156,-0.002395707007358776,59.42680886047843,1.165920953504937,1.2568024378283602,63.775174180970915,57.145715864195104,60.46044502258301,16.872526106963004
2018-08-06,61.376220703125,-0.0003959585436165648,59.25100674582675,1.1015877222348252,1.2257594947096533,63.73980311719846,57.530151945667754,60.63497753143311,16.911721495304704
2018-08-07,62.27727890014648,0.01457417944643184,63.555086293080656,1.110509773597741,1.202709550487271,63.75398461660908,57.95583555856182,60.85491008758545,17.565155823926865
2018-08-08,62.54953384399414,0.004362129731136268,64.76605331094055,1.1265629458431619,1.187480229558449,63.75991809769522,58.39556858138192,61.07774333953857,17.3519379180037
2018-08-09,62.70474624633789,0.002478358131603046,65.47045688305676,1.138683509517648,1.177720885550289,63.91209346843746,58.556802634467815,61.23444805145264,17.123349224475753
2018-08-10,62.11214065551758,-0.009495670952064232,60.49742594683137,1.0879298469234797,1.1597626778249273,63.96020286626639,58.747171706487514,61.35368728637695,17.096496996486536
2018-08-13,61.92023086547852,-0.0030945138084505813,58.93617118164688,1.0204584773446044,1.1319018377288628,63.91878372478948,59.04710448932185,61.482944107055665,17.129696599000436
2018-08-14,62.39134216308594,0.0075795606404580875,61.55884556109843,0.9935486647788991,1.1042312031388701,63.97883504593203,59.21050668990782,61.59467086791992,17.15056817273442
2018-08-15,61.10596084594727,-0.020817098090161287,51.831924056688415,0.8586054454211549,1.055106051595327,63.94135325496501,59.34374691898519,61.6425500869751,17.42783291634515
2018-08-16,60.70130157470703,-0.006644279690499079,49.19643756066164,0.7108155118035171,0.986247943636965,63.81519262399111,59.593684176546006,61.70443840026856,17.286731422073636
2018-08-17,60.294166564941406,-0.006729781745026483,46.62758025723402,0.5544472096226016,0.8998877968340924,63.685638651574855,59.81235138443589,61.748995018005374,17.314802149510996
2018-08-20,60.5966682434082,0.005004553245186172,48.768107438523884,0.4497491328671188,0.8098600640406977,63.625995644119755,59.92629546305798,61.77614555358887,16.916413374132354
2018-08-21,60.37152862548828,-0.0037222986487239155,47.249281915940315,0.34463552334865,0.7168151559022882,63.60244281794013,59.74781772588311,61.67513027191162,16.95456369428629
2018-08-22,60.58675384521485,0.0035586723367317017,48.8880604404819,0.27552304882263456,0.6285567344863575,63.37097980949459,59.71055171516361,61.5407657623291,16.919917892995013
2018-08-23,60.55748748779297,-0.0004831654838760672,48.66665738822228,0.21590059669227202,0.5460255069275405,62.93696349540201,59.82550446114095,61.38123397827148,17.020936375649708
2018-08-24,61.330604553222656,0.01268585668479694,54.52547808945853,0.22840059985298922,0.48250052551263023,62.856387607066196,59.826042278798056,61.341214942932126,17.012304400579378
2018-08-27,62.29860305786133,0.015660025743688667,60.59041919703858,0.3128104477153073,0.44856250995316566,62.970248740975755,59.84225621813069,61.406252479553224,17.1682177654555
2018-08-28,61.78237533569336,-0.00832086766796982,56.27959114647045,0.3341981689420024,0.425689641750933,63.002823926862874,59.90211763197502,61.452470779418945,17.123495594494077
2018-08-29,62.71416091918945,0.014969139072072766,61.591422873543344,0.4214768783421903,0.42484708906918445,63.17193569687873,59.890007738790224,61.530971717834475,17.424426495019013
2018-08-30,62.207855224609375,-0.008105992562882138,57.50320832767863,0.4446654200044122,0.42881075525623,63.23267874502145,59.895270015964876,61.563974380493164,17.22016864447359
2018-08-31,61.08512496948242,-0.018212898872742456,49.6354235484899,0.36820314118257613,0.4166892324414993,63.22932765194316,59.86708081058125,61.548204231262204,17.560486775066273
2018-09-04,60.06903076171875,-0.01677396909834329,43.79519203917391,0.22304480198566523,0.3779603463503325,63.28910719287482,59.67658227550896,61.48284473419189,17.54019144866239
2018-09-05,59.46353530883789,-0.010131140856120983,40.72042493476721,0.05847330578122012,0.31406293823651005,63.318219645715224,59.36609546353771,61.34215755462647,17.804272376133945
2018-09-06,58.71422958374024,-0.012681163282987575,37.2363627951395,-0.13090451468054454,0.2250694476530991,63.363305238314865,58.93747944491267,61.15039234161377,17.66254696321576
2018-09-07,58.3968505859375,-0.005420149388763526,35.83768600596734,-0.30310364432937575,0.11943482925660415,63.34107536535556,58.52891975183194,60.93499755859375,17.30160043726476
2018-09-10,58.27138900756836,-0.0021507417471707535,35.27363602333867,-0.44457165079788297,0.006633533245706716,63.35750735331973,58.128412599072846,60.74295997619629,17.13585938790333
2018-09-11,59.01176834106445,0.012625669113572614,41.15915488206285,-0.4912804651504672,-0.09294926643352808,63.25948807169297,57.935585628258195,60.59753684997558,17.19152690861253
2018-09-12,58.09980773925781,-0.01557453270599794,36.728998076538964,-0.595026046167412,-0.19336462238030488,63.126698465278345,57.63922179229001,60.38296012878418,17.3911093536179
2018-09-13,58.62248611450195,0.008955990353537651,40.67054028948414,-0.6278321318886455,-0.28025812428197305,63.088204471189336,57.4293683132345,60.25878639221192,17.506088593671365
2018-09-14,58.41619110107422,-0.003525248780621514,39.621407993073646,-0.6628367057398137,-0.3567738405735412,63.081227289883934,57.207834447176616,60.144530868530275,17.00087100485799
2018-09-17,57.51612854003906,-0.01552769147026484,35.338250800046126,-0.754508109429544,-0.4363206943447418,63.16674522860627,56.84451270596404,60.005628967285155,17.344690662649487
2018-09-18,57.87714385986328,0.006257149835264005,38.22293958236441,-0.7889331083522748,-0.5068431771462485,63.15523358649566,56.58407190972016,59.86965274810791,17.29101116176525
2018-09-19,58.23221206665039,0.0061161189085376525,41.01033318252063,-0.7785890413445955,-0.5611923499859179,63.118026598274035,56.407347242058,59.76268692016602,17.07214452695291
2018-09-20,59.090118408203125,0.014625035653667991,47.20830299800958,-0.6931749326381436,-0.5875888665163631,63.03255124538479,56.34315905124607,59.68785514831543,17.191185016590392
2018-09-21,58.12559509277344,-0.01645760720718117,41.88055714330777,-0.6952976483281788,-0.6091306228787262,62.95437917924103,56.17814187788788,59.566260528564456,18.32880666498619
2018-09-24,58.49454498291016,0.0063273997241966385,44.46252357082511,-0.6596052246746709,-0.6192255432379152,62.738237571229234,56.11067752886842,59.42445755004883,17.254324835300466
2018-09-25,59.205169677734375,0.012075361980154095,49.14840526175,-0.5674361965877921,-0.6088676739078906,62.294919680734296,56.244652081350665,59.26978588104248,17.316613634765385
2018-09-26,59.21360397338867,0.00014244862378681594,49.20318687876901,-0.4880846644266512,-0.5847110720116429,61.92586976947031,56.35682485638418,59.141347312927245,17.4438435387706
2018-09-27,59.87315368652344,0.011076906783925419,53.42827702159787,-0.3677387898688309,-0.5413166155830805,61.256282021120995,56.74231188146689,58.99929695129394,17.40661181672746
2018-09-28,59.85926055908203,-0.00023206961274927846,53.32765589469198,-0.2703682397420053,-0.48712694041486554,60.620911661871276,57.142822774163875,58.881867218017575,17.38819324575612
2018-10-01,59.93116760253906,0.0012005475428593071,53.812496062854734,-0.18526347774587038,-0.42675424788106653,60.31416508907784,57.33417361026299,58.82416934967041,17.316975538371423
2018-10-02,59.88703536987305,-0.0007366532557978659,53.44553535681614,-0.11999521294453075,-0.3654024408937594,60.274973168600695,57.35516599155555,58.815069580078124,17.508879942239066
2018-10-03,60.07993698120117,0.003215914743840475,54.89344261849015,-0.0521034785019765,-0.3027426484154028,60.38719102819137,57.304588299201214,58.84588966369629,17.083024192539412
2018-10-04,58.37105941772461,-0.028855749451466503,42.33270361831951,-0.13463889414766328,-0.26912189756185495,60.38378323471407,57.273679076076945,58.82873115539551,17.656595966437827
2018-10-05,57.9128532409668,-0.007880858801513329,39.70897974497019,-0.23432110689749663,-0.2621617394289833,60.402357901557416,57.206704674736535,58.804531288146975,17.276610763754675
2018-10-08,57.32223129272461,-0.010250821136113213,36.563257803964255,-0.3568645217960551,-0.28110229590239766,60.473551714328046,57.040595090481524,58.757073402404785,17.648273904056495
2018-10-09,56.78913497924805,-0.009343507298407988,33.949050544160826,-0.4913336892811486,-0.3231485745781479,60.5684303462955,56.72345312233243,58.645941734313965,17.33271164506513
2018-10-10,54.16036224365234,-0.047395704873107555,24.606319660299775,-0.8007904496741745,-0.41867694959735324,61.2248816827038,55.67305723636358,58.44896945953369,17.892708978306302
2018-10-11,54.08995056152344,-0.0013009051010457043,24.412527894135067,-1.0397333967083497,-0.5428882390195526,61.611047293345685,54.83363807042385,58.22234268188477,18.030537666713908
2018-10-12,55.5677375793457,0.026954361597718825,35.834521361055806,-1.097204451832397,-0.6537514815821215,61.66789499985191,54.491945011744775,58.07992000579834,17.71485353049026
2018-10-15,54.6701545715332,-0.016284833218075282,32.61118163847996,-1.2013299406373363,-0.7632671733931644,61.83237061377481,54.042872000971286,57.93762130737305,17.219171602315715
2018-10-16,56.18959426879883,0.027413644138266566,42.10496510054006,-1.1480105051255691,-0.8402158397396454,61.825851153612426,53.88063650202722,57.853243827819824,17.46299496276842
2018-10-17,55.91734313964844,-0.00485699940885318,40.99065206220944,-1.1148713166069797,-0.8951469351131123,61.797544618315335,53.677456144624124,57.73750038146973,17.38931583228166
2018-10-18,54.44550704956055,-0.026674254173150634,35.51801084152902,-1.1936139046794025,-0.9548403290263704,61.76593025312302,53.24460937395217,57.505269813537595,17.647450876586394
2018-10-19,54.8060302734375,0.00659989857111485,37.71170986077663,-1.2129446905273937,-1.0064612013265752,61.75405019803253,52.92453294710907,57.3392915725708,17.536034041633958
2018-10-22,55.11299514770508,0.005585305566314026,39.595985938968894,-1.1897799351615674,-1.0431249480935738,61.657106958141185,52.683321203479906,57.170214080810545,17.11563455441159
2018-10-23,55.28854370117188,0.0031801857700394977,40.70077758069869,-1.1440682913914273,-1.0633136167531445,61.42908172565706,52.51968383830778,56.97438278198242,17.444799257199627
2018-10-24,52.42272186279297,-0.05322560004697838,30.797712095615594,-1.323829078491869,-1.1154167091008895,61.395606622276404,51.87407073062887,56.63483867645264,17.713150643314705
2018-10-25,54.72718048095703,0.043020366269811164,42.84124983121748,-1.2657494740191026,-1.1454832620845323,60.954064852339876,51.801015180008754,56.377540016174315,18.105367091372916
2018-10-26,53.74331283569336,-0.018141240036402554,39.6671737537423,-1.2843061832535625,-1.1732478463183384,60.48305075578939,51.660434504220376,56.071742630004884,18.48307322336377
2018-10-29,51.31240081787109,-0.04628679260179259,33.13497874993398,-1.4781278550640735,-1.2342238480674856,60.147531505189576,51.13407707635339,55.640804290771484,18.213533578024393
2018-10-30,52.04534530639648,0.01418290940449501,36.52881597322124,-1.5546691731521634,-1.298312913084421,59.560211046479104,50.93722852871621,55.24871978759766,17.905980975369136
2018-10-31,54.08201217651367,0.0383862747370564,44.8981650481465,-1.4344512626630959,-1.325540583000156,58.63433821221739,51.26330888250917,54.94882354736328,18.0770066501016
2018-11-01,53.8538932800293,-0.0042269388517127615,44.19522804099486,-1.3421139369263813,-1.3288552537854013,58.06287609905005,51.38305438190698,54.722965240478516,17.50768460394541
2018-11-02,53.13534164428711,-0.013432425051795215,41.96642742535161,-1.3117954909875849,-1.325443301225838,57.5342045490734,51.433974772215656,54.48408966064453,17.58684521503572
2018-11-05,52.353790283203125,-0.01481793711388175,39.625668608795706,-1.335438463959754,-1.327442333772621,57.117153380627485,51.354181839709426,54.235667610168456,17.630097146747772
2018-11-06,53.04011917114258,0.013024255260408003,42.65078166257722,-1.283993605980271,-1.3187525882141513,56.70965472372578,51.38677891580059,54.048216819763184,17.171013015256136
2018-11-07,54.9577751159668,0.03551657252485066,50.164444072371786,-1.0760799967969135,-1.2702180699307037,56.780312995017375,51.395861931740434,54.088087463378905,17.58569348619009
2018-11-08,54.2828483581543,-0.012356856347270528,47.79119820589177,-0.9547620102047176,-1.2071268579855068,56.79136773058784,51.404096975833056,54.097732353210446,17.332830367607162
2018-11-09,53.40957260131836,-0.016218316771502143,44.83557598113935,-0.9184948501982646,-1.1494004564280584,56.60734420508629,51.372304003531866,53.98982410430908,17.366850626742323
2018-11-12,52.03790664672852,-0.026017565113071354,40.58942402646298,-0.9890338767679125,-1.1173271404960294,56.59374399650302,51.12267941963468,53.85821170806885,17.341929933789846
2018-11-13,51.96897506713867,-0.0013255197838203299,40.3824480325768,-1.0385272700103556,-1.1015671663988946,56.27449033440587,51.01987116156582,53.64718074798584,17.06394522390897
2018-11-14,52.29676818847656,0.006287668241506619,41.899679713148714,-1.0393203374296434,-1.0891178006050444,55.92861281694725,51.003691183907236,53.46615200042724,17.361269966330102
2018-11-15,53.11351776123047,0.015496892182392944,45.61367413883242,-0.9629437680663315,-1.0638829940973018,55.82221496302157,50.97689010899992,53.399552536010745,17.54322605991112
2018-11-16,52.97565841674805,-0.002598934727295348,45.089745090271755,-0.9031281840159906,-1.0317320320810397,55.643713103245716,50.97235478310682,53.30803394317627,17.381261492872806
2018-11-19,50.94989776611328,-0.03898977978378936,38.15452729117016,-1.0075712035825646,-1.0268998663813447,55.49941800781339,50.700340140379964,53.09987907409668,17.637258707042136
2018-11-20,51.10015487670898,0.0029447749469296773,38.90514455968277,-1.065931165034982,-1.0347061261120722,55.2156535768872,50.565265688859874,52.89045963287354,17.812940338697064
2018-11-21,51.74384307861328,0.012517922680731201,42.14465458478781,-1.0481590712627735,-1.0373967151422125,55.22978391537387,50.483247471955224,52.85651569366455,17.206590295110445
2018-11-23,51.082801818847656,-0.012857569498347609,39.81009175213422,-1.0750228695562996,-1.0449219460250299,55.002002164215014,50.34659135690315,52.67429676055908,16.467202095928908
2018-11-26,52.36421203613281,0.024775500339870957,46.04897768307269,-0.9815982740249822,-1.0322572116250204,54.880829885032455,50.32985355612965,52.60534172058105,17.267337712265437
2018-11-27,52.182708740234375,-0.003472191756631646,45.33222160576409,-0.9116949561273913,-1.0081447605254947,54.852386391120135,50.4453278422783,52.64885711669922,17.313471638317754
2018-11-28,54.14202117919922,0.03685942611984577,53.70858826535335,-0.6902392850807786,-0.9445636654365516,55.03447244430295,50.47290937637577,52.75369091033936,17.64506460308028
2018-11-29,54.280372619628906,0.0025520837656130254,54.24174922477487,-0.4978315728010827,-0.8552172469094579,55.07028953863245,50.45692832635778,52.76360893249512,17.24962681863744
2018-11-30,55.02769088745117,0.013673829503053589,57.114977642310315,-0.2817963629231812,-0.7405330701122026,55.299229865519365,50.34536776021305,52.82229881286621,17.90430643801536
2018-12-03,55.36044692993164,0.006028855218543594,58.3684880886415,-0.08278201147711428,-0.608982858385185,55.65728162018618,50.20982653411069,52.933554077148436,17.867851890087547
2018-12-04,52.68803787231445,-0.04947693999593857,46.590278214634026,-0.13909933033666277,-0.5150061527754806,55.66309569595277,50.23743721725524,52.950266456604005,17.63607597481899
2018-12-06,53.46213150024414,0.014585136414885241,49.7531728784148,-0.11988634966144218,-0.4359821921526729,55.69368726696322,50.24904687915495,52.971367073059085,17.674892013147858
2018-12-07,51.90004348754883,-0.029653952770178748,44.080269988096866,-0.2280782279267939,-0.3944013993074972,55.41145929308308,50.22550169019329,52.818480491638184,17.569287867085134
2018-12-10,52.22734451293945,0.006286570893842315,45.48290231543055,-0.28413527892487167,-0.3723481752309721,55.22592123688979,50.20548936186509,52.71570529937744,17.331583077368755
2018-12-11,52.64736557006836,0.008010001696521472,47.30940478574211,-0.29131065872306294,-0.35614067192939025,55.16650909530322,50.18868080032666,52.67759494781494,17.337508669312484
2018-12-12,53.24641799926758,0.011314334035340927,49.88813865481905,-0.24582495727585751,-0.3340775289986837,55.22021514355888,50.25582588732491,52.738020515441896,17.181426160012176
2018-12-13,53.23699569702149,-0.00017697220522155846,49.846816046326644,-0.20813822432943851,-0.3088896680648347,55.265619071088544,50.33722402278352,52.801421546936034,17.033826265996325
2018-12-14,52.15444564819336,-0.020544137360190732,45.21309102073859,-0.2625969049835817,-0.2996311154485841,55.265451322737555,50.3231595171062,52.794305419921876,17.408924847764407
2018-12-17,50.86212539672852,-0.02509087686033395,40.38654564711649,-0.4053624793453281,-0.3207773882279329,55.29281158688569,50.07066001650786,52.681735801696775,17.726172657780314
2018-12-18,51.74284362792969,0.017167586918063305,44.71775693525792,-0.44233960914152703,-0.3450898324106518,55.260002994707314,49.9801871298044,52.62009506225586,17.5914847418439
2018-12-19,51.34860610961914,-0.007648344089197908,43.20454362233327,-0.49771853441242087,-0.37561557281100566,55.23242696135658,50.04763399750573,52.640030479431154,17.880494982043146
2018-12-20,50.75947570800781,-0.01153947715930724,40.97324026635424,-0.5824307325804057,-0.4169786047648857,55.26205273105488,49.983940310937314,52.6229965209961,17.798439289539147
2018-12-21,49.15622329711914,-0.03209485691751783,35.58689224798468,-0.7700580803603359,-0.48759449988397574,55.536908450114616,49.450322613728154,52.493615531921385,18.466189348738244
2018-12-24,48.82991409301758,-0.006660338269293911,34.59020401900912,-0.9343143368642757,-0.5769384672800357,55.789050979396855,48.97289131186292,52.380971145629886,17.4089798547763
2018-12-26,51.96302795410156,0.06218934605318595,49.279063250878416,-0.8024226704277311,-0.6220353079095748,55.774125797875854,48.94769808518079,52.36091194152832,17.65104123399378
2018-12-27,52.21345901489258,0.00480783237130009,50.24092851308653,-0.6699669192770017,-0.6316216301830603,55.7753530082395,48.949545902282956,52.36244945526123,17.644065015891712
2018-12-28,51.90500259399414,-0.0059251225680525665,49.00814852467805,-0.583162305435394,-0.621929765233527,55.563086703438195,48.93811034856376,52.25059852600098,17.35350901019003
2018-12-31,51.8197135925293,-0.0016445264701085978,48.65266583376589,-0.515310949346599,-0.6006060020561415,55.30255606644241,48.952575082849584,52.127565574646,17.315345939725784
2019-01-02,52.30172729492188,0.00925874904615174,50.82365400066442,-0.41782733000530214,-0.5640502676459737,54.86146795865836,49.12106683138071,51.991267395019534,17.27711296086183
2019-01-03,50.85319900512695,-0.02808636605931077,44.70633777816191,-0.45224182423714865,-0.5416885789642087,54.19636123870862,49.33544875884998,51.7659049987793,17.55222736532459
2019-01-04,53.46163558959961,0.05002127374773824,55.170352734258934,-0.26597058278864694,-0.4865449797290964,54.319971589926155,49.28919817936095,51.80458488464355,17.644630122721395
2019-01-07,53.35502243041992,-0.001996190417456607,54.7145873486462,-0.12550532560214833,-0.41433704890370676,54.3001716114687,49.29828725083598,51.79922943115234,17.67510280128104
2019-01-08,53.82365036010742,0.008744853876433248,56.418849153501874,0.023359486534452856,-0.3267977418160749,54.555563488293956,49.2352560612666,51.895409774780276,17.38261780838572
2019-01-09,53.63917541503906,-0.0034332826248481,55.532873008278145,0.12500930684645084,-0.2364363320835698,54.735909510104875,49.19609312966563,51.96600131988525,17.11127338419069
2019-01-10,53.49933242797852,-0.002610509877210963,54.82995658037969,0.19206930605078298,-0.15073520445669925,54.847962591138845,49.169236734422675,52.00859966278076,17.09634662055206
2019-01-11,52.78721237182617,-0.013400204390435887,51.271001087975264,0.18561306954001822,-0.08346554965735575,54.79006872615932,49.18121003665806,51.98563938140869,17.245101046527854
2019-01-14,52.144527435302734,-0.012249734432026196,48.22845219495847,0.12717120190105646,-0.041338199345673315,54.67472042536123,49.18731151128428,51.931015968322754,17.165063741574127
2019-01-15,53.880184173583984,0.03274353273434837,55.84855890567183,0.21839111718184512,0.010607663959830371,54.89582661705194,49.13877917213263,52.017302894592284,17.44033140243136
2019-01-16,54.02894592285156,0.0027571688025829714,56.44034728576872,0.2992379582444613,0.06833372281675656,55.13390992822396,49.21737791357292,52.17564392089844,17.460438150672328
2019-01-17,54.50551223754883,0.008781899971197002,58.36561213863702,0.39718606727797834,0.13410419170900093,55.44017456475196,49.18738013800682,52.31377735137939,17.03021774612735
2019-01-18,54.91115951538086,0.00741475919211696,59.986749498595664,0.5017590288004996,0.20763515912730068,55.78810561075022,49.19570443258473,52.49190502166748,17.619770185393968
2019-01-22,53.48941040039063,-0.02623289985152217,52.30022104242424,0.46455547633258476,0.2590192225683575,55.847735963982714,49.40906754859053,52.62840175628662,17.495147455943414
2019-01-23,53.77604293823242,0.005344371578371271,53.59132520882183,0.4529785880863315,0.29781109567195235,55.666281102551096,50.05250437413348,52.85939273834229,17.042116468586375
2019-01-24,53.755706787109375,-0.00037823529176145363,53.480721387964806,0.43712397027576344,0.32567367059271457,55.19711677938157,51.01424796671218,53.105682373046875,17.18672975045448
2019-01-25,54.62403106689453,0.016024081197343457,57.51282221064654,0.4889888251332408,0.3583367015008198,55.3624156088025,51.11504944857055,53.238732528686526,16.962245748047053
2019-01-28,53.55040740966797,-0.01985051046411966,51.56192626505055,0.43840596867434556,0.37435055493552494,55.37689916042494,51.23426073642564,53.30557994842529,17.194257844878972
2019-01-29,53.06442642211914,-0.00911663670101247,49.08605696802662,0.3550117320582231,0.3704827903600646,55.332176120147444,51.39492615951564,53.36355113983154,16.796332269533625
2019-01-30,54.44948196411133,0.02576656717214842,55.62581347570179,0.39611741062834227,0.37560971441372015,55.378964787991315,51.61111432882998,53.495039558410646,17.198272411424295
2019-01-31,55.833038330078125,0.025092443583030137,61.01296733447736,0.5341777246207684,0.40732331645512987,55.737738748398165,51.60547147193875,53.67160511016846,17.510173281689774
2019-02-01,55.47251892089844,-0.006478035398189208,59.002863280308034,0.6074977587871615,0.4473582049215362,55.65036886367184,52.15477334824222,53.90257110595703,17.315527137437716
2019-02-04,56.60317611694336,0.020177355230611708,63.10789750674757,0.7482140546557261,0.5075293748683742,56.16806061620764,51.9512356484408,54.05964813232422,18.177436533684954
2019-02-05,57.12139129638672,0.009113576389347292,64.84533840446895,0.89127431154931,0.5842783622045614,56.730925858905806,51.765007292339305,54.247966575622556,18.225833073944262
2019-02-06,55.68427276611328,-0.025480924185319175,56.849396419465876,0.8785596521529584,0.6431346201942408,56.89541586005001,51.786579531795695,54.34099769592285,17.692030751072576
2019-02-07,54.84223175048828,-0.015237201444038567,52.74545408764147,0.7914145855429666,0.672790613263986,56.9426093388114,51.85969168657922,54.40115051269531,17.460908259577273
2019-02-08,54.66717147827149,-0.0031971760629961026,51.90650384105202,0.7001546445686344,0.6782634195249158,56.967198551629295,51.95188637879063,54.459542465209964,16.895859723181356
2019-02-11,54.65428161621094,-0.00023581578465020224,51.84111992889667,0.6196474694008032,0.6665402295000933,56.93425106990673,52.17154078495167,54.5528959274292,16.73317323015624
2019-02-12,55.91685104370117,0.022838226844639493,57.48965044726988,0.6502283267254967,0.6632778489451739,56.90752527733734,52.575498938360894,54.74151210784912,17.371886690807187
2019-02-13,55.96892166137695,0.0009307818174942129,57.70995294032263,0.6709314599229685,0.6648085711407329,57.03836025639541,52.653537708082126,54.84594898223877,17.149213979924006
2019-02-14,55.99718475341797,0.000504850861502696,57.837673533914995,0.6817605264949336,0.6681989622115732,57.15894515579615,52.72977669173804,54.94436092376709,16.865067965593063
2019-02-15,55.52259826660156,-0.008511303357513487,54.84251049516694,0.6446167360973618,0.663482516988731,57.214075427134624,52.77635502330482,54.995215225219724,17.14148142932157
2019-02-19,55.86378479003906,0.0061261992919408315,56.583228269858665,0.635386574708555,0.6578633285326958,57.29476220253737,52.7909307753679,55.042846488952634,16.905643552435652
2019-02-20,55.57021331787109,-0.0052689871374172765,54.63180799259335,0.5974952872400081,0.6457897202741583,57.286060398694815,53.0077128709585,55.14688663482666,16.997307416102053
2019-02-21,54.75791931152344,-0.014725322812204554,49.54073186612893,0.49620093572848134,0.6158719633650229,57.24589367063188,53.14606723635054,55.19598045349121,17.320226790460186
2019-02-22,55.370361328125,0.011122453319809503,53.09020554526524,0.4600403262021615,0.5847056359324507,57.21175567596069,53.34167068512329,55.27671318054199,17.197729007000632
2019-02-25,55.40855407714844,0.000689531042923605,53.31077243801247,0.42951345454435597,0.5536671996548318,57.22693048713733,53.40494817497204,55.315939331054686,17.08157530379122
2019-02-26,55.6406364440918,0.004179818038189417,54.70449961084469,0.41921534272195515,0.5267768282682564,57.144359229022115,53.696542336529646,55.42045078277588,17.371601229364966
2019-02-27,55.68427276611328,0.0007839453823202248,54.97663791633194,0.4098505988317953,0.5033915823809643,56.8726792101959,54.230206989755274,55.551443099975586,16.910726155268467
2019-02-28,55.86577224731445,0.003254138379662022,56.156554288381514,0.41232147777342476,0.48517756145945634,56.84279232349879,54.40172290477269,55.62225761413574,17.126856205365808
2019-03-01,56.95525741577149,0.01931411261718671,62.50812432218212,0.49646902909722,0.48743585498700914,57.03526827124476,54.32146886559606,55.67836856842041,17.344397330104876
2019-03-04,57.19825744628906,0.00425743172003195,63.76887138216615,0.5761234489038998,0.5051733737703873,57.277016442105804,54.252294547274076,55.76465549468994,17.38476155279963
2019-03-05,57.98029327392578,0.013579747975924277,67.55069446184386,0.6943498729068978,0.5430086735976893,57.6091049890245,54.05791771605362,55.83351135253906,17.506737280087947
2019-03-06,57.76953506469727,-0.003641619951681042,65.56446064565368,0.7622519733365181,0.5868573335454551,57.760177410953744,53.97165967095543,55.86591854095459,16.97684205453712
2019-03-07,57.07080841064453,-0.012168812024976154,59.33540827417187,0.7510261141095143,0.619691089658267,57.90162963653641,53.968861009825886,55.93524532318115,17.219570538477956
2019-03-08,57.02716827392578,-0.000764959031086807,58.958648536615875,0.7301909586337629,0.6417910634533662,57.99792848467789,54.09105581402816,56.044492149353026,16.98073245170162
2019-03-11,58.47966766357422,0.02515134185378483,66.56771174434093,0.8214147515676373,0.6777158010762204,58.35925891034817,54.11097500688816,56.235116958618164,17.21777407110624
2019-03-12,59.37179946899414,0.015140224703893434,70.2197522987968,0.954692741887591,0.7331111892384946,58.884066386213384,54.05791931630126,56.47099285125732,17.558404624069905
2019-03-13,59.461551666259766,0.0015105559756486517,70.56808064900089,1.055392849847351,0.797567521360266,59.388455003674345,53.90800076109617,56.64822788238526,17.06929013746829
2019-03-14,59.137725830078125,-0.005460853518661577,67.50034724834795,1.096429416446938,0.8573399003776004,59.741076999607905,53.872259182032714,56.80666809082031,17.122470554172413
2019-03-15,59.02714157104492,-0.0018716949250479015,66.43817848165882,1.107264114156827,0.9073247431334458,60.0264175029383,53.88991436046501,56.95816593170166,17.76455958150189
2019-03-18,58.94036102294922,-0.0014712622008830163,65.56624849262892,1.0962117781651202,0.9451021501397807,60.24105069858071,54.01705744045738,57.12905406951904,17.011813562893263
2019-03-19,59.630157470703125,0.011635341375251964,69.04395274552195,1.130086595905098,0.9820990392928443,60.560075217034,54.07467019007049,57.317372703552245,17.20961621938324
2019-03-20,60.81882858276367,0.019737977740371438,73.93016213314928,1.2385709823226634,1.0333934278988082,61.067437178313725,54.092169755280025,57.579803466796875,17.541396761799046
2019-03-21,61.29985427856445,0.007878044085890492,75.60805510303175,1.3478235231145774,1.096279446941962,61.505524206645106,54.30827622365274,57.90690021514892,17.15305794807395
2019-03-22,59.88753128051758,-0.023309141224004768,62.823185168779204,1.3053964880148854,1.1381028551565469,61.62656008619658,54.638957339340536,58.132758712768556,17.35420648186325
2019-03-25,59.37823867797852,-0.008540517507770613,58.951992755463074,1.216652290078791,1.1538127421409958,61.61833373242608,55.044152153194034,58.33124294281006,17.132456423442257
2019-03-26,59.00433349609375,-0.006316916727843505,56.21330376417916,1.1034311827126473,1.1437364302553261,61.54198739998794,55.456868190832374,58.499427795410156,17.241465623270365
2019-03-27,58.41767883300781,-0.009992326527712826,52.12191877539268,0.9553518099977012,1.1060595062038012,61.37680727005161,55.895388927458164,58.636098098754886,17.197457194015534
2019-03-28,58.13302993774414,-0.0048845599347617326,50.212273165104534,0.8057409729493159,1.0459957995529043,61.17740841604926,56.32151355050347,58.749460983276364,16.924660843192694
2019-03-29,58.36213684082031,0.003933333970668023,51.744737655573914,0.6976186060149274,0.976320360845309,61.10627774080516,56.53333216825245,58.819804954528806,17.245943097267702
2019-04-01,59.45758819580078,0.0185959171515156,58.34649135112303,0.6923437131614634,0.91952503130854,61.10217218202776,56.763370801981026,58.93277149200439,17.137159590293226
2019-04-02,59.78289031982422,0.0054562500102474975,60.09250482685056,0.7062710324928361,0.8768742315453993,61.175400082774715,56.87040260582391,59.022901344299314,16.72175571969739
2019-04-03,60.04423522949219,0.004362039444113334,61.489165054462475,0.7299821041647974,0.847495806069279,61.250322293614275,57.02295041146385,59.136636352539064,16.914701584972157
2019-04-04,60.47269821166992,0.007110449546726086,63.730281513296895,0.774419653435757,0.8328805755425747,61.26203120816169,57.35143047701898,59.30673084259033,16.861080113934648
2019-04-05,60.07597351074219,-0.006582007541480926,60.23493257264138,0.7687625474807547,0.8200569699302107,61.11927673376312,57.79906547509918,59.45917110443115,16.81184270156025
2019-04-08,59.91877365112305,-0.0026201138511247257,58.85742636410284,0.7430293554668381,0.8046514470375362,61.13631680311815,57.925936004499036,59.53112640380859,16.89512436147598
2019-04-09,59.64155960083008,-0.004637232759706552,56.407625830567284,0.6922865103560127,0.7821784597012316,61.148700897639486,57.9405279231613,59.54461441040039,16.794503558357977
2019-04-10,59.82802200317383,0.0031215067675754416,57.68347739038123,0.6595159086999587,0.757645949500977,61.171395792595135,57.95448006189706,59.5629379272461,16.556995599627253
2019-04-11,59.98373031616211,0.0025992174830420083,58.76870737348286,0.6387462610459949,0.7338660118099806,61.211107260349785,57.99936904275081,59.605238151550296,16.64860630687116
2019-04-12,60.63534927368164,0.01080468030348178,63.04045003001098,0.6671755848679908,0.7205279264215827,61.33022435728557,58.04107271607869,59.68564853668213,17.006480654710717
2019-04-15,60.82378768920898,0.0031029129867173304,64.19569425023003,0.6968782553703932,0.7157979922113449,61.460016173887745,58.09962356610249,59.779819869995116,16.9850280993138
2019-04-16,61.0905876159668,0.0043768481281918886,65.82447730018532,0.7334911309142598,0.7193366199519279,61.62980529495772,58.07587745955888,59.8528413772583,16.93443348627822
2019-04-17,61.49871063232422,0.006658403792340557,68.20706385671477,0.7863743807972057,0.7327441721209834,61.76475403502048,58.00891692445217,59.88683547973633,17.228834152355837
2019-04-18,61.56466674804688,0.0010719049556716204,68.58819555679861,0.8241070515517848,0.7510167480071437,61.82313481448058,57.97701739194032,59.90007610321045,17.024336087383013
2019-04-22,62.174129486083984,0.009850874343144347,71.93607366653139,0.8928962621396579,0.7793926508336466,62.18967224915349,57.839139777824045,60.01440601348877,16.76436089801805
2019-04-23,63.008731842041016,0.013334328891214206,75.74797682249093,1.003193452538234,0.8241528111745642,62.724846580021385,57.66701476336241,60.1959306716919,17.27711296086183
2019-04-24,62.48605346679688,-0.008329930144004611,69.39119369465021,1.0364810851382913,0.8666184659673097,63.02953242865123,57.710500911802875,60.37001667022705,16.9680756682874
2019-04-25,62.847564697265625,0.005768799119120335,71.19193914852931,1.079587891627149,0.9092123510992777,63.30375575468745,57.87926617219244,60.591510963439944,17.26053345107049
2019-04-26,63.347434997558594,0.007922230134202103,73.51237308581825,1.1409337281688323,0.9555566265131887,63.57189754302566,58.13256488983567,60.85223121643067,17.119756450276878
2019-04-29,64.27873992919922,0.014594521269369755,77.19753250676938,1.2502867430469564,1.0145026498199423,64.01066455720519,58.285458184494026,61.14806137084961,18.097274784518024
2019-04-30,59.45658874511719,-0.07798249249245286,43.47210328521917,0.9370408711523694,0.9990102940864278,64.0107388721594,58.28528392447147,61.14801139831543,18.707197144772877
2019-05-01,58.18510437011719,-0.0216170620191761,38.67440830868784,0.5795128348115739,0.9151108022314571,64.17040843265158,57.96583576900857,61.06812210083008,18.124159736285087
2019-05-02,57.84739685058594,-0.005820928955753605,37.49092398100296,0.265854510367582,0.7852595438586821,64.35481957153887,57.56174079223067,60.95828018188477,17.624348479765526
2019-05-03,58.98994827270508,0.019558606766192668,43.761302968617265,0.10822483103928704,0.6498526012948032,64.3883324315658,57.37995293830725,60.88414268493652,17.543322246125395
2019-05-06,59.1838493347168,0.003281628244989474,44.773779922137024,-0.0010396458926535956,0.5196741518573118,64.40914380356598,57.26992914870452,60.83953647613525,17.274158934734377
2019-05-07,58.45983123779297,-0.012308816496150196,41.751232560716836,-0.1443902991307766,0.38686126165969414,64.4724517221982,57.060726988739304,60.76658935546875,17.415668109336824
2019-05-08,58.05913925170898,-0.0068777395458248436,40.136377868998835,-0.28702062407182893,0.25208488451338956,64.55836152591984,56.81657515010555,60.68746833801269,17.054973055625815
2019-05-09,57.9197883605957,-0.002403039259632369,39.56326514255014,-0.40661344975181635,0.12034521766034838,64.64207169201121,56.54204161975636,60.59205665588379,17.201797360724754
2019-05-10,57.90342712402344,-0.00028252085063660453,39.49196315130391,-0.49698293091139334,-0.0031204120539999602,64.70716433530913,56.26891865724458,60.48804149627686,17.270248738150034
2019-05-13,56.36365509033203,-0.026952035736370693,33.392596919705625,-0.6849524253233525,-0.13948681470787047,64.87723016973224,55.6716834044865,60.27445678710937,17.635988309352285
2019-05-14,55.78196334838867,-0.010373957837842463,31.418439618308483,-0.8708190066236625,-0.2857532530910289,65.03269104702039,55.01204009311632,60.02236557006836,17.514142328278265
2019-05-15,58.06013488769531,0.04002870218965042,45.106216853345764,-0.824782626938493,-0.3935591278605217,64.9282197303603,54.81346613694927,59.870842933654785,17.89815360707487
2019-05-16,58.73951721191406,0.011633424827813179,48.41280414793508,-0.7251192651171294,-0.4598711553118433,64.75368887069217,54.71207765457638,59.732883262634275,17.379620153444453
2019-05-17,57.95996475219727,-0.013360197356005956,45.0588816339369,-0.7009584882246074,-0.5080886218943962,64.55535139029429,54.549944935389306,59.5526481628418,17.04876258820605
2019-05-20,56.76384735107422,-0.020852876528978912,40.43063499474468,-0.769457746438583,-0.5603624468032335,64.27307587238872,54.291192239793894,59.28213405609131,17.236575956941497
2019-05-21,57.24884033203125,0.00850775323695402,42.9877518843243,-0.7756676084223173,-0.6034234791270503,63.73828958060854,54.2499893805731,58.99413948059082,16.838955318718202
2019-05-22,57.31875991821289,0.0012205823410729438,43.365201552778984,-0.7661157371936866,-0.6359619307403777,63.23575019665518,54.235799409668054,58.73577480316162,16.75074950420733
2019-05-23,56.79756927490234,-0.009134438005749163,41.17680523671837,-0.7914778753020855,-0.6670651196527193,62.56800980698339,54.29854025710352,58.433275032043454,17.042909993433856
2019-05-24,56.463829040527344,-0.0058932911876884726,39.7920360022419,-0.828951958040264,-0.6994424873302283,61.600480670765904,54.57770879761789,58.089094734191896,16.736196011092087
2019-05-28,56.51093292236328,0.0008338833160086729,40.098230389366364,-0.8451076737936347,-0.7285755246229096,59.7386932768739,55.66271549082629,57.700704383850095,16.857553782118767
2019-05-29,55.53798675537109,-0.01736688981502872,36.023102906208884,-0.9257483684169472,-0.7680100933817171,59.585011595274025,55.424536973451566,57.504774284362796,17.405398090472694
2019-05-30,55.610877990722656,0.001311596766508914,36.54341494128221,-0.9725638754195103,-0.8089208497892758,59.59311418878686,55.15901174199927,57.37606296539307,16.710759348225213
2019-05-31,54.87148666381836,-0.013384984439114607,33.5616857925197,-1.057142126352126,-0.8585651051018458,59.69626240823834,54.75827250387104,57.22726745605469,17.26809792767233
2019-06-03,51.51126480102539,-0.06319332724474787,23.984025589331594,-1.3794118205380599,-0.9627344481890887,60.27846650979885,53.428200055142554,56.8533332824707,18.389086882682168
2019-06-04,52.29230499267578,0.015048710423293558,29.05212541535191,-1.5538773283807075,-1.0809630242274124,60.31240551897491,52.70510661176239,56.50875606536865,17.918352266965968
2019-06-05,51.80384063720703,-0.009384938082319836,27.80363269497485,-1.7118246426152623,-1.2071353479049824,60.40209656470455,51.949816505974155,56.17595653533935,17.66540282920794
2019-06-06,51.95856475830078,0.002982279278900749,28.846701534691448,-1.8037219003172993,-1.3264526583874459,60.394908327458424,51.34694729387947,55.870927810668945,17.18349583987931
2019-06-07,52.98060989379883,0.019479426180631528,35.47804992836281,-1.7736352748838158,-1.4158891816867198,60.21576322903707,51.032174545621125,55.6239688873291,17.595783463323887
2019-06-10,53.6942253112793,0.01337946407769526,39.703543361227354,-1.672924178635398,-1.4672961810764558,59.95092851290257,50.876089080481215,55.41350879669189,17.165765495964266
2019-06-11,53.60892105102539,-0.0015899678828918836,39.37161500379015,-1.5817597088469384,-1.4901888866305524,59.858765254939385,50.69277893451374,55.27577209472656,17.327294804099456
2019-06-12,53.51272201538086,-0.0017960714333961454,38.97588790811427,-1.499982799931935,-1.4921476692908289,59.80451499740006,50.52010505875228,55.16231002807617,16.979719023737736
2019-06-13,54.10333633422852,0.010976433401559104,42.77856328101511,-1.3717042185100325,-1.4680589791346697,59.42019478644017,50.5087454143655,54.964470100402835,16.851136443224526
2019-06-14,53.86976623535156,-0.004326456453562438,41.67261084425346,-1.2742014720812307,-1.429287477723982,58.82658113986245,50.615383963286966,54.72098255157471,17.017525066437234
2019-06-17,54.24616241455078,0.006962853754865101,44.177189073858955,-1.1532637109022517,-1.3740827243596359,58.349684735746834,50.720900133637926,54.53529243469238,16.799676245728488
2019-06-18,54.80900955200195,0.010322337307557302,47.787670173428495,-1.0004698105704435,-1.2993601416017975,58.10900344742561,50.76609764205193,54.43755054473877,17.35722325032231
2019-06-19,54.77280426025391,-0.0006607901768713032,47.57451590848603,-0.8722462958565416,-1.2139373724527462,57.74519611210518,50.882301370194625,54.3137487411499,17.10069836795274
2019-06-20,55.20374298095703,0.007836960463398625,50.40983456139751,-0.7274692704735273,-1.1166437520569026,57.36923616844963,51.04675962012459,54.20799789428711,16.994314148838203
2019-06-21,55.8072509765625,0.010873048151321495,54.14968267774496,-0.5576066410171876,-1.0048363298489598,57.17672386019053,51.140240098549704,54.158481979370116,17.742894990200238
2019-06-24,55.37730407714844,-0.007733970645209884,51.187970858870806,-0.4524666510429185,-0.8943623940877516,56.983605592829576,51.22470586957277,54.104155731201175,17.00334973030795
2019-06-25,53.9332389831543,-0.02642286954688247,42.733734877582464,-0.4801317757857575,-0.8115162704273529,56.6225242456957,51.32801782278574,53.97527103424072,17.27005914672499
2019-06-26,53.573219299316406,-0.006697663292475465,40.91923030365914,-0.5250546628188104,-0.7542239489056444,56.42403544287481,51.33002988000116,53.87703266143799,17.362192635188514
2019-06-27,53.390235900878906,-0.0034214223277901313,39.989821445241205,-0.5688640942691379,-0.7171519779783432,56.18515651879095,51.34684459510065,53.7660005569458,16.996809160008798
2019-06-28,53.696197509765625,0.005714308184457533,42.347775562286365,-0.5722977473259334,-0.6881811318478612,56.06975957837338,51.344712620112944,53.70723609924316,17.33217721913081
2019-07-01,54.54915237426758,0.01575998451446657,48.43111400203351,-0.5004240362013235,-0.6506297127185537,56.00817196196616,51.71008899384439,53.859130477905275,17.189542305804927
2019-07-02,55.17398834228516,0.01138944288995877,52.39400570712055,-0.38856542136210237,-0.5982168544472636,56.09560717331845,51.91082211745303,54.00321464538574,16.84225693352053
2019-07-03,55.689231872558594,0.009295188053267126,55.43522267400668,-0.255396761493472,-0.5296528358565052,56.14665950600696,52.248308908299684,54.19748420715332,16.818913387440425
2019-07-05,56.16926193237305,0.008582861976548334,58.119562788976445,-0.10985884073947005,-0.4456940368330983,56.24536550521346,52.57067262650041,54.408019065856934,17.20981762248548
2019-07-08,55.38177108764648,-0.01411916870001765,52.52956811857035,-0.05740123413558962,-0.36803547629359656,56.28472863567025,52.771425615428385,54.528077125549316,17.21296765346895
2019-07-09,55.75370407104492,0.006693351001477986,54.74354679411728,0.01402204303753507,-0.29162397242737026,56.42298894024013,52.839113186835064,54.6310510635376,17.19895125196768
2019-07-10,56.57788848876953,0.014674397268608471,59.276110248007214,0.13556756083453791,-0.20618566577498865,56.70205991270515,52.856938958144454,54.7794994354248,17.240098924979687
2019-07-11,56.735084533691406,0.0027745480781533193,60.09697405420335,0.24179045658567588,-0.11659044130285576,56.954126741143014,52.92710838153765,54.94061756134033,17.07376096876212
2019-07-12,56.79756927490234,0.0011007361393181848,60.438334707936704,0.3272426140190845,-0.02782383023846771,57.20984882832343,52.940809588424614,55.07532920837402,16.90099216936989
2019-07-15,57.05394744873047,0.004503736349990457,61.87932153583641,0.4109148695897318,0.059923909727172195,57.46336491796197,53.005711620123975,55.23453826904297,16.867812230256206
2019-07-16,57.20024108886719,0.0025608465117626373,62.7138893098284,0.48345741297264055,0.14463061037626587,57.723955287001715,53.04052911851586,55.38224220275879,17.048368219797513
2019-07-17,56.867000579833984,-0.005842894983885506,59.51747885493845,0.5081999643272894,0.2173444811664706,57.90050230107168,53.0697812072291,55.48514175415039,16.787871896377336
2019-07-18,56.891788482666016,0.00043579759293530695,59.68209160773381,0.5237710841122265,0.2786298017556218,58.060186978074704,53.12199495246728,55.59109096527099,17.052226340253537
2019-07-19,56.11371994018555,-0.013770670984421595,52.46987569838189,0.46793363230298013,0.3164905678650935,58.10916641534554,53.1640132111193,55.63658981323242,16.958972986675796
2019-07-22,56.49357986450195,0.0067466561373232545,55.30931137471156,0.44915598017792746,0.3430236503276603,58.17233830438063,53.169474210878164,55.6709062576294,17.179836499435847
2019-07-23,56.93195724487305,0.00772982124308063,58.39808281428815,0.46429583315596545,0.36727808689332136,58.307615721401596,53.18966211062965,55.74863891601562,16.843129068811425
2019-07-24,56.51936340332031,-0.007273527680234414,54.57493375125374,0.4379529518820604,0.3814130598910692,58.308827940631694,53.44706233341616,55.87794513702393,17.11843340713361
2019-07-25,56.3314208984375,-0.003330817411750969,52.87678914463034,0.39733046101433445,0.38459654011572225,58.19625370780607,53.835456726153886,56.01585521697998,17.818507098987908
2019-07-26,61.75063705444336,0.09185181499576567,76.03364486344884,0.7932778841923422,0.4663328089310462,59.514585515976485,53.35316503333993,56.433875274658206,18.61308464433757
2019-07-29,61.5830192565918,-0.002718121007100628,74.80912001718498,1.0810816776320493,0.5892825826712469,60.41150771569749,53.24492500830153,56.82821636199951,17.53835658580658
2019-07-30,60.89669036865234,-0.011207343222153323,69.8487160035959,1.2394990782676274,0.719325881790523,60.99359141658174,53.297595106855766,57.14559326171875,17.169476594866474
2019-07-31,60.41070175170898,-0.008012557331065387,66.48687679344405,1.3107216070063785,0.8376050268336941,61.40048146919621,53.41437639518368,57.407428932189944,17.503389536769653
2019-08-01,60.09234237670898,-0.005283851839500318,64.30349677737046,1.326189545681956,0.9353219306033465,61.706372090451474,53.54879682434345,57.62758445739746,17.382956600022535
2019-08-02,59.325679779052734,-0.01284015791034409,59.25684606857218,1.262036759980198,1.0006648964787168,61.87086325983098,53.69994743963191,57.78540534973145,17.368283907726305
2019-08-05,57.26421356201172,-0.03536637737032199,48.2838097610901,1.0329449731281883,1.007120911808611,61.815838699442864,53.94321624745655,57.879527473449706,17.68337268850966
2019-08-06,58.07402038574219,0.014042526979860326,52.04088054700116,0.9062856277938351,0.9869538550056559,61.80270006189944,54.18838651646969,57.99554328918457,17.39941833747857
2019-08-07,58.31354141235352,0.004115927184172774,53.12557080865968,0.8158301470730223,0.9527291134191292,61.83211486715794,54.3325370035696,58.08232593536377,17.239317115075437
2019-08-08,59.815128326416016,0.02542427339954961,59.33493986665407,0.8554479698856525,0.933272884712434,62.00608498301395,54.46657126698605,58.236328125,17.22056718315709
2019-08-09,58.95771789550781,-0.01443806985562607,54.86568370325635,0.8083414665480433,0.9082866010795558,62.063974226079154,54.62469688598139,58.34433555603027,16.83192747168749
2019-08-12,58.243614196777344,-0.012186082240350294,51.39359402321779,0.7052572561534944,0.8676807320943436,62.074295965418095,54.733341821447134,58.403818893432614,16.909457924337918
2019-08-13,59.346004486083984,0.01875033866463727,56.02058224153012,0.7043961200209452,0.8350238096796639,62.15882612932791,54.863387997259004,58.51110706329346,17.163096205346942
2019-08-14,57.73532485961914,-0.027515595453505914,48.722731434146446,0.5672068708541289,0.781460421914557,62.139986937330036,54.96905961723539,58.55452327728271,17.383069505066324
2019-08-15,57.98674011230469,0.004345163531531634,49.82156424911965,0.4733144380076979,0.7198312251331853,62.12050412972922,55.09803758780007,58.609270858764646,17.165625184477445
2019-08-16,58.4771842956543,0.00842230046743612,51.983200413079935,0.4334818464093786,0.662561349388424,62.03841403872251,55.41647411435366,58.727444076538085,17.031020765491025
2019-08-19,59.52998733520508,0.017843508295610048,56.33201467995092,0.4813182994927061,0.6263127394092805,62.0337071910048,55.724821709141686,58.879264450073244,17.01214081478495
2019-08-20,58.6914176940918,-0.01418666450749938,52.27116843064463,0.44641744891940505,0.5903336813113054,61.988335696562025,55.946139248506334,58.96723747253418,16.821490197460065
2019-08-21,59.09061813354492,0.006778656273987051,53.97222139725762,0.44583114863834794,0.561433174776714,61.888496757684635,56.30310366040618,59.09580020904541,16.465366585483146
2019-08-22,59.08764266967773,-5.035551966330774e-05,53.95678551451952,0.4400537407747507,0.5371572879763213,61.705534359373445,56.761688235841405,59.233611297607425,16.66921838911909
2019-08-23,57.2061882019043,-0.03235973278355468,45.16144416070872,0.2804248882868734,0.4858108080384318,61.33546557245224,56.6773121375087,59.00638885498047,17.406060305588163
2019-08-26,58.0789794921875,0.015141721753257675,49.29090951117137,0.2217881992287971,0.4330062862765049,60.850774701549675,56.811599031970836,58.831186866760255,16.867906725881387
2019-08-27,58.06112289428711,-0.0003075009867250726,49.209264867927914,0.17189581453052227,0.3807841919273084,60.484059200404715,56.894757785679275,58.689408493041995,16.97080744381535
2019-08-28,58.206424713134766,0.0024994402562339892,49.93594601023749,0.142438440962394,0.33311504173432555,60.19008808415791,56.96830119806866,58.57919464111328,16.637484564873198
2019-08-29,59.22252655029297,0.017306246659449923,54.805567429607684,0.19879262884087012,0.3062505591556345,60.01628516521849,57.055122534366475,58.53570384979248,16.79287522508695
2019-08-30,59.038551330566406,-0.003111342657057574,53.78547166662994,0.22600324137327021,0.29020109559916163,59.974999552759456,57.06769530197687,58.52134742736816,16.709431620730303
2019-09-03,57.998146057128906,-0.01777959740399295,48.309324309756526,0.16175126936377637,0.26451113035208457,59.91168768523036,57.20440041901769,58.558044052124025,17.07006239788306
2019-09-04,58.6289291381836,0.01081720056415921,51.531379521312275,0.1598869642055547,0.24358629712277863,59.92027281223584,57.251306167256345,58.58578948974609,16.874780899244172
2019-09-05,60.11266326904297,0.024992276590758,58.140918888012436,0.27496481004239115,0.24986199970670114,60.16637595471143,57.18511521044971,58.67574558258057,17.08864730744631
2019-09-06,59.82157897949219,-0.004854074293349197,56.512732191718364,0.3387716141949255,0.267643922604346,60.1677389453685,57.184397285100246,58.67606811523437,16.758474818688864
2019-09-09,59.76950073242188,-0.0008709387102731402,56.209445129597874,0.38074766481371825,0.29026467104622045,60.282910418164505,57.150404095995654,58.71665725708008,17.276673552187095
2019-09-10,59.79083251953125,0.0003568372010266417,56.312868021527215,0.4109975602552396,0.3144112488880243,60.41381972782944,57.1742166186061,58.79401817321777,17.144925502344783
2019-09-11,60.49996948242188,0.011790513758285739,59.71872933274582,0.4865832182789944,0.3488456427662183,60.62887236096508,57.07456048510425,58.85171642303467,16.97344675390651
2019-09-12,61.24233627319336,0.012195858912214828,62.97307835177982,0.5994777858716418,0.39897207138730306,61.01945366216892,57.03468032525783,59.027066993713376,17.27005914672499
2019-09-13,61.49325942993164,0.004088846514206489,64.03086445310434,0.7011129520629922,0.4594002475224409,61.41435390195816,56.99043201723129,59.202392959594725,16.979972477029616
2019-09-16,61.07670593261719,-0.006797017520448341,60.9194971364854,0.7395224135147345,0.5154246807208996,61.66700117194205,56.9977369109437,59.332369041442874,17.15547066559361
2019-09-17,60.98991775512695,-0.0014219807100794943,60.26246998713641,0.7542644171484838,0.5631926280064166,61.85450092154285,56.95623020333508,59.405365562438966,16.850752012676036
2019-09-18,61.12728500366211,0.0022497617595454637,60.97980779856096,0.7681768852102238,0.604189479447178,62.0673771763162,56.98694067951877,59.52715892791748,16.674277033784556
2019-09-19,61.429779052734375,0.004936388867732058,62.58167148952793,0.7944533939001346,0.6422422623377694,62.31190447997451,56.9763294677794,59.644116973876955,16.622138382835836
2019-09-20,60.98793411254883,-0.0072186752626588885,58.78551411498911,0.7707399123871213,0.6679417923476397,62.45833436327918,57.01992872876184,59.73913154602051,17.44495845483961
2019-09-23,61.22845077514648,0.003935920266581897,60.20075966624404,0.762564127450112,0.6868662593681343,62.45818634818155,57.422303001183685,59.94024467468262,16.85036743428386
2019-09-24,60.41715240478516,-0.013338918603287689,53.524207103703404,0.6827494501350202,0.6860428975215115,62.423804254613415,57.69050238601159,60.0571533203125,17.393570204902808
2019-09-25,61.78633499145508,0.022409178532938206,61.32062628195104,0.7216585053047311,0.6931660190781554,62.53375959408008,57.953068256261716,60.2434139251709,17.103837853146906
2019-09-26,61.60533142089844,-0.002933807535753136,59.89029935122575,0.7294797479681634,0.7004287648561571,62.56766273668826,58.259055784429904,60.41335926055908,16.958196287641137
2019-09-27,60.79502868652344,-0.0132403952299871,53.83621962648161,0.662654808304552,0.6928739735458361,62.57695880002716,58.407009934714054,60.491984367370605,17.345452924823597
2019-09-30,60.55650329589844,-0.003931152642385192,52.16459229197695,0.5837197981102165,0.6710431384587122,62.53740226625874,58.59836166501567,60.567881965637206,17.01295847628522
2019-10-01,59.805702209472656,-0.012475856878434756,47.19691392020924,0.45533108752388074,0.6279007282717459,62.26346911511594,59.05305043139285,60.65825977325439,17.014346968304412
2019-10-02,58.41321563720703,-0.023558851693124903,39.654345684656576,0.23847113372109874,0.5500148093616165,62.31190222056228,58.983045975848846,60.647474098205564,17.312926827642478
2019-10-03,58.9839973449707,0.009724016283696022,43.63093029028338,0.1113814356776004,0.46228813462481333,62.401912216309476,58.780169387694436,60.591040802001956,17.160772342547112
2019-10-04,60.05167388916016,0.01793924738641541,50.23675784906716,0.095711209274846,0.3889727495548199,62.395670462439384,58.809420632531314,60.60254554748535,17.005245934268824
2019-10-07,59.91728210449219,-0.00224044361761434,49.45119513796672,0.07162252816783621,0.3255027052774232,62.3897744030058,58.83009482917193,60.609934616088864,16.651074138050888
2019-10-08,59.01870727539063,-0.015110513330329395,44.446651136546215,-0.019747764230857,0.2564526113757672,62.45636406507549,58.68629264268819,60.57132835388184,16.81553366272134
2019-10-09,59.62717819213867,0.010257013952466856,48.26472839979165,-0.042570139398300455,0.19664806122095366,62.45951080698522,58.595866771750124,60.52768878936767,16.58484405018717
2019-10-10,59.977783203125,0.005862733638052896,50.38087872075724,-0.03199729696478926,0.1509189895838051,62.380510682861974,58.548411588866536,60.464461135864255,16.368231685205618
2019-10-11,60.28722381591797,0.005145990564111315,52.23777731405781,0.001335631853663699,0.12100231803777682,62.25880807541141,58.549510634915734,60.40415935516357,16.921441668599144
2019-10-14,60.38938522338867,0.001693143894078792,52.86493602284053,0.035585581445808145,0.1039189707193831,62.1972423785048,58.5423442608995,60.36979331970215,16.402973871287955
2019-10-15,61.60285568237305,0.019894879783208013,59.643443170435035,0.15881511609998,0.11489819979550248,62.29114109566916,58.509739336459745,60.40044021606445,17.132746488698455
2019-10-16,61.64054107666016,0.0006115604803613457,59.836617217595574,0.2565588557168965,0.1432303309797813,62.37148550604202,58.48072053338669,60.426103019714354,16.950395936415582
2019-10-17,62.12652587890625,0.007853257120855973,62.340119114174,0.3689829794624089,0.18838086067630683,62.50447889940701,58.41740182263889,60.46094036102295,16.8580310407315
2019-10-18,61.7104606628418,-0.006719588278543505,58.9521407695902,0.4196692360503391,0.2346385357511133,62.60438290089249,58.38975047618271,60.4970666885376,17.269426915580212
2019-10-21,61.70401763916016,-0.00010441276868218632,58.898759100199,0.4540841618463318,0.278527660970157,62.67316140510331,58.36852865837326,60.52084503173828,16.711091004834763
2019-10-22,61.55127716064453,-0.002478442113987499,57.56793002471296,0.4636882488778795,0.31555977855170153,62.777596181791345,58.37750635727115,60.57755126953125,16.944986745308565
2019-10-23,62.36604690551758,0.013150404799393578,62.44291660038779,0.5309244990049748,0.35863272264235624,62.887427454650165,58.325646275818585,60.606536865234375,16.87337224997188
2019-10-24,62.43943786621094,0.001176085638976199,62.856868691180196,0.5834066006811724,0.4035874982501195,63.03411476410621,58.2623696108938,60.6482421875,16.822380625374922
2019-10-25,62.69681167602539,0.004113503060422421,64.34120183947422,0.6384077922282785,0.45055155704575134,63.299360103682545,58.18730257026765,60.743331336975096,17.11519191332884
2019-10-28,63.92070007324219,0.019332657849039002,70.3990764957116,0.7718567142471144,0.514812588486024,63.832534910445624,57.99054744123895,60.91154117584229,17.99646087464453
2019-10-29,62.516300201416016,-0.022215927771106994,58.18412524982723,0.7555827264609647,0.5629666160810122,64.0033480913564,58.0907940595225,61.047071075439455,17.77925278605964
2019-10-30,62.518287658691406,3.179051988040989e-05,58.19517984411849,0.7343803653688639,0.5972493659385826,64.00139833774787,58.503251015279474,61.25232467651367,17.1898162784
2019-10-31,62.42406463623047,-0.001508264228938986,57.42016503223832,0.7018834554238254,0.6181761838356312,64.00088800708143,58.8477680750719,61.42432804107666,17.278241983087735
2019-11-01,63.0910530090332,0.010628116576131734,61.34461589554441,0.7216312912696878,0.6388672053224426,64.17044191871327,58.98215207542736,61.576296997070315,17.17630255969915
2019-11-04,63.951942443847656,0.013552933149853104,65.73443493857542,0.7975544646808999,0.670604657194134,64.45514468535704,59.100915342719134,61.77803001403809,17.237555804784865
2019-11-05,64.04267120361328,0.0014176967667025014,66.17046351322037,0.8551871145464247,0.7075211486645921,64.55470705571727,59.50374936518117,62.02922821044922,17.04028896824968
2019-11-06,64.02136993408203,-0.0003326658996305396,65.95825080748118,0.8888959313782081,0.7437961052073153,64.65634061050886,59.841534984583916,62.24893779754639,17.01931339394244
2019-11-07,64.81134033203125,0.012263660324795948,69.82340994926915,0.9681936864944802,0.7886756214647483,64.90847221995153,60.07275908803186,62.490615653991696,17.625279351506965
2019-11-08,64.91348266601562,0.0015747542025023322,70.29307990818937,1.0274361174419369,0.836427720660186,65.13739976957389,60.306457423419275,62.72192859649658,17.229690006752993
2019-11-11,64.38188934326172,-0.008222975190822483,64.65318551747225,1.0197361487914307,0.873089406286435,65.18017873716816,60.66292886781231,62.92155380249024,16.662394792806683
2019-11-12,64.32882690429688,-0.0008245225186835266,64.10033076815947,0.9978495839336787,0.8980414418158839,65.31040615287526,60.8052985742976,63.05785236358643,17.177689907265343
2019-11-13,64.27774810791016,-0.0007943419544090153,63.537099659892114,0.9652558233341182,0.9114843181195307,65.40131487416942,60.978110556128435,63.18971271514893,16.83778743543061
2019-11-14,64.9209213256836,0.009956426544547687,67.41914672397617,0.9800266000846563,0.9251927745125559,65.6102176353218,61.04864733965378,63.32943248748779,17.181011709512855
2019-11-15,66.13043212890625,0.018459101948141862,73.198017559231,1.0769159439487481,0.9555374083997944,66.01948717980295,61.081374941779075,63.55043106079101,17.48637880473072
2019-11-18,65.45104217529297,-0.010326620744387656,66.10532654583756,1.0863575025973446,0.9817014272393045,66.18547514353213,61.29008943166318,63.73778228759765,17.147143511975226
2019-11-19,65.09152221679688,-0.005508101807739804,62.645984329190256,1.0526949378682389,0.9959001293650914,66.20359297849922,61.62599610231134,63.914794540405275,16.900352052327325
2019-11-20,64.55941772460938,-0.008208308864228958,57.82299543721045,0.9718775280869707,0.9910956091094674,66.20860294164413,61.84032322107561,64.02446308135987,17.17907533276453
2019-11-21,64.47412109375,-0.0013220848480901015,57.06457634510394,0.8906792276132975,0.9710123328102335,66.18545661484738,62.066937870626255,64.12619724273682,17.05599134572993
2019-11-22,64.15328216552734,-0.0049886662636463835,54.18563572779256,0.7913181463285497,0.9350734955138967,66.14536058165446,62.25268095276938,64.19902076721192,17.13968293244452
2019-11-25,64.74687957763672,0.009210253893470426,58.370285946254995,0.751805774819843,0.898419951375086,66.19684070447845,62.283818780384834,64.24032974243164,16.9763334937747
2019-11-26,65.11184692382812,0.005621005487632868,60.74442181963101,0.7413954056722147,0.8670150422345119,66.18426851375604,62.55594564334847,64.37010707855225,16.902453757212907
2019-11-27,65.06871795654297,-0.0006626022694362089,60.30673077326103,0.721349695637258,0.8378819729150611,66.11117000070772,62.88408718618194,64.49762859344483,16.749792922370904
2019-11-29,64.66999816894531,-0.006146523640727174,56.27007109707286,0.665617151207357,0.8034290085735203,65.89502475922552,63.32482578093561,64.60992527008057,16.365112044796877
2019-12-02,63.91475677490234,-0.011747116978196836,49.509990517798606,0.5541194949217214,0.7535671058431606,65.77378538506679,63.528435531681254,64.65111045837402,17.094088263760334
2019-12-03,64.20633697509766,0.004551642435459144,51.911964885938346,0.48370898821868025,0.6995954823182645,65.75856850189004,63.56909186798301,64.66383018493653,17.04512851893699
2019-12-04,65.40641784667969,0.01851847325878587,60.2861423209899,0.5187646551932801,0.6634293168932677,65.83371521441173,63.63031981976796,64.73201751708984,17.385212282413132
2019-12-05,65.80414581298828,0.006062456762147054,62.61005725076509,0.5720456604749984,0.6451525856096139,65.96830648532396,63.67400613674634,64.82115631103515,17.010421546348816
2019-12-06,66.4205322265625,0.009323386340329497,65.9367719998852,0.6564414251207324,0.6474103535118376,66.25335640322693,63.54987540829651,64.90161590576172,17.311047982333232
2019-12-09,66.59906005859375,0.002684235249216143,66.85657682226164,0.7293241854454209,0.6637931198985543,66.53633298468446,63.435456566096775,64.98589477539062,17.244387987823057
2019-12-10,66.5940933227539,-7.457944670665431e-05,66.80253218212565,0.7777184696163459,0.6865781898421126,66.77579782223701,63.417212126493446,65.09650497436523,16.683750367801807
2019-12-11,66.66154479980469,0.0010123621598590595,67.19042714934989,0.812152075388326,0.7116929669513553,66.98918363914987,63.43709809913139,65.21314086914063,16.834959406963705
2019-12-12,66.87181091308594,0.003149269872562968,68.42883117137264,0.8466480425040288,0.7386839820618901,67.20791498190786,63.47777303689097,65.34284400939941,17.18672975045448
2019-12-13,66.79147338867188,-0.001202088284869274,67.38232543168053,0.8576176952197301,0.7624707246934581,67.39748763776907,63.47525558732857,65.43637161254883,17.31715644107096
2019-12-16,67.47730255126953,0.010215854317938542,71.4030505761454,0.9111487501162259,0.7922063297780116,67.64903377790826,63.35839648942571,65.50371513366699,17.152276115018804
2019-12-17,67.1891860961914,-0.004278969438934974,67.63135792038484,0.919721924913631,0.8177094488051356,67.86396177530825,63.317282884115585,65.59062232971192,17.310441149394133
2019-12-18,67.0414047241211,-0.002201903915874084,65.71395471588622,0.9041688108157899,0.8350013212072664,68.03731159874543,63.33892131141082,65.68811645507813,16.965250686860877
2019-12-19,67.26604461669922,0.003345162210426617,67.23461595186627,0.8995993959212569,0.8479209361500646,68.21040863599039,63.43648696337483,65.82344779968261,17.18011314373263
2019-12-20,67.0071792602539,-0.00385580489822826,63.72701337334497,0.865117297174379,0.8513602083549275,68.30418933887864,63.596012077136976,65.95010070800781,17.729331965297863
2019-12-23,66.9779281616211,-0.0004366320953183818,63.324995323849336,0.8259091002917529,0.8462699867422927,68.32750333552694,63.85516268009805,66.0913330078125,16.80803775072983
2019-12-24,66.67046356201172,-0.004601105004960491,59.10434824366504,0.7612512674343463,0.8292662428807035,68.34426427997815,64.03076013408435,66.18751220703125,16.415827133513172
2019-12-26,67.5650634765625,0.01332900729011595,66.16962394683028,0.7732822888072661,0.818069452066016,68.48827847751367,64.13206759182226,66.31017303466797,16.9793809860576
2019-12-27,67.1767807006836,-0.0057633744443924915,61.225511298160896,0.742921844356303,0.8030399305240734,68.54419235096093,64.28695999278908,66.415576171875,16.9601799873738
2019-12-30,66.4364013671875,-0.011082542904443085,53.081087765899994,0.651607226295539,0.7727533896783666,68.46776279693209,64.54002986664212,66.5038963317871,16.810942836524266
2019-12-31,66.4205322265625,-0.00023889066639143507,52.91860021813143,0.5713727966391531,0.732477271070524,68.17218457496269,65.08618563377756,66.62918510437012,16.78664276589529
2020-01-02,67.8730239868164,0.021632436334023362,63.83180018438722,0.6178679816677715,0.7095554131899735,67.9654322343798,65.65960667553232,66.81251945495606,17.121591111128534
2020-01-03,67.51795196533203,-0.005245147736562595,60.16064542923723,0.6189297690029179,0.6914302843525624,67.90339033472603,65.9328019870513,66.91809616088867,16.968588444962478
2020-01-06,69.31759643554688,0.02630527322262902,69.67903649977357,0.7562697052056819,0.7043981685231864,68.43233204752558,65.75520533650761,67.0937686920166,17.660709787715305
2020-01-07,69.1836929321289,-0.0019336071996091308,68.37013313767734,0.8445720001892596,0.732432934856401,68.82425071285037,65.63960274173947,67.23192672729492,17.351530194562915
2020-01-08,69.67613220214844,0.00709263941402736,70.56033306665282,0.9434128625262161,0.7746289203903641,69.28557566916982,65.4859849997755,67.38578033447266,17.379790072162262
2020-01-09,70.40757751464844,0.010443069525291185,73.4960298442204,1.068450054670265,0.8333931472463444,69.86699172674122,65.28591736139356,67.57645454406739,17.3180604640072
2020-01-10,70.86231994628906,0.006437946235693866,75.15481034679577,1.190513347282419,0.9048171872535594,70.46186592824917,65.11112067453404,67.7864933013916,17.083481300559825
2020-01-13,71.41129302978516,0.007717183763231591,77.02427583309299,1.3163726020320041,0.9871282702092483,71.10065222922704,64.92628258522608,68.01346740722656,17.240749966648156
2020-01-14,70.94315338134766,-0.006577122778039269,72.045837984533,1.3626344097008314,1.0622294981075648,71.51374958959111,64.9283532241296,68.22105140686035,17.076525947376005
2020-01-15,71.37013244628906,0.006000569007140053,73.71460538558713,1.4174118264771352,1.1332659637814788,71.97288529198923,64.85850051123342,68.41569290161132,16.885886420917743
2020-01-16,71.91364288330078,0.0075865260053065865,75.70293818996541,1.487532722613608,1.2041193155479046,72.48308966080606,64.82074182112754,68.6519157409668,17.076679333366283
2020-01-17,73.3696060180664,0.020043768159132096,80.05533510798568,1.6416640141250411,1.291628255263332,73.25737045094331,64.67928116038482,68.96832580566407,17.774875078776702
2020-01-21,73.5049819946289,0.0018434232460570858,80.40677938066035,1.754512949888266,1.3842051941883189,73.93956593481448,64.62097941430662,69.28027267456055,17.705901283702666
2020-01-22,73.58531188964844,0.0010922529404825169,80.62494829769899,1.8293409914719803,1.4732323536450513,74.5150433059639,64.70331530609664,69.60917930603027,17.163939909227278
2020-01-23,73.62598419189453,0.0005525704122386295,80.74187328331365,1.8703642733310346,1.552658737582248,74.9954402270993,64.88772398798861,69.94158210754395,17.098299746099578
2020-01-24,72.70757293701172,-0.012552463453258916,70.40911086073473,1.8079267527646437,1.6037123406187273,75.19478387357977,65.29209127900812,70.24343757629394,17.20954907600077
2020-01-27,70.99969482421875,-0.02376996727935232,56.0455237196442,1.6021643244882284,1.6034027373926276,75.2111893319827,65.61914895537083,70.41516914367676,17.34574594793663
2020-01-28,71.93049621582031,0.013024743667190869,60.745622471194345,1.4969481247471208,1.5821118148635263,75.23974152984003,66.06596830902716,70.6528549194336,17.207465391902343
2020-01-29,72.23795318603516,0.004265252731854312,62.18405926751031,1.4219810242862394,1.550085656748069,75.12280703558022,66.76305798517174,70.94293251037598,16.88662860479344
2020-01-30,72.116455078125,-0.0016833311578211053,61.229217833728384,1.3373490478036842,1.5075383349591922,74.84906285035696,67.60639445555124,71.2277286529541,17.115413258361606
2020-01-31,71.0517578125,-0.014873649286145114,53.4795788219163,1.170868383526141,1.440204344672582,74.64932478279562,68.12400590568095,71.38666534423828,17.59564655516935
2020-02-03,73.52233123779297,0.03418059170072132,64.65779908562436,1.2241743655710877,1.3969983488522832,74.52849221019675,68.84527640552592,71.68688430786133,18.087108312828228
2020-02-04,71.67807006835938,-0.025404342402767507,54.18995681487819,1.10486705746834,1.3385720905754948,74.4191585861874,69.19065739281652,71.80490798950196,18.37860797796016
2020-02-05,71.70980834960938,0.00044269128072053416,54.32699496993366,1.0013334219038796,1.2711243568411716,74.23828148119756,69.6241460395544,71.93121376037598,17.409419801977638
2020-02-06,73.19356536865234,0.020479976988190096,60.3052918978748,1.0271685018621497,1.2223331858453674,74.2182930511533,69.99587778624905,72.10708541870117,17.44840152830899
2020-02-07,73.34925842285156,0.0021248821163955063,60.88387383064332,1.048123996160328,1.1874913479083595,74.27478329725619,70.23355563096646,72.25416946411133,17.16049029488913
2020-02-10,74.81465148925781,0.019781346904185985,65.91903843494191,1.1694951380598582,1.1838921059386593,74.66330888583481,70.24026319668472,72.45178604125977,17.46101269821694
2020-02-11,74.88407135009766,0.0009274610297175495,66.14139053780312,1.2567966753067026,1.198473019812268,75.0298872471342,70.22096266741657,72.62542495727538,17.36662111102607
2020-02-12,75.30908203125,0.00565953648378984,67.53778568995227,1.3447768323264313,1.2277337823151007,75.39346836494255,70.29397441459847,72.84372138977051,17.250851716407684
2020-02-13,75.0492172241211,-0.0034566108709391053,65.7521955445607,1.3776521065472593,1.2577174471615324,75.65933350270309,70.39601775462113,73.02767562866211,16.947258679077148
2020-02-14,75.31402587890625,0.003522256145779377,66.71783698706356,1.408833685802307,1.2879406948896874,75.96231746409897,70.43307209278579,73.19769477844238,16.95957666913112
2020-02-18,75.34925079345703,0.0004675978907480739,66.85172648990371,1.4200185779941847,1.314356271510587,76.2241727482106,70.36918128621323,73.29667701721192,17.0597422290933
2020-02-19,75.6185073852539,0.0035670779052149014,67.91427300436047,1.4340782805899295,1.3383006733264555,76.50863738520951,70.29606918827682,73.40235328674316,16.9398999076903
2020-02-20,75.22773742675781,-0.005181048200583437,64.67417999825471,1.3975784123665136,1.350156221134467,76.69617782061356,70.27277130658372,73.48447456359864,17.07214452695291
2020-02-21,73.56498718261719,-0.022350816790072864,53.07171915547953,1.2204137848826235,1.3242077338840985,76.69267798144918,70.27017144482036,73.48142471313477,17.565485134956365
2020-02-24,70.41106414794922,-0.04381878290988638,38.83880587543167,0.8161067402435833,1.2225875351559954,76.84729099791392,69.88590754944937,73.36659927368164,17.71869463490278
2020-02-25,68.74779510498047,-0.023905747175826112,33.705188416172675,0.3573591691899338,1.0495418619627832,77.17492881174017,69.33307976369927,73.25400428771972,17.758644577804834
2020-02-26,68.9535903930664,0.0029890104672414316,34.85258208081109,0.010285805514413937,0.8416906506731094,77.44162908591859,68.76868890724548,73.10515899658203,17.723043518209558
2020-02-27,65.20854949951172,-0.05584308767004635,26.025186663134875,-0.5605046880820623,0.5612515829220751,78.34423328798204,67.16314433652968,72.75368881225586,17.94731147328427
2020-02-28,66.41358947753906,0.01831110871923378,31.99382855176968,-0.9051891541844412,0.26796343550077184,78.7366275813795,66.20046348307362,72.46854553222656,18.200009147339074
2020-03-02,68.74779510498047,0.034542968483571024,41.791065935194815,-0.9787211028826022,0.018626527824097044,78.81282975874207,65.89386503495909,72.35334739685058,17.83063153943676
2020-03-03,66.33772277832031,-0.035685958427535545,36.020931953027514,-1.2174345690562376,-0.2285856915519699,78.95919709533285,65.02903685242106,71.99411697387696,17.851554895905387
2020-03-04,68.51374053955078,0.03227561056602133,43.59358394159113,-1.2170014283356636,-0.42626883890870865,78.97284818094951,64.69895281392354,71.83590049743653,17.67830132252148
2020-03-05,65.19913482666016,-0.04958811765577637,36.505586646975665,-1.4672061022656777,-0.6344562915801024,79.24079094636834,63.779942696209794,71.51036682128907,17.811507015557712
2020-03-06,64.25592041015625,-0.014572333323133421,34.77295666075622,-1.7217572834161103,-0.8519164899473041,79.39424156167136,62.73272758505717,71.06348457336426,17.98434398764741
2020-03-09,60.29119491577149,-0.06368779421801031,28.623268482443848,-2.2178452022920965,-1.1251022324162627,79.946651351391,60.874511444629505,70.41058139801025,18.05326259792112
2020-03-10,63.23585891723633,0.04768545640642432,37.46865032710808,-2.3463415123796096,-1.3693500884089322,79.64384019978539,60.01944333903296,69.83164176940917,17.820513776385525
2020-03-11,60.04869842529297,-0.05171565473841425,32.739483619773864,-2.674522745994878,-1.6303846199261214,79.51757814384482,58.66216810249307,69.08987312316894,17.817959123752686
2020-03-12,55.121917724609375,-0.08560845553073303,27.05481531210937,-3.294185446505878,-1.963144785242073,79.80139183235174,56.35963798332209,68.08051490783691,18.362267436003236
2020-03-13,60.215816497802734,0.08838763241732328,38.872712120106655,-3.3357846921044185,-2.2376727666145424,79.0802625271683,55.59742721587367,67.33884487152099,18.190008938811822
2020-03-16,53.21022033691406,-0.1236845608356126,31.350193620957256,-3.889213029073275,-2.567980819106289,78.93611874697709,53.53119044186568,66.23365459442138,18.385260809081654
2020-03-17,55.44474792480469,0.04113650250133294,35.629104847940695,-4.10023629998269,-2.874431915281569,78.05225241631959,52.42460648565796,65.23842945098878,18.23668579982648
2020-03-18,54.11226272583008,-0.02432616406655032,34.25785836889095,-4.325136698476825,-3.1645728719206208,76.91864374200375,51.4075906940314,64.16311721801758,18.34858306825954
2020-03-19,55.12786865234375,0.018594543530369927,36.271093935030564,-4.371034410299053,-3.4058651795963075,75.39999395235853,50.91625360623522,63.15812377929687,18.120440155755023
2020-03-20,52.972686767578125,-0.03987893474901114,33.898749165283064,-4.529105139311454,-3.630513171539337,74.1468216250098,50.11019589208004,62.128508758544925,18.23288021697608
2020-03-23,52.27445602416992,-0.013268597489949406,33.1424366143586,-4.657035312350182,-3.8358175997015063,73.34511423448662,49.09824247022531,61.22167835235596,18.242414963367672
2020-03-24,56.037357330322266,0.06951072429153939,40.80714233356489,-4.404019414241873,-3.94945796260958,72.37643839594986,48.795874531296235,60.58615646362305,18.098655656877234
2020-03-25,54.62948989868164,-0.02544471853091399,39.00539757463556,-4.2679078428720345,-4.013147938662071,71.2533186815679,48.48658419623972,59.86995143890381,18.318913774875924
2020-03-26,57.66936874389648,0.05415231658302148,44.68454057542737,-3.8701331387005027,-3.9845449786697573,70.6286152687067,48.3573695335394,59.49299240112305,18.153611441131062
2020-03-27,55.05794906616211,-0.04633991161259312,41.1407452220155,-3.722700588200752,-3.932176100575956,69.72810839440852,48.12231236669987,58.9252103805542,17.95537010139787
2020-03-30,56.84566879272461,0.031953780760735934,44.392035737081585,-3.422156696223581,-3.8301722197054815,68.11834263691176,48.54186549297106,58.33010406494141,17.888563401744086
2020-03-31,57.62125778198242,0.01355152762076193,45.79107121911147,-3.085818551557381,-3.6813014860758617,66.92845378127426,48.860107848974764,57.89428081512451,17.993399397894144
2020-04-01,54.65329360961914,-0.05288207819422296,41.48936970364465,-3.0239004114911125,-3.549821271158912,64.82121577460917,49.581301162646675,57.20125846862793,17.766177206226494
2020-04-02,55.39366912841797,0.013455831425772979,42.92965344467131,-2.8818673496946587,-3.416230486866062,63.36478195493306,50.05718841249858,56.71098518371582,17.848157023443513
2020-04-03,54.1871337890625,-0.022021815263021244,41.151883030194625,-2.8339939255042026,-3.2997831745936903,61.91389613956809,50.50119556575418,56.207545852661134,17.754642785336138
2020-04-06,58.67455673217773,0.07956269078020471,49.52415835021869,-2.4062189689183953,-3.121070333458632,61.63175157217589,50.62167631478701,56.12671394348145,17.963711808769883
2020-04-07,58.64331817626953,-0.0005325455591632002,49.47139362201702,-2.046138315438796,-2.906083929854665,60.455240265833744,51.33893354703246,55.8970869064331,17.936497067361294
2020-04-08,59.85529327392578,0.020456228910158167,51.624851314918054,-1.6440242536068226,-2.653671994605097,60.40915988265654,51.36567341507295,55.88741664886474,17.5127053684749
2020-04-09,59.8339729309082,-0.0003562615749785475,51.5832034722623,-1.3119430729409416,-2.3853262102722663,60.95707433917626,51.28896447918312,56.12301940917969,17.805013007171713
2020-04-13,60.02439880371094,0.0031775174360914177,51.95601485891608,-1.0216239236151239,-2.112585752940838,60.91402644361678,51.312870605333416,56.113448524475096,17.47140186208969
2020-04-14,62.7429313659668,0.04429479782012388,57.04153250055455,-0.5656604663438287,-1.8032006956214361,62.027653861231485,51.152514290623984,56.590084075927734,17.964311755099
2020-04-15,62.34968566894531,-0.0062872933952554215,56.11619852685973,-0.23334789341398476,-1.489230135179946,62.9163771998365,50.95428472643304,56.93533096313477,17.558783519585027
2020-04-16,62.35612869262695,0.00010333156830504472,56.1287558681056,0.030184168672775513,-1.1853472744094018,63.63767712304437,51.05737139990485,57.34752426147461,17.87415887280045
2020-04-17,63.42578887939453,0.017008581110666547,58.26398848073494,0.32164019610485894,-0.8839497803065497,64.51386090025007,51.010979645404234,57.76242027282715,17.748316122163587
2020-04-20,62.54060363769531,-0.014054539387140063,55.84185487343674,0.47571045249181765,-0.6120177337468763,64.91876888562115,51.56286334704487,58.24081611633301,17.379166895659164
2020-04-21,60.11118698120117,-0.039620040335317616,49.73130536720655,0.39719994626563704,-0.41017419774437364,64.73108420482038,52.53422112354877,58.63265266418457,17.720468685812097
2020-04-22,62.404727935791016,0.03744507703327026,54.763929352697204,0.5141229027649388,-0.22531477764251118,65.1430779572279,52.758964431688106,58.95102119445801,17.65056614383595
2020-04-23,63.03749465942383,0.010088661975322929,56.07062287091305,0.6503473748104227,-0.050182347151924406,65.4690715142051,53.27377135078514,59.37142143249512,17.347794709093193
2020-04-24,63.3067741394043,0.004262637162352224,56.64457624015631,0.7711455678381185,0.11408323584608418,65.93798235845183,53.36860104608918,59.65329170227051,17.43723476362734
2020-04-27,63.02212142944336,-0.004506541285395792,55.814410789651916,0.8342927043975479,0.2581251295563769,66.115592855042,53.987407785827145,60.05150032043457,17.603918577424714
2020-04-28,61.12430953979492,-0.030576146700413653,50.50038635215147,0.7228669460673274,0.35107349285856704,66.15263546961057,54.3782292459656,60.265432357788086,18.20624914563175
2020-04-29,66.55889129638672,0.08517748730973043,61.73536846459589,1.060857652219724,0.49303032473079844,67.09077967744855,54.33384838956804,60.7123140335083,18.500951127244303
2020-04-30,66.78304290771484,0.00336206046217297,62.117288162561906,1.3314566798556697,0.6607155957557728,67.57707423013954,55.06052876668662,61.31880149841309,17.83803685030357
2020-05-01,65.32608795166016,-0.022057733917052093,58.06083257559385,1.412066842564883,0.8109858451175949,67.65641906433363,55.97442581481676,61.815422439575194,17.704715213773355
2020-05-04,65.602783203125,0.004226656213341375,58.61358707739763,1.4812035787922042,0.9450293918525168,67.23539059775172,57.53701922280492,62.38620491027832,17.24322006662775
2020-05-05,66.8980941772461,0.019552357166860417,61.19221322201767,1.6218203748683777,1.080387588455689,67.71552954799547,57.879234017068,62.79738178253174,17.49600498075428
2020-05-06,66.72004699707031,-0.0026650166510309953,60.63298984494339,1.699304752009546,1.2041710211664605,68.00830122948334,58.39413521766022,63.20121822357178,17.27283622491796
2020-05-07,67.90277862548828,0.017571493603986358,63.04875141579216,1.8349955505892837,1.330335927051025,68.5758222947102,58.6313626875896,63.603592491149904,17.23820850369673
2020-05-08,68.64959716796875,0.010938308239851582,64.52891486499374,1.9799696434568617,1.4602626703321924,69.17017939222278,58.91856801378309,64.04437370300293,17.321848461087306
2020-05-11,69.60421752929688,0.013809897903147073,66.38263639338595,2.1471416294453007,1.597638462154814,69.85379303459453,59.19293624396991,64.52336463928222,17.30343597370047
2020-05-12,68.19535827636719,-0.020448660120395187,61.29174746982656,2.141260348952457,1.7063628395143429,70.29796867695914,59.29400329264534,64.79598598480224,17.33945643436835
2020-05-13,66.8638687133789,-0.019717759853135543,56.85407197570775,2.0060349891376035,1.7662972694389951,70.47125283329373,59.572137440754126,65.02169513702393,17.513547974635074
2020-05-14,67.28688049316406,0.006306534764832332,57.89702723152012,1.9109729262554112,1.7952324008022784,70.65582432287005,59.88064113123153,65.26823272705079,17.41719682765352
2020-05-15,68.09024047851562,0.01186861428191979,59.88048933734798,1.8788023296520322,1.8119463865722292,70.9566402514796,60.04627036253408,65.50145530700684,17.542263688577155
2020-05-18,68.69126892089844,0.008788209945447677,61.34758128616953,1.8801318823648074,1.825583485730745,71.25484044130998,60.363136701024004,65.80898857116699,17.667656183571133
2020-05-19,68.15669250488281,-0.007812745321307612,59.27148741455357,1.817103277858024,1.823887444156201,71.03843366554527,61.384094029156884,66.21126384735108,17.268224574071734
2020-05-20,69.88043975830078,0.024976422408448516,63.554434513738734,1.884521066305041,1.8360141685859692,71.32816129755768,61.841937579395434,66.58504943847656,17.459967820661056
2020-05-21,69.76093292236328,-0.0017116254705832775,63.059329466611835,1.906331938531423,1.85007772257506,71.55751144973813,62.28493125350893,66.92122135162353,17.24607258062508
2020-05-22,70.082763671875,0.004602728982683447,63.87548511325628,1.9273687564643467,1.8655359293529175,71.7728692084196,62.74717244807453,67.26002082824706,17.166957349395506
2020-05-26,70.48593139648438,0.005736253437066946,64.9210656989848,1.9540478054522765,1.8832383045727894,71.89809454472518,63.36832810847307,67.63321132659912,17.613020199030213
2020-05-27,70.43187713623047,-0.000767174333292599,64.65088221496019,1.9483698224401849,1.8962646081462686,71.26199973262028,64.93517968022151,68.0985897064209,17.27132241112798
2020-05-28,70.33071899414062,-0.0014372874937669362,64.11313794691347,1.9136480201706831,1.8997412905511515,71.51320748774796,65.06115469486923,68.2871810913086,17.37570403288349
2020-05-29,71.08845520019531,0.010716276089194676,66.3696351076021,1.9250825673636456,1.9048095459136505,71.87704084060708,65.12786257125815,68.50245170593261,17.42761698026722
2020-06-01,71.1553955078125,0.0009412050113334034,66.56961898263904,1.917442962867625,1.9073362293044454,72.01692904444819,65.57090512303229,68.79391708374024,17.04084551763568
2020-06-02,71.52435302734375,0.005171838971159513,67.70937830480798,1.919038824574173,1.909676748358391,72.16316553132394,66.01682561857841,69.08999557495117,16.97003988592374
2020-06-03,71.37259674072266,-0.002123996963122215,66.70206147048066,1.886313840658545,1.9050041668184217,72.36643484299137,66.26100656325863,69.313720703125,17.138097575103945
2020-06-04,70.13532257080078,-0.01748744108094555,58.99582262332897,1.7404782204384759,1.8720989775424326,72.29911666931903,66.66985229430401,69.48448448181152,17.110680572042643
2020-06-05,71.41079711914062,0.018022522623647834,63.65717966940516,1.7081322914106636,1.8393056403160788,72.49662966486851,66.82314114811977,69.65988540649414,17.568350264488146
2020-06-08,71.80850219726562,0.005553805978420293,64.99348934458916,1.6950499054824917,1.8104544933493616,72.76725515774557,66.86840615817239,69.81783065795898,17.338276423646146
2020-06-09,72.00885009765625,0.0027861454378827134,65.67813785970526,1.6814655335701332,1.784656701393516,73.04278096696878,66.83334360578512,69.93806228637695,17.33075068540775
2020-06-10,72.63467407226562,0.008653382630039704,67.79683778439133,1.7015837867863155,1.768042118472076,73.37302446508919,66.94703168725455,70.16002807617187,17.27378119613689
2020-06-11,69.5204086303711,-0.043822053293227504,50.94380395231562,1.4495232514993148,1.704338345077524,73.12973544911362,67.45597469492934,70.29285507202148,17.668717326711494
2020-06-12,70.06689453125,0.007830063058467805,53.144873610638015,1.2791154595183514,1.6192937679656896,72.89660642410142,67.96710512375013,70.43185577392578,17.417633175417716
2020-06-15,70.45470428466797,0.0055195890349270535,54.698259152162514,1.1619646574182383,1.5278279458561994,72.7550520660641,68.34510586240269,70.55007896423339,17.232187543296135
2020-06-16,71.73063659667969,0.01794793408492835,59.46033091691446,1.1587218526579335,1.4540067272165462,72.78307488050076,68.62101981554416,70.70204734802246,17.238077997991176
2020-06-17,72.03166961669922,0.004187933094951931,60.51492467964389,1.16699041630703,1.396603465034643,72.67928779838448,69.1123046088421,70.89579620361329,17.236837343590658
2020-06-18,71.11821746826172,-0.012762350923400695,55.7736972961213,1.087301621953813,1.3347430964184772,72.67759442582275,69.2377757523999,70.95768508911132,17.366907997441476
2020-06-19,70.6480941772461,-0.0066323939573267945,53.4525261099049,0.9749737670153849,1.2627892305378587,72.63558606482226,69.36850023888869,71.00204315185547,17.781718691395636
2020-06-22,71.93843841552734,0.018099598055065457,58.551314622136104,0.9787902442112397,1.205989433272535,72.71929645559605,69.47035732248013,71.09482688903809,17.19793281826518
2020-06-23,72.5989761352539,0.009140087641427748,60.9117587803473,1.0233185245655392,1.1694552515311358,72.92968611494635,69.47127213700676,71.20047912597656,17.446549038877023
2020-06-24,71.04779815673828,-0.021597954901147205,53.24347689431682,0.9228029108924147,1.1201247834033916,72.92440926100028,69.53814109300362,71.23127517700195,17.268414513602206
2020-06-25,71.46434783935547,0.0058458297145067666,54.8859512391887,0.8667641237402819,1.0694526514707698,72.92925938070408,69.64665385782132,71.2879566192627,16.991812897013123
2020-06-26,67.56855010986328,-0.056056053992154256,40.54182847426726,0.5022055499864848,0.9560032311739128,73.45022894020502,68.77369378928717,71.1119613647461,18.39679781373074
2020-06-29,69.28585815429688,0.02509817860146754,47.10432987406546,0.34785282993492217,0.8343731509261147,73.49484049448697,68.54212849965367,71.01848449707032,17.623816163746486
2020-06-30,70.3212890625,0.014833766253106749,50.6416631601255,0.3055555538545036,0.7286096315117926,73.44138632427395,68.4752762733823,70.95833129882813,17.511514596843025
2020-07-01,71.50897979736328,0.01674844879862493,54.407938079984696,0.3636791078107393,0.655623526771582,73.45373866389255,68.47656223942775,70.96515045166015,17.55750417143449
2020-07-02,72.89402770996094,0.01918367785556342,58.3949175525736,0.5155611660997863,0.6276110546372229,73.70140577687653,68.5047656403598,71.10308570861817,17.86237910963869
2020-07-06,74.36785125732422,0.020017030456545664,62.184489134519396,0.7462517093797345,0.6513391855857252,74.23141235905896,68.27046447199572,71.25093841552734,17.61575250229703
2020-07-07,73.88533020019531,-0.006509442241973379,60.24961177030626,0.8799961622710697,0.6970705809227942,74.55375334792048,68.15580628342717,71.35477981567382,17.561809526550643
2020-07-08,74.56372833251953,0.009139874131261137,62.03804605666795,1.0288704859209474,0.7634305619224249,74.98145507992162,67.98359237491236,71.48252372741699,17.273907124857438
2020-07-09,75.31055450439453,0.009966117457607754,63.960390715605456,1.193360770458085,0.849416603629557,75.48577508356735,67.74686041447953,71.61631774902344,17.549267794759153
2020-07-10,76.31971740722656,0.013311033353155121,66.43388126626746,1.3891383956580228,0.9573609620352501,76.22459799454403,67.68796838118838,71.9562831878662,17.396749148402012
2020-07-13,74.99169921875,-0.01755389406985817,60.54496173560065,1.420756014091097,1.0500399724464196,76.57875598958651,67.82629085489592,72.20252342224121,17.575640356887096
2020-07-14,75.41966247558594,0.005690586228338079,61.72250440468839,1.4634762198008815,1.1327272219173121,76.97047733073987,67.93106533283435,72.45077133178711,17.455934818050014
2020-07-15,75.2222900390625,-0.002620419427237474,60.820949700765674,1.4645238650098094,1.1990865505358117,77.29518812077502,67.95551988703748,72.62535400390625,17.250336152837445
2020-07-16,75.1250991821289,-0.0012928840464117139,60.35345758357882,1.4409018222128651,1.2474496048712225,77.57042630501216,67.9896246593433,72.78002548217773,17.09205137278552
2020-07-17,75.22079467773438,0.0012730046171779536,60.673975204575854,1.4136078188480354,1.280681247666585,77.82700928534886,68.14329939995388,72.98515434265137,17.349605827462494
2020-07-20,77.5510482788086,0.030508689288739583,67.55287770193843,1.5620033135185594,1.3369456608369799,78.44704247935894,68.21356161610004,73.33030204772949,17.222226053460236
2020-07-21,77.15828704833984,-0.005077419192913867,65.47405035757191,1.6291356022000372,1.3953836491095912,78.93650874554893,68.2460802131913,73.59129447937012,17.12918737847909
2020-07-22,77.60113525390625,0.005723068847300566,66.71770223147534,1.6984933991643203,1.4560055991205372,79.4526091995449,68.23019567106059,73.84140243530274,17.01344875246393
2020-07-23,75.2158432006836,-0.03122016701695712,55.18687744054023,1.5431977953987541,1.4734440383761807,79.53227491437141,68.56733446062859,74.0498046875,17.339220543591647
2020-07-24,74.79234313964844,-0.0056463743282208385,53.421522044840955,1.3701576702531497,1.4527867647515746,79.56874497275534,68.86366393227395,74.21620445251465,17.213435959198588
2020-07-27,75.84465026855469,0.013971657601542958,57.09422494277927,1.3029153184392328,1.4228124754891063,79.00991244960467,70.25010647129376,74.63000946044922,17.11592953965359
2020-07-28,74.56622314453125,-0.016999541083553425,51.755080832786085,1.1334017358317112,1.3649303275576274,78.4826608235281,71.30539459639378,74.89402770996094,17.246590346460287
2020-07-29,75.55106353759766,0.013121134072046873,55.22848864132915,1.0662384561891685,1.3051919532839356,78.03287254839736,72.27816031903427,75.15551643371582,16.936817698525818
2020-07-30,76.28799438476562,0.009706812509423087,57.683532025103695,1.0602532937796099,1.2562042213830704,77.74166815458402,73.04726617158785,75.39446716308593,17.400195510805762
2020-07-31,73.78765106201172,-0.03332419057489365,48.0551198401748,0.8440238183526674,1.1737681407769898,77.6136007959741,73.26469586540287,75.43914833068848,18.331499753233906
2020-08-03,73.53028106689453,-0.003494079142186732,47.182102103695925,0.6444638158481126,1.0679072757912145,77.68776171768992,73.10677792464405,75.39726982116699,17.63282722324023
2020-08-04,73.0611572265625,-0.006400448038337074,45.55746190101884,0.44334608513175056,0.9429950376593217,77.78646832663006,72.92565401834065,75.35606117248535,17.43214187474364
2020-08-05,73.34825897216797,0.003921907771518872,46.76556927824611,0.3036255398024821,0.8151211380879538,77.86586146793904,72.7247139409965,75.29528770446777,17.18741646931519
2020-08-06,74.63066864013672,0.017332762091505423,51.899952833009884,0.29299824230494664,0.7106965589313524,77.8489425449157,72.67364427759406,75.26129341125488,17.321248148924973
2020-08-07,74.30437469482422,-0.004381701714485501,50.563661579829436,0.2553038541289112,0.6196180179708641,77.73153918055965,72.58951337070988,75.16052627563477,17.137592615688522
2020-08-10,74.22750854492188,-0.0010350122153931982,50.23552405570551,0.2167299955471691,0.5390404134861251,77.72639573211562,72.51823775177111,75.12231674194337,16.838176881429618
2020-08-11,73.42018127441406,-0.01093596950326708,46.80022537607104,0.11963627854891001,0.4551595864986821,77.72982877551993,72.3148565882496,75.02234268188477,17.252654098556306
2020-08-12,74.7442398071289,0.01787330279360995,52.53326767020818,0.1478252290540354,0.3936927150097528,77.70693441739583,72.28994592318035,74.99844017028809,16.92955910275706
2020-08-13,75.21087646484375,0.006223704473173692,54.39840881126626,0.20545054782529348,0.35604428157286094,77.7123391811065,72.29311888774114,75.00272903442382,16.924035703660174
2020-08-14,74.61480712890625,-0.007956879841898171,51.60876689308172,0.20070758219721085,0.32497694169773095,77.68532318634213,72.25953612762272,74.97242965698243,16.90391321193427
2020-08-17,75.1905517578125,0.00768660704734877,54.0593915792769,0.24063266405721606,0.30810808616962804,77.28572306750428,72.42308659436097,74.85440483093262,16.810742756501593
2020-08-18,77.15135192871094,0.0257435204911239,61.25564815650386,0.4255878539159852,0.3316040397188995,77.28399439809654,72.4241217518058,74.85405807495117,17.16112479028796
2020-08-19,76.59742736816406,-0.007205611124372451,58.46927317942164,0.5214580479336064,0.36957484136184093,77.02763606397139,72.58010929735673,74.80387268066406,17.232318819957587
2020-08-20,78.16646575927734,0.020277238060596503,63.52983547785202,0.7157929371480805,0.4388184605190889,77.63434566830342,72.26846194888408,74.95140380859375,17.088192555295635
2020-08-21,78.13275146484375,-0.00043140708642371294,63.35120756184229,0.8572029728781558,0.5224953629909024,78.15258402641958,72.08426442328745,75.11842422485351,17.366219331723833
2020-08-24,78.60781860351562,0.006061845930477317,64.8509304879311,0.9961227102487271,0.6172208324424673,78.65923829124564,71.8539269919575,75.25658264160157,17.05958622285882
2020-08-25,79.63430786132812,0.012973835462930277,67.90688789008492,1.1754963175269495,0.7288759294593637,79.41408509428628,71.60588866059653,75.5099868774414,17.04036849427145
2020-08-26,81.53263854980469,0.0235584098045262,72.64376327742694,1.4540690127085725,0.8739145461092055,80.5526175418649,71.0655137142386,75.80906562805175,17.770363160529268
2020-08-27,80.75853729248047,-0.009539731584092912,68.22181188889998,1.594001719030615,1.0179319806934874,81.26708791149059,70.79809763538441,76.0325927734375,17.26072485694113
2020-08-28,81.29955291748047,0.006676835870110675,69.61396309746418,1.7286282855902613,1.1600712416728423,82.02825312732033,70.78812260510155,76.40818786621094,16.92537481017019
2020-08-31,80.8086166381836,-0.006056915965741804,66.75605699105338,1.7752424646250944,1.2831054862632927,82.54795457918878,70.99625471036201,76.7721046447754,17.089707592267683
2020-09-01,82.07564544677734,0.015557726063193436,70.16080339316053,1.8926063849006027,1.4050056659907546,83.1833211956975,71.26233691587477,77.22282905578614,16.935758750362044
2020-09-02,85.16561126708984,0.03695640126550921,76.48573137732828,2.2094830102707164,1.565901134846747,84.46039701965616,71.16699632140829,77.81369667053222,17.71792759344023
2020-09-03,80.80763244628906,-0.05252630669680596,57.85838828133028,2.0849238448954424,1.6697056768564862,84.72035488293542,71.52473483874425,78.12254486083984,17.970103216223915
2020-09-04,78.41242218017578,-0.03008906105401319,50.56889754809438,1.772504034898418,1.6902653484648726,84.67633308719077,71.97956138302406,78.32794723510742,17.838180101384587
2020-09-08,75.55553436279297,-0.03711442063935645,43.52512798761618,1.2796313204383267,1.6081385428595636,84.588046629836,72.20065042216596,78.39434852600098,17.805087040115037
2020-09-09,76.72734832763672,0.015390266768454267,46.798502355255664,0.972372828294013,1.4809853999464537,84.35823099352511,72.76118276379911,78.55970687866211,17.485258185245083
2020-09-10,75.6770248413086,-0.013783595489603426,44.31891921969439,0.6367755796613892,1.3121434358894408,84.28951150918677,72.92318075155542,78.6063461303711,17.312745158104377
2020-09-11,75.16674041748047,-0.006765760182336613,43.12346141770829,0.32588011083004176,1.114890770877561,84.29288772878593,72.91539092721993,78.60413932800293,17.239968665767908
2020-09-14,74.8230972290039,-0.0045822276382554775,42.29604345517804,0.051174174507295334,0.902147451603508,84.27323446715542,72.95587319886022,78.61455383300782,17.568772294448642
2020-09-15,76.12681579589844,0.01727395476556445,46.49074467491583,-0.06063411413585129,0.7095911384556362,84.21530137827732,73.10743269154689,78.6613670349121,16.952829238979145
2020-09-16,74.9847640991211,-0.015115631010823142,43.50713168851154,-0.23864605268309447,0.51994370022789,84.3117280129122,72.79434727395304,78.55303764343262,16.912354378078287
2020-09-17,73.74251556396484,-0.016705441362798643,40.46509815186504,-0.4744912318116832,0.3210567138199754,84.504830250358,72.31575385608733,78.41029205322266,17.504590017075877
2020-09-18,71.95974731445312,-0.02447260858778443,36.518789910642774,-0.7960780418385838,0.09762976268826357,84.84423306066438,71.3556792012985,78.09995613098144,17.959533794275842
2020-09-21,70.92084503173828,-0.01454250118770637,34.41262349983782,-1.1218368011151227,-0.1462635500724137,85.20849758205986,70.27022403659248,77.73936080932617,17.856946504325418
2020-09-22,72.3926773071289,0.02054075569357069,39.717057518727316,-1.2468653136098453,-0.3663839027799001,85.25426229869812,69.60294519031554,77.42860374450683,17.34039944142406
2020-09-23,69.89183807373047,-0.035156275442544786,34.59705618362925,-1.5301099808940677,-0.5991291184027336,85.37807156391058,68.50488894634331,76.94148025512695,17.445860096394725
2020-09-24,70.55982208251953,0.009512013521930127,36.935583074502,-1.6813016940948984,-0.8155636335411667,84.99777116106571,67.78790770245968,76.3928394317627,17.357976022564557
2020-09-25,71.36318969726562,0.011321295756127935,39.7268532522212,-1.7165103013340968,-0.9957529670997527,84.55029296981103,67.29585113419289,75.92307205200196,17.227516021318024
2020-09-28,72.33515930175781,0.013528122411591386,43.01321018405262,-1.6469979846949627,-1.1260019706187947,83.85384894967716,67.09585579275448,75.47485237121582,17.242505664931976
2020-09-29,72.70011901855469,0.005032713300346461,44.24254654046814,-1.5446539645101893,-1.2097323693970736,83.1408030285736,66.99805195189515,75.06942749023438,17.27547989730039
2020-09-30,72.67930603027344,-0.00028632646492383413,44.18400881495763,-1.4485273042908773,-1.2574913563758343,82.021622878836,67.17759815998237,74.59961051940918,17.527227270416507
2020-10-01,73.78515625,0.015100881360000838,48.112325440429935,-1.2684909882515143,-1.2596912827509703,79.54052131651045,68.52065422059891,74.03058776855468,17.308496805664085
2020-10-02,72.18341064453125,-0.021947326520850855,43.352965312877124,-1.240755734944642,-1.2559041731897047,78.14092441529398,69.05782894163961,73.5993766784668,17.256633564527448
2020-10-05,73.53374481201172,0.018534163915812366,48.02118210936387,-1.0971672042078495,-1.2241567793933337,77.29233154062722,69.41855407948997,73.35544281005859,16.888296507252566
2020-10-06,71.95628356933594,-0.021685651983234813,43.51023825205512,-1.0980031017163014,-1.1989260438579272,77.01681240203919,69.3341481387323,73.17548027038575,17.07729264216298
2020-10-07,72.35895538330078,0.005580462075554703,44.93226895927569,-1.0540231832460591,-1.1699454717355537,76.42684016845634,69.48728107788155,72.95706062316894,17.402025033094876
2020-10-08,73.5634994506836,0.016509747304072266,49.063016026936886,-0.911465336525211,-1.1182494446934852,76.09364546088553,69.60912324638987,72.8513843536377,17.076525947376005
2020-10-09,74.90342712402344,0.018050674127761686,53.262893223415816,-0.6824988292663647,-1.0310993216080613,76.04281276952645,69.63362460840324,72.83821868896484,17.310987315607722
2020-10-12,77.58822631835938,0.035216047505192624,60.32225560662896,-0.28115933566337503,-0.8811113244191241,76.73274129108843,69.22020899577682,72.97647514343262,17.829078828227892
2020-10-13,77.71121978759766,0.001583952783312523,60.6157374886366,0.046295978359836454,-0.695629863863332,77.14387951941112,68.96751116662404,73.05569534301758,17.480916681486345
2020-10-14,77.53120422363281,-0.0023191552927054313,59.91718600948395,0.28796148164167334,-0.498911594762331,77.6639146382585,68.70212006022781,73.18301734924316,17.317277024692213
2020-10-15,77.1359634399414,-0.00511086677283408,58.3278156291075,0.4424897595122843,-0.31063132390740794,78.16735074251325,68.53802874357073,73.35268974304199,17.256249146287974
2020-10-16,77.74246215820312,0.007831972931354373,60.07782633238993,0.6068979688789398,-0.1271254653501384,78.78743958624142,68.49621138421756,73.64182548522949,17.347560777290088
2020-10-19,75.87043762207031,-0.024374479240804426,52.7187118109506,0.5794563127210921,0.014190890264107692,78.95945387932804,68.81915635016415,73.8893051147461,17.207801763786964
2020-10-20,76.91827392578125,0.013716363221475347,55.96979892563045,0.6349410301274077,0.13834091823676767,79.30699782256977,68.92417206878764,74.1155849456787,17.545292027396716
2020-10-21,78.64946746826172,0.022257377969237675,60.76936042160302,0.8092770767247828,0.2725281499343707,79.72214528227367,69.38478754853686,74.55346641540527,17.915207454190682
2020-10-22,79.67449188232422,0.012948624328414031,63.318926094352186,1.018410945958749,0.42170470913924635,80.30108529887397,69.71731451191704,75.0091999053955,17.233630639596328
2020-10-23,80.97970581054688,0.01624909482784046,66.32043389204128,1.2747760748640076,0.5923189822841987,81.12355173697073,69.85649968514842,75.49002571105957,17.234809807725778
2020-10-26,78.56515502929688,-0.030270296830116356,57.024403911479546,1.2684908448768084,0.7275533548027207,81.38932271858155,70.2137282762915,75.80152549743653,17.394184472669874
2020-10-27,79.28868103027344,0.009167101489176616,58.88418383358566,1.3068279571313894,0.8434082752684544,81.72573676151461,70.5361704345303,76.13095359802246,17.069830782372726
2020-10-28,74.9207763671875,-0.056664142252762215,45.95488390449118,0.9735346906786049,0.8694335583504846,81.63272571215097,70.85332851758537,76.24302711486817,17.62603228019694
2020-10-29,77.20589447021484,0.0300445672189418,51.904646719292806,0.8836016987912529,0.8722671864386384,81.69128326895192,71.13684478280588,76.4140640258789,17.830198467150822
2020-10-30,80.14311218261719,0.03733813141952084,58.2646765622747,1.037379808144749,0.9052897107798605,81.94445355941858,71.67964464614784,76.8120491027832,18.419460009158744
2020-11-02,80.55026245117188,0.005067429080313049,59.07260593551979,1.1785184644386675,0.959935461511622,82.31095316845985,72.01479680102257,77.16287498474121,17.60486865325454
2020-11-03,81.60850524902344,0.013052119674394222,61.17629648184077,1.3600850027945484,1.0399653697682074,82.54198606026665,72.74898607718453,77.64548606872559,17.263337072035142
2020-11-04,86.57695770263672,0.059100215295453035,69.18482755168827,1.883182229967943,1.2086087418081546,84.079852785236,72.63291958414877,78.35638618469238,18.082995786282147
2020-11-05,87.40261840820312,0.00949153828988062,70.2819165560104,2.3374201453772514,1.4343710225219741,85.61600334692908,72.48068091820765,79.04834213256837,17.498321661828776
2020-11-06,87.26526641845703,-0.0015727220627141146,69.83648838957845,2.6557104315401148,1.6786389043256023,86.88605788733298,72.44681030724709,79.66643409729004,17.169686245791116
2020-11-09,87.34905242919922,0.0009596694901707879,69.96155252991535,2.8815024408546748,1.9192116116314168,88.06880733227176,72.24014347339231,80.15447540283203,17.794070105905238
2020-11-10,86.17377471923828,-0.013546294759955823,65.83791358615,2.931813030367991,2.1217318953787316,88.8391922846193,72.31601401420882,80.57760314941406,17.577222193971803
2020-11-11,86.6453857421875,0.005457869282531414,66.68644953457351,2.975440576343118,2.292473631571609,89.58765658639419,72.47896786428942,81.0333122253418,17.276171134306225
2020-11-12,86.42668914794922,-0.0025272327817948857,65.8693926858644,2.958267665229485,2.425632438303184,90.169315857472,72.82638116401237,81.49784851074219,17.09167371502876
2020-11-13,87.8866195678711,0.01675103947291143,68.63233426127269,3.0275623391344624,2.54601841846944,90.93450400634862,73.07560875610255,82.00505638122559,17.20813802256359
2020-11-16,87.97439575195312,0.000998245019925981,68.79589109388769,3.0543529919026327,2.647685333156079,91.42908092895618,73.79142764648327,82.61025428771973,17.052933359384014
2020-11-17,87.36095428466797,-0.006997379252566156,66.19804872115814,2.991599876403072,2.7164682418054777,91.76687999734709,74.49789661398104,83.13238830566407,16.874874738680557
2020-11-18,86.3185806274414,-0.012003557858745175,61.919350387034875,2.825189709251106,2.7382125352946036,91.99179259390132,75.03989533334476,83.51584396362304,16.816628353526053
2020-11-19,87.2077407836914,0.010248219763826977,64.0536831323813,2.7335456339554014,2.737279155026763,92.31908995797271,75.4659228594101,83.8925064086914,16.816528885683898
2020-11-20,86.1073226928711,-0.012698640915307457,59.60145840451016,2.5428105633425417,2.698385436689919,92.51411736057302,75.7836571450422,84.14888725280761,17.1367263773057
2020-11-23,85.6699447631836,-0.00509239530184684,57.8794271832746,2.3295058092025016,2.6246095111924355,92.46459159816072,76.54366188084319,84.50412673950196,16.93035835679369
2020-11-24,87.4720458984375,0.020817205660895555,62.6657163778538,2.279596980603614,2.5556070050746715,92.5808898270786,77.24570013874173,84.91329498291016,17.147143511975226
2020-11-25,87.48344421386719,0.00013029960292744406,62.694591421931165,2.215425576173203,2.4875707192943777,91.66517436348812,79.41768238700016,85.54142837524414,16.791040175221152
2020-11-27,88.61856079101562,0.012891758934790562,65.55194523838324,2.230452429840156,2.4361470614035334,90.95922970234383,81.26489368022453,86.11206169128418,16.50946190230023
2020-11-30,87.00093841552734,-0.018422420429923404,58.6569629344522,2.0877662433027524,2.3664708977833775,90.41293451314382,82.49697149271555,86.45495300292968,17.29422441290132
2020-12-01,89.03215026855469,0.023078638491792775,63.805178996208504,2.11421685758701,2.316020089744104,89.87346809882516,83.8846266887725,86.87904739379883,17.435843496316863
2020-12-02,90.5005111694336,0.016357955497387514,67.00391954138496,2.2279808368531917,2.2984122391659216,89.57024206530042,85.07705331433826,87.32364768981934,17.1973212598121
2020-12-03,90.34530639648438,-0.001716432407923774,66.33658647184598,2.279341057104503,2.294598002753638,90.10098839903156,84.92314184999188,87.51206512451172,17.023446803234076
2020-12-04,90.4405288696289,0.0010534285698893056,66.55666168279805,2.3012012439670144,2.295918650996313,90.56366894509331,84.76425235007271,87.66396064758301,16.838079534147838
2020-12-07,90.10676574707033,-0.003697241805452579,64.95378174278618,2.2654786769575566,2.289830656188562,90.89571615429118,84.71635507373615,87.80603561401367,16.919559019868917
2020-12-08,89.82410430908203,-0.0031418918879684153,63.55776389724656,2.189124999182326,2.2696895247873146,91.13838098960345,84.72119542641217,87.9297882080078,16.80803775072983
2020-12-09,88.16432189941406,-0.018650993876549355,55.95310102004041,1.9719521534398297,2.2101420505178178,91.13024514095,84.9283859930832,88.0293155670166,17.272710161259617
2020-12-10,87.65800476074219,-0.005759433945385682,53.836943901312125,1.7389401275829641,2.1159016659308474,91.11816691630492,85.04172611958376,88.07994651794434,17.17198950968483
2020-12-11,88.0125732421875,0.004036748406710294,55.11711120995004,1.5648485317410774,2.0056910390928935,91.09689993963202,85.22158150568048,88.15924072265625,16.740176436767033
2020-12-14,86.89480590820312,-0.012781422446042226,50.37448627822458,1.3214523256583277,1.8688432964059805,91.0997050064562,85.11959507288951,88.10965003967286,17.313532154519155
2020-12-15,87.33220672607422,0.005021055348419701,52.11101058080598,1.1505903795757177,1.725192713039928,91.08743796001967,85.06764321673815,88.07754058837891,16.876656016900515
2020-12-16,87.13928985595703,-0.002211443731702914,51.259045750283555,0.9882226614722782,1.577798702726398,91.08907046238085,85.04384427150586,88.06645736694335,17.02134170983687
2020-12-17,86.3121337890625,-0.009537682883832362,47.66107259325069,0.7837657298558014,1.418992108152279,91.0895342337821,85.04273581626671,88.06613502502441,17.36742418567478
2020-12-18,85.60348510742188,-0.008244192120465402,44.762213137460755,0.5581164928190958,1.2468169850856425,91.18521822669788,84.786626255724,87.98592224121094,18.261169064612307
2020-12-21,86.0170669555664,0.004819733345363837,46.79607832640511,0.4079577623110424,1.0790451405307224,91.1920971288727,84.77072177981871,87.98140945434571,17.341106113595668
2020-12-22,85.30595397949219,-0.008301477011349626,43.80922896257717,0.22893598091778244,0.9090233086081345,91.23265430368575,84.69376552663651,87.96320991516113,16.829573837294788
2020-12-23,85.70317077636719,0.004645570952006756,45.88691462415035,0.11775460344108524,0.7507695675747247,91.29249409789418,84.45703822022105,87.87476615905761,16.94987374321495
2020-12-24,85.99723815917969,0.0034253578330040923,47.43645685858682,0.052763120531949426,0.6111682781661697,91.31720206051264,84.28370965213384,87.80045585632324,16.046814556341666
2020-12-28,87.97091674804688,0.022691087044702584,56.45013748731304,0.15868702425315462,0.5206720273835668,91.26497250430961,84.27117480403999,87.7680736541748,17.135136322098983
2020-12-29,87.16757202148438,-0.009173887091714858,52.50359505394482,0.1757829589613209,0.4516942136991176,91.2663955273984,84.28641514154691,87.77640533447266,16.797448171190588
2020-12-30,86.10087585449219,-0.012312797354686083,47.731787284498964,0.10208141347162325,0.38177165365361876,91.1439046411285,84.11577858641056,87.62984161376953,16.861270372678074
2020-12-31,86.91365814208984,0.009395606808374028,51.35932293580826,0.10801204990804081,0.3270197329045032,90.70415874458759,84.19683918021711,87.45049896240235,16.863360833241217
2021-01-04,85.5990219116211,-0.015241333900053567,45.82013098046502,0.0065563871366975945,0.26292706375094205,90.263866483022,84.16250299329637,87.21318473815919,17.43514713612846
2021-01-05,86.28932189941406,0.008032001281723695,48.93451078507267,-0.017939718710778152,0.206753707258598,89.67248839468624,84.33876038461062,87.00562438964843,16.82908279876251
2021-01-06,85.43785858154297,-0.009916546618509667,45.46310429582122,-0.10485038290907767,0.14443288922506287,89.09069282056986,84.4536652421743,86.77217903137208,17.656853576669434
2021-01-07,87.9897689819336,0.029431234670848405,55.62381994277428,0.03182329255544403,0.1219109698911391,88.60173884107648,84.75918568895283,86.68046226501465,17.551655228391184
2021-01-08,89.15463256835938,0.01315176055923629,59.34705320847785,0.23146473985585203,0.1438217238840817,88.85275334018182,84.60720225674201,86.72997779846192,17.38459247680433
2021-01-11,87.09465789794922,-0.023376757706269593,51.17064254649068,0.22091274064418087,0.15923992723610156,88.78736102255698,84.61625988808754,86.70181045532226,17.365013024348503
2021-01-12,86.15939331054688,-0.010796557608187738,47.94118489627389,0.13551997941040383,0.154495937670962,88.61255009909883,84.60575281838163,86.60915145874023,17.200849557558133
2021-01-13,86.64636993408203,0.005636130456506008,49.72052024030627,0.10591956972963601,0.14478066408269682,88.5957467743946,84.59771254567377,86.59672966003419,16.969613210166386
2021-01-14,85.83654022216797,-0.009390329302243162,46.8525973262483,0.01691950455949609,0.11920843217805668,88.51701606393976,84.52687660573798,86.52194633483887,17.190090175954644
2021-01-15,85.67291259765625,-0.0019080892798171013,46.271838039229124,-0.06605562201131931,0.08215562134018149,88.45591275385401,84.44134218999365,86.44862747192383,17.263718775698354
2021-01-19,88.49211883544922,0.03237679207207297,56.31837118222882,0.09458209120599292,0.08464091531334378,88.76089139055912,84.3543620579272,86.55762672424316,17.54505201780094
2021-01-20,93.2329330444336,0.05218752277919819,67.3683993780422,0.5975446000991553,0.18722165227050608,90.60393017497155,83.27426806721594,86.93909912109375,17.97676584105698
2021-01-21,93.4352569580078,0.0021677393754104945,67.74342571565495,1.0009337201142614,0.3499640658392572,91.9529576111798,82.66705963125183,87.31000862121581,17.886825308126635
2021-01-22,93.85231018066406,0.004453620903649271,68.54589725903237,1.3388418778295659,0.547739628237319,93.11817154701532,82.3564813155335,87.73732643127441,17.30423032769432
2021-01-25,93.9375991821289,0.0009083449437566525,68.71729375762794,1.5951309601697687,0.7572178946238091,94.10404397876408,82.19405172436092,88.1490478515625,17.739185435901184
2021-01-26,94.6155014038086,0.007190601909678977,70.1113787070615,1.8318267892578035,0.972139673550608,95.09981592305496,82.06010610453293,88.57996101379395,17.264291058148963
2021-01-27,90.20149230957033,-0.04777535386964196,53.41861060897317,1.644282034851841,1.1065681458108547,95.24371028553131,82.13926929820892,88.69148979187011,18.228454307392326
2021-01-28,91.90045166015624,0.01865997265742552,57.602801247331996,1.6141365254938904,1.208081821747462,95.58957303753627,82.26669451007115,88.92813377380371,17.827885575409503
2021-01-29,90.61902618408205,-0.014041751007740506,53.685801732013175,1.4699015553927808,1.2604457684765258,95.71750022652421,82.5905823540422,89.1540412902832,17.611673699754654
2021-02-01,93.87761688232422,0.03532779290549347,60.95655189905115,1.6000904914366743,1.3283747130685555,96.29996688776177,82.70451156682807,89.50223922729492,17.510670274878848
2021-02-02,95.16942596435548,0.013666748440239986,63.40896151388771,1.7869060177705762,1.4200809740089597,96.96639129760526,82.99512756225802,89.98075942993164,18.010183008391806
2021-02-03,102.1001434326172,0.07029539561534559,73.15244298049834,2.4657856040442567,1.6292219000160193,99.38645427301401,82.15614674016959,90.7713005065918,18.39927323972986
2021-02-04,101.8397979736328,-0.002553159509742964,72.3728434668387,2.9488029002195617,1.8931381000567278,101.14086983538321,82.04192511700937,91.59139747619629,17.699051801534594
2021-02-05,103.58536529541016,0.0169950877349639,74.34687582694775,3.4328781989577237,2.201086119836927,103.15016670967698,81.59218787406324,92.37117729187011,17.21223130108224
2021-02-08,103.37163543701172,-0.002065452568646488,73.65293662020889,3.7559686785075854,2.512062631571059,104.80195353570716,81.36210133489831,93.08202743530273,17.176857729714964
2021-02-09,102.91888427734376,-0.004389458975017968,72.11733892492776,3.9301822816172347,2.795686561580294,106.02005140592925,81.72642610261568,93.87323875427246,16.901631876924732
2021-02-10,103.46882629394533,0.005329225433410065,72.85758793845022,4.065756037154358,3.049700456695107,107.0370208459393,82.44039996094547,94.73871040344238,17.03845812203999
2021-02-11,103.5813980102539,0.001087385708264963,73.01551437272916,4.134621469293194,3.2666846592147247,107.86979054719835,83.30113306730361,95.58546180725098,16.834959406963705
2021-02-12,103.89282989501952,0.003002128233615478,73.47532076190151,4.166301243465398,3.4466079760648594,108.40435911991781,84.57219346186929,96.48827629089355,16.75942313544776
2021-02-16,104.66990661621094,0.0074517656416709255,74.63664391630664,4.205631389097462,3.59841265867138,108.73684120820903,86.13941077543356,97.4381259918213,17.24962681863744
2021-02-17,105.06266021728516,0.0037452844458556104,75.2270112375312,4.219848954118845,3.722699917760873,109.22843280835185,87.30487331347432,98.26665306091309,16.82583588309681
2021-02-18,104.42740631103516,-0.006064782582903064,72.29584284788183,4.132223099957599,3.8046045542002185,109.84897221730773,87.80378123117859,98.82637672424316,16.93106826894038
2021-02-19,103.58436584472656,-0.008105743953140721,68.48227979743035,3.9492284123484467,3.8335293258298644,110.24532028885353,88.42234404830468,99.33383216857911,17.4514638326276
2021-02-22,101.87103271484376,-0.01667878147645228,61.394281543299364,3.6241749069962452,3.7916584420631407,110.38433492347279,89.08520166710339,99.73476829528809,17.198747648186856
2021-02-23,102.16163635253906,0.002848601016032048,62.110601449836665,3.351384275245877,3.703603608699688,110.4835745690686,89.80836573854859,100.14597015380859,17.361039166035695
2021-02-24,103.33642578125,0.011433706136210671,64.94251387581915,3.193182403939801,3.6015193677477106,110.67009172390087,90.49394102146047,100.58201637268067,16.933814428138575
2021-02-25,99.97124481201172,-0.03310734252136409,52.77450873021844,2.764398041080554,3.4340951024142794,109.91119180461328,92.22981619099218,101.07050399780273,17.542359967398387
2021-02-26,100.26678466796876,0.002951887524331606,53.5968090354159,2.420528593833211,3.231381800698066,109.2253463576094,93.75229493877731,101.48882064819335,17.50543948618756
2021-03-01,102.6347198486328,0.023341795294844064,59.65790124721965,2.31242595192505,3.047590630943463,107.89790250597517,96.28130815686663,102.0896053314209,17.07591216803396
2021-03-02,102.37784576416016,-0.0025059363374096313,58.761238451568026,2.180886337401745,2.8742497722351192,106.8500554415832,98.17917810944219,102.51461677551269,17.056695708869817
2021-03-03,99.74610900878906,-0.02604229166052816,50.40284074718561,1.8430357149120056,2.668006960770497,105.71512920057765,99.7717726548911,102.74345092773437,17.33868958580598
2021-03-04,100.86287689208984,0.011133892281096982,53.43005375569651,1.6464215744222486,2.463689883500847,105.75927687720898,99.60389832420705,102.68158760070801,17.71172935216605
2021-03-05,103.99398803710938,0.030571150275403493,60.67697229477014,1.7233917656706126,2.3156302599348004,105.8936089432267,99.68498526453698,102.78929710388184,17.78768750504456
2021-03-08,99.55221557617188,-0.04365080395910267,49.02265196555209,1.4097268272784902,2.1344495734035385,105.98442538651126,99.19085384932858,102.58763961791992,17.422854551219483
2021-03-09,101.18173217773438,0.016235942305500697,52.61817441212327,1.277902609263677,1.9631401805755662,105.90952815225316,99.04676075765894,102.47814445495605,17.33951539836911
2021-03-10,100.97496032714844,-0.0020456599297386663,52.11586418774344,1.1435639135157203,1.7992249271635972,105.8694177087646,98.89247880612798,102.38094825744629,17.115044322750297
2021-03-11,104.16606903076172,0.031113874635563754,58.67288025138936,1.2798421092889924,1.6953483635886764,105.96348898196675,98.86813180660747,102.4158103942871,17.137015206815658
2021-03-12,101.65977478027344,-0.024354746592170688,52.582668930920605,1.1720953753483059,1.5906977659406025,105.83846029994987,98.80099816562631,102.31972923278809,17.336503792650564
2021-03-15,101.87997436523438,0.00216370189894274,53.043834315824306,1.091886985159789,1.49093560978444,105.66271165184432,98.77546126075333,102.21908645629883,17.08004788641497
2021-03-16,103.34038543701172,0.014232854153075597,56.09375927810684,1.133102525807331,1.4193689929890183,105.44504333026883,98.86017746440889,102.15261039733886,17.278116599103036
2021-03-17,103.25757598876952,-0.0008016483038403515,55.87215333881334,1.145875172599517,1.364670228911118,105.10867188938603,99.01604048244015,102.06235618591309,17.088192555295635
2021-03-18,100.23853302001952,-0.029673928539064035,48.369535096915456,0.9019884889882803,1.2721338809265506,104.788563542445,98.9172615002796,101.8529125213623,17.27182727039325
2021-03-19,100.51722717285156,0.0027764516604125333,49.049689509705644,0.7228621195588119,1.1622795286530028,104.57418071174504,98.82493046379207,101.69955558776856,17.6457159698738
2021-03-22,100.70220184326172,0.0018385373959085105,49.52496693311001,0.5890390161404184,1.047631426150486,104.54840007912374,98.73382800925516,101.64111404418945,17.328130076481553
2021-03-23,101.2298355102539,0.005225865837820196,50.931053327026945,0.5195695949756214,0.942019059915513,104.4965478454569,98.69250015869348,101.59452400207519,17.165765495964266
2021-03-24,100.79344177246094,-0.004320238958767894,49.69793588834502,0.4244089287122961,0.8384970336748697,104.26915802657075,98.66559157670073,101.46737480163574,17.043068622869523
2021-03-25,100.78997039794922,-3.4441073049430645e-05,49.68763018299029,0.34473936340292255,0.7397454996204804,104.24112937129966,98.77549279056556,101.50831108093261,17.388305561134676
2021-03-26,100.40663146972656,-0.003810595094792422,48.491788473391914,0.2478117910270754,0.6413587579017994,104.23543257290957,98.79517426913144,101.5153034210205,17.14692908076088
2021-03-29,101.45101165771484,0.01034778263381765,51.889055468741724,0.2523596989934731,0.5635589461201341,104.12471588508394,98.78752013786529,101.45611801147462,17.09235339633425
2021-03-30,101.48473358154295,0.0003323409003054214,51.999143624297325,0.255737048742688,0.5019945666446449,104.04477425485133,98.77815054983616,101.41146240234374,17.1228367606303
2021-03-31,102.28064727783205,0.007812099785938726,54.63749170926758,0.3189604290337087,0.4653877391224577,104.07627645067511,99.0001021809167,101.5381893157959,17.566660361295057
2021-04-01,105.61608123779295,0.03209016523512106,63.65354079984712,0.6309340436855848,0.4984970000350831,104.87567866336052,98.6760204028016,101.77584953308106,17.501385528133138
2021-04-05,110.0385284423828,0.04101991890646182,71.6884049603472,1.2209554954891217,0.6429886991258909,106.82797669467803,97.32817641201143,102.07807655334473,17.697280540835706
2021-04-06,109.55751037597656,-0.004380942737664959,69.87895634510781,1.6309371804026398,0.8405783953812407,108.2300579278416,96.92662465882832,102.57834129333496,17.3776923874091
2021-04-07,111.03380584716795,0.013385091830248,72.19830083632998,2.0513288836019825,1.082728493025389,109.82084127814741,96.32104867546587,103.07094497680664,16.999132234051
2021-04-08,111.5991439819336,0.005078667379108056,73.0539773111173,2.402416834083027,1.3466661612369168,111.26764192961976,95.93666638947205,103.6021541595459,17.17115257285389
2021-04-09,112.60284423828124,0.008953595546578557,74.55152431730428,2.730175028452493,1.623367934680032,112.68417465125714,95.36381118858662,104.02399291992188,17.07920681135071
2021-04-12,111.3110122680664,-0.011538779453709262,69.21939962433801,2.852800407859263,1.8692544293158786,113.67283000073996,95.34027958788309,104.50655479431153,17.03534596228881
2021-04-13,111.79749298095705,0.004360940729985217,70.0870549253785,2.955171455341784,2.0864378345210595,114.63175929792351,95.3731021522718,105.00243072509765,17.061300954311132
2021-04-14,111.17662048339844,-0.005569024067930679,67.47295984819876,2.952171233987613,2.2595845144143705,115.37028480283567,95.41820015199832,105.394242477417,16.860128276862586
2021-04-15,113.32585906982422,0.019147265123501823,71.44354690005451,3.0876268881516467,2.425192989161826,116.42084835409953,95.37446490883993,105.89765663146973,17.188788493905392
2021-04-16,113.2018814086914,-0.0010945915343470074,70.90585220583364,3.1486765258461844,2.5698896964986977,117.19750569350168,95.89414240830496,106.54582405090332,17.084394890234574
2021-04-19,113.5495147705078,0.00306620942613231,71.55237151931756,3.188356521269185,2.693583061452795,117.890699525601,96.50417733597128,107.19743843078614,17.226328216017617
2021-04-20,113.01641845703124,-0.004705891037412617,69.01948073023888,3.1405840878757374,2.7829832667373835,118.34863455918027,97.27766396376894,107.8131492614746,16.919559019868917
2021-04-21,112.98369598388672,-0.00028957926374627074,68.85835155685182,3.0647550714006826,2.8393376276700435,118.69872158994794,98.10296298036455,108.40084228515624,16.95983527866411
2021-04-22,111.7027816772461,-0.011401916100247404,62.68883247757487,2.868237691337484,2.845117640403532,118.68823806020673,99.20438050058429,108.94630928039551,16.999629334289196
2021-04-23,114.05384063720705,0.020829014319901407,68.30251252531492,2.8691334765117915,2.849920807625184,118.80405595772592,100.41494962699088,109.6095027923584,17.18507969857271
2021-04-26,114.54973602294922,0.0043384812330244105,69.35000393575058,2.876697230978081,2.855276092295764,118.66784175014145,101.96547428989761,110.31665802001953,17.2824332874565
2021-04-27,113.61001586914062,-0.00823743416409514,64.96851490817207,2.77487694393443,2.839196262623497,118.26777881180651,103.58143764937513,110.92460823059082,17.608434684894437
2021-04-28,116.98512268066406,0.02927509987450568,71.84802828560721,2.9327199753017084,2.85790100515914,118.05300608690573,105.34624928418802,111.69962768554687,18.211267511415958
2021-04-29,118.65730285644533,0.014192760420226594,74.5180348017567,3.156358148084223,2.9175924337441566,117.90886208494774,107.12805884400734,112.51846046447754,17.534773740964482
2021-04-30,116.71039581298828,-0.01654391371578237,66.59825375670013,3.140294523315177,2.9621328516583607,117.70244993245282,108.44390245402178,113.0731761932373,17.618967939079205
2021-05-03,116.19365692138672,-0.0044373615093821605,64.63476432556499,3.050700894057073,2.979846460138103,117.9790412809555,108.7828239534195,113.3809326171875,17.15632082501959
2021-05-04,114.39601135253906,-0.015592042793826835,58.205685681271994,2.802338707305097,2.9443449095715017,117.86968033509805,109.37603499693319,113.62285766601562,17.618120424717695
2021-05-05,114.78976440429688,0.0034361071307514174,59.163832566150454,2.607227964465224,2.8769215205502463,117.90485583062619,109.71645535711795,113.81065559387207,17.097774279755825
2021-05-06,115.90950775146484,0.009707461405697986,61.84281840433346,2.5139756783737255,2.804332352114942,118.0838421295891,109.96850543510817,114.02617378234864,17.041957688027086
2021-05-07,116.6325225830078,0.006218378331952376,63.507541348974605,2.4699418718054744,2.7374542560530486,118.38666734077097,110.06864805839896,114.22765769958497,17.179282981140165
2021-05-10,113.64820861816406,-0.025920371501147073,53.19196099586831,2.169230033317973,2.6238094115060333,118.28401473332221,110.40502030085747,114.34451751708984,17.246719746042203
2021-05-11,112.57258605957033,-0.00950956490087218,50.03723432074312,1.8231043713294781,2.4636684034707224,118.23146109960267,110.53508324243835,114.38327217102051,17.347326790750092
2021-05-12,109.11070251464844,-0.031235236767633175,41.505152911842885,1.2549855286229956,2.221931828501177,118.57549720847308,109.98445533669295,114.27997627258301,17.652292663564584
2021-05-13,110.53840637207033,0.01300004331057749,45.623150579559784,0.9094672498453491,1.9594389127700116,118.73682947114636,109.54437780424425,114.1406036376953,17.318180938673915
2021-05-14,112.98518371582033,0.021893663008855258,51.87591380119143,0.8235822639814074,1.732267583012291,118.73632208180392,109.52321542429961,114.12976875305176,17.281121484204757
2021-05-17,113.50786590576172,0.004615445098000797,53.11616319267308,0.7886033498784428,1.5435347363855214,118.73538161672602,109.51999100290288,114.12768630981445,16.888111322075424
2021-05-18,112.19619750976562,-0.011623035427557264,49.65754361618931,0.6475767690644147,1.3643431429213002,118.75027813487115,109.42307239003118,114.08667526245117,16.915783055829117
2021-05-19,112.64398956298828,0.003983208260998184,50.834534939028316,0.5654273693211707,1.2045599882012743,118.75264154182106,109.38673834099144,114.06968994140625,16.9803103148564
2021-05-20,114.4019775390625,0.015486054488898046,55.2572200976067,0.6348600443166248,1.0906199994243444,118.75406373812123,109.6552357308729,114.20464973449707,17.292186431712324
2021-05-21,113.7662124633789,-0.005572790151295262,53.38685803479076,0.6313076891238438,0.9987575373642443,118.74350648634537,109.63703016526595,114.19026832580566,17.520066516074362
2021-05-24,117.08429718017578,0.02874858926419775,60.83733932430729,0.8860206339551979,0.976210156682435,119.04990202881669,109.58409073851729,114.31699638366699,17.27598266250383
2021-05-25,117.17506408691406,0.0007749266521477372,61.020880169329835,1.0827256216517043,0.997513249676289,119.38207601575152,109.6084215733598,114.49524879455566,16.92635568318205
2021-05-26,118.03990173339844,0.00735362684682107,62.80936737647591,1.2934903602029664,1.0567086717816245,119.56888294777305,109.52709254661171,114.54798774719238,16.88690678179564
2021-05-27,117.1656265258789,-0.007434172491843896,59.821185120477544,1.374136046385999,1.1201941467024996,119.27688738413838,109.66992047718975,114.47340393066406,17.377238254807462
2021-05-28,116.87651824951172,-0.002470567202306217,58.82454518270644,1.398597550022771,1.1758748273665538,119.30202559210133,109.66139451287913,114.48171005249023,16.88272597969073
2021-06-01,118.0830535888672,0.010270242962481435,61.692862407636525,1.498071945469988,1.2403142509872407,119.60721559023186,109.54514418149667,114.57617988586426,16.966278876437013
2021-06-02,117.55789947509766,-0.00445724714978028,59.74211613321899,1.517043044559884,1.2956600097017694,119.93725087755087,109.53129770643352,114.7342742919922,16.8675286897923
2021-06-03,116.41682434082033,-0.009753909844266696,55.626280351436,1.4235922648211812,1.3212464607256518,120.07285519001431,109.55839938762242,114.81562728881836,16.743820208688206
2021-06-04,118.69747161865234,0.019400936924620873,61.35662853612957,1.516084544855019,1.3602140775515252,120.47563030282927,109.43442066152619,114.95502548217773,17.01246795961787
2021-06-07,119.1303939819336,0.003640640177802928,62.35054626212624,1.6058078069682864,1.4093328234348776,120.86690728875385,109.2929308154942,115.07991905212403,16.998551971282627
2021-06-08,118.93895721435548,-0.0016082440505502758,61.596099405555165,1.6425326968859224,1.4559727981250865,121.33597040672633,109.35294255714085,115.34445648193359,17.003514760419513
2021-06-09,119.41008758544922,0.003953286115130616,62.789415011563285,1.6901704870010974,1.502812335900289,121.791120964533,109.58154215192208,115.68633155822754,16.70265494683651
2021-06-10,120.75843811035156,0.011228487892130061,66.04158874157744,1.8157930654368215,1.5654084818075955,121.93912230366173,110.59831437236365,116.26871833801269,17.06990799350363
2021-06-11,120.5139617919922,-0.002026559209666393,64.93344936968609,1.8740201306619184,1.6271308115784602,122.0577864571161,111.47720576090148,116.76749610900879,16.904642141318302
2021-06-14,121.44178009033205,0.007669360015202851,67.18392506761438,1.9722972667524346,1.6961641026132552,122.55897584977711,111.82167600569164,117.19032592773438,16.91099770990822
2021-06-15,120.42418670654295,-0.008414572760991368,62.450117859937464,1.945643160233331,1.7460599141372706,122.7959594247462,112.27632451080066,117.53614196777343,16.886443110459087
2021-06-16,119.7824935913086,-0.00534285425304422,59.5983308968543,1.8513985472411605,1.7671276407580487,122.61854585464485,113.21236768905632,117.91545677185059,17.091598166359347
2021-06-17,120.74553680419922,0.00800778485179532,62.37523386375233,1.8332855762984934,1.7803592278661378,122.47554900990269,114.16551925791958,118.32053413391114,17.067511671960997
2021-06-18,119.1264190673828,-0.013500055239141133,55.472000368093255,1.6690419696167709,1.7580957762162646,122.28948636101669,114.82402605963762,118.55675621032715,17.64667054101943
2021-06-21,120.81397247314452,0.014066670653959503,60.392221678916165,1.6559603047888203,1.7376686819307758,122.01585081369578,115.80243760793508,118.90914421081543,17.126564426251175
2021-06-22,121.32772827148438,0.004243437356579754,61.77693803086773,1.6678231632123897,1.7236995781870987,122.28240717932603,115.96022435143568,119.12131576538086,16.924125033237733
2021-06-23,121.12589263916016,-0.0016649425831689426,60.87649597340392,1.6420100455729454,1.7073616716642683,122.46157979539261,116.17613459059372,119.31885719299316,16.76770888171931
2021-06-24,121.49584197998048,0.0030496000542872374,61.97064738865541,1.6325853561422718,1.6924064085598691,122.71723322262177,116.26607518802275,119.49165420532226,16.877124247443874
2021-06-25,121.50425720214844,6.926105956037613e-05,61.99668308445211,1.6072676786570526,1.675378662579306,122.85817853604232,116.55899294222917,119.70858573913574,17.35919084349275
2021-06-28,121.53154754638672,0.0002245787971958537,62.087332022492944,1.571292458188708,1.6545614217011864,122.89140620699831,116.99126820096066,119.94133720397949,17.166326545121244
2021-06-29,121.27021026611328,-0.002152681130058187,60.59671077388488,1.5043528590171888,1.624519709164387,122.97136692211609,117.23002315356752,120.1006950378418,16.955689479158348
2021-06-30,121.08869934082033,-0.0014978690861747201,59.527730425115294,1.420284177773766,1.5836726028862629,122.91424338044418,117.64022668181168,120.27723503112793,17.013121928387438
2021-07-01,121.4407958984375,0.0029035380181965747,60.96621441953176,1.366320301877039,1.5402021426844181,122.48693467906655,118.56993253895102,120.52843360900879,16.711974885077705
2021-07-02,124.23072814941406,0.022713680042602408,70.04990353159438,1.5310290082822604,1.5383675158039867,123.19117082706184,118.4190220440319,120.80509643554687,17.072914587026
2021-07-06,125.15560150146484,0.007417227668582492,72.34728278560246,1.7164057378712414,1.5739751602174377,124.05684390767074,118.15586971537614,121.10635681152344,17.08902610966385
2021-07-07,125.43726348876952,0.002247965886235669,73.02588051483758,1.864552499495204,1.6320906280729912,124.78100139656497,118.0815428539233,121.43127212524413,16.996061310073564
2021-07-08,124.01898956298828,-0.011371045547096958,64.44938385649085,1.846234777349153,1.6749194579282236,125.05977410322446,118.26366034501773,121.66171722412109,16.984775924313606
2021-07-09,124.48959350585938,0.0037874305958591485,65.88126246019186,1.8483846283486542,1.70961249201231,125.44160654312918,118.25494344466378,121.84827499389648,16.740391144217416
2021-07-12,125.93466186523438,0.011541089716454246,69.89146417009071,1.9442808806961551,1.7565461697490792,126.0871044713621,118.15151552375508,122.11930999755859,16.687265708298053
2021-07-13,126.2976531982422,0.002878232184548905,70.81928007672725,2.0262127986363225,1.8104794955265278,126.72948626381043,117.99472104209778,122.3621036529541,16.772502055176886
2021-07-14,127.18579864501952,0.007007550786751551,73.01075000260762,2.138162937521699,1.8760161839255622,127.46470638564705,117.93566211410882,122.70018424987794,16.982756231715065
2021-07-15,125.96390533447266,-0.009653598487722233,65.70035102729994,2.104033660450696,1.921619679230589,127.77882178411369,118.23968788995859,123.00925483703614,17.002606757588048
2021-07-16,125.92919158935548,-0.0002756228396955694,65.49969766881564,2.0505474191412674,1.947405227212725,128.08321197788177,118.45366317470612,123.26843757629395,16.83222128686546
2021-07-19,123.55680084228516,-0.01901880129023136,53.47895977366165,1.7960236386437316,1.9171289094989263,127.8923524593842,119.08756087069392,123.48995666503906,17.146571593192547
2021-07-20,125.17493438720705,0.01301125786434329,59.005241123749165,1.7052247926791182,1.8747480861349648,127.98247069982891,119.43353882165546,123.70800476074218,17.0855357048565
2021-07-21,126.50345611572266,0.010557394819904295,62.901752534659956,1.720632275834248,1.8439249240748217,128.2611437414451,119.67243856446309,123.9667911529541,16.847864063175972
2021-07-22,127.36878204345705,0.006817045338496804,65.22056625318012,1.7821241696829304,1.8315647731964435,128.611216145274,119.94665510106388,124.27893562316895,16.475910015510767
2021-07-23,131.92465209960938,0.035144267975113615,74.32107391567727,2.173423701597244,1.8999365588766035,130.12014017548682,119.48061208281398,124.8003761291504,17.541348577156644
2021-07-26,132.936279296875,0.007638968203332721,75.83322656537834,2.5359286531456178,2.0271349777304066,131.58263766289662,119.16131680487682,125.37197723388672,17.235595148054582
2021-07-27,130.81875610351562,-0.016057086354417018,66.94655058986815,2.622123803143225,2.1461327428129704,132.22422631403796,119.44844900944835,125.83633766174316,17.817557084318203
2021-07-28,134.9783935546875,0.031301893856573546,73.51292689761647,2.9915967936548498,2.3152255529813464,133.73513027807635,119.30836337426742,126.52174682617188,18.37075494569457
2021-07-29,134.66452026367188,-0.0023280673564480786,72.3450386263019,3.221939338007104,2.496568309986498,134.80563156016808,119.59544418446083,127.20053787231446,17.272331874904253
2021-07-30,133.6221160888672,-0.007770863540210014,68.45537877080923,3.2825351370108393,2.6537616753913666,135.42358960910437,120.19561815456753,127.80960388183594,17.05716500882097
2021-08-02,133.7490692138672,0.0009496396135353526,68.67626485244458,3.3027299850962777,2.783555337332349,136.14359964362737,120.42744222648982,128.2855209350586,16.889776755395907
2021-08-03,134.51820373535156,0.005734107037770094,70.04480872356581,3.3422696713773803,2.8952982041413553,136.93548815742648,120.5718139360794,128.75365104675294,16.848634998900245
2021-08-04,134.01785278320312,-0.003726512838998292,67.96451567929782,3.2952454787324825,2.975287659059581,137.53049769552288,120.83486332742633,129.18268051147462,16.794910227720703
2021-08-05,135.13461303710938,0.008298394437142757,70.09905141907107,3.309936795590289,3.0422174863657228,138.11879816974778,121.35812520061351,129.73846168518065,16.698633943095317
2021-08-06,134.6258087158203,-0.003772272606496563,67.87989049964406,3.2431386302268947,3.0824017151379577,138.51431539888134,121.97622949247611,130.24527244567872,16.835349955670555
2021-08-09,135.7906951904297,0.008615551664535936,70.2054675051759,3.246770457273101,3.1152754635649864,139.09969532423895,122.37645289963804,130.7380741119385,16.692459351834604
2021-08-10,135.68557739257812,-0.0007744161366651892,69.71494724965757,3.2042302073265887,3.133066412317307,139.57354421632604,122.84139642698452,131.20747032165528,16.78150506476353
2021-08-11,135.1619110107422,-0.003866877536458238,67.19614824688949,3.09261155132657,3.1249754401191594,139.92544851542226,123.28710336446056,131.6062759399414,16.546756381807764
2021-08-12,136.06936645507812,0.006691402545791638,69.26824607845342,3.042307208979281,3.108441793891184,140.21246274939412,124.01063524254924,132.11154899597167,16.619234569718795
2021-08-13,136.59848022460938,0.0038810181700076394,70.44067978161827,3.0104333131543513,3.0888400977438177,140.430791826302,124.85923502916675,132.64501342773437,16.58484405018717
2021-08-16,137.1757354736328,0.004217023162745974,71.7087871438861,2.9972028070807823,3.070512639611211,140.0786626245427,126.57325769406084,133.32596015930176,16.923857020562167
2021-08-17,135.54124450683594,-0.011986862995018083,63.413310827833065,2.8222941248332916,3.0208689366556274,139.45798912997878,128.2305622005876,133.8442756652832,16.893559920056475
2021-08-18,134.33871459960938,-0.0089116499772071,58.08902813794747,2.5571662002756455,2.928128389379631,138.66031906092618,129.8117581180289,134.23603858947754,16.77343716870884
2021-08-19,134.56777954101562,0.0017036776857599282,58.79867017402016,2.3385763834805573,2.8102179881998164,137.61652467918717,131.57545224952375,134.59598846435546,16.896594544527233
2021-08-20,136.302978515625,0.01281218189338441,63.799089613041964,2.2790865434135696,2.703991699242567,137.64915304975392,131.98065652055857,134.81490478515624,17.255736358651355
2021-08-23,138.8935546875,0.01882765503633062,69.70967962457794,2.413160847175476,2.645825528829149,138.34055156823894,131.88498554113607,135.1127685546875,17.163799341337693
2021-08-24,140.1035614013672,0.008674027297746535,72.0085419404501,2.587229160947828,2.6341062552528847,138.87445152739926,132.2795661117609,135.57700881958007,16.77395629863177
2021-08-25,140.91433715820312,0.00577029442354481,73.4619125475441,2.758800644808275,2.659045133163963,139.92646782001572,131.821144179496,135.87380599975586,16.578553930459968
2021-08-26,140.2810821533203,-0.004504028386841018,70.38786077110026,2.811267355194815,2.6894895775701335,140.612595509832,131.69667267864455,136.15463409423828,16.841287001386778
2021-08-27,142.82357788085938,0.01796200800630793,74.92477058683717,3.0231566894016737,2.756222999936442,141.81038481544445,131.4190295522313,136.61470718383788,17.175191294169846
2021-08-30,143.40525817871094,0.004064447919547969,75.83689060925745,3.2011167705672676,2.845201754062607,142.92782160411218,131.26721166004796,137.09751663208007,17.011486203872717
2021-08-31,143.51136779785156,0.0007396547594066634,76.00833471240091,3.3125288063912137,2.9386671645283284,143.90335621253953,131.19099345787063,137.54717483520508,16.926712125871777
2021-09-01,144.02513122558594,0.0035735565830577274,76.86427973538629,3.403051799560984,3.03154409153486,144.79728295271468,131.29779456193376,138.04753875732422,16.903639726371395
2021-09-02,142.1124267578125,-0.01336932467528827,67.24553691781372,3.2826127420845808,3.0817578216448043,145.23300531496764,131.55985357175112,138.39642944335938,17.291877284039572
2021-09-03,142.56121826171875,0.003153027219526948,68.24951795862596,3.1866439966003384,3.102735056635911,145.62945782017715,131.95694202113145,138.7931999206543,16.803714615475307
2021-09-07,143.09780883789062,0.0037568650481060854,69.4550467566923,3.117944723489927,3.1057769900067145,146.09940998103298,132.2177012250217,139.15855560302734,16.817423740285257
2021-09-08,142.5131378173828,-0.004094183672293288,66.49257885130805,2.981947949776128,3.081011181960597,146.39301631596317,132.606850932572,139.49993362426758,16.724813158033612
2021-09-09,142.36436462402344,-0.001044471434980774,65.72437914184053,2.8295475110739687,3.0307184477832716,146.5484131258471,133.1716994840162,139.86005630493165,16.54427806595493
2021-09-10,139.72122192382812,-0.01874055381494134,53.82631694718602,2.467050911949002,2.9179849406164178,146.4903365235793,133.59496163315902,140.04264907836915,17.422094796495788
2021-09-13,141.16578674316406,0.010285826761463258,58.27236932563901,2.270165004639182,2.7884209534209705,146.5257191310054,134.01630967758834,140.27101440429686,16.910816681675513
2021-09-14,141.3760223388672,0.0014881736277275691,58.89274172539045,2.10680976860192,2.6520987164571608,146.57821521995905,134.38384227515812,140.48102874755858,16.794808575883344
2021-09-15,143.24559020996094,0.013137405438436733,64.01611978656152,2.1039549862827585,2.5424699704222804,146.6127869286325,135.11970513679722,140.86624603271486,17.126345536031735
2021-09-16,142.43280029296875,-0.005690259656491448,60.48657542999568,2.012903696372007,2.436556715612226,146.15761730666625,136.38428332809937,141.2709503173828,17.080888254666405
2021-09-17,139.64581298828125,-0.019761001830212427,50.25485454852159,1.6963043686164383,2.2885062462130685,145.35951232470595,137.69019165478622,141.52485198974608,17.793021652297785
2021-09-20,137.5823974609375,-0.014886317872839259,44.282347021954266,1.264322410289168,2.0836694790282886,145.08438655970946,138.09325931431397,141.5888229370117,17.655349913926205
2021-09-21,137.893310546875,0.0022572822859978116,45.3365225538247,0.9362689579390064,1.8541893748104323,145.22041222399142,137.85720923596952,141.53881072998047,17.047579016094218
2021-09-22,139.133544921875,0.008953952561942837,49.445461727256294,0.767513366121193,1.6368541730725845,145.27561992702059,137.7049998849911,141.49030990600585,17.036623917683265
2021-09-23,140.0583953857422,0.006625218806516218,52.3234543442784,0.700328100519755,1.4495489585620187,145.27931106386853,137.61571457089707,141.4475128173828,16.857744712897823
2021-09-24,141.04920959472656,0.0070493881669701315,55.26186692635356,0.7187484350185969,1.3033888538533345,145.283738606274,137.68809977263223,141.4859191894531,16.95030892314979
2021-09-27,139.91561889648438,-0.008069314976969142,51.36159216753701,0.6345605680565711,1.1696231966939818,145.14536592192158,137.53567655854718,141.34052124023438,16.901174984718534
2021-09-28,134.71656799316406,-0.03786644367191596,38.085238599837936,0.14663085016553623,0.9650247273882927,145.59883490195938,136.2133385599547,140.90608673095704,17.63918313026716
2021-09-29,133.25216674804688,-0.010929751372312323,35.31616456784951,-0.3541396076235799,0.7011918603859183,146.0338880490877,134.75236530784588,140.39312667846679,17.244582508809422
2021-09-30,132.58021545410156,-0.005055461787652668,34.091311529098164,-0.7960483076007563,0.40174382678858345,146.18587093677067,133.4558908430145,139.82088088989258,17.45299147531077
2021-10-01,135.42372131347656,0.021220677572829867,43.08679502677799,-0.9063689207084735,0.14012127728917206,146.04443163328986,132.92845960206168,139.48644561767577,17.38109182401426
2021-10-04,132.56385803222656,-0.021344062732306976,37.53766475429295,-1.2106107007563196,-0.13002511831992628,146.06143656700402,131.9117186453983,138.98657760620117,17.751289171277303
2021-10-05,134.90797424316406,0.017528396981432905,43.913770676657634,-1.2481856090294627,-0.35365721646183357,145.59786485357137,131.55630689935833,138.57708587646485,17.293792460792908
2021-10-06,136.4373321533203,0.01127253037873123,47.66718156625024,-1.141400241093919,-0.5112058213882507,145.10008682928702,131.4465043572364,138.2732955932617,17.008617231982676
2021-10-07,138.083740234375,0.01199491031291967,51.4351314890411,-0.9133916843526606,-0.5916429939811327,144.60878458790913,131.50974415964944,138.05926437377929,17.03877677095854
2021-10-08,138.63967895507812,0.004018015318507809,52.674221572336954,-0.6799950917004196,-0.6093134135249901,144.514667160038,131.49570729064558,138.00518722534179,17.093635979735296
2021-10-11,137.7752685546875,-0.006254460737599485,50.516041304857495,-0.558341097013141,-0.5991189502226204,144.17288643421278,131.49843619762316,137.83566131591797,16.703323544996664
2021-10-12,135.33050537109375,-0.01790389455135966,44.91140163054978,-0.6516891204136357,-0.6096329842608235,143.73484950205048,131.3319214330081,137.53338546752929,17.408209481128186
2021-10-13,136.45420837402344,0.008269114112477043,47.77927963773163,-0.6277582539505318,-0.6132580381987651,142.79279069217827,131.59484205928655,137.1938163757324,16.793791488784734
2021-10-14,139.9939422607422,0.02561006355195902,55.61745396744666,-0.31948312539987,-0.554503055638986,142.28323332683598,131.86051362140623,137.0718734741211,17.277928493643913
2021-10-15,140.20916748046875,0.0015362089468018833,56.04941438832624,-0.057147230797681914,-0.45503189067072525,142.37567277158428,131.82440962587668,137.10004119873048,17.22579984933629
2021-10-18,141.60760498046875,0.009924526252785577,58.85173521419239,0.26059410805927996,-0.31190669092472423,142.94844746292387,131.65415568649018,137.30130157470703,16.830849410186403
2021-10-19,142.0628662109375,0.0032097921184915646,59.75145174136543,0.5428841542317855,-0.14094852189342227,143.5435698691352,131.4759888466851,137.50977935791016,16.819409443777992
2021-10-20,140.6068878173828,-0.010301712504614043,55.56689691005422,0.6417184307588286,0.015584868637027904,143.735526372163,131.43136663320809,137.58344650268555,16.963448807348165
2021-10-21,140.72291564941406,0.0008248528039337681,55.832355613633794,0.7210954439177328,0.1566869836931689,143.8318869062522,131.40145812548607,137.61667251586914,17.084775306399987
2021-10-22,136.43881225585938,-0.030916567460625648,45.114878458676465,0.4333159619333742,0.21201277934121,143.404186650785,131.36811864706658,137.3861526489258,17.739224971749536
2021-10-25,136.32032775878906,-0.0008687848518403261,44.85840835663544,0.1934578784251073,0.20830179915798946,143.12017146038244,131.29260472369958,137.206388092041,17.353915927783007
2021-10-26,138.16656494140625,0.013452482244636795,49.66056110496185,0.15060841014823723,0.19676312135603902,143.18720451261075,131.57057136629552,137.37888793945314,17.712135641522664
2021-10-27,145.0189208984375,0.04840427320578076,62.65874523552946,0.661947240291056,0.2897999451430424,144.3689691985795,131.5654820953658,137.96722564697265,18.267319763896815
2021-10-28,144.6534423828125,-0.0025233937087926124,61.74301247717097,1.0258702912614694,0.4370140143667278,145.10925146578018,132.03252252103624,138.5708869934082,17.404735436537756
2021-10-29,146.8324432373047,0.014951265588188985,65.02491768720536,1.473127789203346,0.6442367693340515,146.46689776196422,131.815748417235,139.1413230895996,17.58412500318109
2021-11-01,142.32070922851562,-0.03120906805964993,54.58374327776643,1.4468450214857,0.8047584197643813,146.3880171978869,132.87031410094121,139.62916564941406,17.664039850918805
2021-11-02,144.24034118652344,0.013397917618654673,57.69623180969701,1.5628978807903309,0.9563863119695714,146.7702994035407,133.4212685896234,140.09578399658204,17.32651856882466
2021-11-03,145.39633178710938,0.007982392056120818,59.496391986100775,1.7282274580040848,1.110754541176474,147.38489183468116,133.70257612186182,140.5437339782715,17.129478393385074
2021-11-04,147.05210876464844,0.011323669000322834,61.991261155109655,1.970149051374051,1.2826334432159894,148.31324860272682,133.67105620684347,140.99215240478514,17.46388049477353
2021-11-05,147.6318359375,0.0039345741847428796,62.85398692858652,2.183482962516763,1.4628033470761441,149.24325750609955,133.64026300171292,141.44176025390624,17.4623694088885
2021-11-08,147.8093719482422,0.0012018366251767788,63.129987562823786,2.339904335778698,1.6382235448166549,150.03725918371353,133.84967166345442,141.94346542358397,16.953263134918878
2021-11-09,147.69776916503906,-0.0007553305689242724,62.81403070374552,2.4268883311468983,1.7959565020827035,150.41446374598908,134.70919348057342,142.56182861328125,16.78746235405614
2021-11-10,144.69757080078125,-0.02052223993319692,54.864473679876085,2.2280492747436256,1.882375056614888,150.32624868472703,135.62174478451124,142.97399673461913,17.215707472659545
2021-11-11,144.5716094970703,-0.0008708934117528492,54.55231793232382,2.0368246191488026,1.913264969121671,150.44875778487267,135.9570024079984,143.20288009643554,16.619961313892816
2021-11-12,147.45925903320312,0.019776975429233234,60.14991224757035,2.094146864865479,1.9494413482704327,150.90545905430946,136.2253102938351,143.56538467407228,16.92278425097389
2021-11-15,147.235107421875,-0.0015212483173807608,59.536915628837164,2.097311494482085,1.9790153775127632,151.30139185795662,136.39212773432854,143.84675979614258,16.97285138925339
2021-11-16,146.66383361816406,-0.0038875575472701045,57.91691338129322,2.0303182200169374,1.9892759460135983,151.58343674091296,136.57017959209483,144.0768081665039,16.75488415074774
2021-11-17,146.83343505859375,0.0011557276840938825,58.27986182056834,1.9682225418803228,1.9850652651869432,151.8047618675514,136.9715091895775,144.38813552856445,16.790734005922754
2021-11-18,148.6102294921875,0.012028119525387177,61.97940878777336,2.038880782579838,1.9958283686655223,152.21729707165272,137.34770536975353,144.78250122070312,17.388080917761403
2021-11-19,147.70571899414062,-0.0061050599001296205,59.10601217005254,1.9988500108326548,1.9964326970989488,151.75542486095756,138.93626825427683,145.3458465576172,17.332474157687585
2021-11-22,145.1027374267578,-0.017779883620678248,51.68064047127761,1.7370626998340413,1.9445586976459672,150.59472407852317,140.97521000350807,145.78496704101562,17.236314501951494
2021-11-23,144.5869903564453,-0.0035606897018254082,50.33144069109576,1.4710208784872805,1.8498511338142298,149.3897402598725,142.82223636366268,146.1059883117676,17.119389113842793
2021-11-24,144.92222595214844,0.0023158899727587345,51.222821116641434,1.2725622240581913,1.7343933518630221,149.3919217626111,142.81038536629512,146.1011535644531,16.708102128031122
2021-11-26,141.01748657226562,-0.02731332484589191,41.81055722334478,0.7910833593830944,1.5457313533670367,149.88035728273465,141.95835426511692,145.9193557739258,17.232253183781058
2021-11-29,144.33755493164062,0.0232707869240888,50.19118360701302,0.6696898916888188,1.3705230610313932,149.791516038167,141.79770667911816,145.79461135864258,17.29970017010086
2021-11-30,140.73434448242188,-0.025280656276833284,42.959794046635054,0.27951366445009285,1.152321181715133,150.05106599665788,141.37952024601788,145.71529312133788,17.554797938393094
2021-12-01,139.895263671875,-0.005980005577868226,41.461696032982964,-0.09630052313897863,0.9025968407443108,150.52529496193296,140.47078352927798,145.49803924560547,17.342459174326464
2021-12-02,141.79408264160156,0.013481856913239599,46.04690230830811,-0.23817165801673923,0.6744431409921008,150.6115836747777,140.02426990188246,145.31792678833008,17.189473800926272
2021-12-03,140.83746337890625,-0.006769399447678727,44.169814614527155,-0.42292155777400353,0.4549702012388799,150.59372700392376,139.42066203416218,145.00719451904297,17.534676728937267
2021-12-06,141.9815216064453,0.008090436135094754,46.95480611748131,-0.4715851071502186,0.2696591395610602,150.32381484709651,139.12554275788398,144.72467880249025,17.237098661934688
2021-12-07,146.0623016357422,0.028336334618620018,55.4847036365664,-0.1788053203397908,0.17996624758089003,150.08632966575078,139.1883209079797,144.63732528686523,17.28871850662007
2021-12-08,146.97177124023438,0.006207281738576611,57.138913607842895,0.12516850182547046,0.16900669842980612,149.97331881353404,139.228731967716,144.601025390625,17.004751618905914
2021-12-09,146.4282684326172,-0.00370486268440888,55.80432470692232,0.31854185930370704,0.1989137306045863,150.12179927587815,139.25332126855542,144.68756027221679,16.96267557825226
2021-12-10,146.78829956054688,0.002455736463520494,56.52866303999515,0.4951355272562239,0.25815808993491385,150.31251072000796,139.28427883077327,144.79839477539062,17.01246795961787
2021-12-13,144.63113403320312,-0.014804811756487245,51.12235653513388,0.4557682389721549,0.2976801197423621,150.02696093730324,139.28701611347802,144.65698852539063,17.113936698531745
2021-12-14,142.7273712158203,-0.013250282390530659,46.86271144932734,0.2678638625598353,0.29171686830585675,149.72379276922655,139.1394106609492,144.43160171508788,17.46476524330545
2021-12-15,145.24057006835938,0.017455155956898,52.490545583171674,0.31807585374920677,0.29698866539452673,149.5637754385938,139.15710163660148,144.36043853759764,17.40925484445836
2021-12-16,143.2609405517578,-0.013723745035015132,48.16340657099968,0.19587177311456117,0.27676528693853364,149.27174078883806,139.09188683567365,144.18181381225585,17.33152364377269
2021-12-17,140.56324768066406,-0.019010177603020453,42.965452714579726,-0.1173048925766409,0.19795125103549874,148.66349678284112,138.89543266051825,143.7794647216797,17.735819162814167
2021-12-20,140.44619750976562,-0.0008330693481748191,42.74986984348805,-0.3706717537730242,0.08422665007379415,148.14858662801765,138.68439066690422,143.41648864746094,17.11843340713361
2021-12-21,142.29640197753906,0.013087740446739183,47.25501117767551,-0.4173597159276312,-0.016090623126490927,147.96396008499337,138.5883836650066,143.276171875,17.17435703386125
2021-12-22,145.2147674560547,0.02030158145365033,53.47415813724149,-0.21637828382040425,-0.05614815526527359,148.04049471407583,138.57462674588513,143.30756072998048,17.08591568736744
2021-12-23,145.71221923828125,0.003419773962401685,54.45984754575776,-0.016765586193287163,-0.048271641450876306,148.14941044963183,138.54471033894237,143.3470603942871,17.088268361683276
2021-12-27,146.694091796875,0.006715834863610462,56.422299246386785,0.21814320535330012,0.005011327909958979,148.52367161979097,138.7381096912442,143.6308906555176,16.58659821667168
2021-12-28,145.4845733642578,-0.008279354285400865,53.37121872842451,0.3032167915089019,0.06465242062974758,148.64240376245414,138.73407939184273,143.68824157714843,16.716932206992077
2021-12-29,145.45281982421875,-0.00021828435195045602,53.289746258195464,0.363881378134721,0.12449821213074228,148.73331696913078,139.11501371934577,143.92416534423828,16.6940346868304
2021-12-30,145.0020751953125,-0.003103717640658123,52.07453370572256,0.3713069798446611,0.17385996567352605,148.6158053902245,139.7432064505958,144.17950592041015,16.568406710601305
2021-12-31,143.6646270751953,-0.00926644936748539,48.53766800840043,0.26620232225937457,0.19232843699069577,148.57440344676382,139.97166283741586,144.27303314208984,16.71340952630845
2022-01-03,143.80296325683594,0.0009624472251588237,48.92408203480222,0.19185708852990047,0.19223416729853673,148.41766443663383,140.42495183533882,144.42130813598632,17.170524410230836
2022-01-04,143.21583557128906,-0.004091219856629725,47.30072995230785,0.08458659615087072,0.17070465306900354,148.35698635706197,140.60906131139504,144.4830238342285,17.1618997383427
2022-01-05,136.64564514160156,-0.04696178884873495,33.789344484602125,-0.5245389417980846,0.031655934095585925,149.15811933670386,138.86626268233908,144.01219100952147,17.815874075024464
2022-01-06,136.6183624267578,-0.0001996802665464219,33.74623709682163,-0.9979727970243175,-0.17426981212839476,149.41207126098695,137.57696987670838,143.49452056884766,17.435789947361148
2022-01-07,135.8938751220703,-0.005317111760381057,32.55838420003474,-1.4153177073672225,-0.42247939117616035,149.6160605407238,136.31954126591685,142.96780090332032,17.208675801531314
2022-01-10,137.53280639648438,0.011988229487164432,37.88496690731767,-1.5954274048921206,-0.6570689939193525,149.3199740511346,135.69007843909978,142.5050262451172,17.6089302138706
2022-01-11,138.59054565429688,0.007661390634198245,41.11726387300313,-1.6339794219320822,-0.8524510795218985,149.15524111606547,135.25075253627827,142.20299682617187,17.173452465762296
2022-01-12,140.27114868164062,0.012053454516976536,45.93152716514929,-1.5114979468113745,-0.9842604529797938,149.08004277261037,135.08032862631543,142.0801856994629,17.07775237703968
2022-01-13,137.4509735107422,-0.02031002853388577,40.01863743374333,-1.623282868007152,-1.1120649359852655,148.81587520827853,134.56553653488552,141.69070587158203,17.263464322778866
2022-01-14,138.337158203125,0.006426583601680092,42.522550385090895,-1.6216719006854987,-1.213986328925312,148.68063441411144,134.20839909418933,141.44451675415038,17.205377356997214
2022-01-18,134.88319396972656,-0.025284706784336666,36.182661031034606,-1.877459065696769,-1.3466808762796036,148.96574598788428,133.35528214932273,141.1605140686035,17.367194801576666
2022-01-19,134.00892639160156,-0.006502761462213521,34.76956132554241,-2.1262087132831198,-1.502586443680307,149.27342627701938,132.40387474837127,140.83865051269532,17.170594225566855
2022-01-20,132.21475219726562,-0.013478901408607562,32.00693991648298,-2.439992746543851,-1.690067704253016,149.56957522033395,131.09956082702934,140.33456802368164,17.213636594537814
2022-01-21,129.28298950195312,-0.022423792439313684,28.080682952847383,-2.891901560302472,-1.9304344754629073,149.70226556132198,129.37369269063115,139.53797912597656,17.83462859191271
2022-01-24,129.73178100585938,0.0034653772998998918,29.506243651424484,-3.177203997433651,-2.1797883798570563,149.3617427972466,128.11617163146437,138.73895721435548,18.154394812792397
2022-01-25,125.89447784423828,-0.030025017402255678,24.952040548716468,-3.670633748848843,-2.4779574536554136,149.08754198573965,126.31041104770762,137.69897651672363,17.664806754778834
2022-01-26,128.17364501953125,0.01794186763730706,31.695497033377578,-3.8335795201752774,-2.7490818669593864,148.36101962431226,125.30584057466235,136.83343009948732,17.709980424498994
2022-01-27,127.94751739501952,-0.0017657867950894334,31.39408978683889,-3.935594741031082,-2.9863844417737253,147.38803402833202,124.52829592772271,135.95816497802736,17.279682770086723
2022-01-28,132.2578887939453,0.033133560088346406,42.59927967038181,-3.626823822516286,-3.114472317922238,146.02587900513467,124.6160323107833,135.320955657959,17.352461889705964
2022-01-31,134.19439697265625,0.01453575276925712,46.803003074587295,-3.189098674694236,-3.129397589276638,144.81049264233803,124.884395663326,134.84744415283203,17.504039975822668
2022-02-01,136.5157012939453,0.017150163459813884,51.397836966837986,-2.624633343224332,-3.028444740066177,143.56078818857594,125.40537392079904,134.4830810546875,18.044444301072247
2022-02-02,146.78683471679688,0.07254179458878024,65.56894951039389,-1.333128399158909,-2.6893814718847238,144.56544626114172,124.75781576278408,134.6616310119629,18.629319617180577
2022-02-03,141.91705322265625,-0.03373867569833106,57.07226921468678,-0.6945458026384586,-2.2904143380354705,145.31975308157416,124.5306497504571,134.92520141601562,18.085459738215203
2022-02-04,142.118408203125,0.0014178160233116808,57.31854846146665,-0.17025424506917375,-1.8663823194422111,146.06380541498277,124.33660199468522,135.200203704834,17.875919102399504
2022-02-07,138.05996704101562,-0.028972436172180673,50.971148487474046,-0.08129457904991,-1.509364771363751,146.24417874828916,124.37283785327337,135.30850830078126,17.822370922343673
2022-02-08,138.25631713867188,0.0014211984015942527,51.252410047945844,0.004992854585054829,-1.20649324617399,146.3160640243946,124.37330365138664,135.3446838378906,17.809740100605033
2022-02-09,140.4313507080078,0.015609429358560313,54.374771929951486,0.2460470220285913,-0.9159851925334737,146.55268940310054,124.32075877805181,135.43672409057618,17.507983572498663
2022-02-10,137.48367309570312,-0.021213593371849263,49.72625377680396,0.19696079642838527,-0.6933959947411019,146.2264239565682,124.36827666599041,135.2973503112793,17.487498169833877
2022-02-11,133.1817626953125,-0.031790336903698396,43.83623845257233,-0.18691397974458823,-0.5920995917417993,146.0026172947971,124.16516224621857,135.08388977050782,17.50333948546831
2022-02-14,134.4150390625,0.009217487584933745,45.81763927068151,-0.3871594761757251,-0.5511115686285845,145.70086415660697,124.07470347034618,134.88778381347657,17.350714248626982
2022-02-15,135.48867797851562,0.007955759859100046,47.5523408719636,-0.45398849032224575,-0.5316869529673167,145.73447417391517,124.10164185391683,134.918058013916,17.099424816492956
2022-02-16,136.6089324951172,0.00823425714295413,49.37366194636903,-0.41180871386686135,-0.5077113051472257,145.88095279269885,124.21516384548477,135.0480583190918,17.035266035824314
2022-02-17,131.45252990722656,-0.03847653947063096,42.12276016421217,-0.7854058622435787,-0.5632502165664963,145.89007166742317,124.12982274175653,135.00994720458985,17.47778935595497
2022-02-18,129.3340606689453,-0.016247122478531016,39.552758033054864,-1.2381543836866058,-0.6982310499905182,145.88698831361512,124.13801321226379,135.01250076293945,17.635856796740725
2022-02-22,128.7493896484375,-0.004530875730360596,38.84828782024849,-1.6254022880635546,-0.8836652976051256,145.94663239254245,123.98012999759429,134.96338119506837,17.621950823044518
2022-02-23,126.54212188720705,-0.01729256685018247,36.225132650092654,-2.0863568802739962,-1.1242036141388998,145.86970821785255,124.12181857658102,134.9957633972168,17.30551218346936
2022-02-24,131.60330200195312,0.03921687768892352,45.33915152980127,-2.0199866299146834,-1.3033602172940566,145.69072454492485,124.64376794775093,135.1672462463379,17.812903612473374
2022-02-25,133.3572998046875,0.013239881045506467,48.10693201382863,-1.8050473027208795,-1.4036976343794212,145.44531368241513,125.43015705122747,135.4377353668213,17.41024418165598
2022-02-28,133.94993591308594,0.004434126729232391,49.04574582568482,-1.5688013904008358,-1.4367183855837042,145.4449772760304,125.59969816952629,135.52233772277833,17.475578955954845
2022-03-01,132.96255493164062,-0.007398570837390506,47.50376323355493,-1.4445957950470927,-1.438293867476382,145.4332591523159,125.48823208913917,135.46074562072755,17.092504373908668
2022-03-02,133.46839904785156,0.0037971918536875474,48.39882771636751,-1.2904688515816929,-1.4087288642974443,145.30611272495636,125.31064829188936,135.30838050842286,16.973361723511704
2022-03-03,132.80189514160156,-0.005006230982626784,47.25555535743918,-1.2081763288343268,-1.368618357204821,143.06375812693074,126.15450893239546,134.6091335296631,17.01841962995419
2022-03-04,130.8252410888672,-0.01499611249369121,43.94048777793023,-1.287615543665396,-1.352417794496936,141.92579579024013,126.18329005570715,134.05454292297364,17.23093955473546
2022-03-07,125.34254455566406,-0.042812049274967554,36.32796203521915,-1.7725466685473634,-1.4364435693070214,141.04411201224903,125.38738746895214,133.2157497406006,17.624658866636207
2022-03-08,126.0625991821289,0.005728256667171552,37.85080570888583,-2.0748382444087383,-1.564122504327365,140.715260728666,124.5165019666465,132.61588134765626,17.51503319691202
2022-03-09,132.32630920410156,0.04849230906452097,49.226856181443104,-1.7883623178246921,-1.6089704670268306,139.97115517389886,124.66760672795658,132.31938095092772,17.427130953539308
2022-03-10,131.34396362304688,-0.007451352901643095,47.75063149929994,-1.6218989194988467,-1.6115561575212338,138.50031093199624,125.22971226136316,131.8650115966797,17.115118120762443
2022-03-11,128.80593872070312,-0.01951263795918795,44.07322641336288,-1.6754592244789421,-1.6243367709127756,137.64066936761768,125.22158038824168,131.43112487792968,17.266323191888475
2022-03-14,124.91854095458984,-0.03064506817901143,39.105598333907224,-2.0084346786749165,-1.7011563524652038,137.80940698406405,124.22652059772307,131.01796379089356,17.474240060892555
2022-03-15,128.13893127441406,0.025453223371364055,44.6694254152385,-1.9895275055527293,-1.7588305830827091,137.4141950230913,123.99412177988718,130.70415840148925,17.24691381402502
2022-03-16,132.18798828125,0.03110998720754864,50.76107460337516,-1.6290398166005389,-1.7328724297862752,136.9073378338812,124.17090999937078,130.53912391662598,17.387181839281507
2022-03-17,132.7418975830078,0.0041815600158745005,51.546961721116915,-1.2838553887444846,-1.6430690215779171,136.14766193667515,124.54388240536586,130.3457721710205,17.157099503401813
2022-03-18,135.00965881347656,0.016939699542497407,54.73249066177936,-0.8178768882643794,-1.4780305949152097,136.67587956383753,124.37137766882849,130.523628616333,17.61248181686768
2022-03-21,134.98587036132812,-0.00017621367496488408,54.691870947535406,-0.4453711374811178,-1.2714987034283913,137.24112052373556,124.37131767816874,130.80621910095215,17.10510580031406
2022-03-22,138.72146606445312,0.02729797252115267,59.74427080541375,0.14954979044716765,-0.9872890046532796,138.56156228260124,124.04808356090462,131.30482292175293,17.38493060021307
2022-03-23,137.1420135498047,-0.011451097303453514,56.85732014577674,0.48795544745095754,-0.6922401142324321,139.17479961212356,124.49483539764206,131.8348175048828,17.040527527344345
2022-03-24,140.4114990234375,0.02356040592596161,61.052758306865414,1.0083409948810242,-0.3521238924097409,140.55372839041945,123.99672632149463,132.27522735595704,17.088723079369977
2022-03-25,140.5116729736328,0.0007131768713066055,61.17732894477858,1.4125504882406403,0.0008109837203353343,141.6899979909197,123.5758940378889,132.6329460144043,16.998800696556525
2022-03-28,140.29595947265625,-0.0015363794888999594,60.72689895440586,1.6959334816696412,0.33983548331019653,142.62514272580358,123.27535165896205,132.95024719238282,17.372286199975544
2022-03-29,141.3373565673828,0.007395444940665864,62.1748091713876,1.9817047293011,0.6682093325083773,143.7456179420469,122.99235660629294,133.3689872741699,17.35118058496693
2022-03-30,140.77499389648438,-0.003986804653192758,60.869742470457936,2.1381552119116236,0.9621985083890267,144.62732239241532,122.84131164078778,133.73431701660155,16.805425996488392
2022-03-31,137.9275360107422,-0.020434381912385637,54.61827810345635,2.0092162975795986,1.1716020662271411,145.03141810216,122.94978001795721,133.9905990600586,17.44049131287759
2022-04-01,139.0016326904297,0.007757233164257826,56.43580455996514,1.9709816548435128,1.3314779839504156,145.55168347785005,123.24715380242343,134.39941864013673,17.071373873430282
2022-04-04,141.79953002929688,0.01992862073561563,60.83589007141813,2.1417584984802147,1.4935340868563756,145.98247593514822,124.46205989248854,135.22226791381837,17.071373873430282
2022-04-05,139.43853759765625,-0.016790386296622647,55.72141508248913,2.062809238993708,1.6073891172838422,145.88997505409415,125.89215461509528,135.89106483459472,16.879742294632656
2022-04-06,135.42869567871094,-0.02917864281689192,48.295274423954176,1.6575731790357509,1.617425929634224,145.90755524835902,126.18481306829135,136.0461841583252,17.29576557766276
2022-04-07,134.77459716796875,-0.0048415382473678634,47.19044383977178,1.269012018051825,1.5477431473177443,145.85141908721653,126.58401258392603,136.21771583557128,17.0825668754757
2022-04-08,132.1949005126953,-0.01932637977124197,43.01133101840284,0.744334315230077,1.387061380900211,145.58113771969886,127.19319013064296,136.3871639251709,17.040050352230995
2022-04-11,127.76751708984376,-0.03406501287874374,36.9615053315579,-0.02840198498856239,1.1039687077224565,145.03814278757935,128.02108267628782,136.52961273193358,17.423288437753197
2022-04-12,126.66761016845705,-0.008645927037844775,35.62102669849709,-0.7212403565526984,0.7389268948674255,145.28928495227805,127.62280840099342,136.45604667663574,17.303191430086258
2022-04-13,128.82923889160156,0.01692138521241272,40.2103250148719,-1.0834055602731496,0.37446040383931045,145.57887182060983,126.99734659369682,136.28810920715333,17.14514036357337
2022-04-14,125.69116973876952,-0.024659933503831628,36.17835620726891,-1.60513702768435,-0.021459082465421664,146.2694277869794,125.6017178429034,135.9355728149414,17.268604417062505
2022-04-18,126.6299057006836,0.007440839346879481,38.17548435118681,-1.920723917979899,-0.4013120495683171,146.6565819830894,124.37658833551413,135.51658515930177,16.850848134169063
2022-04-19,128.9432830810547,0.0181039378634983,42.9161458557115,-1.9615470875211258,-0.7133590571588789,146.73627731451714,123.69263427605902,135.21445579528807,17.092277898998347
2022-04-20,126.99041748046876,-0.015261010939701749,40.11945897092536,-2.1269613897723048,-0.9960795236815642,146.584214828252,122.67159190392576,134.62790336608887,17.27170107947019
2022-04-21,123.7913589477539,-0.025514071371123777,35.982775366196066,-2.4875161660571905,-1.2943668521566896,146.78490730725764,121.135833964715,133.96037063598632,17.41134229846599
2022-04-22,118.6548080444336,-0.04237905435052317,30.538085603308303,-3.151407687729801,-1.6657750192713119,147.01617536865396,118.72889680541832,132.87253608703614,17.85652468205436
2022-04-25,122.06512451171876,0.028336204801299062,37.31947771678883,-3.363589102616018,-2.005337835940253,146.39889829812515,117.50151902975573,131.95020866394043,17.646930720539128
2022-04-26,117.67740631103516,-0.03660767391649035,32.87278304010378,-3.841514009460411,-2.3725730706442847,146.0377834965182,115.60077851520057,130.81928100585938,18.10670946536612
2022-04-27,113.35761260986328,-0.037399500956424823,29.18571574354415,-4.516777590592,-2.801413974633828,145.67646693072624,113.16412068524056,129.4202938079834,18.335340707676224
2022-04-28,117.55094909667967,0.03632431402737776,36.61753449181477,-4.659845832238602,-3.173100346154783,144.4177415165929,112.10044161939341,128.25909156799315,17.70496072299662
2022-04-29,113.17411041259766,-0.03794441592705207,32.753687252782896,-5.067982203401442,-3.552076717604115,143.84042947938357,110.20241109678828,127.02142028808593,17.56914728272586
2022-05-02,115.6273422241211,0.021445019691652297,36.78035357002277,-5.134292979850201,-3.8685199700533324,142.4130085609014,109.2924029686396,125.8527057647705,17.38600057072005
2022-05-03,116.3721923828125,0.0064211570011177815,37.99436653521964,-5.068317159795072,-4.10847940800168,139.8398736206472,109.32280414424537,124.58133888244629,17.033105602984016
2022-05-04,121.25880432128906,0.04113353043846934,45.4018818297532,-4.569052905003957,-4.200594107402136,137.2810679888289,110.06363644842696,123.67235221862794,17.725852170643538
2022-05-05,115.55048370361328,-0.048219617330948164,39.46998535334573,-4.581187080523463,-4.276712702026401,135.55585889442943,109.80102434531663,122.67844161987304,17.640667652185765
2022-05-06,114.79769897460938,-0.00653608290012886,38.750951715424385,-4.598537856471836,-4.341077732915489,133.6753653670468,109.68382805336334,121.67959671020508,17.49711362829001
2022-05-09,111.58871459960938,-0.028351518734952896,35.76030608328898,-4.815714136984425,-4.436005013729276,132.37906288458078,108.9195119445208,120.64928741455078,17.524241682289414
2022-05-10,113.45726013183594,0.01660628211435809,38.725695536644636,-4.781928797071828,-4.505189770397786,131.5808491463318,108.28669998696898,119.93377456665038,17.50188690692275
2022-05-11,112.67127227783205,-0.006951719103784608,37.932488704933725,-4.763663772136951,-4.556884570745619,130.85936241774002,107.60855292649829,119.23395767211915,17.440757773475866
2022-05-12,111.9189910888672,-0.006699168442529458,37.14820338732042,-4.755077835799014,-4.596523223756298,129.5249585700083,107.25193199395656,118.38844528198243,17.801452964910673
2022-05-13,115.09920501708984,0.028019093072605205,42.55540696706715,-4.440469762219621,-4.5653125314489635,128.5308368491511,107.18685724264581,117.85884704589844,17.371943773318346
2022-05-16,113.5068817138672,-0.01393094189144245,40.66882263534011,-4.270401252837928,-4.506330275726757,127.19618251075994,107.2092091823553,117.20269584655762,17.07322244509401
2022-05-17,115.51824951171876,0.017565054987267056,44.0433877578318,-3.9280401604414408,-4.390672252669694,124.87115045016192,108.19173788601971,116.53144416809081,16.953349891519515
2022-05-18,110.98223114013672,-0.04005841323132411,38.6978686237993,-3.976892164297567,-4.307916234995269,122.82374972173766,108.63831998041077,115.73103485107421,17.37445218343276
2022-05-19,109.47916412353516,-0.013635859505808959,37.09140576858276,-4.089748599819174,-4.26428270796005,121.55005330996681,108.48079690975976,115.01542510986329,17.34609746237134
2022-05-20,108.0152587890625,-0.013461746945461114,35.54377783430216,-4.248340835529717,-4.2610943334739835,121.48613445620934,107.4807608379801,114.48344764709472,17.706555065431225
2022-05-23,110.57410430908205,0.02341342119102872,40.23770444798094,-4.120055442132966,-4.232886555205781,120.13494837371043,107.68284490021536,113.9088966369629,17.431389146087007
2022-05-24,105.1013412475586,-0.05076088398554972,34.457964153424484,-4.409168435779719,-4.268142931320568,120.38222304564964,106.17796372192849,113.28009338378907,18.15645476056115
2022-05-25,104.93769073486328,-0.0015582869932907128,34.299308373416835,-4.598489273002528,-4.33421219965696,120.88059584728168,104.83759873279644,112.85909729003906,17.5108193246829
2022-05-26,106.90890502929688,0.018610364546624687,38.00222183210921,-4.53716526417098,-4.374802812559764,120.44928080607026,104.20470936726959,112.32699508666992,17.451727385846755
2022-05-27,111.39580535888672,0.04111255592715382,45.5278903052935,-4.079484430228305,-4.315739136093472,120.36025398810014,104.1159056798686,112.23807983398437,17.45083102135913
2022-05-31,112.82946014404295,0.012787803540063241,47.71190050927237,-3.5600471053293745,-4.164600729940653,120.06954710901087,104.12682435095007,112.09818572998047,17.72777355459223
2022-06-01,112.95840454101562,0.0011421730850813068,47.91417568124934,-3.1022240401334926,-3.9521253919792207,119.65601504636905,104.19897762941221,111.92749633789063,17.415722746679972
2022-06-02,116.65831756591795,0.032229649994395294,53.47569373639802,-2.4130280179492587,-3.6443059171732286,118.47151912551377,104.92342487473039,111.69747200012208,17.452886195532425
2022-06-03,113.60208129882812,-0.026547472122121902,48.836929950959274,-2.089363053009251,-3.3333173443404336,118.19444610955857,105.00565765020706,111.60005187988281,17.078824270524443
2022-06-06,115.86288452148438,0.019705634558999176,52.14399539992164,-1.631620010829991,-2.9929778776383453,118.37247043488743,104.9341518795657,111.65331115722657,17.32830897268708
2022-06-07,116.18919372558594,0.0028123809245292016,52.62002316150379,-1.2283650981306664,-2.6400553217368095,118.90151555236459,104.8651546746862,111.88333511352539,17.268351204433856
2022-06-08,116.23333740234376,0.0003798571255067808,52.68858550251445,-0.8949047439026003,-2.2910252061699676,119.27719919140962,104.76707876269195,112.02213897705079,17.07775237703968
2022-06-09,113.8941650390625,-0.02033005968527944,48.66950992882346,-0.8100489313200967,-1.9948299511999934,119.38186102647367,104.78470620375094,112.08328361511231,17.065807566269914
2022-06-10,110.25027465820312,-0.0325166347807554,43.14799764997809,-1.0250158443645319,-1.800867129832901,119.34434164474185,104.65535394241637,111.99984779357911,17.540046713410533
2022-06-13,105.5203857421875,-0.04384884152130079,37.241869522821695,-1.5590691986613905,-1.752507543598599,119.25343928771441,103.78837437195357,111.52090682983399,17.671005560213672
2022-06-14,105.84072875976562,0.003031241234890414,37.86223390926081,-1.9341654697292228,-1.788839128824724,119.20826220999808,103.06693615425974,111.13759918212891,17.33318645068641
2022-06-15,108.86473846435548,0.028170774848073465,43.53635230295351,-1.9647709994620328,-1.824025502952186,118.66094976045358,102.9488974990679,110.80492362976074,17.496811391744846
2022-06-16,105.1643295288086,-0.034582010231064095,38.86010038417312,-2.2615484549434655,-1.911530093350442,118.76341654677671,102.26464055161196,110.51402854919434,17.760658833172595
2022-06-17,106.26521301269533,0.01041380896570002,40.89410972207626,-2.38047400733322,-2.0053188761469976,118.81020519641189,101.89645679089281,110.35333099365235,17.754681714775774
2022-06-21,110.62964630126952,0.040250124058533204,48.24517459836249,-2.098361468295508,-2.0239273945767,118.86927476130552,102.09882597721986,110.48405036926269,17.67447030353974
2022-06-22,110.57361602783205,-0.0005065953733756506,48.16236001551632,-1.8578898259812604,-1.990719880857612,118.86924924609798,102.09880266430241,110.4840259552002,17.242180768094425
2022-06-23,111.32192993164062,0.00674476576283067,49.41132986427818,-1.5886190275568168,-1.910299710197453,118.79210560892832,102.79800516988027,110.7950553894043,17.16056081426187
2022-06-24,117.00792694091795,0.04981541083548829,57.74269269822316,-0.9059641502442304,-1.7094325982068086,119.35611747245056,103.4410169269635,111.39856719970703,17.53307467023119
2022-06-27,114.8839874267578,-0.018318869942183846,54.154951109681626,-0.5302272799722658,-1.4735915345599002,119.60545973135478,103.98918290780537,111.79732131958008,17.410628659721176
2022-06-28,111.08934783935548,-0.033588001177119534,48.372217440273,-0.5325103569027334,-1.2853752990284668,119.59465600741079,103.96934087979623,111.78199844360351,17.39323499065125
2022-06-29,110.7858657836914,-0.002735611968270485,47.93139644353557,-0.5524399930476278,-1.138788237832299,119.48824840613017,103.8713890450417,111.67981872558593,17.022961405622627
2022-06-30,108.0698013305664,-0.024821874073812592,44.06135298116463,-0.7784248781050422,-1.066715565886848,119.38016505091927,103.49061207920768,111.43538856506348,17.580656390695893
2022-07-01,107.84616088867188,-0.0020715515385899027,43.74813244245548,-0.9644478873683369,-1.0462620301831458,118.69356206194337,103.29599940045898,110.99478073120117,17.38436699766655
2022-07-05,112.33456420898438,0.04077582353971112,51.23988374753279,-0.7411522834628812,-0.985240080839093,118.56036679735982,103.30244295605814,110.93140487670898,17.48780323389194
2022-07-06,113.63282775878906,0.011490842316985871,53.182170528402196,-0.4541942219176178,-0.8790309090547981,118.20672631711614,103.43307776003229,110.81990203857421,17.4380365382433
2022-07-07,117.8093032836914,0.036094802051450485,58.85956719407358,0.1089726114438605,-0.6814302049550665,118.56594461496886,103.23587041799013,110.90090751647949,17.52752045389544
2022-07-08,118.37512969970705,0.004791403831039619,59.574801093035816,0.5940954843130015,-0.4263250671014529,119.03788334959019,102.97811091310511,111.00799713134765,17.459340369676482
2022-07-11,114.72826385498048,-0.03129223791870497,53.159970167620145,0.6764891152230348,-0.20576223063655535,119.15104995845999,102.94835418582713,111.04970207214356,17.255800471487916
2022-07-12,113.08585357666016,-0.014419112853731942,50.52153919382581,0.602314768346659,-0.0441468308399125,119.33307056739028,103.04989146874254,111.19148101806641,17.21537374999113
2022-07-13,110.44071197509766,-0.023668462646063555,46.51723675316369,0.32632853100153625,0.029948241528377252,119.14324206118889,103.73175259823495,111.43749732971192,17.593361988752253
2022-07-14,109.4627914428711,-0.008894146419863707,45.09421845385396,0.02837039910336614,0.02963267304337503,118.93070379546346,104.3064971322709,111.61860046386718,17.426536599897453
2022-07-15,110.86123657226562,0.012694610953349991,47.56451132751299,-0.09383901470108924,0.0049383354944821795,118.9259960351656,104.51085470335978,111.71842536926269,17.660752551083295
2022-07-18,108.13624572753906,-0.02488733171628816,43.46118349175336,-0.40589592749245185,-0.07722851710290463,118.61344058350127,105.12060177489715,111.86702117919921,17.5805312960089
2022-07-19,112.87705993652344,0.042907294712715253,51.32809232541128,-0.2675747578516905,-0.1152977652526618,118.41552361207293,105.97970343870831,112.19761352539062,17.41366906312648
2022-07-20,112.96633911132812,0.000790629080431401,51.46505236845753,-0.14903220065184541,-0.12204465233249853,118.4960139514401,106.132882380347,112.31444816589355,17.387867459803765
2022-07-21,113.4027328491211,0.0038555998363191124,52.17348294285477,-0.01964656905421691,-0.10156503567684222,118.59909897262365,106.31270904129236,112.45590400695801,17.302157572728685
2022-07-22,107.0155258178711,-0.05797156516451086,42.415053672631096,-0.4275729562605761,-0.16676661979358903,118.83634117211587,105.64482643042321,112.24058380126954,17.705312514470698
2022-07-25,106.62872314453124,-0.0036210017152678454,41.90390441270649,-0.7731568295090767,-0.28804466173668664,118.3710889401538,105.0721582827466,111.7216236114502,17.361987991511498
2022-07-26,104.15911865234376,-0.023433206376664663,38.69739807125938,-1.2321080078753113,-0.4768573309644116,118.46133761514825,103.90942273031074,111.1853801727295,17.68652407212908
2022-07-27,112.13322448730467,0.07376795180082066,51.58089228959598,-0.9415330182465595,-0.5697924684208412,118.52559730303132,103.9495507072226,111.23757400512696,17.907494018311162
2022-07-28,113.2837142944336,0.010207749277743764,53.11198698186455,-0.6113678649118128,-0.5781075477190356,118.70331514774195,104.02161771358617,111.36246643066406,17.30644507336355
2022-07-29,115.3665008544922,0.018218606685746028,55.834766497854126,-0.17957609195356383,-0.49840125656594125,119.10431893959839,104.35028387412231,111.72730140686035,17.432448180608397
2022-08-01,113.91846466064452,-0.012631054483761539,53.50832910652852,0.04525589808520181,-0.3896698256357126,119.23312594215685,104.82870724876113,112.03091659545899,17.0749254957455
2022-08-02,114.18624114990234,0.0023478394390222994,53.89093415655255,0.24225166836308176,-0.26328552683595374,119.38946912406928,104.85753176094047,112.12350044250488,16.822973803810843
2022-08-03,117.11206817626952,0.025300514349834293,57.961746607993405,0.6272316879962574,-0.08518208386951154,119.87548348791599,104.71944143884183,112.2974624633789,17.16537959199294
2022-08-04,117.22117614746094,0.0009312206587752052,58.110269996084504,0.9304100408181881,0.11793634106802839,119.76009658637322,104.77601562676155,112.26805610656739,16.888338169191766
2022-08-05,116.50706481933594,-0.006110631280457467,56.698335275880055,1.1003738290667826,0.31442383866777923,119.38749300383085,104.9618127212668,112.17465286254883,16.768309286326506
2022-08-08,116.33847045898438,-0.0014481221605793062,56.35022313611086,1.2075473457683614,0.49304854008789567,119.62231444397888,104.88801194151917,112.25516319274902,16.767202173068913
2022-08-09,115.67395782470705,-0.00572826599202663,54.91897104066216,1.2247444225492643,0.6393877165801694,119.90253361760652,104.86660319269622,112.38456840515137,16.764491889221862
2022-08-10,118.71878814697266,0.02598204646952682,59.93982792717738,1.467153161717306,0.8049408056075966,120.7640096833854,104.83293474410483,112.79847221374511,17.247250109336346
2022-08-11,117.86583709716795,-0.007210567842220531,57.991361083698976,1.572313165221047,0.9584152775302868,121.32849309101242,105.10875590190751,113.21862449645997,17.00572765660096
2022-08-12,120.68254852294922,0.02361652822247791,62.344557062248,1.861480311159852,1.1390282842561998,122.38800337391022,105.03137681407806,113.70969009399414,16.76500520933992
2022-08-15,121.07928466796876,0.0032820441168382643,62.92728798294787,2.098470783949253,1.3309167841948106,123.2137020739459,105.49998200808535,114.35684204101562,16.78565837260116
2022-08-16,120.70238494873048,-0.0031176889887808653,61.94652074474049,2.2301668088569926,1.5107667891272472,124.01176938377466,105.4844471994773,114.74810829162598,16.76211566306927
2022-08-17,118.5700225830078,-0.017824193287027227,56.5741627037544,2.137829468042071,1.636179324910212,124.40334888844697,105.65323604197295,115.02829246520996,16.94433041942604
2022-08-18,119.1849365234375,0.005172681266675529,57.713079765724274,2.0901756325314125,1.726978586434452,124.83690115135634,105.79790414649521,115.31740264892578,16.70519880454201
2022-08-19,116.24919128417967,-0.024940287449994103,50.85550460820744,1.7948298376745129,1.7405488366824644,124.46219824323283,107.09597360124958,115.77908592224121,16.897856258502962
2022-08-22,113.30354309082033,-0.02566564843939069,45.068939317740465,1.307999175707522,1.654038904487476,123.7672662957852,108.45838754332611,116.11282691955566,16.881542894924127
2022-08-23,112.92667388916016,-0.00333173486114651,44.37327641998116,0.8816095278721008,1.4995530291644008,122.01344884781996,111.08896051497301,116.55120468139648,16.579966359984248
2022-08-24,112.75804901123048,-0.0014943404865124697,44.045678981305215,0.5240451750280499,1.3044514583371305,121.94452503092523,111.2203667842603,116.58244590759277,16.69102814805124
2022-08-25,115.69379425048828,0.025702632244300985,50.8491623038583,0.47212064217048066,1.1379852951038005,121.85718447995364,111.54871533083738,116.70294990539551,16.64617955025397
2022-08-26,109.43551635742188,-0.0556115121266067,39.75268111790099,-0.07317710743171801,0.8957528145966969,122.48413921752721,110.32866214355677,116.40640068054199,17.433047086733694
2022-08-29,108.52306365966795,-0.008372765395737218,38.43570901779769,-0.5723590112721411,0.6021304494229294,123.0945713654233,109.17868989556301,116.13663063049316,16.869096606316514
2022-08-30,108.04700469970705,-0.00439635754227482,37.73333187139061,-0.9949095479955758,0.28272244993922835,123.63944647044,108.01989114552678,115.8296688079834,17.130180118432122
2022-08-31,107.3328857421875,-0.006631274376911168,36.65135007434516,-1.371596414712144,-0.04814132299104612,123.99164979672841,106.68976957583018,115.3407096862793,17.169860921325643
2022-09-01,108.84043884277344,0.013947859142177346,40.52831424344125,-1.5308300781645698,-0.34467907402575093,123.99087648611575,105.85246915597409,114.92167282104492,17.16052202922227
2022-09-02,106.9659194946289,-0.017372671574914327,37.4585346142567,-1.7876747473520567,-0.6332782086910121,124.14451823810018,104.74471287151897,114.44461555480957,17.000237945510627
2022-09-06,105.93444061279295,-0.009689856344541527,35.84942386062278,-2.0508171796271313,-0.916786002878236,124.28976861864017,103.55905950635984,113.9244140625,17.03711469759465
2022-09-07,108.55279541015624,0.0244162302877289,42.59109070082579,-2.024740159202537,-1.1383768341430962,124.16726916776398,102.96944271578096,113.56835594177247,16.958239453417452
2022-09-08,107.4915771484375,-0.009824155883738486,40.72312570379993,-2.0658910710958622,-1.3238796815336493,123.64652785812642,102.367462925565,113.0069953918457,17.00344462594984
2022-09-09,109.74297332763672,0.02072853316561038,46.12188831353783,-1.894990340237456,-1.4381018132744106,123.07834481479999,102.1233595919383,112.60085220336914,16.959563736898737
2022-09-12,109.95124816894533,0.0018960435307323695,46.60635959660813,-1.7228839074635118,-1.4950582321122308,121.87720391532709,102.2513704560108,112.06428718566895,16.949560296355276
2022-09-13,103.4648666381836,-0.06080496677969817,35.80745910044236,-2.0858408254653256,-1.6132147507828498,120.7484120947009,101.61872047365848,111.18356628417969,17.457636423929287
2022-09-14,104.13928985595705,0.006497226275876122,37.43079976372396,-2.2926383726191233,-1.7490994751501046,119.2979994479937,101.41282361108833,110.35541152954102,17.08868898271482
2022-09-15,102.0664291381836,-0.020105461219807,34.539682334276094,-2.5938887204096517,-1.918057324202014,118.3257556976148,100.73470801698483,109.53023185729981,17.347394067488093
2022-09-16,101.9573211669922,-0.0010695615724098245,34.38911572281077,-2.8090548570310716,-2.0962568307678255,116.83504592339229,100.50265625556283,108.66885108947756,17.571983261217273
2022-09-19,102.22511291503906,0.0026230650329467126,35.1364866487211,-2.9242579886477387,-2.2618570623438083,115.79457062789646,100.1407237141446,107.96764717102053,16.952603538665926
2022-09-20,100.31094360351562,-0.01890257309872657,32.303900576348155,-3.133889242102569,-2.4362634982955607,115.43170171863943,99.20433267467112,107.31801719665528,17.093300403581264
2022-09-21,98.46617889404295,-0.018561669990801822,29.809719459877257,-3.4095771326920357,-2.6309262251748557,115.1684414138448,98.02154347995402,106.59499244689941,17.26509487965479
2022-09-22,99.31912231445312,0.008624995920018625,32.40826620289259,-3.518675268332643,-2.8084760338064134,114.56893240589258,97.27715981822851,105.92304611206055,17.350615124132336
2022-09-23,97.93059539794922,-0.014079106107977548,30.433036511857225,-3.6748178321216614,-2.981744393469463,113.08347675068724,96.98629558817994,105.03488616943359,17.26947118477347
2022-09-26,97.3652801513672,-0.005789337065480636,29.640945758793777,-3.8003698566737825,-3.145469486110327,112.89027660786134,95.97247211040037,104.43137435913086,17.114036434965374
2022-09-27,96.70075988769533,-0.006848419854912352,28.69548093030103,-3.908437932764812,-3.298063175441224,112.73625489781837,94.94426344324607,103.84025917053222,17.219131699944842
2022-09-28,99.22987365722656,0.025817854067878784,36.9397780751911,-3.746813384750837,-3.387813217303147,112.29151469416978,94.50729054264663,103.3994026184082,17.295713217047552
2022-09-29,96.62142181396484,-0.026638640151361147,32.73581511235122,-3.7855673658576308,-3.467364047014044,112.04404651464412,93.68361232935001,102.86382942199707,17.251019217352926
2022-09-30,94.8659439086914,-0.018335696255299856,30.241426579223372,-3.912827926223983,-3.556456822856032,111.55485070577932,92.77535864480662,102.16510467529297,17.310243849374437
2022-10-03,97.83141326904295,0.030780946250301814,38.73406724391019,-3.7313812034490894,-3.5914416989746436,111.0030401746953,92.41371855333203,101.70837936401367,17.147072040012628
2022-10-04,100.80681610107422,0.029960248864112724,45.85650204723316,-3.3093451553756807,-3.535022390254851,110.53633415406406,92.36766212279142,101.45199813842774,17.177648314831057
2022-10-05,100.59856414794922,-0.002067988720903501,45.45816624719568,-2.9575894882697042,-3.4195358098578224,109.50398980208313,92.60458334855163,101.05428657531738,16.91456180965579
2022-10-06,100.588623046875,-9.882439553846071e-05,45.43787557063558,-2.6490857401866776,-3.265445795923594,108.5969528663848,92.82132487409372,100.70913887023926,16.9211729356853
2022-10-07,97.87109375,-0.027387917370770704,40.16060580437018,-2.593974477021206,-3.1311515321431163,106.8422537080242,93.38883607469063,100.11554489135742,17.12979841199543
2022-10-10,97.0578155517578,-0.00834440535409278,38.711561880480204,-2.5861120675402844,-3.0221436392225502,104.48091631445436,94.46083020654174,99.47087326049805,16.718310377681775
2022-10-11,96.38338470458984,-0.006973008635193652,37.50310408095495,-2.604281448860206,-2.9385712011500815,103.93563845024481,94.2979598773919,99.11679916381836,17.092923217325126
2022-10-12,96.7602767944336,0.003902717441464836,38.655575520172164,-2.558772832198983,-2.862611527359862,103.04977098335146,94.44592603813291,98.74784851074219,16.9009190338714
2022-10-13,98.24797821044922,0.015258126160504627,43.11475348790765,-2.375281092714445,-2.7651454404307785,102.5678036770271,94.54604825168384,98.55692596435547,17.3586270030176
2022-10-14,95.76846313476562,-0.025561236582076773,38.13873836215257,-2.4022471023726695,-2.6925657728191568,102.10580706087885,94.38915906460943,98.24748306274414,17.05068094247977
2022-10-17,99.15052795410156,0.034705743808590886,47.10603903560766,-2.1262039379997617,-2.579293405855278,101.50373765642789,94.68376997296664,98.09375381469727,17.1625755662338
2022-10-18,99.94396209716795,0.00797047013530158,48.974748372452346,-1.8224066674572867,-2.42791605817568,101.43878517896854,94.71202429979121,98.07540473937988,16.996090403580972
2022-10-19,98.81330108642578,-0.011377427815429044,46.45600599620653,-1.653815876094825,-2.273096021759509,101.46819282291054,94.7173288750875,98.09276084899902,16.98566245846914
2022-10-20,99.15052795410156,0.003406957680127497,47.32613009680073,-1.475980880584899,-2.1136729935245873,101.44768808190082,94.72097418006206,98.08433113098144,17.047231569050634
2022-10-21,100.30101013183594,0.011536586268761327,50.29385039603379,-1.2280548171543444,-1.9365493582505389,101.70749225671642,94.69821147863513,98.20285186767578,17.29547910076567
2022-10-24,101.67960357666016,0.013650962116721557,53.66282900229858,-0.9098425574190117,-1.7312079980842334,102.22431167478501,94.61282440309586,98.41856803894044,17.117859544380458
2022-10-25,103.62355041503906,0.018937896461510912,57.98701645933898,-0.49508969949449977,-1.4839843383662867,103.13065780757184,94.3987573230434,98.76470756530762,17.519559397959306
2022-10-26,94.15184020996094,-0.0958558241762377,38.92607599692324,-0.9200768533832928,-1.371202841369688,103.32995785526101,93.69165393062765,98.51080589294433,18.29414313485238
2022-10-27,91.46405792236328,-0.02896271490429505,35.372767091656215,-1.4569687734933439,-1.3883560277944191,103.96667067331609,92.53920472341244,98.25293769836426,17.921633828044094
2022-10-28,95.5006866455078,0.043187351946233396,43.686803464020805,-1.538996689984046,-1.4184841602323446,103.92578428986802,92.64356538054214,98.28467483520508,17.592796896144737
2022-10-31,93.73527526855467,-0.018658848753527746,41.19099940796416,-1.726555689498852,-1.4800984660856462,104.07649371396647,92.08324215639485,98.07986793518066,17.271038315742114
2022-11-01,89.72838592529297,-0.04368741569224282,36.143905283747536,-2.1734656716068486,-1.6187719071898867,104.4386676999083,90.6132251528749,97.5259464263916,17.669086340571322
2022-11-02,86.257080078125,-0.03945503261561941,32.435939094580064,-2.7757532673731617,-1.8501681792265416,105.19739331483039,88.42035113097039,96.80887222290039,17.859233547511693
2022-11-03,82.74610900878906,-0.041555148294939365,29.17575686782054,-3.4960759616969455,-2.1793497357206224,106.19499782205021,85.63849521994199,95.9167465209961,17.9310946394952
2022-11-04,85.87027740478516,0.03706076308973239,35.39808171660398,-3.771368616980041,-2.4977535119725065,106.47784812356888,84.15556328390183,95.31670570373535,17.749782235895047
2022-11-07,87.7646255493164,0.021820766184712133,38.90317381947243,-3.79295909472377,-2.7567946285227594,106.47232799822974,83.23176440899682,94.85204620361328,17.34418901175284
2022-11-08,88.17127227783203,0.004622677437392735,39.660009204749116,-3.7342110508553787,-2.9522779129892833,106.40905311120433,82.47382805334645,94.44144058227539,17.23090669188963
2022-11-09,86.60421752929688,-0.017932683177051437,37.72084000482171,-3.770635485874635,-3.115949427566354,106.3407713701755,81.5265038678616,93.93363761901855,17.274004708709665
2022-11-10,93.16995239257812,0.0730767548438687,48.97747737311219,-3.2324406183957706,-3.1392476657322375,105.92186342822777,81.43760922802224,93.679736328125,17.759421708858795
2022-11-11,95.61972045898438,0.02595380924760589,52.4321415765154,-2.5785179491944916,-3.0271017224246886,105.90926315584561,81.43533523282626,93.67229919433593,17.314756820309018
2022-11-14,94.91551971435548,-0.007391849931944298,51.35570413480556,-2.0929761116517085,-2.8402766002700925,105.44227570651508,81.4788218581822,93.46054878234864,17.222673477038725
2022-11-15,97.63306427001952,0.02822897950259945,55.17980888011708,-1.471930079374033,-2.5666072960908806,105.10601602297204,81.58399175901037,93.34500389099121,17.544591037837264
2022-11-16,98.03970336914062,0.004156323738033889,55.74049723114216,-0.9361429740485221,-2.240514431682409,104.99648799075793,81.61616001949598,93.30632400512695,17.18642744469402
2022-11-17,97.55371856689452,-0.00496934710306349,54.85725437480467,-0.5444664743396572,-1.9013048402138588,104.76947263425497,81.68349443727824,93.2264835357666,17.075628167628462
2022-11-18,96.63134002685548,-0.009500066419740067,53.1362906577901,-0.30497273019092574,-1.5820384182092722,104.22346828678435,81.8625317742508,93.04300003051758,17.159865981591413
2022-11-21,94.81634521484376,-0.018961307245149515,49.82400944429947,-0.2586456195774218,-1.3173598584829023,103.1624246066426,82.23724961821092,92.69983711242676,16.890395959017276
2022-11-22,96.25446319580078,0.01505353068144013,52.358137242269116,-0.10468025956653548,-1.074823938699629,101.62829715814924,83.03446834478045,92.33138275146484,16.96989057011622
2022-11-23,97.65288543701172,0.014423862693991766,54.75127340377811,0.12869585950801365,-0.8341199790581005,102.07553432306729,82.93733570256747,92.50643501281738,16.75298327635055
2022-11-25,96.6610870361328,-0.01020829332159186,52.728290863875884,0.23095595661015977,-0.6211047919244485,102.49708965383803,83.03548328317368,92.76628646850585,16.087780866033864
2022-11-28,95.26265716552734,-0.014573023524514074,49.927139567168716,0.1968866303984811,-0.45750650745986254,102.47167950565365,83.03709048336002,92.75438499450684,17.08270028122441
2022-11-29,94.40970611572266,-0.008994001917719473,48.2436848321683,0.09990873688184365,-0.34602345859152134,102.52439578314133,83.05181729058913,92.78810653686523,16.81432313251628
2022-11-30,100.1621551513672,0.05914653731820568,58.42512221345155,0.4816751680312592,-0.18048373326696526,103.4649008966966,83.15468909964127,93.30979499816894,17.591656587751885
2022-12-01,100.1621551513672,0.0,58.425122213236385,0.7752907460767346,0.010671162601774725,104.03023630891717,83.97986119474494,94.00504875183105,17.17195813719158
2022-12-02,99.6166763305664,-0.005460840593611889,57.1879092962317,0.952982238942198,0.1991333778698594,103.64919514935292,86.04795908648691,94.84857711791992,16.88266546208174
2022-12-05,98.66453552246094,-0.009604017624859174,54.99861309493276,1.0053847715783348,0.36038365661155447,103.35104285644643,87.625537191161,95.48829002380371,17.010302725791032
2022-12-06,96.18502807617188,-0.025451853732447193,49.66635110695605,0.8371880447764255,0.45574453424452865,102.88209909715582,88.93652120313715,95.90931015014648,17.030808028151114
2022-12-07,94.16175079345705,-0.02125965566329115,45.76704536546362,0.5344683411705944,0.47148929562974184,102.23205972026335,90.18560843159213,96.20883407592774,17.250961239431483
2022-12-08,92.94183349609376,-0.013040205390845928,43.547091952691765,0.19388863694707936,0.41596916389320937,100.84806289591056,92.2033668526246,96.52571487426758,17.287889999757
2022-12-09,92.06905364990234,-0.009434972548084269,41.97826698262878,-0.144780334285457,0.30381926425747613,100.99622026782333,91.94511960644425,96.47066993713379,17.15573287516214
2022-12-12,92.54511260986328,0.0051573508664110946,43.18067570226217,-0.37049314019114377,0.16895678336775216,101.16181968926338,91.47205940009209,96.31693954467774,17.19718530712805
2022-12-13,94.8460922241211,0.024559266477561625,48.71297467707603,-0.3595575842483498,0.06325390984453176,101.16267375814691,91.46426258218513,96.31346817016602,17.51912346475205
2022-12-14,94.29068756103516,-0.005873064563911028,47.51048738041294,-0.3911981037501988,-0.027636492874414352,101.03429387929387,91.25840479013974,96.1463493347168,17.173577762467666
2022-12-15,90.1152114868164,-0.04529345213678367,39.59682722381258,-0.7446159969870365,-0.1710323936969388,101.23957806488565,90.26067141631552,95.75012474060058,17.50706146556667
2022-12-16,89.52012634277344,-0.00662550395837992,38.60976870105031,-1.0604958849795736,-0.34892509195346577,101.42635965561428,89.27053060317479,95.34844512939453,17.876157013331635
2022-12-19,87.71504211425781,-0.020370072831293443,35.70250609280741,-1.4398900275906215,-0.567118079080897,101.8326255636547,87.9726349038746,94.90263023376465,17.19966353892352
2022-12-20,88.29027557373047,0.006536569635302429,37.32219712693961,-1.6748395781388723,-0.788662378892492,102.11156715008093,87.04108635333705,94.57632675170899,16.970543129273707
2022-12-21,88.84569549560547,0.006271134414728288,38.92206628148996,-1.7955233680981593,-0.9900345767336256,102.11303074848408,86.29874598491435,94.20588836669921,17.024158293808078
2022-12-22,87.04061889648438,-0.020526212991269423,35.7300628621128,-2.0136091046845053,-1.1947494823238016,102.02061178718235,85.32993829216336,93.67527503967285,17.135436457874704
2022-12-23,88.49856567382812,0.01661145124130012,40.00944488716684,-2.045223439091572,-1.3648442736773558,101.79405961863065,84.74023832448458,93.26714897155762,16.951135243642746
2022-12-27,86.67363739013672,-0.0208365742695205,36.71414170211786,-2.192263439515898,-1.5303281068450643,101.79570238469857,83.8796935808776,92.83769798278809,16.81609608540616
2022-12-28,85.31486511230469,-0.015801062614519735,34.43968545191382,-2.390874750450152,-1.702437435566082,101.9102436318129,82.85566823342148,92.3829559326172,16.78711411116078
2022-12-29,87.7249526977539,0.02785767433545751,41.3768813330134,-2.32697776786479,-1.8273455020258236,100.75934833265981,82.76284328721323,91.76109580993652,16.965400697033992
2022-12-30,87.50675964355469,-0.0024903388096761316,40.95437231542322,-2.2678034779364395,-1.9154370972079469,99.38874824349782,82.86790382559397,91.12832603454589,16.992993433681974
2023-01-03,88.38945770263672,0.01003666232554154,43.46926132156639,-2.125183280510967,-1.957386333868551,97.8688901365522,83.26504006974663,90.56696510314941,17.152389874186714
2023-01-04,87.35799407958984,-0.011738155584623962,41.257876240130955,-2.0715071951299535,-1.9802105061208317,96.35270048722333,83.65057557478838,90.00163803100585,17.36670144751896
2023-01-05,85.49339294433594,-0.02157545273785209,37.540014285859556,-2.1545894729841137,-2.0150862994934884,95.41366753859137,83.52044501023676,89.46705627441406,17.11852166448888
2023-01-06,86.62405395507812,0.013138438844965824,41.01126988880512,-2.1049335191869005,-2.033055743432171,94.73159796230951,83.44874490268072,89.09017143249511,17.538344503185908
2023-01-09,87.2984848022461,0.007755570180891437,43.04460642006509,-1.9882406841678488,-2.024092731579307,94.19716493705411,83.41884305855135,88.80800399780273,17.182940896145496
2023-01-10,87.6952133178711,0.004534211226851569,44.26172917691298,-1.8425088015342084,-1.9877759455702873,93.77231758230003,83.40630638010232,88.58931198120118,17.23218097901066
2023-01-11,90.76978302001952,0.034459126393849605,52.69806800477341,-1.4620693297662655,-1.882634622409483,93.45402071177755,83.54707029164042,88.50054550170898,17.106223243678468
2023-01-12,90.38298034667967,-0.004270464926840454,51.639133078738354,-1.178198511527711,-1.7417474002331286,92.3512341669934,84.20354564868045,88.27738990783692,17.225274508241554
2023-01-13,91.36486053466795,0.010804967320270104,54.15737676301333,-0.8640392114553919,-1.5662057624775814,91.4326671308885,84.8295299821486,88.13109855651855,17.086189185398688
2023-01-17,90.54167175292967,-0.009050740407534315,51.72554043128086,-0.6737238881589889,-1.387709387613863,91.51292754960484,84.79191559004359,88.15242156982421,17.299896493931634
2023-01-18,90.37308502197266,-0.001863715075102201,51.2183038759983,-0.5303871901750767,-1.216244948126106,91.64901019711618,84.74112881045218,88.19506950378418,17.186822485039816
2023-01-19,92.28724670410156,0.020959468732910113,56.44130672100122,-0.2593454015543273,-1.0248650388117504,92.32067831357519,84.52668115297756,88.42367973327637,17.426439308387607
2023-01-20,97.2165069580078,0.05203456197645063,66.41394690371601,0.3491821214835511,-0.7500556067526901,94.40359151608398,83.33639108889649,88.86999130249023,17.96167404224083
2023-01-23,98.97200775146484,0.017896538449394095,69.12504714094536,0.9620093652621478,-0.4076426123497226,96.51952614889599,82.23308768167043,89.37630691528321,17.504517528947588
2023-01-24,96.89913177490234,-0.021166501322820875,62.690132851317024,1.2658239727673077,-0.0729492953263165,97.66463540664614,82.07382971176207,89.86923255920411,17.314394112703678
2023-01-25,94.43946075439452,-0.025711556572295863,56.02542831238501,1.2932169431337854,0.20028395236570393,98.1911465229696,82.14140810349525,90.16627731323243,17.561006636121014
2023-01-26,96.72059631347656,0.023867369373100834,60.246439438378324,1.4819120848219285,0.45660957885694886,99.02397642783961,82.31327409095923,90.66862525939942,17.22050077107227
2023-01-27,98.5554428100586,0.018792889347536656,63.2981034196557,1.759231792882474,0.7171340216620539,99.99248804429791,82.6688202442763,91.33065414428711,17.338329554059094
2023-01-30,96.1453628540039,-0.024758018369313285,57.0980123774544,1.7641997523570865,0.9265471678010604,100.49377078285445,83.00957852134476,91.75167465209961,17.119690339676243
2023-01-31,98.02977752685548,0.019410042207378107,60.366866145296136,1.898310865422431,1.1208999073253345,101.20883291108301,83.3468181814463,92.27782554626465,17.21238865827982
2023-02-01,99.60675048828124,0.015958653448965323,62.91349930720714,2.107548915425852,1.318229708945438,102.14263494101708,83.53474543007668,92.83869018554688,17.385918955414645
2023-02-02,106.8568115234375,0.07025978991723922,71.86439245391882,2.825816656376304,1.6197470984316114,104.65832993263022,82.96893218284829,93.81363105773926,18.062344434996433
2023-02-03,103.92108154296876,-0.027857948432316645,65.02111630757636,3.1221697124525036,1.92023162123579,105.73349196309113,83.73653901225066,94.73501548767089,17.994645019019543
2023-02-06,102.05650329589844,-0.018105165975729608,61.04508153556183,3.1700335889572813,2.1701920147800884,106.27207255191618,84.74120335750766,95.50663795471192,17.281233991936265
2023-02-07,106.75764465332033,0.04503464843232595,66.59202001738572,3.5464278615806393,2.4454391841401986,107.63191638807693,85.32727550645431,96.47959594726562,17.707539018081157
2023-02-08,98.5554428100586,-0.07994200122854891,52.536063535072735,3.1466018271469522,2.5856717127415494,107.40502399541603,86.64019084833396,97.022607421875,18.366683808545314
2023-02-09,94.2311782836914,-0.04486815451593839,46.913868064156304,2.452533526531184,2.5590440754994765,107.24942146615062,87.14193290396658,97.1956771850586,18.59845029774961
2023-02-10,93.79478454589844,-0.004641853867409963,46.37450814601405,1.8459866848398292,2.416432597367547,107.04196281642737,87.6905719736117,97.36626739501953,17.822492790711035
2023-02-13,93.83445739746094,0.00042288559867125977,46.4348001537871,1.352899823413253,2.2037260425766885,106.9024205660042,88.07707391031417,97.48974723815918,17.729054426293917
2023-02-14,93.90388488769533,0.0007396197553922112,46.54805966038931,0.956698921819509,1.9543206184252526,106.6591434531332,88.65657233666172,97.65785789489746,17.817851319946516
2023-02-15,96.1453628540039,0.023589484659971453,50.20851181481288,0.8141899173496654,1.7262944782101353,106.3119860714971,89.58095750150093,97.94647178649902,17.730907883963997
2023-02-16,94.72708129882812,-0.014861313949087329,47.97002830942215,0.5801197764849206,1.4970595378650924,106.1529346070404,89.98399242543032,98.06846351623535,17.564134270017473
2023-02-17,93.57659149169922,-0.012219667370240115,46.171746082632694,0.2983434732274901,1.257316324937572,106.21198123697329,89.56095424886655,97.88646774291992,17.350192276977204
2023-02-21,91.0375747680664,-0.02750793047259623,42.39458317435272,-0.12836400697314332,0.980180258555429,106.33726739392337,88.64222479357663,97.48974609375,17.33090829848706
2023-02-22,90.89871978759766,-0.0015264134929004938,42.191303971243975,-0.4722928972307159,0.6896856273982,106.51559289064224,87.86385809812728,97.18972549438476,17.245748840790068
2023-02-23,90.14493560791016,-0.00832714666236871,41.04085020881449,-0.7965015304590963,0.3924481958267408,106.75423636027861,87.19576211384248,96.97499923706054,17.534104166329676
2023-02-24,88.39936828613281,-0.01955394714349336,38.42769714982505,-1.1806817385096053,0.07782220895947159,107.06481195646809,86.05306371491862,96.55893783569336,17.41515163899073
2023-02-27,89.13331604003906,0.008268358450103907,40.153149711998076,-1.409674026687597,-0.21967703816994213,107.05177825816978,85.12388473621499,96.08783149719238,17.129780231863705
2023-02-28,89.32176208496094,0.0021119725697657413,40.61331438981579,-1.5579865448767407,-0.48733893951130186,107.12009161603282,84.37321130144764,95.74665145874023,17.221430139138057
2023-03-01,89.61930084228516,0.003325553415981128,41.37972417236188,-1.6326956933594374,-0.7164102902809291,106.96301882480708,83.68923642421635,95.32612762451171,17.253078473078844
2023-03-02,91.245849609375,0.0179867997258631,45.51900781471745,-1.5428691052705261,-0.8817020532788485,106.49811076489542,83.31805439623739,94.9080825805664,17.287613678193818
2023-03-03,92.88231658935548,0.017775771129148178,49.39096235701762,-1.3243652204130143,-0.9702346867056817,104.36217810377151,84.05653756395309,94.2093578338623,17.375422503359605
2023-03-06,94.35018920898438,0.015679998382733363,52.64215693554302,-1.0209849851791688,-0.9803847464003792,102.80072895260281,84.66089748172337,93.73081321716309,17.30102767238969
2023-03-07,93.09061431884766,-0.013439910907873836,49.69215037426777,-0.8721376697769045,-0.9587353310756843,101.46239645961987,85.10264107700124,93.28251876831055,17.141822778359987
2023-03-08,93.47740936279295,0.0041464297095398055,50.60751013202069,-0.714725066799133,-0.9099332782203741,97.79873515809865,87.4382788494697,92.61850700378417,17.34490474108765
2023-03-09,91.563232421875,-0.020689997682704287,46.1338628059457,-0.735948964974682,-0.8751364155712357,96.64315070871142,87.8946422600386,92.268896484375,17.176354619983165
2023-03-10,89.88706970214844,-0.018475696980075212,42.58399669614565,-0.8779014786234569,-0.8756894281816799,96.44704650067031,87.65633560992539,92.05169105529785,17.39738929090734
2023-03-13,90.36314392089844,0.005282382929756307,43.90427381693374,-0.9411358296602828,-0.8887787084774006,96.25684101137385,87.50337703672186,91.88010902404785,17.435457879818024
2023-03-14,93.19971466064452,0.03090817582995923,51.11691582393732,-0.7536740704112646,-0.8617577808641734,96.17434498191302,87.52239879250105,91.84837188720704,17.400422997269146
2023-03-15,95.32215881347656,0.022517639932455112,55.706103562784335,-0.42890165914509737,-0.7751865565203583,96.42969908173227,87.40887208525992,91.91928558349609,17.73989881755379
2023-03-16,99.49765014648438,0.04287172722917632,63.054530970203714,0.16352505612269397,-0.5874442339917478,97.43072434235069,86.74307555388955,92.08689994812012,17.99743857101056
2023-03-17,100.78700256347656,0.012875377233351882,64.98622439688972,0.7286678314786315,-0.32422182089767204,98.91963811408915,85.86015390861591,92.38989601135253,17.926851542528063
2023-03-20,100.3902816772461,-0.003943997971550799,63.87950713334258,1.1314923530812422,-0.033078986101889224,100.16881577542439,85.29234526583538,92.73058052062989,17.310817429193673
2023-03-21,104.05994415283205,0.03590171265041444,69.11841437129289,1.7269377187359254,0.3189243548656737,102.32378151211519,84.43961646762115,93.38169898986817,17.55580294805842
2023-03-22,102.5226593017578,-0.014883278674129686,64.87351517180676,2.0511421314140392,0.6653679101753469,103.70104839412559,84.22474353702674,93.96289596557617,17.586601159294112
2023-03-23,104.73436737060548,0.021343469647593316,67.9255595367716,2.458206151039562,1.02393555834819,105.36703367107435,84.01770143634752,94.69236755371094,17.52413874086307
2023-03-24,104.57567596435548,-0.0015163289264817673,67.47256427783103,2.736458063910959,1.3664400594607438,106.61068250719184,84.39168336805231,95.50118293762208,17.22973278025111
2023-03-27,101.62010955810548,-0.028669536946033258,59.51211122344616,2.6875053129394217,1.6306531101564792,107.13121675508275,85.11982847196803,96.12552261352539,17.25339020929751
2023-03-28,100.20182800292967,-0.014055012254021686,56.09216565125763,2.505385907486854,1.8055996696225542,107.32935219794464,86.009699620903,96.66952590942383,17.28305423201047
2023-03-29,100.5588836669922,0.0035570310302463345,56.765762117099534,2.362631430177302,1.9170060217335039,107.46796671827109,86.96504338304727,97.21650505065918,17.17517739553309
2023-03-30,100.06298065185548,-0.004943668795057914,55.49244336210438,2.184302964636956,1.9704654103141943,107.58081412157722,87.73390908398918,97.6573616027832,17.314626865207718
2023-03-31,102.87970733642578,0.027760621515361714,60.86247303453066,2.2443907346820424,2.025250475187764,108.0751073026877,88.23935497758573,98.15723114013672,17.422729773990756
2023-04-03,103.5045394897461,0.006055055770805166,61.95894818509408,2.315735105384732,2.083347401227158,108.63745283596666,88.59244447238297,98.61494865417481,17.035801421193298
2023-04-04,103.86158752441406,0.003443651985538328,62.60368458267255,2.373724012770481,2.1414227235358227,109.08323531118897,89.22375931771727,99.15349731445312,17.010917162592417
2023-04-05,103.6136474609375,-0.002390070135575702,61.820138772969266,2.372327236994579,2.187603626227574,109.40317552195089,89.91744291676983,99.66030921936036,17.158036652558902
2023-04-06,107.53125,0.03711244959987036,68.52371197318001,2.6567131310327454,2.2814255271886084,110.02318972306284,90.89423047347037,100.45871009826661,17.701425720335667
2023-04-10,105.56748962402344,-0.018431042534129593,62.591206628666846,2.6925934096909288,2.3636591036890726,109.660416786734,92.8250454019867,101.24273109436035,17.11384064663764
2023-04-11,104.48643493652344,-0.010293206704575933,59.535463451107915,2.6037819331730674,2.4116836695858717,108.73519196189434,95.16259932838886,101.9488956451416,17.085528103733346
2023-04-12,103.78223419189452,-0.006762451896484524,57.564003246267546,2.448352005467328,2.4190173367621632,107.90638980561052,97.04965343779769,102.4780216217041,17.00887577677665
2023-04-13,106.54936981201172,0.0263136421832177,62.779683785079975,2.519415137154894,2.4390968968407094,107.60552993491045,98.47323440835127,103.03938217163086,17.02811077231662
2023-04-14,107.97756958007812,0.013315072434725425,65.1598115345106,2.660310562144417,2.483339629901451,108.21582854936372,98.71092773725738,103.46337814331055,17.095594401498694
2023-04-17,105.1013412475586,-0.02699847704669341,57.22358017033415,2.510939070158642,2.488859517952889,108.31015131868,99.04803883634929,103.67909507751465,17.44174838403416
2023-04-18,103.64338684082033,-0.013969005377472345,53.65612078086392,2.248991377949551,2.440885889952222,108.20734756144529,99.47615310994144,103.84175033569336,17.096286463846074
2023-04-19,103.32601928710938,-0.003066808842848342,52.88325258578782,1.9928151033820143,2.3512717326381805,108.17526482056262,99.43484336425185,103.80505409240723,16.855532454858288
2023-04-20,104.42691802978516,0.010598252535517399,55.28910542332944,1.8572180346507423,2.252460993040693,108.23567551154004,99.56485854607716,103.9002670288086,17.141294536280885
2023-04-21,104.5459442138672,0.0011391545837630263,55.55335394645702,1.7393111033532875,2.149831015103212,108.21943607213134,99.562255669812,103.89084587097167,17.065888964612867
2023-04-24,105.1013412475586,0.0052984071010403,56.83531122472285,1.6714178452995725,2.054148381142484,108.2695460793116,99.56471219095206,103.91712913513183,16.97433064167275
2023-04-25,102.99871826171876,-0.020208495342588374,50.85516059541673,1.4314470163836432,1.929608108190716,108.22755718227127,99.74456195835374,103.9860595703125,17.658485711822664
2023-04-26,102.85987091064452,-0.0013489587457817369,50.47745604712464,1.216046754709879,1.7868958374945487,108.01358870816989,100.2243347232266,104.11896171569825,17.79233956750323
2023-04-27,106.7080535888672,0.036729048922384794,59.46346034891732,1.3404053188441054,1.69759773376446,108.10243618101013,100.75040424257385,104.42642021179199,17.729315993918895
2023-04-28,106.4601058959961,-0.0023263118215126046,58.72407820329092,1.4027826648872548,1.6386347199890192,107.8997976731034,101.59275527489464,104.74627647399902,17.402905336749058
2023-05-01,106.32125091552734,-0.0013051425393642137,58.28698261028109,1.424590927135668,1.5958259614183492,108.01815190830749,101.8185553976007,104.9183536529541,17.099488532601583
2023-05-02,104.45665740966795,-0.017692956169452972,52.622749197826664,1.2767000161547628,1.532000772365632,108.00294300105809,101.9289760968423,104.9659595489502,17.249407468050425
2023-05-03,104.5459442138672,0.0008544085952747518,52.85899072353779,1.1534043749388587,1.4562814928802774,107.99996275921923,102.00039200762647,105.00017738342285,16.897209542200677
2023-05-04,103.83184051513672,-0.006853959938009417,50.68227760861409,0.9866954792163938,1.3623642901475008,107.99116293874803,102.03101113351758,105.0110870361328,16.96907960933128
2023-05-05,104.70462799072266,0.00837064689950737,53.217951885196335,0.9144627757288362,1.2727839872637678,107.60460915075448,102.13490272058341,104.86975593566895,17.09789816455348
2023-05-08,106.88658905029295,0.020625037642240003,58.90633113858071,1.0215085452615114,1.2225288988633165,107.80188522719844,102.0695365867664,104.93571090698242,17.093085424850695
2023-05-09,106.47002410888672,-0.0039048751717129693,57.46962457173776,1.0605049386548586,1.1901241068216248,107.97200582001042,102.09777491119075,105.03489036560059,17.408982605047473
2023-05-10,110.83395385742188,0.040169688360909374,66.64703687406106,1.4270918941749073,1.2375176642922814,109.24139374195343,101.53355895580049,105.38747634887696,17.96107726120925
2023-05-11,115.6144561767578,0.042227831726202196,73.41475372810271,2.079391353242471,1.4058924020823194,111.81757294174852,99.86388839247999,105.84073066711426,18.183691798490372
2023-05-12,116.54674530029295,0.008031437888525027,74.50139440029865,2.6411260577712596,1.6529391332201073,113.89274970919261,98.64562919705737,106.269189453125,17.5315746633008
2023-05-15,115.55494689941406,-0.008546292171716442,71.16872727411834,2.972015471702079,1.9167544009165018,115.44253098831133,98.1412084831242,106.79186973571777,17.406413307755265
2023-05-16,118.53034973144533,0.025422896091571303,74.80933744611113,3.4347442644115915,2.22035237361552,117.5073245640538,97.56511119644425,107.53621788024903,17.62296386828691
2023-05-17,119.84943389892578,0.01106719379573049,76.24165080978952,3.8633647704712075,2.5489548529866575,119.53092953595954,97.19384768572014,108.36238861083984,17.321776442652716
2023-05-18,121.82313537597656,0.016334045397963723,78.23570391856705,4.312597879992367,2.9016834583877995,121.73962726086565,96.72477169543318,109.23219947814941,17.377527788169985
2023-05-19,121.7537078857422,-0.0005700664413319719,77.98774399080035,4.609876352561571,3.243322037222554,123.5723318349707,96.61284348851564,110.09258766174317,17.53766522514481
2023-05-22,124.02494049072266,0.01848246195755635,80.19872262080382,4.971433581865682,3.58894434615118,125.65227560221166,96.42525964559107,111.03876762390136,17.378061218350567
2023-05-23,121.55534362792967,-0.020113016189121927,71.75869868511184,5.001045523668992,3.8713645816547424,126.78566898986318,97.14752879456066,111.96659889221192,17.343231950297422
2023-05-24,119.90895080566406,-0.013636950676543391,66.71777778854897,4.835917611639928,4.06427518765178,127.39183130412245,98.24627446980334,112.8190528869629,17.347227329889304
2023-05-25,122.46781158447266,0.021115521376371568,70.21938095346665,4.855559365349578,4.22253202319134,128.4895534470979,98.72452812638845,113.60704078674317,17.56069947816397
2023-05-26,123.58855438232422,0.00910970577008312,71.62736663619334,4.905018177738754,4.359029254100823,129.5837275334877,99.34319888863146,114.46346321105958,17.38886414272924
2023-05-30,122.65625,-0.007572211234214908,68.7168877591066,4.8134984569153545,4.449923094663729,130.31309566475903,100.24733066580737,115.2802131652832,17.373047678856732
2023-05-31,121.86280822753906,-0.006489838158700659,66.2496496104342,4.6236457883028095,4.484667633391545,130.54696314975484,101.75407826259867,116.15052070617676,17.435195361306615
2023-06-01,122.7058334350586,0.006894003586703125,67.5814859986815,4.489459574026128,4.4856260215184625,130.640935980686,103.47609435378664,117.05851516723632,17.24213852375125
2023-06-02,123.6480484008789,0.007649317745992363,69.05145102851529,4.408328439612404,4.470166505137251,130.40487541715285,105.69377570589401,118.04932556152343,17.11061015225059
2023-06-05,124.9770736694336,0.01069109924520363,71.0457666578151,4.400545909120382,4.456242385933877,130.060529359656,108.06536633126197,119.06294784545898,17.290748083289376
2023-06-06,126.26641082763672,0.010263736625500584,72.87213023283823,4.4471529202540125,4.454424492797904,129.8657644129869,110.19811345566546,120.03193893432618,17.097860625326394
2023-06-07,121.49584197998048,-0.03851400665346943,58.235224568909814,4.0524303807849265,4.374025670395309,128.27038802810932,113.29607162765238,120.78322982788086,17.77706632795639
2023-06-08,121.13878631591795,-0.002943157160295464,57.3074355550047,3.66851021420122,4.232922579156491,127.14028361696707,115.45665928464426,121.29847145080566,17.196137851907825
2023-06-09,121.22804260253906,0.0007365388329289621,57.48975987386046,3.3330318363039737,4.052944430585987,126.77476567489501,116.38353586929443,121.57915077209472,16.984284000080706
2023-06-12,122.6264877319336,0.011469628701793435,60.34707957442484,3.1437662589708992,3.8711087962629698,126.52044913845555,117.24582664889797,121.88313789367676,17.15859852078336
2023-06-13,122.81494140625,0.001535630818414045,60.73014105285578,2.9746882079121235,3.6918246785928006,125.81010922159113,118.68216601644598,122.24613761901855,16.91912371338317
2023-06-14,122.65625,-0.0012929535840707793,60.20273753146494,2.7956609251548343,3.512591927905208,125.55909624854394,119.34576901634864,122.45243263244629,17.2362589339585
2023-06-15,124.06461334228516,0.011416777816650679,63.25280156286367,2.7358860736594295,3.3572507570560526,125.59322094736329,119.73316226186522,122.66319160461425,17.377871145546155
2023-06-16,122.51740264892578,-0.012549422898353734,57.99431676066723,2.534451521323419,3.192690909909526,125.60236800802883,119.79344192849462,122.69790496826172,17.634005017535365
2023-06-20,122.0909194946289,-0.0034870733973208492,56.59757603744216,2.313728340987211,3.0168983961250633,125.6000016153273,119.82952948208481,122.71476554870605,17.077350120582437
2023-06-21,119.56183624267578,-0.020932313303761767,49.05289430534014,1.912679568875845,2.79605463067522,125.62950198061445,119.35371869199297,122.49161033630371,17.226866202655582
2023-06-22,122.14051055908205,0.02133841226591221,55.558004998343364,1.7823768630446324,2.5933190771491024,125.63280778224537,119.4089295834773,122.52086868286133,17.1095755217433
2023-06-23,121.33715057373048,-0.00659906865365363,53.27575521797006,1.5958901646240946,2.393833294644101,125.51143029234596,119.67312705018334,122.59227867126465,17.368387024721134
2023-06-26,117.36993408203124,-0.033242262759742576,43.72375413811199,1.115122459519469,2.1380911276191745,126.07720867573057,118.59756091655457,122.33738479614257,17.34098542579634
2023-06-27,117.36003112792967,-8.437741724691273e-05,43.70269035014493,0.7249546775915832,1.8554638376136563,126.3229279864157,117.72898928042999,122.02595863342285,17.49271970316045
2023-06-28,119.19485473632812,0.015513189666659594,48.639667215982534,0.5573737724480594,1.5958458245805371,126.31848981190443,117.38728792857408,121.85288887023925,17.11472692922458
2023-06-29,118.12369537353516,-0.009027247439854143,46.098103721589325,0.33427774349516426,1.3435322083634627,126.43271076430695,116.89915569077117,121.66593322753906,16.997344775303013
2023-06-30,118.71878814697266,0.005025230413999128,47.732135130092686,0.20314976264108964,1.115455719218988,126.38142943393191,116.5517324923376,121.46658096313476,17.200991785314383
2023-07-03,118.91716003417967,0.0016695448210045354,48.29482679899445,0.11392360610651053,0.9151492965964926,126.15818181854516,116.30189127105444,121.2300365447998,16.487443029343403
2023-07-05,120.7519760131836,0.015311540366125167,53.302400540764246,0.1890858851397752,0.7699366143051491,125.62214673284744,116.41541659112717,121.0187816619873,17.13277549059703
2023-07-06,119.12542724609376,-0.01356170839332612,48.79118116713992,0.1160657076898417,0.6391624329820877,124.61287100350974,116.71059396231057,120.66173248291015,17.024142129188235
2023-07-07,118.50059509277344,-0.005258966061352966,47.14065007481088,0.007689320446374381,0.5128678104749451,124.55595996395128,116.46798031314832,120.5119701385498,16.89326055679069
2023-07-10,115.49542236328124,-0.025687086484433703,40.11233703996401,-0.31703746074884975,0.34688675623018617,124.83783338130348,115.62177050053245,120.22980194091797,17.379824052441414
2023-07-11,116.17977142333984,0.005907849168831366,42.22480376892095,-0.5132481197347403,0.1748597810372009,124.89766417694254,115.05711258697347,119.97738838195801,16.954425048514704
2023-07-12,117.9551010131836,0.015165307042020765,47.40757140208385,-0.5195037044258015,0.035987083944600415,124.57734488477224,114.91029320726877,119.7438190460205,17.230097925635164
2023-07-13,123.51911926269533,0.046091903760662474,59.630341040778,-0.07463122575346404,0.013863422004987526,124.71590150763808,114.84215437004747,119.77902793884277,17.606447852402983
2023-07-14,124.39190673828124,0.007041163885144286,61.15538332015209,0.3443901584468563,0.07996876929336127,125.06945407083029,114.6621674806834,119.86581077575684,17.32056034866292
2023-07-17,123.6282196044922,-0.006158286898617438,59.053240636998375,0.6078376805984504,0.1855425515543791,124.97667884385308,114.71130333388129,119.84399108886718,17.062631740358757
2023-07-18,122.7455062866211,-0.00716567557457686,56.63017975456196,0.7368996320767991,0.29581396765886314,125.01404473845274,114.69674780305117,119.85539627075195,17.081025702259478
2023-07-19,121.0296859741211,-0.014077303206310779,52.150795320860674,0.6927442741800576,0.375200028963102,124.88544259459236,114.71922659486076,119.80233459472656,17.43246429937101
2023-07-20,118.222900390625,-0.023464025199458134,45.77259639662454,0.4263519754443905,0.38543041825935975,124.86687108914994,114.60390451509811,119.73538780212402,17.450641099864452
2023-07-21,119.03616333007812,0.006855511539528791,47.76600706386075,0.27765702459142005,0.36387573952577185,124.59173652102571,114.56860436032194,119.58017044067383,18.10511896585369
2023-07-24,120.5337905883789,0.012502792965680713,51.31519380181908,0.2774627899745781,0.3465931496155331,124.5049356222591,114.57506926055339,119.54000244140624,17.206189514438226
2023-07-25,121.20821380615234,0.00557970857571758,52.86830358688043,0.3279487854678109,0.3428642767859887,124.64006818587522,114.82376466934939,119.7319164276123,17.776506587032515
2023-07-26,128.21034240722656,0.05616237321921443,65.25978995677588,0.9223403935841787,0.4587595001456267,126.34070951944385,114.20815446371044,120.27443199157715,17.93750434954454
2023-07-27,128.33924865722656,0.0010049227544145028,65.43993134408049,1.3878039424664053,0.6445683886097825,127.75782034120314,113.70548303404101,120.73165168762208,17.621108058612723
2023-07-28,131.4932098388672,0.024278076087952058,69.59428392220134,1.9882659745424434,0.9133079057963147,129.79268012599448,113.00757469578285,121.40012741088867,17.41531835963245
2023-07-31,131.63206481933594,0.001055428776568017,69.76659200923757,2.4471318844451844,1.2200727015260888,131.49071521981043,112.60086726920323,122.04579124450683,17.149695284787125
2023-08-01,130.47166442871094,-0.008854570482894824,66.38106910325448,2.6861871173453977,1.5132955846899505,132.65780477820337,112.58922815026345,122.6235164642334,16.95823082041125
2023-08-02,127.32762908935548,-0.024392551164521763,58.14774252335944,2.5920630463375005,1.7290490770194606,133.15783967319257,112.74675856289142,122.95229911804199,17.084063810410147
2023-08-03,127.39704895019533,0.0005450580061011741,58.27081247528023,2.4943177027220997,1.8821028021599886,133.58883571444565,113.1429246920485,123.36588020324707,16.81570789825467
2023-08-04,127.0598373413086,-0.002650443548267839,57.38802155407866,2.362411248722239,1.9781644914724388,133.87486336684168,113.71282126450598,123.79384231567383,17.079252706417538
2023-08-07,130.45181274414062,0.026345771904780116,63.395308722796265,2.5027286032363207,2.0830773138252154,134.24253859021798,114.84078507921559,124.54166183471679,16.939913096734898
2023-08-08,130.32289123535156,-0.0009887578612875197,63.03159277400171,2.5738583919324327,2.181233529446659,134.4312760089905,116.06635964164427,125.24881782531739,16.97400777325255
2023-08-09,128.59713745117188,-0.013330597475139096,58.216655703712185,2.462588170754856,2.2375044577082983,134.39985350856261,117.16198578587095,125.78091964721679,17.03089633971082
2023-08-10,128.62689208984375,0.0002313519375128847,58.2758364585813,2.3497205535923484,2.2599476768851083,134.6757277416185,117.39688883552995,126.03630828857422,16.853238584913974
2023-08-11,128.49794006347656,-0.0010030305987834636,57.893132873223834,2.224227295266573,2.2528036005614016,134.91158900367665,117.57163090599133,126.24160995483399,16.790585990485393
2023-08-14,130.25344848632812,0.013569282613348065,61.591117614648994,2.2405996047229735,2.250362801393716,135.32827160622878,117.81747119162279,126.57287139892578,17.02213568857103
2023-08-15,128.71615600585938,-0.011872517171084996,56.88013930034322,2.105259995687348,2.2213422402524423,135.48331018467664,118.25949758509876,126.8714038848877,16.79971165228248
2023-08-16,127.64501190185548,-0.008356572456822954,53.79274022028717,1.8897857296484517,2.1550309381316444,135.36586506728068,119.03847529526814,127.20217018127441,17.042993277025122
2023-08-17,128.85499572753906,0.009434641442362219,56.65486661934711,1.7959537667989878,2.0832155038651132,134.73784243045947,120.72970746578075,127.73377494812011,17.325451755464123
2023-08-18,126.41517639160156,-0.01911616710554318,49.93792089011727,1.5073425239014284,1.9680409078723764,133.84065716998296,122.36479403240959,128.10272560119628,17.233394639026077
2023-08-21,127.31771087646484,0.007114082065034385,52.19575435922386,1.336041964595836,1.8416411192170683,132.97053755228384,123.91330567891735,128.4419216156006,17.04428526681772
2023-08-22,128.0218963623047,0.005515691660465037,53.94118940254243,1.2427809159807026,1.7218690785697952,131.7893805490603,125.77583093775611,128.7826057434082,16.90904540273305
2023-08-23,131.28494262695312,0.025168780957511433,61.039881458804174,1.415850384291474,1.660665339714131,132.12859106023112,125.74408044855792,128.93633575439452,17.14125499673826
2023-08-24,128.71615600585938,-0.019760456563006745,53.98588372794091,1.3303936232022266,1.5946109964117503,132.1370279660806,125.77333427757172,128.95518112182617,17.165439241427617
2023-08-25,128.8153533935547,0.0007703709175825794,54.205967191756855,1.2561923213877293,1.5269272614069462,131.77029796863397,125.87227863048712,128.82128829956054,17.102527195420322
2023-08-28,129.9360809326172,0.008662634472891801,56.724364647684325,1.2731445829524404,1.476170725716045,131.43181080412856,126.04116740632067,128.73648910522462,16.838045460360267
2023-08-29,133.46690368652344,0.026810890239335538,63.529247610858164,1.5535785735731338,1.4916522952874627,132.23996138843427,125.53254074779619,128.88625106811523,17.578467292689524
2023-08-30,134.7661590576172,0.009687586749923741,65.66855215715756,1.859231518066082,1.5651681398431867,133.43335358986633,125.08300154319032,129.25817756652833,17.15893054602273
2023-08-31,135.05380249023438,0.0021321146140107763,66.14206631243071,2.1004612895092976,1.672226769776409,134.45320645498091,124.82882403207961,129.64101524353026,17.2184997001311
2023-09-01,134.54795837402344,-0.003752532685070636,64.45835742115275,2.2251698557057296,1.7828153869622734,135.137276199847,124.89356639048503,130.01542129516602,16.885594034803184
2023-09-05,134.6570587158203,0.0008105372548346143,64.6672680596483,2.306221097447917,1.8874965290594021,135.75224709571293,124.69912009178708,130.22568359375,16.780943456620474
2023-09-06,133.35780334472656,-0.009695473891476972,60.13414707080747,2.2397967575581106,1.957956574759144,136.07911842082808,124.6757399776094,130.37742919921874,16.743204914631278
2023-09-07,134.15122985839844,0.00593197792825928,61.89100701329326,2.2255234295891455,2.0114699457251444,136.53012489214282,124.78014274701731,130.65513381958007,16.751721091928584
2023-09-08,135.2620849609375,0.00824652188104873,64.26543995390685,2.2775937542651263,2.0646947074331408,137.12319897893803,124.85058794733152,130.98689346313478,16.974988800395217
2023-09-11,135.79763793945312,0.0039515548061782165,65.38519750992035,2.335156283231697,2.1187870225928522,137.72850936822536,124.97524734564179,131.35187835693358,16.848702427506982
2023-09-12,134.23057556152344,-0.0116067869363243,59.509118729785,2.228635838077423,2.1407567856897667,138.0303583504097,125.07111107097701,131.55073471069335,16.728160145288673
2023-09-13,135.58937072753906,0.010071951103010124,62.643998878939705,2.228176005823002,2.158240629716414,138.46938669905745,125.31940419449721,131.89439544677734,16.848032756159046
2023-09-14,136.96795654296875,0.010116019154924445,65.55754754114433,2.312396076873654,2.189071719147862,138.98875700042873,125.73232835723728,132.360542678833,17.02437649060556
2023-09-15,136.27369689941406,-0.0050816640055738336,62.89703759909467,2.2966458353121197,2.210586542380714,139.36401125930095,126.09894421555256,132.73147773742676,17.477008563430967
2023-09-18,137.0770721435547,0.005877997417460304,64.68313657165896,2.322220214415438,2.2329132767876585,139.4589605856084,127.07018446444044,133.26457252502442,16.900228554037778
2023-09-19,136.908447265625,-0.0012309037323135746,63.98686977274191,2.3023415158790215,2.2467989246059314,139.46706689415643,128.0211517948084,133.7441093444824,16.828773320638888
2023-09-20,132.64369201660156,-0.031645908437906344,49.480058348313925,1.9203211308827974,2.181503365861305,139.063313283617,128.88708497077755,133.97519912719727,17.214288381521744
2023-09-21,129.37074279785156,-0.02498426829752004,41.67181477079752,1.3380434427845103,2.012811381245946,139.2451230940494,128.51385517743495,133.87948913574218,17.265621937398006
2023-09-22,129.18231201171875,-0.0014575795256590298,41.268044521062095,0.8515631008760067,1.7805617251719583,139.1772683394786,128.6283255325917,133.90279693603514,17.08877232804172
2023-09-25,130.0352783203125,0.006581107293418668,43.917076769275084,0.5287560074636986,1.5302005816303066,139.01399251946995,128.91359384527615,133.96379318237305,16.815961729982817
2023-09-26,127.51610565185548,-0.01956310987664538,38.407263381404825,0.06885911448640059,1.2379322882015253,139.39074487711937,128.29484395955055,133.84279441833496,17.062728950615014
2023-09-27,129.46994018554688,0.015206056616744085,44.249349240445795,-0.1363822390273981,0.9630693827557406,139.52575987963206,127.76013260694022,133.64294624328613,16.93992188933466
2023-09-28,131.2254180908203,0.013467861118271316,48.93583141666217,-0.15559153222548616,0.7393371997594953,139.41908791845867,127.5127304714339,133.46590919494628,16.929607964389852
2023-09-29,129.78732299804688,-0.011019459348129151,45.557271291157825,-0.28358826185007047,0.5347521074375822,139.32356555668997,127.08160488398386,133.2025852203369,17.244964956401503
2023-10-02,133.07017517089844,0.024979488090480055,53.456926640954514,-0.11875887939854124,0.4040499100703575,139.2168850167088,127.04050710365252,133.12869606018066,16.919559019868917
2023-10-03,131.3444366455078,-0.013053461894009202,49.39908136454143,-0.12593142361271248,0.29805364333374357,139.05642162666172,126.86970828666837,132.96306495666505,16.950543841593493
2023-10-04,134.1313934326172,0.020996707489981517,55.300231868957695,0.0922055167708038,0.2568840180211556,139.11543883238735,126.88805008973178,133.00174446105956,17.10213104629848
2023-10-05,133.96282958984375,-0.0012574971820395941,54.883326404549635,0.24861306361049174,0.25522982713902287,139.09913811980488,126.88551077545877,132.99232444763183,16.802837656796278
2023-10-06,136.4522247314453,0.018412181042287253,59.713713838114,0.5669056194261657,0.3175649855964514,139.27387794969604,126.82978492261839,133.05183143615722,17.133239406619737
2023-10-09,137.28533935546875,0.006086977497093782,61.21048314089149,0.876278952315829,0.42930777894032696,139.51968886148063,126.73274415243539,133.126216506958,16.774480346445017
2023-10-10,136.92828369140625,-0.002604216828394255,60.17854148309097,1.0801963088447337,0.5594854849212083,139.86310393914053,126.65909988776374,133.26110191345214,17.140064484054665
2023-10-11,139.3978729248047,0.017874927359648442,64.62122710280894,1.4246549594009537,0.7325193798171574,140.53819997700992,126.36485406962095,133.45152702331544,17.06914720389712
2023-10-12,137.83082580566406,-0.01130520625272249,60.04363186419746,1.553287978573053,0.8966730995683365,140.68128360376232,126.30805736913804,133.4946704864502,17.024962153963386
2023-10-13,136.23403930664062,-0.011652749190166059,55.71284320798848,1.5089885665656197,1.0191361929677933,140.67609338984965,126.3092818237734,133.49268760681153,16.969122307877715
2023-10-16,137.95977783203125,0.012587893709693737,59.14274764301516,1.5947503504477254,1.1342590244637798,140.82306642075355,126.25057936171713,133.53682289123535,17.165481344768803
2023-10-17,138.57467651367188,0.004447183238138746,60.321895820853285,1.692820584783135,1.245971336527651,141.1041199209834,126.13614878629198,133.6201343536377,16.973183136144954
2023-10-18,136.82911682128906,-0.012676536124254017,55.431213643268144,1.611117908761429,1.3190006509744068,141.43156497779907,126.2272462099451,133.82940559387208,16.96717767591977
2023-10-19,136.62083435058594,-0.0015233684269444843,54.859668762451435,1.5121303967366373,1.3576266001268529,141.58750116056265,126.79631918245492,134.1919101715088,17.076142379436956
2023-10-20,134.48846435546875,-0.01573102788482317,49.2597389570772,1.2472402336111656,1.3355493268237155,141.46674884732946,127.44768673006311,134.45721778869628,17.086436029113806
2023-10-23,135.38107299804688,0.006615136383139471,51.49190663351953,1.096696889446605,1.2877788393482934,141.42494475330003,128.02407029186597,134.724507522583,17.08575991200113
2023-10-24,137.67213439941406,0.016781455818237336,56.750996019529644,1.1490145875526991,1.2600259889891745,141.12298904440922,129.34162887551264,135.23230895996093,17.61803786519575
2023-10-25,124.5803451538086,-0.09992417032960069,34.04010420325811,0.13255079767239408,1.0345309507258185,142.1533837045477,127.82227471220035,134.98782920837402,18.250677417274524
2023-10-26,121.27764129638672,-0.02686837707040216,30.702119307582464,-0.9287980724574822,0.6418651460891583,143.812233344884,125.16864739242068,134.49044036865234,17.859633199041916
2023-10-27,121.16853332519533,-0.0009000593944404585,30.59538086038164,-1.7584583863869625,0.16180043959393414,144.95995846002398,123.15904330999554,134.05950088500975,17.612493036119666
2023-10-30,123.43975830078124,0.018570836126224136,35.61344354369777,-2.2072573991181628,-0.3120111281484853,145.46833706876112,121.6876230142467,133.5779800415039,17.18073876914079
2023-10-31,123.0628890991211,-0.0030577318277961413,35.15918646866588,-2.563790266785105,-0.7623669558758093,145.9265704562127,120.40123487215646,133.16390266418458,17.08478671664938
2023-11-01,125.41346740722656,0.018920499829016717,40.276062805729275,-2.6263976312133366,-1.1351730909433149,145.93916687715668,119.5168458486734,132.72800636291504,17.219450874339152
2023-11-02,126.44493103027344,0.008190867536738823,42.42323846591501,-2.5632365293546258,-1.4207857786255773,145.84024600556685,118.86397686430618,132.35211143493652,17.11595166003929
2023-11-03,128.041748046875,0.012549481797337734,45.679143107176245,-2.3571592484617554,-1.608060472592813,145.40591347989613,118.4572617215199,131.931587600708,17.088613208207445
2023-11-06,129.18231201171875,0.008868310683915725,47.943518522945325,-2.0778553161112825,-1.7020194412965068,144.80888076775705,118.24399169928398,131.5264362335205,16.762719434263374
2023-11-07,129.8964080810547,0.005512593835956146,49.36663449735944,-1.7783832574154417,-1.717292204520294,144.2254766615379,118.12420824446795,131.17484245300292,17.208585071612077
2023-11-08,130.75929260253906,0.006620900071313037,51.106042226691955,-1.4546535828496872,-1.664764480186173,143.20623816821313,118.27958870556613,130.74291343688964,17.089851401465523
2023-11-09,129.1724090576172,-0.01221015559214503,47.850466243915925,-1.3110309743620405,-1.5940177790213466,142.33031113613043,118.2896740628442,130.30999259948732,16.98300049468457
2023-11-10,131.5031280517578,0.01788262244337966,52.62403515331396,-0.9976393132011196,-1.4747420858573013,141.78514556010535,118.36174851338099,130.07344703674318,17.108131183333068
2023-11-13,131.00721740722656,-0.003778222405594014,51.54294918867497,-0.780295250451303,-1.3358527187761016,140.8498967400572,118.60174129094867,129.72581901550294,16.72376594619644
2023-11-14,132.524658203125,0.011516311362965458,54.61535139765784,-0.480069778818347,-1.1646961307845507,139.84081689566605,119.0058193042851,129.42331809997557,17.29352085250816
2023-11-15,133.51649475097656,0.0074562986368452155,56.55436251521616,-0.16025864732495165,-0.963808634092631,139.27714073352004,119.23823325939989,129.25768699645997,16.987776881289076
2023-11-16,135.8075408935547,0.01701371659555691,60.7281566187526,0.27489345450456426,-0.716068216373192,139.11653297021178,119.31751167700502,129.2170223236084,17.148186421320826
2023-11-17,134.20083618164062,-0.011901287610641171,56.62004732046986,0.4845217230273988,-0.47595022849307383,139.07069293223608,119.33458889759792,129.202640914917,17.432910148803604
2023-11-20,135.13311767578125,0.006922894081479228,58.37941166270793,0.7176088135903456,-0.23723842007638998,139.02618259706296,119.35430370054446,129.19024314880372,17.14110401319342
2023-11-21,135.84722900390625,0.00527058873448749,59.726780814116445,0.9490151721030315,1.2298359494317124e-05,138.63285516925438,119.56514058880228,129.09899787902833,16.935021236753617
2023-11-22,137.3547821044922,0.011036290663207967,62.48763937844547,1.2397621086243475,0.247962260412465,139.69900271516465,119.77643673796032,129.7377197265625,16.695489665531767
2023-11-24,135.5695343017578,-0.013082551886449214,57.463832108980526,1.3110140192576978,0.4605726121815116,139.89525357260015,121.00937518106197,130.45231437683105,16.342382628311746
2023-11-27,135.29180908203125,-0.0020506825638792288,56.70012928583159,1.3297431166787703,0.6344067130809634,139.75238053900642,122.56457579033929,131.15847816467286,16.969805236786474
2023-11-28,136.07534790039062,0.0057747665894489,58.3806913454774,1.3917676643658012,0.785878903337931,139.83521115964493,123.74530412966169,131.7902576446533,16.745637127810554
2023-11-29,133.8834686279297,-0.016238976505976208,52.269106728304386,1.2496510271223826,0.8786333280948213,139.28657827491713,125.37599496727034,132.33128662109374,16.992196828628604
2023-11-30,131.443603515625,-0.018391895469285102,46.44108903597591,0.9294319316951487,0.8887930488148869,138.8040343833014,126.46155246972596,132.63279342651367,17.47877218473364
2023-12-01,130.77908325195312,-0.005068376763305587,44.97037122782611,0.6149460446521857,0.8340236479823467,138.37660892508077,127.32239315011456,132.84950103759766,17.26366470987014
2023-12-04,128.21034240722656,-0.019837297023677102,39.73234253975886,0.15663223619699806,0.698545365625277,138.3545950143787,127.36126649685175,132.85793075561523,17.417466840289297
2023-12-05,129.91624450683594,0.013217754562267581,44.36675110874743,-0.06814715833550622,0.5452068608331203,138.29695967134268,127.49229508939955,132.8946273803711,17.125498709421684
2023-12-06,128.95420837402344,-0.007432602299428462,42.38720008326206,-0.3202233879133871,0.3721208110838189,138.37492029386428,127.3201144961748,132.84751739501954,16.975748328982597
2023-12-07,135.8075408935547,0.05178137549175073,57.078974887379864,0.03263484845300013,0.3042236185576551,138.686562052171,127.5132975669696,133.0999298095703,17.854467508139294
2023-12-08,133.8834686279297,-0.014268958498322132,52.99315414191879,0.1552315782804783,0.27442521050221974,138.61361032340946,128.0573552527624,133.33548278808593,17.289341761468588
2023-12-11,132.19735717773438,-0.01267384836569895,49.639775929159256,0.11500950928893872,0.24254207025956356,138.6065489858386,128.13383950293095,133.37019424438478,17.25393952834686
2023-12-12,131.4337158203125,-0.0057932737936797615,48.153569613656884,0.021268583312746614,0.19828737287020018,138.5906971619369,128.1923411681412,133.39151916503906,17.183936817739685
2023-12-13,131.48329162597656,0.00037712133371027785,48.26186876424256,-0.04846277400380927,0.14893734349539828,138.59572645285212,128.08317521951116,133.33945083618164,17.220195218661196
2023-12-14,130.8584442138672,-0.004763623231359454,46.9312394325632,-0.15238869908958463,0.08867213497840169,138.5771475335965,127.83594908505584,133.20654830932617,17.471928827747675
2023-12-15,131.5130615234375,0.004990013424467342,48.53222188126107,-0.17985533707891932,0.03496664056693748,138.26711836703802,127.7165303146026,132.9918243408203,17.74433366801754
2023-12-18,134.6868133544922,0.023846008361344956,55.535915563923396,0.05385163491760636,0.038743639437071264,138.31926870068895,127.71297769823683,133.0161231994629,17.289276663459326
2023-12-19,135.5298309326172,0.006239588352596443,57.201876449860045,0.3035909595525652,0.09171310346017006,138.3752888985078,127.69662882610159,133.03595886230468,17.053278831335696
2023-12-20,137.2059783935547,0.012291518065925522,60.38040254814397,0.62950571551454,0.19927162587104408,138.62531163386092,127.58248102971328,133.1038963317871,17.70951624188904
2023-12-21,139.26895141601562,0.014923677252443519,63.930997967456626,1.0422458284957372,0.36786646639598275,139.0855970910562,127.31361250367038,133.1996047973633,17.129271053938993
2023-12-22,140.33021545410156,0.007591361208778927,65.63706452139432,1.4383995060519794,0.581973074327182,140.06547708819977,126.80980062176116,133.43763885498046,17.093869685356463
2023-12-26,140.35992431640625,0.00021168440359118525,65.68599511731523,1.734754239522914,0.8125293073663284,140.97267163983557,126.40941759356288,133.69104461669923,16.635716196863903
2023-12-27,139.21934509277344,-0.008159299892271566,62.03388907516838,1.8561853406189073,1.0212605140168443,141.47420989347168,126.22227905916505,133.84824447631837,16.792498295246293
2023-12-28,139.0804901123047,-0.0009978805189638435,61.584972094345844,1.9190938078149316,1.200827172776462,142.0852023683882,126.13098873268603,134.10809555053712,16.590951521194665
2023-12-29,138.544921875,-0.0038582123864988123,59.787808175565054,1.9037876613850528,1.34141927049818,142.57198812810742,126.35433480890428,134.46316146850586,16.745797285824928
2024-01-02,137.03736877441406,-0.010940965295256632,54.928718668704555,1.7498394342335928,1.4231033032452627,142.76847852664693,126.7836729626109,134.7760757446289,16.981458110491335
2024-01-03,137.78123474121094,0.005413518400398969,56.79461248644751,1.6686232714607456,1.4722072968883593,142.7205417156304,127.78869900702588,135.25462036132814,17.002363107470227
2024-01-04,135.27197265625,-0.018379807714636452,49.36981609031153,1.3858076696736248,1.4549273714454123,142.5536568046073,128.49115673299033,135.52240676879882,17.116434499866266
2024-01-05,134.61737060546875,-0.004850901680690024,47.62081433061551,1.0962168474740963,1.383185266651149,142.1451988735353,129.4659308872069,135.8055648803711,16.929643498623292
2024-01-08,137.701904296875,0.02265477253903986,55.602336001422806,1.1028966191681207,1.3271275371545435,142.29639576287406,129.50417033820014,135.9002830505371,16.87908842513357
2024-01-09,139.79457092285156,0.015082759489703815,60.05006433223702,1.2624978051126448,1.3142015907461637,142.744033670636,129.6476426599304,136.1958381652832,17.024723890949694
2024-01-10,141.1136932373047,0.009391906035944147,62.593906650716484,1.4783831604373745,1.3470379046844059,143.25737789335773,130.0259320431657,136.64165496826172,16.87516558498483
2024-01-11,140.91534423828125,-0.0014065858856334088,61.95508345120194,1.6148537248245418,1.400601068712433,143.51546874520716,130.71600403311317,137.11573638916016,16.993926864276535
2024-01-12,141.48065185546875,0.004003657134869706,63.11063496002162,1.7484679800622018,1.4701744509823869,143.71779417200656,131.51341462926297,137.61560440063477,16.74859590685016
2024-01-16,141.3219757080078,-0.0011221689521011895,62.536468892857265,1.8205680260485337,1.5402531659956162,143.55761984766116,132.71994210302245,138.1387809753418,16.93657512193074
2024-01-17,140.31031799316406,-0.007184276013508964,58.85975324701723,1.7756074121637084,1.587324015229235,143.08417136614932,134.07311623150693,138.57864379882812,16.858536686298763
2024-01-18,142.30386352539062,0.01410812852746629,63.42335557639375,1.879176290896936,1.6456944703627752,143.36652165030472,134.5524709644414,138.95949630737306,17.06380540831541
2024-01-19,145.18008422851562,0.020010276730460335,68.80068551832979,2.16834699225177,1.7502249747405743,144.3523768186315,134.53164112570443,139.44200897216797,17.349836363569977
2024-01-22,144.79327392578125,-0.002667903938693553,67.36629956032944,2.339338064693436,1.8680475927311466,145.1582067347686,134.48454076279,139.8213737487793,17.28748946385324
2024-01-23,145.83465576171875,0.007166457084860507,69.22644772846607,2.5297195007872233,2.0003819743423623,146.1142465942383,134.18507133789063,140.14965896606446,16.889873820108242
2024-01-24,147.48106384277344,0.011226301642602122,71.94880293090334,2.781387430109646,2.156583065495819,147.31505469371194,133.69934807728413,140.50720138549804,17.043683074367426
2024-01-25,150.6250762939453,0.021094023949206883,76.26656923002227,3.197670847420312,2.364800621880718,149.19266671978846,132.84825124896156,141.020458984375,17.187934629804925
2024-01-26,150.9424591064453,0.0021048879101684456,76.65718059321445,3.512696417564939,2.594379781017562,150.84679190595008,132.3664374641671,141.6066146850586,17.078039604045312
2024-01-29,152.2516326904297,0.008635931608393063,78.24752621698929,3.8239160941206762,2.840287043638185,152.56407630078422,131.9662673271455,142.26517181396486,17.139981706920643
2024-01-30,150.21844482421875,-0.013444096729543602,70.24348664038197,3.861980158002268,3.044625666511002,153.57433207319343,132.12336384965812,142.84884796142578,17.40820397632402
2024-01-31,138.9515838623047,-0.07796497863295669,43.61735609160709,2.9490103289476792,3.0255025989983375,153.48424023450858,132.40487719713204,142.9445587158203,18.09092590898495
2024-02-01,140.0028839111328,0.007537466845702987,45.6861673892996,2.2839780128832388,2.8771976817753178,153.41141719683893,132.6998651517939,143.0556411743164,17.515985054008734
2024-02-02,141.212890625,0.008605592507967117,48.04890724940364,1.8334378106582392,2.6684457075519026,153.0907887958922,133.6145853496156,143.3526870727539,17.95067073068625
2024-02-05,142.5022430419922,0.009089125960039971,50.51899570695607,1.5624109184111603,2.447238749723754,152.59362987274193,134.90023151641822,143.74693069458007,17.46630907513318
2024-02-06,142.91876220703125,0.002918632147267323,51.32415051820165,1.365489259093522,2.230888851597708,152.39996480673068,135.61558237344508,144.00777359008788,17.18721736939036
2024-02-07,144.34695434570312,0.009943434414165982,54.08313613974125,1.309574633834501,2.0466260080450667,152.39001567816535,136.08076984429556,144.23539276123046,17.042707704401884
2024-02-08,144.7139434814453,0.0025391835123987883,54.79222438998163,1.2801184381627593,1.8933244940686054,152.43775325157128,136.39305729530372,144.4154052734375,16.93185745444484
2024-02-09,147.77862548828125,0.02095638994577903,60.305116544186305,1.4869280353964314,1.8120452023341707,152.73757349657726,136.77956517529773,144.7585693359375,17.105012623645177
2024-02-12,146.32066345214844,-0.009914841922957133,56.759049422404985,1.5157086339319221,1.752777888653721,152.85356826417316,137.1475715673698,145.00056991577148,16.886540499274872
2024-02-13,143.95022583007812,-0.016332952460924408,51.46075659792671,1.331889763970537,1.6686002637170845,152.81184401537496,137.45212082837503,145.131982421875,17.14190181099767
2024-02-14,144.7436981201172,0.005496993336098289,53.040942321177866,1.235990834699436,1.582078377913555,152.69604277567808,138.01126008076724,145.35365142822266,16.93806053140831
2024-02-15,141.59967041015625,-0.021960725557189857,46.57139803404354,0.8959653510320038,1.4448557725372448,152.72885050691872,137.90803303800317,145.31844177246094,17.442267263943226
2024-02-16,139.36810302734375,-0.0158851976606651,42.599690788395186,0.4413364161846687,1.2441519012667297,152.9023944056166,137.15329101918806,145.02784271240233,17.26451034628272
2024-02-20,139.9632110595703,0.004260953946796771,43.97194320541804,0.12758918585583956,1.0208393581845516,152.9809421143089,136.5917370238747,144.7863395690918,17.04015773648549
2024-02-21,141.38148498535156,0.010082194260184271,47.21095526985562,-0.006539518309324421,0.8153635828857765,152.8794518183653,136.24791024218158,144.56368103027344,16.96066668605934
2024-02-22,142.90884399414062,0.010745168221583465,50.527862864301134,0.01028901922322234,0.6543486701532657,152.56408560184218,136.10605447384143,144.3350700378418,17.118429729574764
2024-02-23,142.77993774414062,-0.0009024243651695006,50.2409401998405,0.01307339741279634,0.5260936156051718,151.64012992624973,136.24549629445337,143.94281311035155,16.785607075557976
2024-02-26,136.4423065185547,-0.045402685637592824,38.62734966573791,-0.49046011798299105,0.32278286888753926,150.87054620898948,135.56506475292457,143.21780548095703,17.797839191503886
2024-02-27,137.7415771484375,0.009477437825520353,41.60740199213395,-0.7757316240376895,0.10307997030249352,149.23623643327988,135.74836897443498,142.49230270385743,17.31501970108313
2024-02-28,135.2620849609375,-0.01816503373971565,37.83205597692262,-1.1881889428948966,-0.15517381233698452,148.1915353089046,135.29743411248214,141.74448471069337,17.435270373628097
2024-02-29,137.3249969482422,0.015136090509836619,42.506276890799235,-1.3332358695889752,-0.3907862237873827,148.29688860637148,135.029422123609,141.66315536499025,17.556341863319584
2024-03-01,136.0158233642578,-0.009579129771078955,40.42880638650262,-1.5361185525351004,-0.6198526895369263,148.53295704398732,134.39464763130565,141.46380233764648,17.254360147677446
2024-03-04,132.2569122314453,-0.028024891461808244,35.12117934269931,-1.9774227557225288,-0.8913667027740468,149.1989754110283,132.83303142490922,141.01600341796876,17.840851552213646
2024-03-05,131.5824737548828,-0.005112503905077584,34.25229081074394,-2.3544405397607022,-1.183981470171378,149.6338500638519,131.30617984337468,140.4700149536133,17.50924821686741
2024-03-06,130.32289123535156,-0.009618682159064494,32.628745831948635,-2.7234731294995242,-1.4918798020370074,149.97531270648622,129.70513010357237,139.8402214050293,17.37992032362904
2024-03-07,133.27845764160156,0.022425456325889145,39.8351159897732,-2.7457928169216927,-1.7426624050139445,149.59306324236414,128.9805298972843,139.28679656982422,17.44618342851202
2024-03-08,134.30003356933594,0.007635747452328218,42.13890751192599,-2.6504954288785143,-1.9242290097868586,148.96963282693218,128.5625693215053,138.76610107421874,17.48852484828842
2024-03-11,136.54148864746094,0.01655216109100464,46.93970943749193,-2.3668216237078923,-2.0127475325710655,147.5168494756917,128.89163898866374,138.20424423217773,17.29483499823076
2024-03-12,137.36465454101562,0.006010587146321223,48.62554946169576,-2.051932085427893,-2.020584443142431,146.2511489252926,129.2617386479496,137.7564437866211,17.131999399979456
2024-03-13,138.64407348632812,0.009270925005068672,51.219734720266864,-1.6797780061188803,-1.9524231557377212,145.4882048556041,129.49406748326308,137.4911361694336,16.965987663373674
2024-03-14,141.92697143554688,0.02340261291648614,57.19283193990756,-1.1071779308693692,-1.783374110764051,144.89605560513957,129.8045440652706,137.35029983520508,17.570959305738224
2024-03-15,140.022705078125,-0.013508051056711295,53.128945032455114,-0.7978495137489006,-1.586269191361021,144.6615986603499,129.8813044768571,137.2714515686035,17.716986154523646
2024-03-18,146.4694366455078,0.04501219452288893,62.77291093473419,-0.03213670278071845,-1.2754426936449605,146.0508356431491,129.20220085587434,137.62651824951172,18.053575897184206
2024-03-19,145.8247528076172,-0.0044112056041264065,61.41210314363721,0.5167192013971658,-0.9170103146365354,147.06331759928972,128.7758730745384,137.91959533691406,16.9964934693629
2024-03-20,147.520751953125,0.011563279583503937,63.64492024651275,1.07613935215943,-0.5183803812773424,148.23128776015244,128.22182961045303,138.22655868530273,16.8747574380091
2024-03-21,146.3900909423828,-0.007693942674720949,61.106402363432416,1.4119726164050235,-0.13230978174086921,148.85918969319835,127.94205237223133,138.40062103271484,17.02456232440661
2024-03-22,149.5341033935547,0.02124956874431034,65.25622904040857,1.9098034022589445,0.27611285505909355,150.1820861004642,127.29457252990692,138.73832931518555,17.190083329430003
2024-03-25,148.83984375,-0.004653629468144594,63.64144582752704,2.222695090239739,0.6654293020952227,151.59397669805503,127.12243565546059,139.35820617675782,16.771945767450326
2024-03-26,149.4349365234375,0.003990237206647811,64.45341140603799,2.489980080239775,1.0303394577241332,152.94677763701142,126.93897065400418,139.9428741455078,16.913307466724298
2024-03-27,149.63328552246094,0.0013264467000126626,64.73608908027188,2.6868382679939202,1.3616392197780907,154.15529140031254,127.16757694685545,140.66143417358398,16.945738802537438
2024-03-28,149.6927947998047,0.0003976217378969588,64.82646421440168,2.8151998301763967,1.652351341857752,155.25488010619807,127.30476802612617,141.27982406616212,17.01358762035835
2024-04-01,154.2154083251953,0.02976522108761337,70.92502450882806,3.2444642432544697,1.9707739221370957,157.06290726856105,127.3166993598569,142.18980331420897,17.272798407489095
2024-04-02,153.29302978515625,-0.0059990633881609684,68.32316601210539,3.4702285096429364,2.270664839638264,158.13234952619555,128.3508688575935,143.24160919189453,17.017687773882976
2024-04-03,153.6500701904297,0.0023264283597516644,68.80028604428895,3.636044437181141,2.5437407591468393,158.86386153905357,129.82611648829015,144.34498901367186,17.022516250739624
2024-04-04,149.2960662841797,-0.028746388926791235,57.43853283185954,3.3771928501420803,2.7104311773458876,158.3617588417246,132.22553669050197,145.29364776611328,17.362961836056453
2024-04-05,151.24993896484375,0.013002336902809353,60.58423228843452,3.2917668593223937,2.826698313741189,158.2110461702596,134.17339749429115,146.19222183227538,16.9707733426386
2024-04-08,153.58065795898438,0.015292194665543605,64.00210641100972,3.3732509531207597,2.9360088416171033,158.21328587534845,136.09922022816716,147.1562530517578,16.845740920230345
2024-04-09,155.31631469726562,0.011237889382217559,66.34268963662025,3.537107108830014,3.0562284950596856,158.52787818258582,137.6621105259103,148.09499435424806,17.252059027993777
2024-04-10,154.86009216308594,-0.002941699323908448,65.14369574603296,3.5887817054901348,3.162739137145776,158.51010604625185,139.42942642445126,148.96976623535156,16.94396268868695
2024-04-11,158.10328674316406,0.02072645491715922,69.38019618470538,3.8470860801390074,3.2996085257444223,159.00629323126017,140.87916056512657,149.94272689819337,17.11749151035406
2024-04-12,156.4370574951172,-0.010594792462551593,65.00857053153068,3.872701293137766,3.414227079223091,159.34489050364812,141.9915718986956,150.66823120117186,17.048435273400305
2024-04-15,153.59056091308594,-0.01836337411457364,58.25544862247683,3.62156589172821,3.4556948417241147,158.5080620726146,144.18518591322524,151.34662399291992,17.1163902799623
2024-04-16,153.13433837890625,-0.002974801665438637,57.22931650330757,3.3471421597863866,3.4339843053365695,158.4977611531593,144.8619770060204,151.67986907958985,16.849477529872534
2024-04-17,154.19558715820312,0.006906278297559883,59.03684552188928,3.17865176348198,3.382917796965652,158.41197607663716,145.7848455176011,152.09841079711913,16.895726478989722
2024-04-18,154.7311248779297,0.00346708934723466,59.95650822319695,3.0531406242076287,3.3169623624140474,158.4889771015905,146.42888178512825,152.45892944335938,16.805375703534438
2024-04-19,152.82688903808594,-0.012383095785176082,55.21005995408735,2.7681072073617656,3.207191331403591,158.09113617339125,147.4704025228978,152.78076934814453,17.30030129014665
2024-04-22,154.99893188476562,0.014112389198762221,59.179615200306486,2.6865134217349294,3.103055749469859,158.22144254517747,147.8865790002327,153.05401077270508,17.090623076463277
2024-04-23,156.9626922607422,0.012589922368139373,62.422242378162764,2.7486243784101987,3.032169475257927,158.5084613404397,148.41184505604465,153.46015319824218,16.867226157991183
2024-04-24,157.82557678222656,0.0054823306175996785,63.783605571628684,2.834797546996043,2.9926950896055504,158.91409592376465,148.84527449859866,153.87968521118165,16.941354050762076
2024-04-25,154.72122192382812,-0.01986554949516388,55.932818280519164,2.622365909212448,2.91862925352693,158.76287185127305,149.50529221122693,154.13408203125,17.860484555116923
2024-04-26,170.5404815673828,0.09734776776952435,73.69855526369373,3.687981595799897,3.072499721981523,163.50505585631598,146.84787688294185,155.1764663696289,17.98473530957979
2024-04-29,164.78802490234375,-0.03431274668191614,63.649707861299866,4.021951968470148,3.262390171279248,165.05620270338733,146.35399169358533,155.70509719848633,17.6356375706129
2024-04-30,161.44566345214844,-0.020491313569384807,58.646122412945836,3.9711483331566626,3.404141803654731,165.72815330193833,146.49730446173356,156.11272888183595,17.328931878020455
2024-05-01,162.51678466796875,0.0066126498618697665,59.738431354823476,3.971535230590092,3.5176204890418035,166.50524228767094,146.60688692375484,156.5560646057129,17.326853020973214
2024-05-02,165.25418090820312,0.016703492215098596,62.46694947794965,4.144946485856167,3.6430856884046765,167.41065943385357,147.29728123997458,157.35397033691407,17.00576058640561
2024-05-03,165.86911010742188,0.0037142050881481966,63.07237354000095,4.282628328684865,3.7709942164607146,168.39550728549332,147.77435050259263,158.08492889404297,17.36116611278958
2024-05-06,166.72206115722656,0.005129137472394337,63.941215083091684,4.409735516313589,3.8987424764312895,169.5088086807571,147.97518942715305,158.74199905395508,16.900685878766563
2024-05-07,169.84620666503906,0.01856523944037177,67.00352124904887,4.708287108197879,4.0606514027846075,171.18130378432875,147.75568352035873,159.46849365234374,17.149131956735722
2024-05-08,167.99156188964844,-0.010979609621638353,63.55297707987373,4.740590486045363,4.196639219436759,172.2162616613096,148.03387261603416,160.12506713867188,16.78946240065741
2024-05-09,168.5668182373047,0.0034184672961585037,64.16933111303585,4.757764972365152,4.308864370022437,173.26516609858027,148.03132132817757,160.64824371337892,16.546411090332402
2024-05-10,167.2675323486328,-0.007737697879716449,61.63410184707326,4.613354485087825,4.369762393035515,173.97423914838288,148.40529576372649,161.18976745605468,17.210015629322463
2024-05-13,167.75352478027344,0.0029012670230514825,62.23511961094231,4.486407152165697,4.393091344861551,174.47741773980408,149.31841355902407,161.89791564941407,17.26001008802085
2024-05-14,168.9436798095703,0.007069616082413689,63.7334477071127,4.430760985949348,4.40062527307911,174.9315689092848,150.4451965326097,162.68838272094726,17.039457542737946
2024-05-15,171.09588623046875,0.01265873372119749,66.33461044486494,4.508356541880573,4.422171526839403,175.64065232061887,151.42614302850222,163.53339767456055,17.109434521462585
2024-05-16,172.752197265625,0.009634044367182735,68.22351397569098,4.649900874353335,4.46771739634219,176.4655511567803,152.4033514311103,164.4344512939453,17.142986082664233
2024-05-17,174.6167755126953,0.010735536568588739,70.24734941867798,4.856548392446143,4.545483595562981,177.06567080034694,153.98222043500465,165.5239456176758,17.01333846127916
2024-05-20,175.46974182128906,0.004872898293287929,71.15248509192674,5.031149334173648,4.642616743285115,177.78599595191235,155.30897627709157,166.54748611450196,16.931440771167615
2024-05-21,176.3921356201172,0.005242943159776041,72.13954915505985,5.184191180343333,4.750931630696758,178.627212000865,156.41070456407638,167.5189582824707,16.648100236993645
2024-05-22,174.9341583251953,-0.00829989494001259,68.16906609032264,5.12871077782907,4.8264874601232215,178.96242973955526,157.786344979683,168.37438735961913,16.699193383638054
2024-05-23,172.12738037109375,-0.016174878716801948,61.18718602753013,4.802893864673507,4.821768741033279,177.76752974216336,160.72186082180147,169.24469528198242,16.861218055132056
2024-05-24,173.5555877685547,0.008263152400020117,63.24977614897482,4.606821444594942,4.778779281745612,178.1190911651584,160.67181001892362,169.39545059204102,16.6236715791539
2024-05-28,174.95401000976562,0.008025200771697369,65.1998482463171,4.5122591125548865,4.725475247907467,178.68154355997598,161.12595613484825,169.90374984741212,16.83945125639114
2024-05-29,174.4580841064453,-0.00283863234661076,63.90479600956393,4.347189018383347,4.649818002002643,178.5901131043281,162.5186286559258,170.55437088012695,16.967763600464068
2024-05-30,170.6991729736328,-0.0217817222174406,54.98924115339752,3.868463822686863,4.4935471661394875,178.05378134139653,163.8731992494238,170.96349029541017,16.948022112787612
2024-05-31,171.08599853515625,0.0022635606160492697,55.67458034683867,3.4801670466623307,4.290871142244057,177.81671397344283,164.6934483800728,171.2550811767578,17.44354867459313
2024-06-03,171.75048828125,0.0038764285817687568,56.88890847655799,3.1892936315547047,4.070555640106186,177.60187599473235,165.49642417616607,171.5491500854492,17.12820821923941
2024-06-04,172.3654022216797,0.0035738808459919672,58.03464520999377,2.974109092099468,3.851266330504843,177.44692878069753,166.2157054966462,171.83131713867186,17.106878229759054
2024-06-05,173.97213745117188,0.009278501880331365,60.954626450117914,2.8997968462510073,3.6609724336540763,177.64931160692072,166.42591574903634,172.03761367797853,16.909661855672496
2024-06-06,175.28128051757812,0.00749684401349124,63.20134457853349,2.912961948433491,3.51137033660996,177.8519053891263,166.9522938296237,172.402099609375,16.961858742834295
2024-06-07,173.0299072265625,-0.012927547116195977,57.114775382565625,2.710483609852332,3.3511929912584346,177.7708320369254,167.47967608075038,172.6252540588379,16.794167931588877
2024-06-10,173.77459716796875,0.004294587160925838,58.53716286998367,2.580363498200313,3.1970270926468105,177.45240421568303,168.44881038392634,172.9506072998047,16.98211159641285
2024-06-11,175.37322998046875,0.009157404742063462,61.490013753244625,2.5765379541914513,3.072929264955739,177.23087109125333,169.43231402837557,173.33159255981445,16.885450130881733
2024-06-12,176.5349884033203,0.006602645705456407,63.523084084479784,2.636854362797294,2.9857142845240503,177.2755237448622,170.14679223414169,173.71115798950194,17.14287124862137
2024-06-13,173.92356872558594,-0.014903148793466534,56.32486993921432,2.445742807067518,2.8777199890327436,177.19770430568332,170.50737992283229,173.8525421142578,16.855895925994385
2024-06-14,175.54205322265625,0.00926269119034228,59.395870833593385,2.3972496927199813,2.7816259297701915,177.37644334520118,170.60762647901757,173.99203491210938,16.709409476996544
2024-06-17,175.98887634277344,0.002542156738837552,60.22733250086452,2.367581436728017,2.6988170311617568,177.55229885496874,170.5689810522578,174.06063995361328,16.79198360755175
2024-06-18,173.8540496826172,-0.012204638141171556,54.48652713136081,2.147056528952902,2.588464930719986,177.40843729563866,170.55127339772073,173.9798553466797,16.900621865893733
2024-06-20,175.0554962158203,0.006886892582729045,56.97225886163568,2.0456546120745998,2.4799028669909093,177.19248592149927,170.63356083143043,173.91302337646485,16.81921601107553
2024-06-21,178.36199951171875,0.018712145350878572,62.966785402465405,2.2066630072179976,2.425254895036327,177.90262172681545,170.26620914476658,174.08441543579102,17.871789756692902
2024-06-24,177.9548797607422,-0.0022851565660922625,61.824680187792445,2.2751852397200025,2.3952409639730625,178.44625764790476,170.30532316264214,174.37579040527345,16.7223023768724
2024-06-25,182.73092651367188,0.026484690231552886,68.94176904347226,2.6839378951650303,2.4529803502114564,180.33341017875165,169.33570450630697,174.8345573425293,16.956649724182835
2024-06-26,182.58203125,-0.0008151655655927693,68.51293498157513,2.9617218304468054,2.5547286462585266,181.71660314258463,168.71531366649742,175.21595840454103,16.803160305730675
2024-06-27,184.1012115478516,0.008286110804773742,70.52730747779943,3.2667951729555114,2.697141951597924,183.29937740268588,168.0968521505368,175.69811477661133,16.751965167771377
2024-06-28,180.8642120361328,-0.01773912916743293,61.49922998600795,3.210362130704681,2.799785987419275,183.7594617379302,168.65327172154244,176.20636672973632,17.188191894524635
2024-07-01,181.6982879638672,0.004601013061944494,62.81990542378403,3.1960988567296056,2.8790485612813415,184.26651468796092,169.20744771438285,176.7369812011719,16.58848052002292
2024-07-02,183.93240356445312,0.012220765144570999,66.16758878350848,3.326721195892958,2.968583088203665,185.14330916465755,169.5488447660065,177.34607696533203,16.670399111732856
2024-07-03,184.50830078125,0.0031261349737476433,66.99261736269727,3.437089801467522,3.0622844308564368,186.00441039235966,169.90203339426142,177.95322189331054,16.142017332311212
2024-07-05,189.2545623779297,0.025398546551463026,72.86547686014146,3.8630109753540296,3.222429739755955,187.98637942641994,169.44830685287695,178.71734313964845,16.85848422553356
2024-07-08,187.6956329345703,-0.008271322580822056,68.55115285181836,4.0283279397509375,3.383609379754952,189.2767545644164,169.3993669565797,179.33806076049805,16.861741107462386
2024-07-09,187.6459808349609,-0.0002645701839472473,68.41221504435606,4.107982055594476,3.528483914922857,190.2020929343748,169.93563594746112,180.06886444091796,16.531621583153264
2024-07-10,189.8304443359375,0.011574168564716006,71.17976258295965,4.2978337127510144,3.6823538744884887,191.4399524713761,170.30336112725672,180.8716567993164,16.585126177410736
2024-07-11,184.2600860595703,-0.029783004768459184,57.37518721045711,3.953240661835764,3.736531231957944,191.65572466862122,170.97627453792174,181.31599960327148,17.059110253470894
2024-07-12,183.76361083984372,-0.002698062788268271,56.32666013639493,3.598604314823291,3.7089458485310134,191.81690208143263,171.53795936876267,181.67743072509765,16.946577640759056
2024-07-15,185.2133026123047,0.007857940045226768,58.70004357419754,3.3953905169349525,3.6462347822118013,191.80444611623906,172.67938872262815,182.2419174194336,16.61729399918504
2024-07-16,182.62173461914065,-0.014091158332824465,53.140388549721365,2.9907487497109457,3.51513757571163,191.62333655113548,173.56846642738014,182.5959014892578,16.721903346587208
2024-07-17,179.74217224121094,-0.01589354203919101,47.73088428151512,2.409930437552873,3.294096148079879,191.37837378470684,174.18875878365256,182.7835662841797,16.847290294079336
2024-07-18,176.43569946289062,-0.018566946616118848,42.39430019145153,1.6636455504114167,2.9680060285461867,191.00568413540648,174.81961341098022,182.91264877319335,17.046935354094995
2024-07-19,176.40591430664062,-0.00016883017851863848,42.34836768255523,1.0576144662503282,2.585927716087015,190.81562710480128,175.14471225066748,182.98016967773438,16.753714402172196
2024-07-22,180.3876037597656,0.02232021914081541,50.1274203782454,0.8883788499488787,2.2464179428593876,190.7153371652348,175.44756261503863,183.08144989013672,16.997734888009443
2024-07-23,180.5067596435547,0.0006603366536136159,50.34335647971334,0.7551681800440804,1.9481679902963263,190.56229336202853,175.85579440652617,183.20904388427735,17.408779064547808
2024-07-24,171.41143798828125,-0.05170148996292037,37.12859804235543,-0.08335778374981828,1.5418628354870976,191.69708499719277,173.58905391882283,182.6430694580078,17.7192029802394
2024-07-25,166.09918212890625,-0.0314816440185053,31.867143708076156,-1.1631423221282375,1.0008618039640307,193.5123300374103,170.12552396649593,181.8189270019531,17.618878760858458
2024-07-26,165.82115173339844,-0.001675284290653361,31.614630937094688,-2.0180512390506635,0.3970791953610919,194.54315522518044,167.26669279728048,180.90492401123046,17.537266145692445
2024-07-29,168.33328247070312,0.015036030104546391,36.50994495471572,-2.4644560440447947,-0.17522785252008544,195.03036023170446,165.5263948342135,180.27837753295898,16.825826027919142
2024-07-30,169.08790588378906,0.004472894395861221,37.94693357705048,-2.7259205501154042,-0.6853663920391493,195.20054743404657,164.0951694238636,179.6478584289551,16.757826284624606
2024-07-31,170.32908630371094,0.0073136347382147205,40.338757700520304,-2.800695493736896,-1.1084322123786987,194.91622041418145,163.01916471765446,178.96769256591796,17.063133243888483
2024-08-01,169.55462646484375,-0.004557212659013207,39.32032631043814,-2.889143365558141,-1.4645744430145873,194.47401676232977,161.96600093786554,178.22000885009766,17.015464528342026
2024-08-02,165.4835662841797,-0.02430326241777941,34.403298691916774,-3.2502723580003305,-1.821714026011736,193.3643013717019,160.69861671911838,177.03145904541014,17.187282596145536
2024-08-05,158.12586975097656,-0.045480532642158567,27.668929475052394,-4.0831067922433135,-2.2739925792580515,193.1274524748024,157.97848929765854,175.55297088623047,17.79763224191601
2024-08-06,157.17263793945312,-0.0060465539323254595,26.933351733316456,-4.765122555692017,-2.7722185745448447,192.45274951900151,155.60585796390862,174.02930374145507,17.707424749625947
2024-08-07,157.8180694580078,0.00409810452627861,28.322835147621603,-5.193674584769212,-3.256509776589718,190.63307659410162,154.2242934010156,172.4286849975586,17.039915111208813
2024-08-08,160.88624572753906,0.019254656523396745,34.681757108404284,-5.225492744627587,-3.650306370197292,189.2662984921407,153.25368746977338,171.25999298095704,17.057274480459732
2024-08-09,162.51466369628906,0.010070668844146204,37.834042755306335,-5.060969439378397,-3.9324389840335128,187.59471943098202,152.80037181657656,170.1975456237793,17.168997727099242
2024-08-12,161.1444091796875,-0.008467321439046665,36.248768637337704,-4.983702601098628,-4.142691707446536,185.3143409417019,152.673860962595,168.99410095214844,16.58153408892031
2024-08-13,163.001220703125,0.01145677536440714,39.92231935853911,-4.71824985583487,-4.257803337124203,183.20391456135332,152.822235951342,168.01307525634766,16.73607204092691
2024-08-14,159.23794555664062,-0.023358093259431015,35.46220465604381,-4.756709114326867,-4.357584492564737,181.60240328554704,152.37332455869125,166.98786392211915,17.51905941335482
2024-08-15,160.16139221191406,0.005782411665444734,37.31291669668937,-4.65896824048167,-4.417861242148123,180.3803301614714,151.96796695766923,166.1741485595703,17.266269266690767
2024-08-16,161.8096923828125,0.010238898147734309,40.587897945566645,-4.397808644884748,-4.413850722695448,178.91814083606698,151.97053409069082,165.4443374633789,17.002218541205735
2024-08-19,165.4934844970703,0.0225109191356963,47.22396827396758,-3.8492151902753164,-4.300923616211422,176.1973705062946,153.20189249419371,164.69963150024415,16.925294514328147
2024-08-20,165.99989318847656,0.0030553194690324434,48.08246928378632,-3.335142528913309,-4.1077673987518,172.79105966316055,155.1575166918199,163.97428817749022,16.724676864409833
2024-08-21,164.6792755126953,-0.00798734738564719,45.98183238114649,-2.999720144103236,-3.8861579478220873,171.74437827898998,155.5309818284319,163.63768005371094,16.94673484461973
2024-08-22,162.64373779296875,-0.012437646468762591,42.87274952135066,-2.8651190607789374,-3.6819501704134576,171.49767055918346,155.43214511464464,163.46490783691405,16.928728089509946
2024-08-23,164.45089721679688,0.011049877424938135,46.34160117323696,-2.582850576378661,-3.4621302516064985,171.36767877458306,155.42511144758492,163.396395111084,16.451398656582366
2024-08-26,164.98707580566406,0.003255113898274348,47.36285204194231,-2.2894937786468574,-3.227602957014571,170.8988343617099,155.55933519395418,163.22908477783204,16.4680763080745
2024-08-27,163.5175323486328,-0.008946926303694772,44.84370308635919,-2.1507932723962426,-3.0122410200909053,170.11223295954343,155.78889924260503,162.95056610107423,16.285464386113826
2024-08-28,161.700439453125,-0.011174731792762856,41.87765787757237,-2.1625675993641096,-2.8423063359455463,168.79393837856276,156.24432913852706,162.5191337585449,16.61324307148582
2024-08-29,160.63800048828125,-0.006592095019474877,40.2032953593133,-2.231900820259625,-2.720225232808362,167.44550705788873,156.70109786154484,162.07330245971679,16.796119092134354
2024-08-30,162.22671508789062,0.009841443463619433,43.82048809810509,-2.1340518848640784,-2.6029905632195054,167.03934708315938,156.78157271664531,161.91045989990235,16.912164555299427
2024-09-03,156.2491912841797,-0.03754271990804715,35.19417368255583,-2.509909439652347,-2.584374338506074,167.29388597921036,156.33936597391465,161.8166259765625,17.477668681154693
2024-09-04,155.3456268310547,-0.005799627806754464,34.1013693756619,-2.847860990922044,-2.637071668989268,167.57680869698197,155.8737421453032,161.72527542114258,16.77839939225794
2024-09-05,156.13003540039062,0.005036735274924888,35.96040651926003,-3.0176096880561545,-2.7131792728026456,167.7717288569361,155.51001857958735,161.64087371826173,16.743429674608638
2024-09-06,149.8546600341797,-0.041023329018373474,28.92919597117357,-3.6168147114566125,-2.893906360533439,169.17828178718497,153.00030708000253,161.08929443359375,17.450780906690163
2024-09-09,147.856201171875,-0.013425703533658349,27.111194027629793,-4.204481294743857,-3.156021347375523,170.3367753334789,150.3759672812672,160.35637130737305,17.485729507811147
2024-09-10,147.80648803710938,-0.0003362827779664962,27.06562846718839,-4.62095523491044,-3.4490081248825066,171.12463585601773,148.25431464447053,159.68947525024413,17.253322728254595
2024-09-11,150.29214477539062,0.01667712679630965,33.11833776917224,-4.69630601534999,-3.698467702976003,171.109942885527,146.99810002218783,159.05402145385742,17.203545054375144
2024-09-12,153.8018798828125,0.023084248145648783,40.61261329300845,-4.4218435012521695,-3.8431428626312365,171.06368490879726,146.50075143153475,158.782218170166,17.204011040739427
2024-09-13,156.55596923828125,0.01774829705905269,45.749659109106815,-3.9367179532891328,-3.861857880762816,170.90400187316922,146.2998921697995,158.60194702148436,17.20298761158922
2024-09-16,157.15252685546875,0.0038032654117278425,46.822671632557096,-3.464182310029173,-3.7823227666160877,170.59153882642613,146.14663866380823,158.36908874511718,16.726762847847347
2024-09-17,158.4052734375,0.007939928356793512,49.099447754474085,-2.9545500153469106,-3.6167682163622525,169.76942206007,146.2599343242073,158.01467819213866,16.846397645865437
2024-09-18,158.8925018310547,0.0030711137264872452,49.99615617808456,-2.4827281460632946,-3.3899602023024613,168.81191210942177,146.50670513911336,157.65930862426757,16.98002738344355
2024-09-19,161.20909118652344,0.014474340964952601,54.133534026463934,-1.8999747882559461,-3.0919631194931587,168.28079428641408,146.69080452950388,157.48579940795898,17.095959298405635
2024-09-20,162.65077209472656,0.008903174457427051,56.54334439796726,-1.3067436259205465,-2.7349192207786364,168.28185402569164,146.69044822040212,157.48615112304688,17.526552622031208
2024-09-23,160.92076110839844,-0.010693323076502097,52.94830193583865,-0.9650762853828496,-2.380950633699479,167.73496743592327,146.88432119933063,157.30964431762695,16.999832245855526
2024-09-24,161.3582305908203,0.0027148511841224472,53.74910596313603,-0.6514923272711428,-2.035058972413812,167.10770358174761,147.1487005320219,157.12820205688476,16.965340695665084
2024-09-25,160.56283569335938,-0.004941562384879976,52.015681343285074,-0.4618327812286793,-1.7204137341767856,166.6441953461249,147.3167391021173,156.9804672241211,16.75304157410593
2024-09-26,161.79568481445312,0.007648968793975154,54.466850158952894,-0.20962912972663617,-1.4182568132867557,166.6588400932725,147.3116188911025,156.9852294921875,16.827081780476576
2024-09-27,163.00868225097656,0.007469130336474951,56.804845076786336,0.0871185879503571,-1.1171817330393332,167.02086486922536,147.18666229141917,157.10376358032227,16.864845255313245
2024-09-30,164.89781188964844,0.011522495429017983,60.22983881282256,0.469320234366819,-0.7998813395581028,167.51046260544786,146.96417423537247,157.23731842041016,16.83172664832081
2024-10-01,166.03125,0.006850063490569776,62.16806320053423,0.85383430535515,-0.46913821057545224,168.70846879376606,146.74437391863628,157.72642135620117,17.15971778221881
2024-10-02,164.90773010253906,-0.006789917667466219,59.09369762411412,1.0557359440202845,-0.1641633796563049,169.57583677076218,146.8332162687886,158.20452651977538,16.692470613031823
2024-10-03,164.90773010253906,0.0,59.093697623834,1.2018898097092574,0.10904725821680755,170.3502139427338,146.9366085670318,158.6434112548828,16.528422322493363
2024-10-04,166.10084533691406,0.007208999947738276,61.44210011376111,1.3978783578236005,0.36681347813816617,170.84507923577937,148.06636180425969,159.45572052001953,16.76244121978331
2024-10-07,162.0442657470703,-0.02472556267153088,50.76996194353673,1.2118986107709588,0.5358305046647247,170.19922083146096,150.13102666609765,160.1651237487793,16.927384565419974
2024-10-08,163.4362335205078,0.008553361955159237,53.739247356712305,1.163417336621933,0.6613478710561664,169.2055083693634,152.68771367653503,160.9466110229492,16.954160701753658
2024-10-09,160.93072509765625,-0.015448911723725837,48.1139654103804,0.912305497370312,0.7115393963189955,168.04509344612362,154.91198663200137,161.4785400390625,17.255345181311284
2024-10-10,161.14942932128906,0.0013580734748561895,48.6195532013271,0.7226152993020776,0.713754576915612,167.33842131927753,156.35341370269515,161.84591751098634,16.46480820467117
2024-10-11,162.3027801513672,0.007131537114100242,51.313820846287726,0.6577678849892834,0.7025572385303462,167.0294428196703,157.23707329361093,162.1332580566406,16.54625469270127
2024-10-14,164.01290893554688,0.010481533667770774,55.075471458231384,0.7358861057330444,0.7092230119708859,166.83498609248025,158.11756822880884,162.47627716064454,16.76079659932485
2024-10-15,164.51004028320312,0.0030264657509887624,56.136442736843186,0.8283608750093094,0.7330505845785706,166.7799847912821,158.7830462145773,162.7815155029297,16.82352711974103
2024-10-16,164.21177673339844,-0.0018146871683927676,55.29271613904479,0.8675795036600391,0.7599563683948644,166.64421255130185,159.4507459447919,163.04747924804687,16.61315774049814
2024-10-17,161.99453735351562,-0.013594301706890665,49.35419864208809,0.7115456068725621,0.750274216090404,166.6154757732824,159.55802733951055,163.08675155639648,16.881393745548376
2024-10-18,162.48175048828125,0.0030030761518248543,50.60949049507652,0.6200540505460594,0.7242301829815352,166.61222684860505,159.5443741035434,163.07830047607422,16.79905389736141
2024-10-21,163.12802124023438,0.003969608142728552,52.29843014694575,0.5928608507246906,0.6979563165301663,166.5736120649566,159.80371490037544,163.18866348266602,16.857482173677134
2024-10-22,164.19187927246094,0.0065004405581947314,55.02487586137063,0.6496655559912767,0.6882981644223884,166.62881109106502,160.0318807424311,163.33034591674806,16.62298977812782
2024-10-23,161.8454132080078,-0.014394099277242455,48.447524288086846,0.4995845927994367,0.6505554500977981,166.51125641403672,160.27769317092424,163.39447479248048,16.7213455306169
2024-10-24,161.7857666015625,-0.00036860853243976717,48.28950834230355,0.3715483870176115,0.5947540374817609,166.51183456177387,160.27612320189803,163.39397888183595,16.925129441513484
2024-10-25,164.32113647460938,0.015549630717589894,55.007099724840934,0.4692526784912161,0.569653765683652,166.59848859314675,160.32071459288838,163.45960159301757,16.802651077881002
2024-10-28,165.76280212402344,0.008735201249495549,58.32256021807851,0.6554586831204574,0.5868147491710131,166.74723989711126,160.2584623123614,163.50285110473632,17.285568389012628
2024-10-29,168.70578002929688,0.017598387508231696,64.13291998835173,1.0286444320897488,0.6751806857547602,167.48416855168756,159.78898666071478,163.63657760620117,17.557195935615244
2024-10-30,173.4583740234375,0.027781400286227186,71.13207946769026,1.6884282926998253,0.8778302071437734,169.89533197291527,158.23288763157692,164.0641098022461,18.0480332147336
2024-10-31,170.12759399414062,-0.019388942995438606,62.00051691264019,1.9204083715507068,1.0863458400251602,170.7521309323586,157.89807506129372,164.32510299682616,17.6170265159186
2024-11-01,170.3065643310547,0.00105142418306129,62.28071350487942,2.094550985885121,1.2879868691971523,171.4627866294358,157.6079912636306,164.5353889465332,17.27486681024996
2024-11-04,168.26834106445312,-0.012040159248194984,57.11543184927201,2.0445246711659593,1.4392944295909138,171.86145309910043,157.83173232570428,164.84659271240236,16.883223947086574
2024-11-05,168.76547241210938,0.0029500405497116873,58.02972676141986,2.0216880401173682,1.5557731516962048,172.30497600711064,157.92113330685422,165.11305465698243,16.719242722380525
2024-11-06,175.49658203125,0.03910955319328201,67.98300295159197,2.5177115262629854,1.748160826609561,174.11820529968983,157.5644897076344,165.84134750366212,17.332874884926795
2024-11-07,179.71224975585938,0.02373739216757749,72.39798935675523,3.2139346284682517,2.041315586981299,176.80693629357134,156.7320407572099,166.7694885253906,17.048403719323776
2024-11-08,177.32603454589844,-0.013366918027696194,66.78426784643551,3.532429183208052,2.33953830622665,178.36663978926947,156.67466270096492,167.5206512451172,16.90683483524286
2024-11-11,179.31454467773438,0.01115145529922256,68.94526906387692,3.9003339396525405,2.651697432911828,180.19639286630357,156.37507319814958,168.28573303222657,16.674873186291368
2024-11-12,180.5772399902344,0.007017112073875065,70.26805609973516,4.244857988124437,2.97032954395435,182.0487118897937,156.12947414536256,169.08909301757814,17.039767916370202
2024-11-13,177.8529815673828,-0.015201345863944985,63.940014744153274,4.249090026692585,3.2260816405019974,183.08109478430612,156.4612117342486,169.77115325927736,16.958972986675796
2024-11-14,174.57191467285156,-0.01862048754583583,57.252602882583034,3.9422455180105374,3.3693144160037054,183.34643894585054,157.45360530463773,170.40002212524413,17.249739700921882
2024-11-15,171.49969482421875,-0.01775528806026157,51.790528943722,3.4118370344740185,3.3778189396977685,183.25287337880067,158.44896530528135,170.850919342041,17.29689220651076
2024-11-18,174.29354858398438,0.01615945139964962,55.90997436119121,3.180265023542347,3.3383081564666846,183.3438008082489,159.47459061020817,171.40919570922853,16.817985101249572
2024-11-19,177.09732055664062,0.015958476570586605,59.63740185254928,3.1862543458614425,3.3078973943456367,183.7389413365605,160.3699942103145,172.0544677734375,16.969736964879413
2024-11-20,174.96961975097656,-0.0120870576939763,55.78327992147109,2.98490512562131,3.2432989406007717,183.41398755128617,162.0073686498857,172.71067810058594,16.759796946541993
2024-11-21,166.66758728027344,-0.048611024009584586,43.86996599412952,2.1308664781905122,3.0208124481187197,182.79707956537354,163.11245870366943,172.95476913452148,17.905418643561188
2024-11-22,163.8140411376953,-0.01726944444400179,40.656020124998335,1.2098311905881758,2.658616196612611,182.86751799439932,162.99131074095223,172.92941436767578,17.468882024222864
2024-11-25,166.6874542236328,0.017388638341854827,45.02364239671223,0.7036532348994342,2.267623604269976,182.78109152756707,163.17020241774543,172.97564697265625,17.316109767513304
2024-11-26,168.1490020751953,0.00872997612061425,47.15413047500166,0.415646936009864,1.8972282706179535,182.80730807332282,163.08830807657955,172.94780807495118,16.835286501883854
2024-11-27,168.25840759277344,0.0006504346711223113,47.318707964226476,0.19399176379764071,1.556580969253891,182.76252100993565,162.6130984969003,172.68780975341798,16.77387844632161
2024-11-29,167.98001098632812,-0.0016559480099817457,46.91829237486148,-0.004088704561411305,1.2444470344908307,182.81455455076687,162.3463066552878,172.58043060302734,16.472772670374376
2024-12-02,170.5054168701172,0.014922076618045753,50.97132578298805,0.042223519842025325,1.0040023315610698,182.81557819455998,162.36516826540094,172.59037322998046,16.984738092578148
2024-12-03,170.3562774658203,-0.0008750728890462101,50.725003735743016,0.06612968597099211,0.8164278024430542,182.7757957562082,162.61374434388944,172.69477005004882,16.917794182849754
2024-12-04,173.3688507080078,0.01752941601834025,55.412299169637,0.32442520654885243,0.718027283264214,182.8370164128052,163.0128615168823,172.92493896484376,17.269145444155814
2024-12-05,171.6488037109375,-0.009970859318786487,52.35031854407421,0.38588461228886217,0.6515987490691436,182.58364114590154,162.88145895175472,172.73255004882813,16.876852700432806
2024-12-06,173.70693969726562,0.0119190741210861,55.51771068533483,0.593820810996931,0.6400431614547012,181.73863800446742,163.12593108732943,172.43228454589843,16.881813171480665
2024-12-09,174.56295776367188,0.004915841400524086,56.803828165453524,0.8182529399431075,0.6756851171523826,181.37387414668615,163.21438726688808,172.29413070678712,17.049850238709016
2024-12-10,184.31787109375,0.054376361334975594,68.116874523824,1.762934982514679,0.8931350902248418,182.655580211778,162.43301384339782,172.5442970275879,17.81943796830576
2024-12-11,194.50079345703125,0.05377441513556353,75.36880316885512,3.2952929538793683,1.3735666629557473,186.95559906097256,159.5253503408829,173.24047470092773,18.03345971099342
2024-12-12,191.07662963867188,-0.01776169263755805,69.63324055494107,4.185152450733227,1.9358838205112432,189.6737642757918,158.12954993319258,173.9016571044922,17.365630720630573
2024-12-13,188.9464874267578,-0.011210710222105874,66.25536085815446,4.664715897736869,2.4816502359563684,191.77094650689733,157.46982497747766,174.6203857421875,17.04011001157378
2024-12-16,195.7550048828125,0.03540006261123845,71.08371110818896,5.5304126872086385,3.0914027262068227,195.32506940946033,156.34123308077406,175.8331512451172,17.62072535588981
2024-12-17,194.52069091796875,-0.006325364830836214,69.1519380490435,6.047176719517097,3.6825575248688778,198.0258683326476,155.66314839098519,176.8445083618164,17.588363468840782
2024-12-18,187.5330047607422,-0.0365836821310769,59.32309802113032,5.825712872236238,4.11118859434235,199.0813003075887,155.65128483645427,177.36629257202148,17.34674451164001
2024-12-19,187.6424865722656,0.0005836298860679734,59.420417271290695,5.594545012496866,4.407859877973253,200.15559794044808,155.84427388572382,177.99993591308595,17.289499838993297
2024-12-20,190.52915954589844,0.01526676613887012,62.001810044813254,5.579951000483732,4.642278102475349,201.34910693855107,157.0369221141833,179.1930145263672,17.965966056909966
2024-12-23,193.73434448242188,0.01668261096199636,64.68784077647584,5.760612028737654,4.86594488772781,202.51086942467748,158.86718996252955,180.68902969360352,17.061028352727288
2024-12-24,195.20751953125,0.007575333128438794,65.8816157465053,5.954025806578272,5.083561071497903,203.8114454647579,160.41862045321088,182.1150329589844,16.15763371759581
2024-12-26,194.69989013671875,-0.0026038473173668445,65.0653620955253,5.99721401920786,5.266291661039895,204.7872137049208,162.0979410192003,183.44257736206055,16.304293103421593
2024-12-27,191.87290954589844,-0.014626124701129901,60.565039485656065,5.7371924974224555,5.360471828316407,205.02298451046474,164.22362040896886,184.6233024597168,16.75421740295303
2024-12-30,190.3599395751953,-0.00791652457830938,58.243205157060586,5.347398059643666,5.35785707458186,204.7024519868072,166.78214579151313,185.74229888916017,16.473298582017495
