Date,Close,log_return,rsi_14,macd,macd_signal,bb_upper,bb_lower,sma_20,volume_log
2018-01-30,85.1010513305664,-0.012643717681237595,71.27780934528512,1.6221125892708699,1.290866503245158,86.89604529468883,77.96274071605336,82.4293930053711,17.469671773556318
2018-01-31,87.18411254882812,0.024182729210620642,78.1775771588764,1.7559446928726885,1.383882141170664,87.46202337889117,78.2281400427397,82.84508171081544,17.702344998337953
2018-02-01,86.49589538574219,-0.007925158150356854,72.02171974141125,1.7858876249313766,1.4642832379228068,87.77172071140204,78.6442910989007,83.20800590515137,17.67049539879283
2018-02-02,84.22015380859375,-0.026662711620282,56.24909380497462,1.6074545527269777,1.492917500883641,87.73438941623768,79.11015404079357,83.42227172851562,17.683953623401088
2018-02-05,80.75151062011719,-0.042057579706051736,41.37577153513389,1.1726371101501627,1.4288614227369456,87.74756970287713,79.07954058765021,83.41355514526367,17.747953666677724
2018-02-06,83.80721282958984,0.0371424064385479,53.132799583639574,1.062364508201469,1.3555620398298502,87.7387112699322,79.36827649251899,83.55349388122559,18.03499768939933
2018-02-07,82.22888946533203,-0.01901238206979507,47.80041215205245,0.8379557396318944,1.2520407797902593,87.6725145170658,79.56202527785608,83.61726989746094,17.531703601540073
2018-02-08,78.00777435302734,-0.05269820075100382,37.081854741467325,0.31586041923392827,1.0648047076789933,88.0780606905112,78.89862311686184,83.48834190368652,17.834209831068794
2018-02-09,80.91666412353516,0.036611294158897675,46.05847174107537,0.1352600169200997,0.8788957695272146,88.07160868110836,78.91425099906743,83.4929298400879,17.966536306282386
2018-02-12,81.7884292602539,0.010715994943039726,48.43293844786915,0.06176506855582886,0.7154696293329376,88.07926201870127,78.86346869418936,83.47136535644532,17.391229740588805
2018-02-13,82.43079376220703,0.00782329579202439,50.17342469398376,0.054722433172045726,0.5833201901007592,88.03704287072259,79.04149869421883,83.53927078247071,17.0891662301245
2018-02-14,83.72148895263672,0.015536604519940603,53.564774673445044,0.15154252111732092,0.4969646563040716,88.07102644102518,79.10814073426779,83.58958358764649,17.36974088073072
2018-02-15,85.42707824707031,0.02016744370003096,57.66533454487177,0.3617301403327957,0.4699177531098165,88.2591061442937,79.19491683544263,83.72701148986816,17.141405957490516
2018-02-16,84.818603515625,-0.007148226211509653,55.773107638779784,0.47374547435688896,0.470683297359231,88.3623838420082,79.31482181595078,83.83860282897949,17.236409287284197
2018-02-20,85.4823989868164,0.007795595129529291,57.41480630424159,0.6090603123983556,0.49835870036705593,88.49226128440151,79.32676795143834,83.90951461791992,17.246645343328552
2018-02-21,84.34839630126953,-0.013354698569203198,53.744474531034285,0.6176736001946495,0.5222216803325747,88.49352361218548,79.32731607897664,83.91041984558106,17.108472963328826
2018-02-22,84.56966400146484,0.00261982438531774,54.35758489533409,0.6350338718432766,0.5447841186347151,88.51627023176457,79.33584845109675,83.92605934143066,17.00979860574667
2018-02-23,86.71781158447266,0.025083681190539366,59.91291974231342,0.8127605713880683,0.5983794091853858,88.77278198547617,79.27863326720939,84.02570762634278,17.086189185398688
2018-02-26,87.97163391113281,0.014355118641924163,62.76187724554041,1.0427629224870572,0.6872561118457201,89.07686228716341,79.14048161542448,84.10867195129394,17.223345892919415
2018-02-27,86.84687805175781,-0.01286787499408577,58.729642118762264,1.121356742429441,0.7740762379624644,89.17671439557571,79.1069297084282,84.14182205200196,17.068559802881936
2018-02-28,86.450439453125,-0.004575250164188672,57.331518036863166,1.1385293713545508,0.8469668646408817,89.3336752805943,79.08490763566546,84.20929145812988,17.254880058324865
2018-03-01,85.60223388671875,-0.00985991582302078,54.35025811304977,1.0713458944588723,0.8918426706044799,89.10798675090857,79.15240829914026,84.13019752502441,17.43008666314738
2018-03-02,85.78663635253906,0.0021518612815322998,54.899343084745446,1.0212103654526743,0.9177162095741188,89.01128968515575,79.17817946157278,84.09473457336426,17.306865503841195
2018-03-05,86.3305892944336,0.00632074739576351,56.5592282830617,1.0136849250952196,0.936909952678339,89.21770090055603,79.18281179475647,84.20025634765625,16.98945600210588
2018-03-06,86.03555297851562,-0.003423370740522182,55.36891835960061,0.9727012993277384,0.9440682220082189,89.2692471556999,79.65966977545244,84.46445846557617,16.91451220726628
2018-03-07,86.5334243774414,0.0057701307374525175,57.01298804729313,0.9692229428791563,0.9490991661824065,89.48113809378478,79.72039999215272,84.60076904296875,17.100776975326582
2018-03-08,87.05891418457031,0.006054315721787126,58.74056685787391,0.9973718739467756,0.9587537077352805,89.70644041337121,79.97810014449013,84.84227027893067,17.069282411851603
2018-03-09,89.00421905517578,0.022098709712231445,64.43817652764099,1.1632408338463733,0.9996511329574991,89.41704392820053,81.36714109987564,85.39209251403808,17.42473246563723
2018-03-12,89.21623992919922,0.0023793112783423607,65.00538959649259,1.2968521874351495,1.0590913438530292,89.59351824896656,82.020624359676,85.80707130432128,17.07643773977699
2018-03-13,87.04047393798828,-0.02468985684881359,55.26396458315102,1.2131891268461743,1.0899109004516583,89.38135006450605,82.75799701190996,86.06967353820801,17.38187771419445
2018-03-14,86.52420043945312,-0.0059490794774825564,53.22576200928657,1.0926314170788345,1.0904550037770935,89.11100449177087,83.43768325236977,86.27434387207032,17.285363007397464
2018-03-15,86.82843017578125,0.0035099559503141632,54.295484024842025,1.0099947696795653,1.0743629569575879,89.00605498453132,83.85332688192375,86.42969093322753,17.13372483822922
2018-03-16,87.21562194824219,0.004449361026694757,55.68456750890114,0.9646281386692692,1.0524159932999242,89.07301531056257,83.96522092600969,86.51911811828613,17.708988685198122
2018-03-19,85.63909912109375,-0.018241521356483808,49.13624547375159,0.7923290639038498,1.0003986074207094,89.0237892973174,84.09649649980175,86.56014289855958,17.3223914331213
2018-03-20,85.86039733886719,0.002580746243184731,50.024655217809965,0.6659609393498584,0.9335110738065392,89.01350362395968,84.14458200836455,86.57904281616212,16.954269049041145
2018-03-21,85.2611312866211,-0.007004010621755073,47.60006213605143,0.5115605761799458,0.8491209742812206,88.91290111961615,84.33645801124322,86.62467956542969,17.01243116116654
2018-03-22,82.7811050415039,-0.02951884454908926,39.14443104950083,0.18692502905821584,0.7166817852366196,89.25983092557126,83.81067230929202,86.53525161743164,17.468884614584322
2018-03-23,80.37487030029297,-0.029498266493520463,33.01623734418712,-0.2614996100546563,0.5210455061783644,90.08880838026919,82.34740072617613,86.21810455322266,17.60126489890795
2018-03-26,86.45965576171875,0.07297632888282725,53.037959131189076,-0.1244534117523699,0.3919457225922176,89.92710967664073,82.35790161486318,86.14250564575195,17.8479229950015
2018-03-27,82.486083984375,-0.04704829762164228,43.82543578257,-0.33264284646885756,0.2470280087800026,90.02729639207767,81.82163549268795,85.92446594238281,17.85097170762655
2018-03-28,82.41232299804688,-0.0008946234544951709,43.673785587985854,-0.49784749256102145,0.0980529085117978,90.10436375625326,81.34075648300455,85.72256011962891,17.776344698770526
2018-03-29,84.14559936523438,0.020813647463445595,48.20899024502638,-0.4833407957628708,-0.01822583234313592,90.08801166489907,81.21144512221029,85.64972839355468,17.64126738503694
2018-04-02,81.6102523803711,-0.03059372815032522,42.78263604369786,-0.6687168948330253,-0.1483240448411138,90.23111226507328,80.6507061248193,85.44090919494629,17.69739185189228
2018-04-03,82.70733642578125,0.013353413416312144,45.634262062267574,-0.71881719794834,-0.26242267546255904,90.18055536905777,80.33893773396957,85.25974655151367,17.43219024506554
2018-04-04,85.12285614013672,0.028787269897922657,51.37987261867388,-0.5571868918599279,-0.32137551874203285,90.12153722901246,80.306686190177,85.21411170959473,17.386731996731463
2018-04-05,85.16893768310547,0.0005412068668602872,51.4852108821618,-0.42052773247283426,-0.34120596148819315,90.01386617118563,80.27790857857023,85.14588737487793,17.20907558718434
2018-04-06,83.18675994873047,-0.023548586242980726,46.78932919087954,-0.4667886920202875,-0.36632250759461205,89.80789200329069,80.09666732288117,84.95227966308593,17.453780720549464
2018-04-09,83.68460845947266,0.005966871280415834,48.070445470561275,-0.45799909317892684,-0.384657824711475,89.17639297339298,80.19620529320858,84.68629913330078,17.266573747306126
2018-04-10,85.6299057006836,0.022979516583296156,52.847577735165515,-0.2907128857487322,-0.3658688369189265,88.49357621583502,80.52038862791497,84.506982421875,17.10436014375672
2018-04-11,84.68950653076172,-0.01104288365041044,50.43227179007968,-0.23135282355931963,-0.33896563424700515,88.19607095016451,80.58279715286284,84.38943405151367,17.029257291503733
2018-04-12,86.27528381347656,0.018551454470665845,54.230958842688295,-0.055708401017028564,-0.28231418760100985,88.15576287793247,80.59821356249721,84.37698822021484,17.102377723621615
2018-04-13,85.81427001953125,-0.005357848707479677,52.96026460752595,0.04576357497364825,-0.21669863508607826,87.99207345200206,80.66048697280262,84.32628021240234,16.965940547408294
2018-04-16,86.8192138671875,0.011642645178471352,55.41280670307435,0.2049093494235592,-0.13237703818415078,87.9102372397317,80.70268237696753,84.30645980834962,16.825545114519002
2018-04-17,88.5708999633789,0.01997540572345255,59.387557292548856,0.46699670346740163,-0.012502289853840304,88.49673252373333,80.40936717719441,84.45304985046387,17.10282980740111
2018-04-18,88.91201782226562,0.003843956175302013,60.13288524839545,0.6942255798121693,0.1288432840793616,89.08024122430736,80.13102052496022,84.60563087463379,16.86209282516256
2018-04-19,88.6077880859375,-0.0034275615908551113,59.09130256634242,0.8400734603203546,0.2710893193275602,89.58813120753672,79.9577962216625,84.77296371459961,16.974742572363297
2018-04-20,87.58440399169922,-0.011616809927555549,55.60233884857632,0.8631307784394551,0.3894976111499392,89.88875746035406,80.1374998638647,85.01312866210938,17.254466077327226
2018-04-23,87.90711212158203,0.0036777674587932215,56.47504324752726,0.8971024793104334,0.4910185847820381,89.9073276296709,80.87215387667675,85.38974075317383,16.921522274392924
2018-04-24,85.85118103027344,-0.023665368772682997,49.76378692699041,0.7494891951669445,0.5427127068590194,89.85470658617751,80.86392744702562,85.35931701660157,17.357188493303845
2018-04-25,85.10440063476562,-0.008736598574427054,47.55325622111215,0.5657243490291961,0.5473150352930548,89.7811593903575,81.1993063078847,85.4902328491211,17.33387748343146
2018-04-26,86.90220642089844,0.020904676713883023,52.96948961704759,0.5587167476836896,0.5495953777711817,89.79212112936354,81.6373329111638,85.71472702026367,17.56569677765227
2018-04-27,88.34041595458984,0.016414292428744037,56.81192652646622,0.6615882849560535,0.5719939592081561,90.09255928209382,81.75637641736907,85.92446784973144,17.692378833713644
2018-04-30,86.2199478149414,-0.024296150657692347,50.28831077398831,0.5654920219928812,0.5706935717651012,89.79490846530223,82.51499677761768,86.15495262145996,17.541772522348232
2018-05-01,87.58440399169922,0.01570138140338214,53.95241827448262,0.5926040805295685,0.5750756735179947,89.70436933177255,83.09324266773918,86.39880599975587,17.262601882045654
2018-05-02,86.21072387695312,-0.015808368610548577,49.95994224931852,0.49751107928335614,0.5595627546710671,89.70573561170791,83.20066316148545,86.45319938659668,17.128641497160004
2018-05-03,86.72700500488281,0.005970734842397722,51.415125894319516,0.4585231930217759,0.5393548423412089,89.72828816650056,83.33391733887052,86.53110275268554,17.254084035852845
2018-05-04,87.73193359375,0.01152064447788922,54.20661771111583,0.5029170363102651,0.5320672811350202,89.57854843710858,83.93817443276446,86.75836143493652,16.93041605596982
2018-05-07,88.70917510986328,0.011077367584289443,56.80566092885037,0.6099238773651621,0.5476386003810486,89.55907116335614,84.46010837155596,87.00958976745605,17.003597265263316
2018-05-08,88.33120727539062,-0.004269855313558324,55.49378505750514,0.6566591662979278,0.5694427135644244,89.67250420448168,84.61680548790112,87.1446548461914,16.971855487731098
2018-05-09,89.37297821044922,0.011724910888780157,58.348937426712546,0.7688960722038019,0.6093333852923,89.81511260307036,84.94254425728121,87.37882843017579,17.123400456419205
2018-05-10,90.26726531982422,0.009956505062490307,60.68079882043775,0.9194077642203098,0.6713482610779019,90.27431106692505,84.88254394406128,87.57842750549317,16.924040170328574
2018-05-11,90.07364654541016,-0.0021472537407584476,59.898899794329715,1.0114070763686414,0.7393600241360498,90.57210982758832,85.0106828359859,87.79139633178711,16.635597002387186
2018-05-14,90.37789916992188,0.003372128641144815,60.754673385126594,1.0962311675983898,0.8107342528285179,90.93724292274023,85.00141827110743,87.96933059692383,16.783568454132393
2018-05-15,89.72333526611328,-0.0072688761732390295,57.89230305446336,1.097980202103102,0.8681834426834347,91.08734907854452,84.96655564557656,88.02695236206054,17.018013109374852
2018-05-16,89.95482635498047,0.0025767318060425973,58.634553985558014,1.105304458993885,0.9156076459455248,91.2369607595938,84.92122481779877,88.07909278869629,16.671101124541657
2018-05-17,89.05665588378906,-0.010034864769361563,54.61213249397737,1.0267978482122118,0.9378456863988622,91.28152806372456,84.92154429345318,88.10153617858887,16.66313143677491
2018-05-18,89.22332000732422,0.0018696903143869735,55.225934793061114,0.9668835636001631,0.9436532618391225,91.39170581408132,84.97525814465891,88.18348197937011,16.69839888470657
2018-05-21,90.37147521972656,0.01278623752277817,59.3085210543513,1.000514285607423,0.9550254665927825,91.65640886229724,84.95699140625746,88.30670013427735,16.78194279729339
2018-05-22,90.27890014648438,-0.0010249088180217193,58.84263564867166,1.0080763635526893,0.9656356459847639,91.77826404996506,85.27790813021073,88.5280860900879,16.552549884509904
2018-05-23,91.35296630859376,0.011826985020384635,62.52113045872282,1.0881935103327436,0.9901472188543599,91.90073339464941,85.78029535290919,88.8405143737793,16.871923969384696
2018-05-24,91.02888488769533,-0.003553881703364234,60.75662101145224,1.1127096400707188,1.0146597030976316,92.11326816029619,85.9804284339421,89.04684829711914,17.098273479339085
2018-05-25,91.07520294189452,0.0005086986871085897,60.92635232653668,1.1229318698007376,1.0363141364382529,92.35932275771124,86.0078525352575,89.18358764648437,16.725897393354362
2018-05-29,90.75111389160156,-0.0035648238290953795,59.0033878272424,1.0922905372889176,1.0475094166083858,92.33202524054123,86.48826666009354,89.41014595031739,17.171396751794873
2018-05-30,91.62150573730467,0.009545275558140593,62.43273031521934,1.1252690076301803,1.063061334812745,92.56048564996031,86.66351642523499,89.61200103759765,16.91373177315104
2018-05-31,91.51963806152344,-0.0011124500390652045,61.7813619890013,1.13015706572547,1.07648048099529,92.47118744603326,87.28370604761908,89.87744674682617,17.346006666312142
2018-06-01,93.3252182006836,0.019536789994810167,68.12854783670508,1.2651423409670457,1.1142128529896411,92.79235889617001,87.62235591706241,90.20735740661621,17.1708594794001
2018-06-04,94.14002990722656,0.008692990790639123,70.50880334085412,1.421481683162952,1.1756666190243032,93.39410448544447,87.6614199591356,90.52776222229004,17.121723076900764
2018-06-05,94.62155151367188,0.005101913718901031,71.84691078107326,1.566182530318784,1.2537698012831995,94.09139677055808,87.55536531440285,90.82338104248046,16.973123599934564
2018-06-06,94.89933776855467,0.0029314600080606423,72.61875808101243,1.6838634932341563,1.339788539673391,94.67539602061717,87.62817911366017,91.15178756713867,16.86586836532414
2018-06-07,93.4085693359375,-0.015833637583829316,62.68619442592459,1.6379526519677938,1.3994213621322715,94.91031696951224,87.79681727731393,91.35356712341309,17.155973763892515
2018-06-08,94.1030044555664,0.007406884603680849,65.08208518464,1.63871302630821,1.4472796949674591,95.26538348785942,87.82532467254097,91.5453540802002,16.9140295828845
2018-06-11,93.56597137451172,-0.005723210717822502,61.778475710972415,1.577793723085577,1.4733825005910828,95.47680532264941,87.96313532066112,91.71997032165527,16.972123712647047
2018-06-12,93.80670166015624,0.00256953603957047,62.692664419303426,1.5312879245655608,1.4849635853859784,95.7029180134721,88.07990287886187,91.89141044616699,16.723787774298934
2018-06-13,93.38079071044922,-0.004550642559559317,59.960144847738796,1.4434253807391713,1.4766559444566172,95.7977481232135,88.35081831355407,92.07428321838378,17.19966014828282
2018-06-14,93.90857696533205,0.0056360663558934826,62.16108954251788,1.4002405205155526,1.4613728596684044,95.9410688948808,88.60287260292193,92.27197074890137,17.06168247172808
2018-06-15,92.71409606933594,-0.012801201357103827,54.817003747078125,1.2551628460669804,1.4201308569481197,95.79941313904052,89.1102723773169,92.45484275817871,18.001196845170742
2018-06-18,93.3900146484375,0.007263907804358655,57.85159451575605,1.1811135821274235,1.3723274019839804,95.66135087688453,89.66500410358422,92.66317749023438,16.976163916030085
2018-06-19,93.3900146484375,0.0,57.851594515136995,1.1096377932046835,1.319789480228121,95.62456504620208,90.00364387713778,92.81410446166993,17.17077223261508
2018-06-20,94.32525634765624,0.009964553579154765,61.95224697947375,1.1155989739783365,1.2789513789781641,95.6344343938181,90.39841014963893,93.01642227172852,17.080536913852697
2018-06-21,93.64929962158205,-0.0071920333713336405,57.591042313403904,1.053633562259705,1.2338878156344724,95.6412706483808,90.62120722637506,93.13123893737793,16.95958529052647
2018-06-22,92.97337341308594,-0.007243805408449345,53.532830697152825,0.9391579032581348,1.1749418331592048,95.53826893058044,90.91865779671448,93.22846336364746,17.477098488367087
2018-06-25,91.10297393798828,-0.020322696276347883,44.24235845368845,0.6895606863316459,1.0778656037936931,95.53423422087856,90.92546960602574,93.22985191345215,17.38316264213189
2018-06-26,91.74188232421876,0.006988558493180632,47.588418615487114,0.5371161205605262,0.9697157071470598,95.39420897119724,91.16457169896877,93.27939033508301,17.10753278711367
2018-06-27,90.3159408569336,-0.015665029955210043,41.58964640083065,0.29780819704690487,0.8353342051270288,95.60674998081652,90.82147420131238,93.21411209106445,17.259077567943454
2018-06-28,91.32520294189452,0.011112817838256375,46.709933394112134,0.18743334412516788,0.7057540329266567,95.62740483971011,90.7813758304559,93.204390335083,17.098326012170148
2018-06-29,91.30667877197266,-0.0002028580093633968,46.62913897771626,0.09734361566992789,0.584071949475311,95.66923938694262,90.5376873403523,93.10346336364746,17.149613301069113
2018-07-02,92.60298919677734,0.014097485010043077,52.78397467292644,0.1290605447487252,0.4930696685299939,95.55344045584555,90.49978220040445,93.026611328125,16.78922730857357
2018-07-03,91.71409606933594,-0.009645335021173882,48.641635623171,0.08153036169834138,0.41076180716366345,95.35571066736753,90.40676644444886,92.8812385559082,16.501335667972747
2018-07-05,92.37152099609376,0.007142629959167129,51.663009448101576,0.09580664706464859,0.34777077514386046,95.04679714132965,90.46289829324067,92.75484771728516,16.758759408155463
2018-07-06,93.66783142089844,0.013936098875029732,57.030827634150256,0.20930933590227596,0.32007848729554356,95.07818692298372,90.45743472008269,92.7678108215332,16.77222135051694
2018-07-09,94.30673217773438,0.006797762472543018,59.42255649198197,0.3468170945294702,0.3254262087423289,95.11480523611482,90.44118917916839,92.7779972076416,16.71759133034566
2018-07-10,94.55672454833984,0.002647336027230219,60.352483746146355,0.47054117322267075,0.3544492016383973,95.27410406212408,90.38096567054194,92.82753486633301,16.775258128830757
2018-07-11,94.42707824707033,-0.0013720363299912761,59.58978302214892,0.5517715450522758,0.393913670321173,95.37220513920298,90.34490225215444,92.85855369567871,16.793313100256857
2018-07-12,96.4734115600586,0.02143956464845828,66.73543398660087,0.7723658437320609,0.4696041050033506,95.99837124196429,90.02799823435407,93.01318473815918,17.0074632254256
2018-07-13,97.6216049194336,0.011831388296442582,69.94663212767063,1.0279880170212579,0.5812808874069321,96.81387309990835,89.58379917182016,93.19883613586425,17.019686913050112
2018-07-16,97.14008331298828,-0.004944736225404443,67.02447158261734,1.1781348563545464,0.7006516811964549,97.4304990835907,89.40977191250305,93.42013549804688,16.896819475604023
2018-07-17,98.10306549072266,0.009864520138149707,69.7465424832995,1.3591643217898621,0.8323542093151364,98.1797036719734,89.13187240834885,93.65578804016113,17.06981920018889
2018-07-18,97.33454132080078,-0.007864690361005504,65.12606883528778,1.4242007005640573,0.9507235075649207,98.66303102170886,89.04299772584974,93.8530143737793,17.199694054172486
2018-07-19,96.6678695678711,-0.006872846312753771,61.33047815076144,1.4057431287082522,1.041727431793587,98.94001723849054,89.00027283108953,93.97014503479004,17.508670861154894
2018-07-20,98.39937591552734,0.01775338367566896,66.75055694506496,1.5133880659139436,1.1360595586176583,99.55279370698143,88.86250399199317,94.2076488494873,17.84093369257582
2018-07-23,99.97346496582033,0.015870338718444968,70.76259882835095,1.7060470370709595,1.2500570543083187,100.45111742322234,88.6641894310257,94.55765342712402,17.206893299900138
2018-07-24,99.68643188476562,-0.0028752221484819812,69.12464617861302,1.8146513181261241,1.3629759070718799,101.06815461560244,88.90549803332335,94.9868263244629,17.085710514744544
2018-07-25,102.62162017822266,0.029019055236144262,75.39635305008785,2.113206429905233,1.5130220116385507,102.2977469286288,88.76387950569737,95.53081321716309,17.23984164669784
2018-07-26,101.5012435913086,-0.010977582984421393,69.58592713466794,2.233660234993664,1.6571496563095733,102.89107992979643,89.28907677796724,96.09007835388184,17.26142955274085
2018-07-27,99.70494079589844,-0.01785581816912994,61.4139878371422,2.159283246924886,1.7575763744326358,103.10343124742205,89.914699245742,96.50906524658203,17.426571730616566
2018-07-30,97.5660400390625,-0.021685749917962165,53.376029506345596,1.9057788996370704,1.7872168794735228,102.95478043258296,90.6892861872901,96.82203330993653,17.361336311557054
2018-07-31,98.22344970703124,0.006715499789811099,55.31200329846098,1.7378890409488434,1.777351311768587,102.92921233831035,91.2769003325881,97.10305633544922,17.135324369509615
2018-08-01,98.40859985351562,0.0018832148840205308,55.86780314413199,1.6013162113149377,1.7421442916778573,102.70250378929661,92.1730592600198,97.4377815246582,16.977972675159453
2018-08-02,99.60306549072266,0.01206474501157898,59.37793786785,1.5713510969195426,1.7079856527261943,102.56908509284658,93.02963240593273,97.79935874938965,17.077610647988692
2018-08-03,100.03826904296876,0.004359861074250328,60.607320891296744,1.564684112920915,1.6793253447651386,102.56589502064543,93.6698662403409,98.11788063049316,16.741871370518204
2018-08-06,100.12161254882812,0.0008327693842857533,60.85166538332117,1.5482780192250658,1.6531158796571241,102.55787694583427,94.25937235226144,98.40862464904785,16.824450277949357
2018-08-07,100.81607818603516,0.0069122761366504125,62.91580726175344,1.5731790163718955,1.6371285070000785,102.58170201590741,94.86148264595784,98.72159233093262,16.59309932163697
2018-08-08,101.38086700439452,0.0055865363022120995,64.55273316037713,1.6198147572948187,1.6336657570590265,102.53302643768937,95.60553709990829,99.06928176879883,16.55554386948773
2018-08-09,101.54755401611328,0.0016428162045419587,65.04315830856058,1.6511902731146364,1.6371706602701486,102.7289959374109,95.91698184579224,99.32298889160157,16.431240843961007
2018-08-10,100.92716217041016,-0.006128111192249677,61.625717731090816,1.6074652989787523,1.6312295880118692,102.86735190072974,96.10918160757103,99.48826675415039,16.71603620135249
2018-08-13,100.19569396972656,-0.007273876672599684,57.77157651847523,1.4965384080886537,1.6042913520272262,102.84486665241644,96.43722792155816,99.6410472869873,16.731793751779463
2018-08-14,101.4457015991211,0.012398482352010342,62.13030067768236,1.4922910149146134,1.5818912846047035,103.02291183477101,96.59344635004345,99.80817909240723,16.63619283274832
2018-08-15,100.0700454711914,-0.013653300229224693,55.35826976327791,1.3622181694315714,1.5379566615700773,102.94195095097248,96.94795764888104,99.94495429992676,17.216134475227147
2018-08-16,100.05147552490234,-0.00018558670002034498,55.27069160221847,1.2433040278883851,1.479026134833739,102.68375756283007,97.54451163272657,100.11413459777832,16.878167612646457
2018-08-17,99.99568939208984,-0.0005577298161833487,54.98924799704493,1.1315187949690682,1.409524666860805,102.63527396172121,97.75262658149167,100.19395027160644,16.709293214348907
2018-08-20,99.33572387695312,-0.006621815556812784,51.639166447266156,0.9783961492240252,1.323298963333449,102.63200438625533,97.69212204807083,100.16206321716308,16.701104308228977
2018-08-21,98.50846862792967,-0.008362743022689738,47.71509953472942,0.7812865789976939,1.214896486466298,102.67494160918314,97.53138849945945,100.1031650543213,16.945856806688784
2018-08-22,99.51232147216795,0.010138949988505423,52.438234480441004,0.6980318824462302,1.1115235656622846,102.23909167892931,97.65630855910779,99.94770011901855,16.70591570419193
2018-08-23,99.97708892822266,0.004659578631549038,54.48811808641163,0.6619245311302677,1.0216037587558813,102.04361100208376,97.69937376964475,99.87149238586426,16.715155905124398
2018-08-24,100.7578582763672,0.007779146544995272,57.78011914648386,0.6883755909924787,0.9549581252032008,102.1300368066123,97.7182397131631,99.9241382598877,16.662394792806683
2018-08-27,101.8732681274414,0.011009375875046957,62.00800869936447,0.7902331833805505,0.9220131368386707,102.21310898770304,98.06589034091024,100.13949966430664,16.79421370550915
2018-08-28,102.48672485351562,0.006003705126121237,64.13521218503436,0.9099673529055679,0.9196039800520502,102.47292939924651,98.23239744401522,100.35266342163087,16.767891651720326
2018-08-29,104.12267303466795,0.015836475864369197,69.10339958585786,1.1239091656691613,0.9604650171754725,103.15796666603427,98.1187674953427,100.63836708068848,16.851328603092902
2018-08-30,104.05757904052734,-0.0006253618737909272,68.69562995767349,1.2735266300890373,1.0230773397581854,103.75507349250533,97.9671120238521,100.86109275817871,16.942214118617397
2018-08-31,104.41080474853516,0.003388773296154317,69.73913108454823,1.4044127156141712,1.0993444149293827,104.34836820207167,97.8110708848424,101.07971954345703,16.960640849605213
2018-09-04,103.83448791503906,-0.005534994788778413,65.88045579977464,1.4449800982895766,1.1684715516014217,104.72127546487904,97.8094511586561,101.26536331176757,16.934990311128903
2018-09-05,100.84151458740234,-0.02924804714916893,50.311617548208034,1.2215409434996758,1.1790854299810725,104.72186976059784,97.81140050307404,101.26663513183594,17.30814398830281
2018-09-06,101.07388305664062,0.0023016429111570405,51.27437320609258,1.051097598193266,1.1534878636235113,104.70711130158226,97.79546056731424,101.25128593444825,16.97155737564292
2018-09-07,100.5812759399414,-0.00488564834155083,49.10231548918942,0.8662847502741471,1.0960472409536384,104.66836231166303,97.73758174961625,101.20297203063964,16.928963687463753
2018-09-10,101.66877746582033,0.010754133197661135,53.75934368379098,0.7983684270426892,1.0365114781714486,104.70888607450463,97.77121951631567,101.24005279541015,16.84699122506447
2018-09-11,103.39763641357422,0.01686185346090658,60.02184661452334,0.8739740906902256,1.004004000675204,104.96038883487022,97.83991100033485,101.40014991760253,17.006061020790717
2018-09-12,103.83448791503906,0.00421606592099512,61.44282702329003,0.9580980313777729,0.9948228068157179,105.24281058848297,97.7963678783139,101.51958923339843,16.754201522585976
2018-09-13,104.94992065429688,0.010685121168411684,64.87576871270984,1.1020689950894251,1.0162720444704594,105.71916876801934,97.80799721708807,101.76358299255371,17.07574331264933
2018-09-14,105.37749481201172,0.004065801367610719,66.12098491765354,1.2364160476716393,1.0603008451106954,106.21085216545815,97.8489157483602,102.02988395690917,16.766365803534914
2018-09-17,104.23420715332033,-0.010908732533482852,59.996205275920914,1.2363810642701054,1.0955168889425775,106.4183154001812,98.0653042897602,102.2418098449707,16.8474060387219
2018-09-18,105.22874450683594,0.0094961406711356,63.19040765625482,1.3016001560249038,1.1367335423590428,106.68108966471539,98.3918320882143,102.53646087646484,16.914291221271878
2018-09-19,103.8252182006836,-0.013427608603756299,56.35200382445911,1.2259024723673662,1.1545673283607076,106.51906080023579,99.08553590996928,102.80229835510254,16.89413076461945
2018-09-20,105.56336975097656,0.016602542603633124,61.85714599112669,1.2912807359369225,1.1819100098759507,106.67628252376788,99.53341901431806,103.10485076904297,16.98159727553755
2018-09-21,106.20475006103516,0.006057401574514847,63.67764678253431,1.3789518134854006,1.2213183705978408,106.92484386767032,99.90762378369686,103.41623382568359,18.081420438276204
2018-09-24,106.58584594726562,0.0035818903732812665,64.75408665552504,1.462326240512013,1.2695199445806753,107.25447300210085,100.16079341635619,103.70763320922852,17.12366023516016
2018-09-25,106.38134765625,-0.0019204681285217194,63.66378083231302,1.494670144562832,1.3145499845771067,107.56108752743847,100.30498684389943,103.93303718566895,16.936464840386698
2018-09-26,105.94447326660156,-0.004115137803448388,61.28956985044476,1.4681271534675773,1.3452654183552009,107.77311379618386,100.43873541646262,104.10592460632324,16.778306382946244
2018-09-27,106.34417724609376,0.0037656695339344562,62.66155581794046,1.4624857866889869,1.3687094920219582,108.01844148120847,100.41555815258059,104.21699981689453,16.764743344244092
2018-09-28,106.30699157714844,-0.0003497339754126724,62.43983563180094,1.4384330295911667,1.3826541995358,108.24251776048284,100.41642312696833,104.32947044372558,16.890414436815348
2018-10-01,107.45957946777344,0.010783716596720788,66.40745583990031,1.4951402108368512,1.4051514017960103,108.63827215352754,100.32554620584747,104.4819091796875,16.75377795307578
2018-10-02,107.0320053100586,-0.003986867125990706,63.71846101042374,1.488421799392981,1.4218054813154044,108.93696123391645,100.34660886496052,104.64178504943848,16.84984801873586
2018-10-03,107.0505828857422,0.00017355522358725907,63.7870728440084,1.4676779867847216,1.430979982409268,108.98011978387117,100.92435714483977,104.95223846435547,16.62780070712288
2018-10-04,104.83838653564452,-0.02088147144828694,51.33720215146812,1.2582285331746164,1.3964296925623378,108.73361296534573,101.5473143112656,105.14046363830566,17.36575134234606
2018-10-05,104.22490692138672,-0.005868857846611022,48.509583354511456,1.0308526269789127,1.323314279445653,108.25034157683439,102.39494879792147,105.32264518737793,17.18517946652286
2018-10-08,103.03512573242188,-0.011481174090210986,43.504880576988896,0.7460501825266164,1.2078614600618456,108.00681829276236,102.77510690865365,105.39096260070801,17.204655634839764
2018-10-09,104.34574127197266,0.012639864108692127,49.665310704118674,0.618962895213059,1.0900817470920883,107.93371184288382,102.94302384437204,105.43836784362793,17.081216570359093
2018-10-10,98.67579650878906,-0.055870127171581,32.93392794616082,0.060036089055728326,0.8840726154848163,109.05766392734685,101.30320261928401,105.18043327331543,17.932534341410303
2018-10-11,98.44342041015624,-0.0023577224981955907,32.451414280207246,-0.3970908249363134,0.6278399274005904,109.76747369660106,99.94274282561574,104.8551082611084,17.972897225376872
2018-10-12,101.84537506103516,0.03397376126391209,45.12649030069396,-0.4793324426669585,0.4064054533870806,109.7627535002493,99.59425104686984,104.67850227355957,17.68132418712317
2018-10-15,100.01427459716795,-0.01814281055196763,40.699654893145194,-0.6843749728479906,0.18824936814006635,109.96301347958901,98.9719978119149,104.46750564575196,17.28337235569721
2018-10-16,103.17455291748048,0.0311093206120461,49.8445333064693,-0.585119710567767,0.033575552398499686,109.87715800479661,98.85243412777176,104.36479606628419,17.268990442918817
2018-10-17,102.90501403808594,-0.0026158734422472825,49.14837082920835,-0.5221892622877675,-0.07757741053875375,109.86536598387185,98.77220573243675,104.3187858581543,17.094472544411094
2018-10-18,100.850830078125,-0.02016387375669921,44.0939157229168,-0.6308004319537162,-0.18822201482174625,109.8047512991474,98.36156644987605,104.08315887451172,17.29694142909996
2018-10-19,100.99954223632812,0.0014734893317717669,44.5385960353511,-0.6968429661435636,-0.28994620508610974,109.61130390652428,98.03449306002844,103.82289848327636,17.30549693294178
2018-10-22,101.9011459350586,0.008887201330657676,47.27667225237514,-0.6687216597993455,-0.3657012960287569,109.28471402282206,97.89261294250998,103.58866348266602,17.094374604542253
2018-10-23,100.47899627685548,-0.014054472460955156,43.618690015730586,-0.7525163736051184,-0.44306431154402925,108.9919809433342,97.59511088405839,103.29354591369629,17.59446837065127
2018-10-24,95.1064910888672,-0.054951490761616886,33.1755875098703,-1.2381677299180467,-0.6020849952188327,109.37489336885085,96.12840024076829,102.75164680480957,17.972795505610076
2018-10-25,100.6649169921875,0.056800125057910156,47.24766634942308,-1.1611464386742227,-0.7138972839099108,108.92736592485365,96.00800165937487,102.46768379211426,17.936931896528392
2018-10-26,99.4193878173828,-0.012450204575735853,44.96278785963746,-1.18692813681605,-0.8085034544911387,108.45427114920349,95.79233605904847,102.12330360412598,17.832309726349457
2018-10-29,96.52865600585938,-0.02950722541607329,40.11415824091559,-1.4242009150621868,-0.9316429466053484,107.8551321794781,95.29838268258244,101.57675743103027,17.825784886518573
2018-10-30,96.41710662841795,-0.0011562771666678098,39.93519426767584,-1.6027667068735951,-1.0658676986589977,107.1755598026579,94.91646519123857,101.04601249694824,17.99528178523862
2018-10-31,99.27995300292967,0.029260026992283205,46.52853592704766,-1.4960283234955511,-1.1518998236263083,106.13487722373861,95.18008478187662,100.65748100280761,17.748558991782126
2018-11-01,98.45270538330078,-0.008367383040200748,44.991656991481946,-1.461343892232506,-1.213788637347548,105.52626215059924,95.15013173978163,100.33819694519043,17.32359332208371
2018-11-02,98.67579650878906,0.002263409081778596,45.51433470275839,-1.3997195455660005,-1.2509748189912386,104.95904461492088,95.16243823420021,100.06074142456055,17.444645342053114
2018-11-05,99.93063354492188,0.012636587181955466,48.47966976688922,-1.2353861822404468,-1.2478570916410803,104.59944569697537,95.21158793339573,99.90551681518555,17.144929083743584
2018-11-06,100.12581634521484,0.0019512778751177016,48.94511407572438,-1.0769863587313466,-1.2136829450591335,103.90226155513733,95.48677958255797,99.69452056884765,17.00763990350106
2018-11-07,104.06688690185548,0.03860627708457481,57.327933491860705,-0.6262231892559527,-1.0961909938984973,104.56900941787447,95.35914075912748,99.96407508850098,17.45050655031201
2018-11-08,103.87168884277344,-0.0018774593960749393,56.8302214852081,-0.2814960704284317,-0.9332520092044843,105.09584360952057,95.37513341074309,100.23548851013183,17.059824122624658
2018-11-09,101.84537506103516,-0.01970064397985649,51.80242375832855,-0.16984605313324153,-0.7805708179902358,105.09584360952057,95.37513341074309,100.23548851013183,17.282470742275457
2018-11-12,99.33572387695312,-0.024950468901418582,46.33481725447298,-0.28063549525742815,-0.6805837534436743,105.07786489763072,95.32525705061147,100.2015609741211,17.330685253813947
2018-11-13,99.4007797241211,0.0006546945157320384,46.49247658487624,-0.359048574694512,-0.6162767176938418,104.69289966688991,95.33284496201632,100.01287231445312,17.381504634712122
2018-11-14,97.9911651611328,-0.014282634749138783,43.50975685718315,-0.5288394872588924,-0.598789271606852,104.32218028351956,95.21217945769139,99.76717987060547,17.49168719686312
2018-11-15,100.14759063720705,0.02176768109114637,48.90967515720465,-0.48381734958391576,-0.5757948872022648,104.26258830325074,95.20144749386841,99.73201789855958,17.46630388104315
2018-11-16,101.09044647216795,0.009370621456337434,51.110206071865946,-0.36781643608574655,-0.5341991969789611,104.27266672411078,95.20045949659236,99.73656311035157,17.327118711246612
2018-11-19,97.6644515991211,-0.0344779855178752,43.73834335675583,-0.5460396255130178,-0.5365672826857725,104.03081478841537,95.018641998694,99.52472839355468,17.61713596066286
2018-11-20,94.94790649414062,-0.02820925171232317,38.94207385598329,-0.8961549575070364,-0.6084848176500253,104.16762815606944,94.32871965276846,99.24817390441895,17.975213633163726
2018-11-21,96.2548599243164,0.01367107610638758,42.22462783165965,-1.0559908561492222,-0.6979860253498646,104.04502041798544,94.56616427439737,99.3055923461914,17.15236854532846
2018-11-23,96.21749877929688,-0.00038822349079543683,42.154858877026335,-1.172164704475577,-0.7928217611750072,103.96918262576017,94.19726024533358,99.08322143554688,16.441851736082608
2018-11-26,99.39147186279295,0.03245507271030983,49.75097763723012,-0.9966316649711757,-0.833583741934241,103.96739840708038,94.1962528685544,99.08182563781739,17.291697934588406
2018-11-27,100.01691436767578,0.006273001528806276,51.11331383617012,-0.7978553041155863,-0.8264380543705101,104.0051823618307,94.50729474998569,99.2562385559082,17.187090336656155
2018-11-28,103.7323226928711,0.03647444554901846,58.339157614611736,-0.3366406216163824,-0.7284785678196847,104.57277302194761,94.6712256963141,99.62199935913085,17.66114802556922
2018-11-29,102.8641357421875,-0.008404713884491904,56.247026378375956,-0.04071080522149373,-0.5909250153000465,104.95516239287548,94.64725459931202,99.80120849609375,17.1521054519986
2018-11-30,103.5176010131836,0.006332609319379923,57.48293396558419,0.24373526405877044,-0.4239929594282831,105.42270003572153,94.68620651945426,100.0544532775879,17.331987132171097
2018-12-03,104.63780975341795,0.010763299888687664,59.59023175735943,0.5531756421852521,-0.22855923910557607,106.05047655237931,94.65463132725935,100.35255393981933,17.363195072202398
2018-12-04,101.30518341064452,-0.03236737737810348,51.424338676813875,0.5234601544883475,-0.07815536038679137,106.13092326335638,94.71163960285455,100.42128143310546,17.626541293043708
2018-12-06,101.93062591552734,0.006154864946210797,52.73342475334803,0.5441062809901211,0.04629696788859114,106.25842956449279,94.76461425874939,100.51152191162109,17.709520314603196
2018-12-07,97.8511734008789,-0.04084475819898503,44.339916431909366,0.22865496832308452,0.08276856797548982,105.80868323363823,94.5927892395063,100.20073623657227,17.623170350263063
2018-12-10,100.43700408935548,0.02608302037729372,49.79484136014845,0.1851778413162748,0.10325042264364681,105.36750477979308,94.69049921800965,100.02900199890136,17.52422942791337
2018-12-11,101.37051391601562,0.009251553105971972,51.637550153832514,0.22347229674176106,0.12729479746326966,105.31388796855421,94.69662991474658,100.0052589416504,17.562231965862605
2018-12-12,101.82794952392578,0.004502360627129229,52.55647723559242,0.28741897217348367,0.15931963240531247,105.4890863786284,94.77065406936964,100.12987022399902,17.40409998087078
2018-12-13,102.17333984375,0.003386161439643434,53.27834206171003,0.3617967180712043,0.19981504953849083,105.69136463382375,94.84563182613718,100.26849822998047,17.260195211138303
2018-12-14,98.980712890625,-0.03174576928519355,46.2701981822546,0.1612643493022432,0.19210490949124132,105.67096229089594,94.9649889420142,100.31797561645507,17.666574782000893
2018-12-17,96.04948425292967,-0.030061492236747478,40.94496082277869,-0.2315158805101305,0.10738075149096696,105.79702701365882,94.4291135808236,100.11307029724121,17.85781243981612
2018-12-18,97.05765533447266,0.010441667186636186,43.35949816987848,-0.45618741724277356,-0.005332882255781143,105.73383944740145,94.08902203331145,99.91143074035645,17.71382403580478
2018-12-19,96.7962875366211,-0.002696545165451711,42.8701315885002,-0.6478632613235504,-0.13383895806933502,105.77332116505731,93.96272390940557,99.86802253723144,18.037928744166656
2018-12-20,94.76122283935548,-0.02124835785105137,39.163788780039,-0.9529949297006226,-0.2976701523955926,105.79722867107465,93.92014803790973,99.85868835449219,18.06876873918903
2018-12-21,91.69931030273438,-0.03284542580265837,34.351655136974,-1.4254529926928967,-0.5232267204550535,106.43748601351939,92.82433573330678,99.63091087341309,18.527219474242653
2018-12-24,87.87185668945312,-0.042635278755944396,29.47609260254967,-2.0846919001686217,-0.8355197563977672,107.7138633847238,90.713394153118,99.2136287689209,17.598226401841867
2018-12-26,93.87437438964844,0.06607786652771641,43.11255424241652,-2.0985991262360955,-1.088135630365433,107.76548786794717,90.11005992258018,98.93777389526367,17.759706441105198
2018-12-27,94.45316314697266,0.006146637790410477,44.23229989109468,-2.0394082585965805,-1.2783901560116626,107.69239156899567,89.62678109946137,98.65958633422852,17.717452944252102
2018-12-28,93.71568298339844,-0.007838533899691942,43.06902349909453,-2.0286228538809894,-1.4284366955855279,107.11775842954845,89.19975026796132,98.15875434875488,17.458249236427505
2018-12-31,94.81722259521484,0.011685516044299897,45.379663173800964,-1.9091824355243574,-1.524585843573294,106.54683903726912,88.96597834554338,97.75640869140625,17.31727099585647
2019-01-02,94.39714813232422,-0.004440203473306724,44.635657285785655,-1.8273569089453474,-1.5851400566477047,105.77293706329786,88.82783503142869,97.30038604736328,17.380223234254238
2019-01-03,90.92447662353516,-0.03748162750974632,38.9504113147036,-2.019446238862969,-1.6720012930907575,104.80182391690077,88.42761486483751,96.61471939086914,17.566874104008036
2019-01-04,95.1532974243164,0.04546001343019887,47.6882984841716,-1.8095881145040522,-1.6995186573734167,104.2095464240821,88.40470375902336,96.30712509155273,17.601076539735683
2019-01-07,95.274658203125,0.0012746111235537598,47.918680949292494,-1.6148660675998912,-1.6825881394187117,103.42742750752628,88.52122590433895,95.97432670593261,17.389430826227358
2019-01-08,95.96544647216795,0.007224334818524563,49.287717414666204,-1.3887974103285359,-1.6238299936006766,103.28069619023104,88.4793845287631,95.88004035949707,17.265955173926567
2019-01-09,97.33773040771484,0.014198493906547902,51.987748842881565,-1.0863813972622864,-1.5163402743329986,102.84857040602049,88.60158294480959,95.72507667541504,17.289983215184552
2019-01-10,96.7122573852539,-0.006446536747382178,50.66370640371895,-0.8869606435490027,-1.3904643481761996,102.1262603103939,88.85806738736001,95.49216384887696,17.21895877126994
2019-01-11,95.96544647216795,-0.007751957159165814,49.05717154063303,-0.780186158423831,-1.268408710225726,101.13584165585085,89.26223573672728,95.19903869628907,17.158874038873027
2019-01-14,95.26531219482422,-0.007322435057427237,47.53534479359963,-0.7434910921061686,-1.1634251866018146,99.80379335475085,89.90348127293468,94.85363731384277,17.16320522380778
2019-01-15,98.02852630615234,0.028592762032734097,53.64699491539002,-0.4858412267985699,-1.0279083946411658,99.60506401220442,90.00699195703385,94.80602798461913,17.268275228140826
2019-01-16,98.37393188476562,0.003517328020191956,54.36266267250168,-0.25088842318615434,-0.8725044003501635,99.95497797617847,89.8895227562434,94.92225036621093,17.211826076031283
2019-01-17,99.06472778320312,0.006997603391510737,55.83142665615763,-0.008843238449955493,-0.699772167970122,100.30830260726785,89.73690537002707,95.02260398864746,17.161653229097233
2019-01-18,100.54901123046876,0.01487183007787322,58.89270220706667,0.2992984575035962,-0.4999580428753784,101.00314824915826,89.41733209752142,95.21024017333984,17.43791898485302
2019-01-22,98.65399932861328,-0.019026510328961757,53.76881783565237,0.38614016492597614,-0.32273840131510745,101.39257953164686,89.41717846395862,95.40487899780274,17.29278281663014
2019-01-23,99.61549377441406,0.009698940245535597,55.86689678295601,0.5264784935979776,-0.15289502233249042,101.8035714856041,89.79780485716935,95.80068817138672,17.068760794692157
2019-01-24,99.13941955566406,-0.004790574695734271,54.54691010353266,0.5924529901376019,-0.003825419838471955,101.24361004530368,91.48452258409085,96.36406631469727,16.958144486249903
2019-01-25,100.04490661621094,0.009092013569472361,56.64510306900264,0.7096233955027174,0.13886434322976593,101.66824354769344,91.67694230435734,96.67259292602539,17.256748861188605
2019-01-28,98.09387969970705,-0.01969417510727769,51.16463569332603,0.6376992195234834,0.23863131848850944,101.77451195902482,91.9347455482994,96.85462875366211,17.19911071264622
2019-01-29,96.0961456298828,-0.020575768980635324,46.23222614420566,0.4147177402429634,0.2738486028394002,101.68453351234179,92.26277025963087,96.97365188598633,17.26519650276329
2019-01-30,99.30745697021484,0.03287145633909256,53.921980518186146,0.4914640073831009,0.31737168374814034,101.9043135724015,92.49201363707114,97.19816360473632,17.716915409795273
2019-01-31,97.48707580566406,-0.018500850223190528,49.592176999149316,0.400776528256543,0.33405265264982087,101.87075636544358,92.83456361136305,97.35265998840332,17.83434823924663
2019-02-01,95.94678497314452,-0.015926098800634874,46.21096448561476,0.2022856274492142,0.3076992476096996,101.04826573626114,94.15928507550645,97.6037754058838,17.386048411078246
2019-02-04,98.71001434326172,0.028392689159342562,52.47151029070193,0.26489611785225975,0.2991386216582116,101.05648691062447,94.50673559303763,97.78161125183105,17.259610999227842
2019-02-05,100.09158325195312,0.013899195652031624,55.2744540821037,0.421141786891539,0.3235392547048771,101.22882843084905,94.81608657769588,98.02245750427247,17.123327267125052
2019-02-06,98.980712890625,-0.011160587520664742,52.58892311705833,0.4501407091737377,0.34885954559864923,101.25342028506765,95.09302136532298,98.17322082519532,16.841277297312992
2019-02-07,98.27124786376952,-0.0071935212559117905,50.88842177172506,0.41113535315936645,0.36131470711079267,101.27497801159906,95.16481538439704,98.21989669799805,17.208699322759276
2019-02-08,98.6446304321289,0.003792309884581401,51.77228910101335,0.40567580215500243,0.37018692611963466,101.29202761489319,95.34100308579042,98.3165153503418,16.88175259860381
2019-02-11,98.25257110595705,-0.003982381072558679,50.739686058412296,0.3654999022472225,0.3692495213451522,101.19416347530495,95.66757968875754,98.43087158203124,16.755418286503154
2019-02-12,99.78353881835938,0.015461808588891844,54.55168478485984,0.45198629502111487,0.38579687608034474,101.04350886896825,96.27005695744776,98.656782913208,17.036647863755753
2019-02-13,99.7088394165039,-0.0007488948300445336,54.33076370472869,0.5086365217469933,0.41036480521367447,101.15257374620708,96.32902339124408,98.74079856872558,16.727584064609275
2019-02-14,99.79285430908205,0.0008422474614200605,54.55368496975845,0.553926217629666,0.4390770876968728,101.26126433056727,96.36222504931554,98.8117446899414,16.896718492399327
2019-02-15,101.02511596679688,0.012272578221242255,57.806814859545916,0.6813971233653575,0.48754109483056973,101.55127688753053,96.26825131071165,98.90976409912109,17.09668117619443
2019-02-19,100.97844696044922,-0.00046206122804657765,57.6385373855516,0.7697793980266852,0.5439887554697929,101.63509856021743,96.2273732110228,98.93123588562011,16.70801897601994
2019-02-20,100.4534149169922,-0.005213010767639081,55.674956620507075,0.7883694570664659,0.5928648957891275,101.80480231575133,96.23761101432679,99.02120666503906,16.888560336891246
2019-02-21,102.57218933105467,0.020872749971817223,61.391142708448044,0.96296909239814,0.66688573511093,102.36851905950583,95.96956382623635,99.16904144287109,17.184983361451064
2019-02-22,104.0346908569336,0.014157572610695706,64.76855398531268,1.2054564601224342,0.7745998801132309,103.28269859520242,95.54491142066672,99.41380500793457,17.139221996753484
2019-02-25,104.6159439086914,0.0055715579876115815,66.04005745449437,1.4280698097888376,0.9052938660483523,104.15476886282318,95.12994488229401,99.6423568725586,16.983118393387908
2019-02-26,105.33780670166016,0.006876425263389472,67.60376563430478,1.6437921748094482,1.0529935278005715,105.11667478527968,94.89243166003283,100.00455322265626,16.885269061045435
2019-02-27,105.15969848632812,-0.0016922600358390035,66.7866334958997,1.779864686638902,1.1983677595682378,105.71586663471457,95.19959509624245,100.45773086547851,16.88296335956541
2019-02-28,105.02845001220705,-0.0012488667141065508,66.1520920668326,1.8557208824541362,1.3298383841454176,106.34941332962275,95.13814770553351,100.74378051757813,17.185695348812857
2019-03-01,105.49718475341795,0.004453001804615084,67.34534654277003,1.9313965037455176,1.4501500080654375,106.91244630824487,95.37612562168677,101.14428596496582,16.97256208419148
2019-03-04,105.24407958984376,-0.002402047705852227,65.99248219888605,1.9484855785605504,1.54981712216446,107.10580531742126,96.1124960741803,101.60915069580078,17.096722517997527
2019-03-05,104.71906280517578,-0.005001048021307537,63.15826133633379,1.8977878101536731,1.6194112597623027,107.39592842932166,96.42327780847131,101.90960311889648,16.787887250952085
2019-03-06,104.76594543457033,0.00044759890525078,63.30979628437296,1.8401800496708773,1.6635650177440178,107.70133862924442,96.58530382681028,102.14332122802735,16.68834052095563
2019-03-07,103.4909439086914,-0.01224466052598102,56.50321164594604,1.6723655281436578,1.6653251198239458,107.74973045408758,96.98793510377375,102.36883277893067,17.047855308244294
2019-03-08,103.60343933105467,0.0010864170400788859,56.94306737157275,1.5308026116012172,1.6384206181794003,107.67933854710974,97.5915461574801,102.63544235229492,16.943077829829242
2019-03-11,105.7784652709961,0.020776429394163406,64.43209763307621,1.5759527934325206,1.6259270532300243,107.85340218143855,98.13086600703801,102.99213409423828,17.09233829732305
2019-03-12,106.51908111572266,0.00697717766241966,66.56465881085825,1.6524477577693233,1.631231194137884,107.96641041456425,98.84450877488888,103.40545959472657,17.078697999931215
2019-03-13,107.34407043457033,0.007715152470691925,68.80815010140164,1.7593595101604365,1.6568568573423947,108.33372173059911,99.2332506204751,103.7834861755371,17.385431939461217
2019-03-14,107.4284439086914,0.0007857008958484726,69.03697553441836,1.829803245608602,1.6914461349956362,108.57162886207853,99.76730393821445,104.16946640014649,17.241836262159485
2019-03-15,108.66595458984376,0.011453551949267131,72.25225391944572,1.9628605485660984,1.7457290177097289,108.9460428872476,100.28019994112155,104.61312141418458,17.817028704950154
2019-03-18,110.22220611572266,0.014219843998197002,75.67340357763318,2.168884362935472,1.8303600867548777,109.7417121435964,100.40423969966531,105.07297592163086,17.256172244903613
2019-03-19,110.29718780517578,0.0006800462400120085,75.82804160894469,2.311563846709049,1.926600838745712,110.3450820459741,100.73274388176029,105.53891296386719,17.442214057880204
2019-03-20,110.17533111572266,-0.0011054139759278676,74.99371010868555,2.3872863975529413,2.018737950507158,110.62774917223412,101.42226837537329,106.0250087738037,17.151753367507204
2019-03-21,112.7065887451172,0.02271486594123719,79.9329853325102,2.6213313249458423,2.139256625394895,111.72719310889089,101.33626438012278,106.53172874450684,17.21184282412102
2019-03-22,109.73471069335938,-0.026722150086826137,63.95953955370601,2.537754243133989,2.218956148942714,112.06058169865794,101.57287777399831,106.81672973632813,17.330765555627462
2019-03-25,110.30660247802734,0.0051980518032934235,65.3927413187148,2.4889743442733447,2.2729597880088406,112.45863819882442,101.74388713076542,107.10126266479492,17.113829563133077
2019-03-26,110.54095458984376,0.002122298320985955,65.98959584678454,2.4410868501624776,2.306585200439568,112.86166045812163,101.86117966028658,107.36142005920411,17.077357784122086
2019-03-27,109.47220611572266,-0.009715390453661885,60.836624547971404,2.290493216098298,2.303366803571314,113.05192616337739,102.10216471797027,107.57704544067383,16.93934581068074
2019-03-28,109.6222152709961,0.0013693564424380547,61.29349508637757,2.1583708061712628,2.274367604091304,113.21647660871005,102.3969907985165,107.80673370361328,16.724311505869895
2019-03-29,110.569091796875,0.008600542638424687,64.13740003640687,2.1057935889917445,2.240652801071392,113.48969667914707,102.63096143242518,108.06032905578613,17.050251897312403
2019-04-01,111.58157348632812,0.009115333493923784,66.93495571848649,2.121370734930082,2.21679638784313,113.85405197201429,102.90035552920641,108.37720375061035,16.941792953317876
2019-04-02,111.74097442626952,0.0014275402864708977,67.3665624158419,2.1221156309747613,2.1978602364694564,114.11733227747641,103.33926638585368,108.72829933166504,16.713756841354414
2019-04-03,112.47222137451172,0.006522805567488903,69.34352801683461,2.1568486749609974,2.189657924167765,114.41098747026126,103.81623878706296,109.11361312866211,16.944929880777664
2019-04-04,111.90035247802734,-0.005097504788378655,65.97726762465587,2.113862530501777,2.1744988454345675,114.25605750356056,104.81210961069726,109.53408355712891,16.816867035988068
2019-04-05,112.39720153808594,0.004430274551049635,67.45546531514304,2.095729008659447,2.1587448780795437,113.94920467839091,105.99833865657001,109.97377166748046,16.577177415689857
2019-04-08,112.43472290039062,0.0003337725525121367,67.57005574254933,2.0606320388681496,2.1391223102372647,113.8992589125629,106.7139101853375,110.3065845489502,16.531277640531673
2019-04-09,111.8253402709961,-0.005434620151479832,63.65023299667479,1.9610397070415786,2.1035057895981275,113.74624652474975,107.39754848867798,110.57189750671387,16.684091102637247
2019-04-10,112.67847442626952,0.007600211720836622,66.5737879251102,1.9287197818768504,2.068548588053872,113.75713719154834,107.92009822104933,110.83861770629883,16.617488225787763
2019-04-11,112.80975341796876,0.0011643978737773204,67.01344011267182,1.8918905887707922,2.0332169881972564,113.67334743327875,108.54201893024664,111.1076831817627,16.469393232765828
2019-04-12,113.3909683227539,0.005138941904403917,68.96000932699313,1.8878405228868615,2.0041416951351776,113.83190796601951,108.85595977079689,111.3439338684082,16.79841596790885
2019-04-15,113.48472595214844,0.0008265110551529385,69.27498677539926,1.8706327833239413,1.9774399127729303,114.11050242263693,108.90361729782205,111.50705986022949,16.575052097175416
2019-04-16,113.2222137451172,-0.0023158737417459346,67.21827786337482,1.8148920388510703,1.9449303379885583,114.29887392519997,109.00774838925317,111.65331115722657,16.459683423741836
2019-04-17,114.15972137451172,0.008246151492742756,70.57782780695982,1.8253249184453892,1.9210092540799246,114.62643766568979,109.07862367464224,111.85253067016602,16.775662336723276
2019-04-18,115.65972137451172,0.013053911214573489,74.99355663800992,1.9323555230455582,1.9232785078730514,115.24066797883398,108.75970662443751,112.00018730163575,17.14739362362458
2019-04-22,116.02536010742188,0.0031563451054173776,75.94141482587743,2.023358026448264,1.9432944115880941,115.83815752821884,108.79128201645888,112.31471977233886,16.565898468310593
2019-04-23,117.6003646850586,0.013483347695294095,79.5391516004841,2.197239463780946,1.9940834220266646,116.78883154344422,108.56998422193664,112.67940788269043,16.99462636588104
2019-04-24,117.19722747802734,-0.003433915990869515,76.39029255450536,2.2762724997196813,2.0505212375652677,117.45690815708473,108.5675348971145,113.01222152709961,17.257753941055263
2019-04-25,121.07847595214844,0.032580676427296965,83.26104000059341,2.621867805017871,2.1647905510557885,119.01441782930267,108.17065220853912,113.5925350189209,17.453988451556754
2019-04-26,121.77225494384766,0.00571364044527393,84.14902134492341,2.9180987152871154,2.315452183902054,120.41374118965254,107.98633281547441,114.20003700256348,16.97908088187693
2019-04-29,121.65975952148438,-0.0009242451582913826,83.37666401130046,3.1079597797792076,2.473953703077485,121.55567896926242,107.95346180832549,114.75457038879395,16.608159288590567
2019-04-30,122.43788146972656,0.006375519081544654,84.44047171067622,3.283365387092573,2.6358360398805027,122.73532563866509,107.85944593726263,115.29738578796386,17.000477975960884
2019-05-01,119.88786315917967,-0.02104697911227401,68.88304977149062,3.1799538992506626,2.744659611754535,123.21458115491656,108.1948792943022,115.70473022460938,17.104721856625456
2019-05-02,118.32222747802734,-0.013145188111279222,61.402935865316685,2.937800697467793,2.783287828897187,123.43229524211392,108.56216581745639,115.99723052978516,17.12423443598259
2019-05-03,120.84412384033205,0.021089838282577832,67.52106728809113,2.9157772355429046,2.8097857102263304,123.91773023958801,108.97110795621278,116.4444190979004,17.03082408537843
2019-05-06,120.14099884033205,-0.005835439029864141,64.45345330105611,2.809204412262247,2.809669450633514,124.22400497413565,109.43921295188974,116.8316089630127,17.003506509560733
2019-05-07,117.67536163330078,-0.020736382921590142,55.01457305043462,2.497004452581038,2.7471364510230187,124.19563188861794,109.99164991069846,117.0936408996582,17.399521070022725
2019-05-08,117.66600799560548,-7.948995720537419e-05,54.98167816838318,2.2232012942388053,2.6423494196661763,124.04187446063051,110.72947411114683,117.38567428588867,17.162568528713507
2019-05-09,117.6566162109375,-7.982049923708829e-05,54.94615267311136,1.9825983207579583,2.5103991998845325,123.91110971265903,111.35805303758511,117.63458137512207,17.120042879052207
2019-05-10,119.18475341796876,0.012904488903778594,59.52833270284015,1.8934006877283736,2.386999497453301,123.83313400630375,112.0735287439404,117.95333137512208,17.246755327991952
2019-05-13,115.6409683227539,-0.03018454817294326,47.470842552949875,1.519244179181186,2.2134484337988782,123.65710495995587,112.47455779028827,118.06583137512207,17.340249209231086
2019-05-14,116.93473052978516,0.011125629706842085,51.34545590809343,1.311994393510716,2.0331576257412456,123.43334646288187,113.04331674512594,118.2383316040039,17.044982089544252
2019-05-15,118.5814437866211,0.01398409342170323,55.81301691240929,1.2660294435334833,1.8797319892996933,123.13376422032383,113.87882199183437,118.5062931060791,17.02323244833896
2019-05-16,121.31965637207033,0.022828836568188925,62.05269131462085,1.4340222451708229,1.7905900404739192,123.17274338063226,114.5558363312818,118.86428985595703,17.220440996424667
2019-05-17,120.51042175292967,-0.006692613639739087,59.38381970904982,1.484744074611399,1.7294208473014154,123.19627709118063,115.01737265857523,119.10682487487793,17.06474102365028
2019-05-20,118.76964569091795,-0.014550370138357445,54.00311672095807,1.3686979123931309,1.6572762603197586,123.07408386481535,115.41399444329011,119.24403915405273,16.981276745154872
2019-05-21,119.40950775146484,0.005372960568804604,55.595777547246314,1.3132239848595475,1.5884658052277165,123.08573374462559,115.5832588701205,119.33449630737304,16.542925447344114
2019-05-22,120.1340560913086,0.006049426148824614,57.39474676740685,1.3125947184904732,1.533291587880268,123.108170361098,115.85450511497622,119.48133773803711,16.54965083377605
2019-05-23,118.73198699951172,-0.01173951036259314,52.92628916484528,1.185297391721889,1.4636927486485922,122.92451210802176,115.80351447278878,119.36401329040527,16.976918316349213
2019-05-24,118.78843688964844,0.0004753266289714402,53.08466128171942,1.076558481452878,1.3862658952094495,122.59597675352286,115.83366802186775,119.2148223876953,16.463343625048953
2019-05-28,118.7131805419922,-0.0006337333698082298,52.829484368600866,0.9730923504438778,1.3036311862563352,122.25109562179787,115.88389125564353,119.0674934387207,16.956571900819263
2019-05-29,117.56520080566406,-0.009717256085283872,48.963001177559214,0.7893630397702651,1.2007775569591213,121.6468104712805,116.00090833975466,118.82385940551758,16.940651405744678
2019-05-30,118.30855560302734,0.006303009454507968,51.44129861660587,0.6957189421402035,1.0997658339953378,121.53063682090551,115.95915123451441,118.74489402770996,16.638649858221072
2019-05-31,116.37956237792967,-0.016439150676543522,45.29469911805418,0.4605428369562503,0.9719212345875203,121.62448356404951,115.67103798136066,118.64776077270508,17.098179663847596
2019-06-03,112.7662124633789,-0.031540179640280025,36.49740714018066,-0.017204735353814726,0.7740960405992534,122.0440075950352,114.44372281267965,118.24386520385742,17.452665071913444
2019-06-04,115.89025115966795,0.027326873273332105,46.22249140645005,-0.14210125942149432,0.5908565805951039,121.86008550373364,114.20257013591478,118.03132781982421,17.19591325440347
2019-06-05,118.40267181396484,0.021447655622992255,52.52005748412403,-0.03791425304146401,0.4651024138677904,121.89603132446871,114.23935533324612,118.06769332885742,17.031426045354152
2019-06-06,120.27517700195312,0.01569097103657192,56.599339679317936,0.1935194478996891,0.41078582067417013,122.14485089311522,114.2514526652344,118.19815177917481,16.881654742359125
2019-06-07,123.64386749267578,0.0276231378172566,62.79267723960009,0.6413642447869989,0.4569015054967359,123.12143978818443,113.873588898339,118.49751434326171,17.338500732856623
2019-06-10,124.77306365966795,0.00909119953356967,64.61546009532861,1.0750091303728908,0.580523030471967,124.18466353922723,113.36919617146613,118.77692985534668,17.09179080418787
2019-06-11,124.30256652832033,-0.003777950420970276,63.22559794868535,1.3649760458626048,0.7374136335500945,124.9381354591521,113.48188407209791,119.210009765625,16.98996211624726
2019-06-12,123.72855377197266,-0.004628562580670626,61.48790036728715,1.5308126281944965,0.896093432478975,125.51074651666056,113.5886553388082,119.54970092773438,16.654150387275276
2019-06-13,124.50959777832033,0.006292719944975083,62.978872532008324,1.7056019210897233,1.0579951302011246,126.18218263718146,113.51003461745722,119.84610862731934,16.660466510466787
2019-06-14,124.63186645507812,0.0009815201732876434,63.21893322264107,1.8328616669901407,1.2129684375589278,126.67467736614431,113.34876089679516,120.01171913146973,16.695927429996896
2019-06-17,125.0083236694336,0.0030160007451557357,63.993113452346535,1.9417100586044143,1.3587167617680251,127.26411068347123,113.20911777111861,120.23661422729492,16.490886109610788
2019-06-18,127.18193817138672,0.01723832087494209,68.1602606493517,2.178256136992431,1.5226246368129064,128.29548850926153,113.01896919337521,120.65722885131837,17.071084725173826
2019-06-19,127.68064880371094,0.003913569855547291,69.04543488689976,2.3785440136699663,1.6938085121843185,129.2975756663901,112.84399614147125,121.07078590393067,16.982857313283723
2019-06-20,128.86624145507812,0.009242763305061675,71.10224819385243,2.6029359916469446,1.8756340080768439,130.42289844009724,112.59189190414104,121.50739517211915,17.313308226278867
2019-06-21,128.8850860595703,0.00014622314234002463,71.13507863747213,2.7505818574670684,2.050623577954889,131.40858210203768,112.62151814820646,122.01505012512207,17.419047269416385
2019-06-24,129.6472930908203,0.005896431558131094,72.49613776122229,2.895715995773813,2.219642061518674,132.41034468299438,112.70564118736695,122.55799293518066,16.842198764114627
2019-06-25,125.55406188964844,-0.03208119533154311,56.96248624554737,2.649899900099868,2.305693629234913,132.66496813426934,113.1351058708576,122.90003700256348,17.321890469445716
2019-06-26,126.02452850341795,0.003740120822374615,58.07443513948208,2.4646407527346526,2.3374830539348608,132.8447777540426,113.80122902085974,123.32300338745117,16.97919924357698
2019-06-27,126.2315673828125,0.0016414979004276688,58.58158799898123,2.3079235450043996,2.3315711521487685,133.01919631724488,114.41911163563597,123.71915397644042,16.622349789736862
2019-06-28,126.0527572631836,-0.0014175288125521878,57.9298289472928,2.1445742297467234,2.2941717676683595,132.88102364188111,115.52460379952511,124.20281372070312,17.218140280003677
2019-07-01,127.67121124267578,0.012757769324560651,62.04585476805105,2.1212618445926665,2.259589783053221,131.8740602847718,118.02206703456415,124.94806365966797,16.93405767525704
2019-07-02,128.51812744140625,0.006611666888737907,64.02911500100642,2.146383497779908,2.2369485259985584,131.20988260668346,119.9490323408263,125.57945747375489,16.539289806473196
2019-07-03,129.34622192382812,0.006422736071421608,65.90511917437672,2.2076643130026525,2.2310916833993772,130.87896873632508,121.37430122217103,126.12663497924805,16.42773251842515
2019-07-05,128.96981811523438,-0.0029142911523381164,64.26448221200603,2.2004912654061144,2.2249715998007247,130.59651530294724,122.526218766877,126.56136703491211,16.713690695406996
2019-07-08,128.8756561279297,-0.0007303753673935838,63.83636001279874,2.162283035220355,2.212433886884651,130.73829881642476,122.90761411692486,126.82295646667481,16.635680440012635
2019-07-09,128.4052276611328,-0.0036569292216900146,61.62747174985872,2.0701793528491947,2.18398298007756,130.85598799888214,123.15314133461396,127.00456466674805,16.808895127817312
2019-07-10,129.71310424804688,0.0101340169857724,65.22970523570491,2.0787585960689228,2.162938103275833,131.08727810028435,123.46290500518441,127.27509155273438,17.00204503409661
2019-07-11,130.2306671142578,0.003982119266996472,66.56723888594396,2.1030777349722314,2.1509660296151125,131.24420492022713,123.95618951947016,127.60019721984864,16.921347620293805
2019-07-12,130.701171875,0.003606346182228143,67.78062508559039,2.13569763685058,2.147912351062206,131.49987112899618,124.31968072036906,127.90977592468262,16.75661772966155
2019-07-15,130.701171875,0.0,67.78062508502734,2.1369161054236514,2.145713101934495,131.65989019931226,124.76659219204515,128.2132411956787,16.628010920477596
2019-07-16,128.98858642578125,-0.013189663606023461,58.77566212300843,1.9769019226822593,2.111950866084048,131.5230044115323,125.30150425545989,128.4122543334961,16.939024645699092
2019-07-17,128.22640991210938,-0.005926394302783603,55.25719732517132,1.7682054830030012,2.0432017894678385,131.52289006298943,125.40606577807505,128.46447792053223,16.821737618088914
2019-07-18,128.36758422851562,0.0011003712781646178,55.785166405288095,1.5958081554119872,1.9537230626566684,131.53552509106837,125.46212429247655,128.49882469177246,17.229354335797414
2019-07-19,128.55575561523438,0.0014648059649162762,56.52161307599716,1.457563999055722,1.8544912499364792,131.51526294731661,125.45133785224391,128.48330039978026,17.707175762415847
2019-07-22,130.25889587402344,0.013161270690141332,62.5944409444064,1.4685056749870569,1.777294134946595,131.68291391321904,125.42106786778683,128.55199089050294,17.037377943648945
2019-07-23,131.068115234375,0.0061931749298557125,65.08946418757975,1.5248962170697098,1.726814551371218,131.91873839597815,125.32732559938317,128.62303199768067,16.707802748426584
2019-07-24,132.41375732421875,0.010214393699446676,68.81456655652346,1.6590437746767748,1.7132603960323296,132.34369062040128,125.58834291841707,128.96601676940918,16.847492838413004
2019-07-25,131.9150390625,-0.0037734734944580173,66.00357495316615,1.70545486275401,1.7116992893766658,132.58511450067198,125.9359700940546,129.2605422973633,16.725516138060165
2019-07-26,132.9971466064453,0.008169602011653286,68.96580940952201,1.8087034126135393,1.7311001140240405,133.00159338570123,126.19604913138859,129.59882125854492,16.76192658148993
2019-07-29,132.70545959472656,-0.0021955910261106993,67.26442303568055,1.8457156668380321,1.754023224586839,133.17144616348975,126.69146658675442,129.93145637512208,16.625268672085753
2019-07-30,132.06558227539062,-0.0048334482544784545,63.560026325285804,1.8026357303792508,1.7637457257453215,133.3414082509173,126.96094160259831,130.15117492675782,16.639653537412848
2019-07-31,128.22640991210938,-0.02950110579913054,46.878625574181605,1.4420820220614416,1.6994129850085455,133.360746793058,126.91243130752792,130.13658905029297,17.468731771776454
2019-08-01,129.91078186035156,0.013050392641550643,52.73913280955631,1.2775287932156516,1.615036146649967,133.36966665390136,126.95996744033691,130.16481704711913,17.51823130292304
2019-08-02,128.81922912597656,-0.008437824483280393,48.968823514307644,1.046971158834026,1.5014231490867789,133.37464153869382,126.93993365661868,130.15728759765625,17.24275251595062
2019-08-05,124.40606689453124,-0.03485914861874344,37.34464677433488,0.5023564107692096,1.301609801423265,134.02755405333693,125.84006221863577,129.93380813598634,17.570870419970156
2019-08-06,126.73971557617188,0.01858455137628282,44.805804312199236,0.25609909374654194,1.0925076598879206,134.13836259900805,125.56270246446853,129.85053253173828,17.30278474392791
2019-08-07,127.29486846923828,0.0043706944777460385,46.43980411114177,0.10452964203611259,0.8949120563175591,134.167524487172,125.29171699842374,129.72962074279786,17.324500525402666
2019-08-08,130.6917266845703,0.026335124366530814,55.182674191321325,0.2555618706423104,0.7670420191825094,134.20629844000672,125.29904900262022,129.75267372131347,17.129569318177932
2019-08-09,129.58143615722656,-0.008531784454260366,52.18423603304457,0.28240939377198515,0.6701154941004046,134.12820456885024,125.26516930199935,129.6966869354248,16.971092995527272
2019-08-12,127.77473449707033,-0.014040707372842652,47.64727629410271,0.15610108836230552,0.5673126129527848,134.03516665078172,125.06556348227491,129.55036506652831,16.835169345852243
2019-08-13,130.41888427734375,0.02048263032721859,53.95652926393419,0.2662919872413454,0.5071084878104969,134.1145712804984,125.12918863771449,129.62187995910645,17.040551380124036
2019-08-14,126.49136352539062,-0.030577423774872936,45.23604830699764,0.0362827228199194,0.41294333481238144,134.20479650914717,124.86545877039386,129.5351276397705,17.297590325440815
2019-08-15,126.20818328857422,-0.002241241497463065,44.67539553474362,-0.1669273205932882,0.2969692037312476,134.3056784080366,124.54863677751024,129.42715759277343,17.150368722653248
2019-08-16,128.521240234375,0.018161392515627074,50.114096994470856,-0.1397177997210406,0.20963180304078993,134.30527480387806,124.54558884358288,129.42543182373046,17.012104004293008
2019-08-19,130.6737518310547,0.016609588520667882,54.58804525451218,0.054902753400881465,0.17868599311280825,134.3444268538327,124.54792238933138,129.44617462158203,17.00827650739941
2019-08-20,129.58802795410156,-0.008343370095374083,52.052266625557124,0.12014711961236912,0.16697821841272042,134.21161463671842,124.53272587841832,129.37217025756837,16.868133478956434
2019-08-21,131.03253173828125,0.011085223497605526,55.04440402357367,0.2851263737056513,0.1906078494713066,133.997029193241,124.609188763302,129.3031089782715,16.521578863074097
2019-08-22,130.07901000976562,-0.0073035911069005855,52.706254920899774,0.3350699092680145,0.2195002614306482,133.7597024232714,124.66291262799814,129.21130752563477,16.743873694631926
2019-08-23,125.93437957763672,-0.03238106085777439,43.96445901427901,0.03975520996024784,0.18355125113656814,133.26340653594403,124.45293181244462,128.85816917419433,17.466392176904773
2019-08-26,127.87922668457033,0.015325302690583693,48.29788286152199,-0.03692525771879218,0.1394559493654961,132.64755841135553,124.58615664601751,128.61685752868652,16.82675199034956
2019-08-27,128.15301513671875,0.0021387037395061057,48.89702263129919,-0.07474107230768823,0.09661654503085924,132.11267444374923,124.72978389975665,128.42122917175294,16.955434123737056
2019-08-28,127.98313903808594,-0.0013264517388248101,48.52131139229341,-0.11706846685024175,0.053879542654639054,132.10481448933788,124.71331676676566,128.40906562805176,16.67159569005323
2019-08-29,130.3999786376953,0.018707956693187013,53.94336948149945,0.043899479466745106,0.05188353001706027,132.17728590719486,124.68976502664304,128.43352546691895,16.819642505278374
2019-08-30,130.15455627441406,-0.0018838469723448327,53.32910979392873,0.14993583601213345,0.07149399121607491,132.31987572039958,124.68070792828205,128.50029182434082,16.991065476965737
2019-09-03,128.43626403808594,-0.013289857115719013,49.11240924356188,0.09423233768947625,0.07604166051075519,132.00182074816658,125.40178261487054,128.70180168151856,16.75304687373335
2019-09-04,129.93740844726562,0.011620079444314773,52.63586003734703,0.16926553446310777,0.0946864353012257,132.07002342348667,125.65334922665981,128.86168632507324,16.705654567705576
2019-09-05,132.2221221923828,0.017430391213437153,57.46327243358687,0.40837964226417967,0.1574250766938165,132.5574577328992,125.65864028956172,129.10804901123046,17.077514873743684
2019-09-06,131.32522583007812,-0.006806365774850877,55.08955425655963,0.519518567995533,0.2298437749541598,132.66124485788166,125.61820307913004,129.13972396850585,16.851640784145463
2019-09-09,129.83352661132812,-0.011423821162088739,51.29437554747475,0.4816768363121753,0.2802103872257629,132.68230074390175,125.62235623852013,129.15232849121094,17.064872948742938
2019-09-10,128.47406005859375,-0.010526048594891419,48.04581836502821,0.33809208692545667,0.29178672716570164,132.67339270974134,125.70119682883289,129.18729476928712,17.179469827819617
2019-09-11,128.5117950439453,0.0002936736390235706,48.14398868761884,0.2247542098906763,0.2783802237106966,132.54032092633818,125.64355968889619,129.0919403076172,17.023369964309737
2019-09-12,129.83352661132812,0.010232374955867967,51.594164242868096,0.23883270237669763,0.27047071944389683,132.49412790211355,126.02396902171459,129.25904846191406,17.11171776279212
2019-09-13,129.6447296142578,-0.0014552050189738873,51.0714590029983,0.23208039099830557,0.26279265375477856,132.33142887568457,126.53032268071192,129.43087577819824,16.9666684554017
2019-09-16,128.7100372314453,-0.007235759357570989,48.45420399436287,0.14958297244615437,0.24015071749305372,132.32961087854366,126.55102037755987,129.44031562805176,16.632797811238092
2019-09-17,129.71080017089844,0.007745257328365173,51.3301140361618,0.16307653459162452,0.2247358809127679,132.2264900817741,126.55784600831379,129.39216804504395,16.695506506170652
2019-09-18,130.7776336669922,0.008191069716065693,54.259857995574315,0.25689351847270814,0.23116740842475597,132.35242708222597,126.55086957915097,129.45164833068847,16.9928183184046
2019-09-19,133.18511962890625,0.01824160939623993,60.09730992913986,0.5195194541622072,0.28883781757224625,132.8416674625071,126.27688798793233,129.55927772521972,17.392678845881548
2019-09-20,131.64620971679688,-0.01162194244561451,55.243927920794974,0.5965980209966517,0.3503898582571274,133.04472781285622,126.23054760828633,129.63763771057128,17.48335279849391
2019-09-23,131.36302185058594,-0.0021534451392409464,54.37371687330136,0.6275978886364726,0.40583146433299644,132.91532893933365,126.90281070910386,129.90906982421876,16.656884688505343
2019-09-24,129.7012939453125,-0.01273058206251624,49.45120392832495,0.5121739305132564,0.42709995756904845,132.8539972905065,127.14634908400521,130.00017318725585,17.209119251565006
2019-09-25,131.57070922851562,0.014310352145804166,54.44742178389024,0.5650324596407756,0.4546864579833939,132.96789975766413,127.37421602602726,130.1710578918457,16.878060051323892
2019-09-26,131.74063110351562,0.0012906538576996267,54.88392758682443,0.6135617421806501,0.48646151482284516,133.03933603234972,127.67852895788464,130.3589324951172,16.67522841588486
2019-09-27,130.0317840576172,-0.013056160401188831,49.72358993491442,0.5082728203703653,0.49082377593234916,133.02479421616172,127.65625131606484,130.34052276611328,16.928034309076693
2019-09-30,131.25914001464844,0.009394623930948955,53.13206983278541,0.5178979543235585,0.496238611610591,133.10920796014483,127.68229594610519,130.395751953125,16.66511246118458
2019-10-01,129.40867614746094,-0.014198108381816949,47.86346778950909,0.37192169147050436,0.47137522758257366,133.0423860963435,127.846359020844,130.44437255859376,16.88200884339558
2019-10-02,127.1239242553711,-0.0178130366405228,42.28780019241004,0.07105499053324138,0.3913111801727072,133.29257360956706,127.314823088431,130.30369834899903,17.233948496772406
2019-10-03,128.66282653808594,0.012032842560804714,46.784439343503166,-0.042715091529061056,0.3045059258323536,133.05695259649633,127.194514536072,130.12573356628417,16.99908665416273
2019-10-04,130.3999786376953,0.013411250878768181,51.388789363822895,0.007211821827155518,0.245047105031314,132.9597430620565,127.19919935127355,130.07947120666503,16.946547070471652
2019-10-07,129.45584106445312,-0.007266658325114159,48.911792877673506,-0.029069654426734814,0.19022375313970424,132.95257702198268,127.1685968366599,130.0605869293213,16.54360525253552
2019-10-08,128.0869140625,-0.010630777740309398,45.48817556007514,-0.16636618834925798,0.11890576484191182,132.98269202194433,127.09976723708888,130.0412296295166,17.056167483032308
2019-10-09,130.51332092285156,0.01876624798476008,51.91307920654358,-0.07847926523089654,0.07942875882735015,132.99866390535695,127.2839479415669,130.1413059234619,16.798659036640615
2019-10-10,131.32522583007812,0.006201588875500887,53.8722158110862,0.056039704344073016,0.07475094793069473,133.11696253527404,127.3148192335248,130.2158908843994,16.68650698725917
2019-10-11,131.872802734375,0.004160955895643407,55.19796132606784,0.2044747788057748,0.10069571410571074,133.3060949216013,127.34849415920921,130.32729454040526,17.052069156983688
2019-10-14,131.75006103515625,-0.0009311916753575332,54.81764093741665,0.3086485075340306,0.14228627279137473,133.42063812681457,127.53795333436707,130.47929573059082,16.403597924373468
2019-10-15,133.6571807861328,0.014371518746611751,59.48829408909068,0.5388836482675856,0.2216057478866169,133.9153368514146,127.43789267129048,130.67661476135254,16.795910946543785
2019-10-16,132.56201171875,-0.008227620518856515,55.9137920437713,0.6257622671334957,0.30243705173599267,134.11277540404015,127.41889192384073,130.76583366394044,16.84813395829107
2019-10-17,131.88226318359375,-0.005140969926677395,53.75479025871446,0.6324734128179159,0.36844432395237736,133.89668138416198,127.5047002991876,130.7006908416748,16.881729300366477
2019-10-18,129.72972106933594,-0.0164563614928319,47.49996216269229,0.45881099746952714,0.38651765865580734,133.79641177892452,127.413321039679,130.60486640930176,17.28975704900182
2019-10-21,130.69265747070312,0.0073952230625492,50.28673229909981,0.3943375246136611,0.3880816318473781,133.7433891055357,127.39930727507954,130.57134819030762,16.815145257140767
2019-10-22,128.74777221679688,-0.01499320433346838,45.08170591105232,0.18418270340799836,0.3473018461595022,133.77836043741348,127.26898377035018,130.52367210388184,17.127184355138933
2019-10-23,129.56915283203125,0.006359501092332032,47.55083202277625,0.08295578198740827,0.29443263332508346,133.66579108981776,127.1813974782975,130.42359428405763,17.211514510421974
2019-10-24,132.11831665039062,0.019483122059685904,54.4026225674697,0.20605367485194392,0.27675684163045555,133.72116912804728,127.16378799475547,130.44247856140137,17.427220076125078
2019-10-25,132.86415100097656,0.005629325794847994,56.205293335129575,0.35964646019309043,0.29333476534298253,134.02858353306848,127.13961028407019,130.58409690856934,17.072055932014266
2019-10-28,136.1307373046875,0.02428854251997899,63.08828460639165,0.7364665360676099,0.381961119487908,135.06980215860125,126.58555138754134,130.8276767730713,17.378829651910557
2019-10-29,134.8467254638672,-0.009476961203671539,59.15286575298685,0.9208748642107594,0.4897438684324783,135.64501772903049,126.55414074875272,131.0995792388916,16.84029184364473
2019-10-30,136.52725219726562,0.01238547800765638,62.45402663901702,1.1889191357711013,0.6295789219002029,136.32418898593093,126.81530228604171,131.56974563598632,16.73309754343845
2019-10-31,135.35655212402344,-0.008611820857954844,58.88387716408728,1.2919872157860084,0.762060580677364,136.73899827742585,127.06986555314056,131.9044319152832,17.018464337130528
2019-11-01,135.68701171875,0.002438425423440134,59.58616226086458,1.3843765086443796,0.8865237662707672,137.22985888543766,127.10770825323421,132.16878356933594,17.315901508698396
2019-11-04,136.4706573486328,0.005758777978009528,61.275338490609286,1.5034979534825368,1.0099186037131211,137.7581355803899,127.28091318669995,132.51952438354493,16.643534046221767
2019-11-05,136.38560485839844,-0.0006234234266869905,60.9774415328439,1.5729080269583449,1.1225164883621659,138.00676982768553,127.86214801899415,132.93445892333983,16.719686651630756
2019-11-06,136.00799560546875,-0.002772528386673535,59.592248189060875,1.5792415854084254,1.2138615077714179,138.32438676501323,128.0939985499282,133.2091926574707,16.6234544186604
2019-11-07,136.1968231201172,0.0013873931095074671,60.08059970258941,1.5812698835346168,1.2873431829240578,138.6534755689104,128.25206947503492,133.45277252197266,16.693961601186526
2019-11-08,137.80178833007812,0.011715267883144927,64.05681125707952,1.692870249145642,1.3684485961683746,139.23863214927448,128.25981145424115,133.7492218017578,16.63287550643521
2019-11-11,137.94338989257812,0.0010270466077395679,64.39378678962782,1.7723103155173021,1.4492209400381602,139.76781494646198,128.34996154279585,134.05888824462892,16.480138233316335
2019-11-12,138.84974670410156,0.00654900668489826,66.55514581012062,1.8866543830751255,1.5367076286455534,140.4099959782969,128.2270371027578,134.31851654052736,16.740906254091275
2019-11-13,139.07632446289062,0.0016304897776162834,67.09291180529985,1.9728144351896333,1.6239289899543696,141.02980294774565,128.2586614077231,134.64423217773438,16.643959688805126
2019-11-14,139.78445434570312,0.005078745085213459,68.78235833081573,2.074325527239438,1.7140082974113833,141.67822039405291,128.4004630776268,135.03934173583986,16.79764079178473
2019-11-15,141.587646484375,0.012817310739082294,72.63504352150997,2.2740623593977034,1.8260191098086476,142.39144343222168,128.8730325809619,135.6322380065918,16.97190232583745
2019-11-18,141.9369354248047,0.002463907113690463,73.32186892008215,2.4324995951184007,1.9473152068705981,143.09282150209378,129.29608230649995,136.19445190429687,16.88514368579599
2019-11-19,141.9842071533203,0.000332991960536623,73.4191039007411,2.5326815034977415,2.064388466196027,143.26923268151438,130.4433146207317,136.85627365112305,16.990881668033936
2019-11-20,141.73789978027344,-0.0017362583239302848,71.94765764190775,2.5626606839678914,2.1640429097503997,143.2444019475532,131.68502004951714,137.46471099853517,17.061877067409657
2019-11-21,141.60525512695312,-0.0009362828126461563,71.12099150400195,2.5463631956500876,2.2405069669303375,143.42075960849698,132.45735623622957,137.93905792236328,16.737386420028198
2019-11-22,141.70950317382812,0.0007359168453143043,71.39912650583597,2.5128922077369964,2.2949840150916696,143.5578427083596,133.20480835365214,138.38132553100587,16.5819429312161
2019-11-25,143.2630615234375,0.010903321462732079,75.22805916440976,2.5819621316173595,2.352379638396808,144.23445287294126,133.24143061094546,138.73794174194336,16.92550416213354
2019-11-26,144.02093505859375,0.005276140002858953,76.85583222175198,2.6671098225718026,2.4153256752318066,144.85472354249364,133.53858090086575,139.1966522216797,17.019073781067974
2019-11-27,144.29563903808594,0.001905572466504413,77.43463301118335,2.725340270286779,2.477328594242801,145.5308261915352,133.6393169359062,139.5850715637207,16.535779208861417
2019-11-29,143.40521240234375,-0.006189967630559277,71.21747383851438,2.6688732225366323,2.5156375199015675,145.8165795012384,134.15842965403502,139.9875045776367,16.298523833115897
2019-12-02,141.6715850830078,-0.012162678309661775,60.95588385912036,2.455923091588346,2.503694634238923,145.79170088015755,134.78176561154166,140.2867332458496,17.126724915299583
2019-12-03,141.44418334960938,-0.0016064225850788382,59.73993433801082,2.2429537841459535,2.4515464642203293,145.7565736337936,135.31424545800326,140.53540954589843,16.996310655532643
2019-12-04,141.95584106445312,0.0036108555165400963,61.59621802312803,2.091352762300886,2.379507723836441,145.68560114302483,135.94224156937753,140.81392135620118,16.681970982714006
2019-12-05,142.03150939941406,0.0005328993465945166,61.87617140005519,1.954780173475541,2.294562213764261,145.45110214738418,136.7790919444127,141.11509704589844,16.698583578091732
2019-12-06,143.75570678710938,0.012066448113351658,67.66105982858544,1.96304497186469,2.228258765384347,145.31075703633056,137.6753254221655,141.49304122924804,16.613005345621506
2019-12-09,143.38623046875,-0.002573476558692581,65.37191131202212,1.917675464045601,2.166142105116598,145.25547266253733,138.28905400982597,141.77226333618165,16.630164561522875
2019-12-10,143.16831970214844,-0.001520902798273743,63.996699744738656,1.8428925068624835,2.101492185465775,145.061597853168,139.0054218001523,142.03350982666015,16.61742146464799
2019-12-11,143.70831298828125,0.003764642095972327,65.91048627965223,1.8063766343807401,2.042469075248768,144.99257281313896,139.56030346859933,142.27643814086915,16.752373596233994
2019-12-12,145.1671600341797,0.010100265229723028,70.47638978315462,1.8735571067885815,2.008686681556731,145.14810907636357,140.0138507625036,142.5809799194336,17.018748790523354
2019-12-13,146.3892364501953,0.00838317106253677,73.65918317022009,2.002327879248554,2.007414921095096,145.6567159196475,140.16572212966892,142.9112190246582,16.987101926515813
2019-12-16,147.3365478515625,0.006450333859297122,75.83400071065378,2.1559671104387803,2.037125358963833,146.50682068933128,139.8905074967039,143.19866409301758,16.999554785004815
2019-12-17,146.54080200195312,-0.00541550953001935,70.56363406255097,2.188292000314817,2.0673586872340297,146.99777801674693,139.85993682700305,143.428857421875,17.051267137770946
2019-12-18,146.23764038085938,-0.002070929314160444,68.60734951450493,2.1644961351410927,2.0867861768154423,147.3520925277856,139.9309656387183,143.64152908325195,16.99893332474466
2019-12-19,147.507080078125,0.00864320283311689,72.09587594142437,2.222451873204051,2.113919316093164,147.90501124977308,139.95496494651596,143.92998809814452,17.032741070047415
2019-12-20,149.11752319335938,0.010858566155202913,75.77390712894882,2.3710001002726244,2.1653354729290566,148.7479401794607,139.863262823469,144.30560150146485,17.79477158135755
2019-12-23,149.11752319335938,0.0,75.77390712828094,2.460364094696473,2.22434119728254,149.43125881252416,139.92074619235865,144.6760025024414,16.6901029742853
2019-12-24,149.08908081054688,-0.00019075622415377463,75.56988103741025,2.500071374950096,2.2794872328160514,150.05993860591582,139.8746683276779,144.96730346679686,16.011534525968575
2019-12-26,150.3111114501953,0.008163237415437605,78.27633100709102,2.6001741512466765,2.3436246165021766,150.88018206381477,139.68344250893912,145.28181228637695,16.491078957688906
2019-12-27,150.58587646484375,0.0018263066900280967,78.84384323031777,2.670889214741635,2.4090775361500683,151.64969189499115,139.54295642043851,145.59632415771483,16.728556687209355
2019-12-30,149.2880096435547,-0.008656138365908433,69.59526233361295,2.592321734986797,2.445726375917414,152.06601335235072,139.71491468720004,145.89046401977538,16.609640652359847
2019-12-31,149.3922119140625,0.0006977514225216349,69.90054189216936,2.5095363210315043,2.4584883649402323,152.30512163942245,140.2478690832338,146.27649536132813,16.726196849147424
2020-01-02,152.15838623046875,0.018346850749290836,76.61343760684503,2.636740727691148,2.494138837490415,152.93620976735323,140.68820124338893,146.81220550537108,16.934437906743895
2020-01-03,150.26373291015625,-0.012530023361036537,65.79041119219667,2.555213536670891,2.5063537773265105,153.08590947207946,141.36929072323304,147.22760009765625,16.865551123728608
2020-01-06,150.6521759033203,0.002581739266997459,66.82515974834763,2.493206619666182,2.5037243457944447,153.16521441971747,142.15205242598563,147.65863342285155,16.85112202974573
2020-01-07,149.27854919433594,-0.009159690541579864,59.92269167340792,2.306636031328509,2.4643066829012574,153.16420168011868,142.70534940630708,147.93477554321288,16.889781377738714
2020-01-08,151.6563262939453,0.01580293131257003,66.39370298555644,2.3238562674279137,2.436216599806589,153.36695530374894,143.3296053651964,148.34828033447266,17.138620300116603
2020-01-09,153.55091857910156,0.012415279472070157,70.48321900769113,2.4620007797982453,2.44137343580492,153.7767837447126,143.95803681192803,148.8674102783203,16.878200346404896
2020-01-10,152.8404998779297,-0.0046373359793935994,67.18190473337052,2.4855050936154726,2.450199767367031,153.90047116598075,144.7475680796247,149.32401962280272,16.846894732105802
2020-01-13,154.6782989501953,0.011952576290228613,70.96996611740951,2.622200364124609,2.4845998867185464,154.5313127305713,145.06784040663575,149.79957656860353,16.88943001877805
2020-01-14,153.58885192871094,-0.007068229969324837,66.09924872955462,2.6125077183467056,2.5101814530441784,154.89432835650706,145.42478632855153,150.1595573425293,16.971548856848692
2020-01-15,154.5835723876953,0.006455632205154357,68.242366713835,2.654492517176493,2.5390436658706417,155.45220859090443,145.59160854776746,150.52190856933595,16.87973762565195
2020-01-16,157.41600036621094,0.01815711329028221,73.39910922647675,2.8830846340082132,2.607851859498156,156.5183959010357,145.61294107406198,151.06566848754883,16.98794031113033
2020-01-17,158.2970428466797,0.0055813010359571855,74.77139095375462,3.099607947529023,2.7062030771043295,157.52552088725153,145.81175633442817,151.66863861083985,17.352744138436417
2020-01-21,157.72866821289062,-0.003597019019191328,72.1842961206896,3.1885851261102403,2.802679486905512,158.28615859773993,146.07327743741632,152.17971801757812,17.200483736127953
2020-01-22,156.9707489013672,-0.004816791742909488,68.76739485454002,3.161498638596697,2.8744433172437494,158.85710114068482,146.2876574652722,152.5723793029785,16.999331103800298
2020-01-23,157.93707275390625,0.006137204725684307,70.67344846549526,3.1813342205068977,2.935821497896379,159.51143573768036,146.51527782433135,153.01335678100585,16.79515414997962
2020-01-24,156.3455352783203,-0.010128152432299172,63.770629865215085,3.033660143090543,2.955389226935212,159.76102271110125,146.99133629768784,153.37617950439454,17.03110504512754
2020-01-27,153.73094177246094,-0.016864584501195247,54.37471333025459,2.6748178923044748,2.899274960009065,159.7674436545041,147.32689838651154,153.54717102050782,17.28368414344985
2020-01-28,156.743408203125,0.019406182646178886,61.42665163903056,2.6035021359603263,2.8401203951993175,160.06771577094318,147.64237944390058,153.85504760742188,17.030374385523416
2020-01-29,159.1874542236328,0.015472339478902072,66.01598338255636,2.712925061988045,2.814681328557063,160.6078770706748,148.09216260217678,154.3500198364258,17.36381964676727
2020-01-30,163.67774963378906,0.02781708836007305,72.49155814707618,3.125938953424111,2.876932853530473,162.14632060665429,147.98227283816993,155.0642967224121,17.75898379904645
2020-01-31,161.26210021972656,-0.014868560554285934,65.28450978100892,3.2212007219069108,2.945786427205761,162.9754742602327,148.06349058351734,155.519482421875,17.402985577469046
2020-02-03,165.19351196289062,0.024086593500411268,70.4359962118049,3.5727440616611545,3.07117795409684,164.45942379763216,148.07251895139126,156.2659713745117,17.220268294036053
2020-02-04,170.63108825683594,0.03238626091072031,75.787647046508,4.241221493046453,3.3051866618867622,167.25189992953048,147.2779340548445,157.2649169921875,17.41099377701257
2020-02-05,170.4227294921875,-0.0012218528556320143,75.22571738996342,4.7000031518744265,3.5841499598842956,169.18739007067572,147.45686194348443,158.32212600708007,17.483837779398105
2020-02-06,173.9562225341797,0.020521678389791295,78.18037979290582,5.287760270808832,3.924872022069203,171.88392674927394,146.99031488890967,159.4371208190918,17.138796883368805
2020-02-07,174.20249938964844,0.0014147392039156605,78.3739718720503,5.707640380714366,4.281425693798236,174.21879577535307,146.7206039438852,160.46969985961914,17.32792430627265
2020-02-10,178.7591094970703,0.02582073036490486,81.62277429108829,6.335052208945086,4.692150996827607,177.26189732175354,146.2693633593988,161.76563034057617,17.394695144451266
2020-02-11,174.72352600097656,-0.0228342692776551,71.39330351486902,6.4324929668853486,5.040219390839155,178.91344096743157,146.62234241879892,162.76789169311525,17.7888149295051
2020-02-12,174.9793243408203,0.0014629471004636006,71.63595671357521,6.455936243471285,5.323362761365582,180.254420728946,147.4204098984954,163.8374153137207,17.666995584072417
2020-02-13,174.03196716308594,-0.005428818651487926,69.29172572622167,6.325158907604333,5.523721990613332,181.22288565485303,148.39678445012743,164.80983505249023,17.379274562986833
2020-02-14,175.58560180664062,0.0088876819036001,70.96953707742942,6.274553115654726,5.673888215621611,182.41710631811742,149.01952393090602,165.71831512451172,16.95748378318861
2020-02-18,177.36651611328125,0.01009162053627114,72.80385209307659,6.305467062484325,5.800203984994154,183.75954244099216,149.58403513469142,166.6717887878418,17.140265999733934
2020-02-19,177.89846801757812,0.0029946790458291054,73.34560691634316,6.300265126440195,5.900216213283362,184.92573079807755,150.4348267580748,167.68027877807617,17.21662463615679
2020-02-20,175.18179321289062,-0.015388730069496082,66.10342657529245,6.007676843109266,5.921708339248543,185.3722320700765,151.80942991722816,168.59083099365233,17.42270264644591
2020-02-21,169.643798828125,-0.03212331525956589,54.32706768448788,5.268200124984276,5.791006696395689,185.19212683631093,153.16020775841565,169.1761672973633,17.69857016446314
2020-02-24,162.3295440673828,-0.04407244618360056,43.3441080827303,4.045328240981149,5.441871005312782,184.68539056363466,154.26534490999813,169.4753677368164,18.039582844276868
2020-02-25,159.6508026123047,-0.016639545168987788,40.14328664443105,2.8274483497931726,4.918986474208861,183.88198139020494,155.66074016741226,169.7713607788086,18.036095638445477
2020-02-26,161.64556884765625,0.012417145307659794,43.489884035552265,2.0001739655025403,4.335223972467597,183.32155334708264,156.7113842749877,170.01646881103517,17.84453586769071
2020-02-27,150.25621032714844,-0.07306418592670044,32.363805464930095,0.4206776973653348,3.5523147174471448,184.8572041052887,154.28260912713318,169.56990661621094,18.349988940812263
2020-02-28,153.8944091796875,0.02392480671431517,37.83487849001688,-0.5313867375522818,2.7355744264472595,185.72753460618864,152.43394458082307,169.08073959350585,18.390352466040337
2020-03-02,164.1343536376953,0.06441860936940991,50.075487628802755,-0.45438881113611274,2.0975817789305853,185.6350233453591,152.81368118344952,169.2243522644043,18.07862415783565
2020-03-03,156.2691192626953,-0.04910567752502926,43.061789521658746,-1.016310684329909,1.4748032862784863,186.1097662854613,151.44649897332775,168.77813262939452,18.087680487028006
2020-03-04,162.0065460205078,0.03605709753803529,48.70571219438253,-0.9872945110313651,0.982383726816516,185.91202075892528,150.781790276231,168.34690551757814,17.723814676898183
2020-03-05,157.94094848632812,-0.025415522540075668,45.28055215487877,-1.2776309932416439,0.5303807828048841,185.85518474850403,149.59044818606628,167.72281646728516,17.682898077581868
2020-03-06,153.47642517089844,-0.028674246126152447,41.8039596856725,-1.846687008816815,0.05496722448054425,185.64390740116147,147.75374579708074,166.6988265991211,18.103516320069936
2020-03-09,143.074951171875,-0.070178346265113,35.051615310779525,-3.101230963861184,-0.5762724131878014,186.45806038498324,143.82683799148163,165.14244918823243,18.069977945484574
2020-03-10,152.8589630126953,0.06614705887075388,44.18433326217116,-3.2683031354816308,-1.1146785576465674,184.8242074495506,142.8706762784767,163.84744186401366,17.99533534083196
2020-03-11,145.93414306640625,-0.046360240833605744,39.90714337043409,-3.914361805424079,-1.67461520720207,184.1784159239314,140.63752951063893,162.40797271728516,17.847476061286514
2020-03-12,132.09402465820312,-0.09964146802371486,33.02597903013441,-5.4799800460000085,-2.435688174961658,185.05849520131446,135.46892026499413,160.2637077331543,18.35054151207392
2020-03-13,150.8736572265625,0.13292880243918498,46.50495290342288,-5.14606376127162,-2.97776329222365,183.35018289039812,134.8614015822581,159.1057922363281,18.345174574776596
2020-03-16,128.63629150390625,-0.15945380293950578,37.007256568786794,-6.5997247495593,-3.7021555836907805,183.2698901800341,130.24676326234868,156.7583267211914,18.29177749350788
2020-03-17,139.2278289794922,0.07912267221670688,42.98040804089622,-6.818513420398261,-4.325427151032277,180.59708038012764,129.10570434887626,154.85139236450195,18.210697724189796
2020-03-18,133.3668670654297,-0.04300791893947898,40.681585479207946,-7.37976631040641,-4.9362949829071034,177.6711109241579,127.57851370963117,152.62481231689452,18.21725649538451
2020-03-19,135.5611572265625,0.016319153530768734,41.93377015724108,-7.560351367383305,-5.461106259802344,174.41292149907315,126.87463953608312,150.64378051757814,18.26895862445046
2020-03-20,130.46966552734375,-0.03828213166361068,39.83263699669603,-8.021836418030716,-5.973252291448018,172.31770465286343,125.05244305221468,148.68507385253906,18.256586468365924
2020-03-23,129.16831970214844,-0.01002439393872296,39.29074554185621,-8.395792903390799,-6.457760413836574,171.27411628394435,122.77990898461036,147.02701263427736,18.184644449758395
2020-03-24,140.90914916992188,0.0869989928413433,46.378417537273855,-7.656509817244938,-6.697510294518247,169.72369425421994,122.45616567009648,146.0899299621582,18.22851126718107
2020-03-25,139.560302734375,-0.009618565056680198,45.718051340285406,-7.097646034442164,-6.77753744250303,167.6010110098241,122.3703223031642,144.98566665649415,18.141472017759373
2020-03-26,148.2899169921875,0.060672470697945534,50.618649571762774,-5.882525454307455,-6.598535044863916,167.423179256176,122.35152472331617,144.8873519897461,17.98323105422747
2020-03-27,142.20098876953125,-0.0419277855028663,47.40396183761185,-5.349197046558459,-6.3486674452028256,166.45813337811666,122.1472285603599,144.30268096923828,17.859303673368878
2020-03-30,152.20350646972656,0.06797701301088235,52.716378476578306,-4.07246600404369,-5.893427156970999,164.19292452609403,123.21935269558567,143.70613861083984,17.96529457320008
2020-03-31,149.80978393554688,-0.015852101456374657,51.37894124147194,-3.216720506178433,-5.358085826812486,163.22971331251136,123.53663037645349,143.38317184448243,18.171285628326263
2020-04-01,144.49029541015625,-0.036154036765843854,48.43794605623657,-2.9339535112304986,-4.873259363696089,160.33701789479497,124.67770073313474,142.50735931396486,17.875434485534573
2020-04-02,147.48248291015625,0.020497063290350608,50.16592780555246,-2.440284030730197,-4.386664297102911,158.4710918782012,125.49778019211128,141.98443603515625,17.720120171985332
2020-04-03,146.12416076660156,-0.009252732277261555,49.35728108418083,-2.134052625485282,-3.936141962779385,157.3344988596865,125.89914677019631,141.6168228149414,17.534999257556656
2020-04-06,156.99107360839844,0.07173227121553252,55.532854876617876,-1.0029318092043695,-3.3494999320643823,159.46840986913637,125.15684800439877,142.31262893676757,18.02186896825934
2020-04-07,155.3002166748047,-0.010828822379238726,54.420839228817236,-0.24017979332560913,-2.727635904316628,159.93764282358234,124.93174041616373,142.43469161987304,17.954971894920927
2020-04-08,156.8580780029297,0.009981309408458915,55.30879148267529,0.4844288697156003,-2.0852229495101824,161.59044717586315,124.37132955753529,142.98088836669922,17.69331887993748
2020-04-09,156.86756896972656,6.050488311280587e-05,55.31450306204997,1.0473787669457408,-1.4587026062189978,163.07429637194082,125.36483479260994,144.21956558227538,17.75485882459353
2020-04-13,157.2190399169922,0.0022380520788048775,55.54110127747262,1.5045380068145278,-0.8660544836122928,164.0645497083569,125.00911972523686,144.53683471679688,17.55092289240308
2020-04-14,164.99876403808594,0.04829799146863802,60.335669175422346,2.4661702413651767,-0.19960953861679892,166.41317444409182,126.29674224291992,146.35495834350587,17.783427975385177
2020-04-15,163.26995849609375,-0.010532965260334969,58.81769151365905,3.0535708919640285,0.45102654749936655,168.6707780733008,126.44335156537109,147.55706481933595,17.527637703223412
2020-04-16,168.17149353027344,0.029579235635648772,61.7555464972153,3.869992191975058,1.1348196763945049,171.20870664091314,127.38588564424309,149.29729614257812,17.737079872045552
2020-04-17,169.65330505371094,0.008772719072500207,62.6236316107882,4.583743221580107,1.8246043854316256,173.70406634266945,128.29974072520164,151.00190353393555,17.78137004014849
2020-04-20,166.29063415527344,-0.02001990699925661,59.33237558249828,4.822466227559659,2.4241767538572323,174.29501712295715,131.29088680770693,152.79295196533204,17.417458659159298
2020-04-21,159.41334533691406,-0.04223658047682648,53.176869475786745,4.405927409383224,2.8205268849624305,172.86422777193806,135.7461787222026,154.30520324707032,17.844493166788162
2020-04-22,164.82781982421875,0.03340092767562064,56.9625366305503,4.461293224222203,3.148680152814385,173.49963767199642,137.5026358875739,155.50113677978516,17.35994791358803
2020-04-23,162.83297729492188,-0.012176416549711268,55.19203876397882,4.294697313576933,3.3778835849668942,173.27997273797672,140.0495682776483,156.6647705078125,17.30565857670179
2020-04-24,165.8061981201172,0.018094628823455083,57.32126055079521,4.352411041279822,3.57278907622948,174.1436598127358,140.93750931568218,157.54058456420898,17.35000266674788
2020-04-27,165.33123779296875,-0.002868661778161598,56.856466632616375,4.310139650376726,3.720259191058929,173.9702979634918,143.4238960672699,158.69709701538085,17.31789177508631
2020-04-28,161.30360412597656,-0.02466263421525733,52.93654312425622,3.906609924520211,3.757529337751186,174.1505035076411,144.15370028874563,159.15210189819337,17.35335491959766
2020-04-29,168.5419464111328,0.043896329815447464,58.47716553873412,4.123352003368495,3.830693870874648,174.9697670090019,145.20765303494338,160.08871002197264,17.75294008694137
2020-04-30,170.2327880859375,0.009982183101548569,59.671524966143316,4.381056363950648,3.9407663694898485,174.97402188712164,147.77764742440178,161.3758346557617,17.802193830146255
2020-05-01,165.82518005371094,-0.02623274082231669,55.21316245048092,4.1814308619619,3.9888992679842588,174.33040699788572,150.2555320279932,162.29296951293946,17.488527388264405
2020-05-04,169.88131713867188,0.024165957545891004,58.30082643145929,4.300943972742971,4.0513082089360015,173.28101046826262,153.68064419482332,163.48082733154297,17.229061354356613
2020-05-05,171.70513916015625,0.010678639736426156,59.64792693820718,4.491056070108726,4.139257781170547,174.17332427610748,154.25973694215426,164.21653060913087,17.42207308073399
2020-05-06,173.3959503173828,0.009799011003754729,60.90873677796732,4.723703690899299,4.256146963116297,174.95458605017123,155.2880485323483,165.12131729125977,17.28559016943726
2020-05-07,174.4028778076172,0.005790303026515695,61.67668958354917,4.932470786854765,4.391411727863991,175.85828740352886,156.1388271594594,165.99855728149413,17.158937609191938
2020-05-08,175.42872619628906,0.005864829348587225,62.48527564864656,5.121658317120136,4.5374610457152205,176.66092917763237,157.19230110801217,166.92661514282227,17.24554806944532
2020-05-11,177.3855743408203,0.011092907559482364,64.04373828989627,5.3676175353576525,4.703492343643707,177.61306136835302,158.25682235967432,167.93494186401367,17.246030500372918
2020-05-12,173.36746215820312,-0.022912348845034628,58.65542954711534,5.178618030402134,4.798517480995392,178.21881743322496,158.48793610681412,168.35337677001954,17.282439530023748
2020-05-13,170.7457275390625,-0.015237924187548326,55.38133958052777,4.762384681911186,4.791290921178551,178.34502921789678,159.10930122643916,168.72716522216797,17.61574131955449
2020-05-14,171.48663330078125,0.004329847226696197,56.126658302318404,4.4411073365136815,4.721254204245578,178.58444968472327,159.20139473666347,168.89292221069337,17.550173302988984
2020-05-15,173.9849090576172,0.014463242267995313,58.63572934999173,4.338076059764518,4.644618575349366,179.06264638414095,159.15635843763638,169.10950241088867,17.657334271615927
2020-05-18,175.64723205566406,0.009509054394322557,60.26410632376364,4.34052374808428,4.583799609896349,179.8471419231212,159.30752268869523,169.57733230590821,17.378387378517214
2020-05-19,174.43136596679688,-0.006946274262979789,58.451594046821114,4.195984627877152,4.5062366134925105,179.61836012786603,161.03810654693865,170.32823333740234,17.103878900142327
2020-05-20,176.85084533691406,0.013775349574930268,60.96736428717917,4.227931140113128,4.450575518816635,180.27669411982993,161.5820751062443,170.92938461303712,17.257891500773592
2020-05-21,174.72666931152344,-0.012083832351778876,57.666026957636475,4.035328968014824,4.3675262086562725,180.19115748175793,162.85698094597646,171.5240692138672,17.186918645156926
2020-05-22,174.8028564453125,0.0004359410543683871,57.75438578150511,3.8445207815390177,4.262925123232822,180.3193628347575,163.62844142549642,171.97390213012696,16.851756026364807
2020-05-26,172.9549102783203,-0.010627878010828944,54.76842881815433,3.5038004764598725,4.111100193878233,180.09769869090584,164.61247281788323,172.35508575439454,17.401071881553452
2020-05-27,173.1834716796875,0.0013206361761639645,55.077784430750256,3.215157836675502,3.931911722437687,178.6844298267269,167.21372843743325,172.94907913208007,17.492244072890156
2020-05-28,172.79296875,-0.002257397035653144,54.393293385261586,2.9212221121209154,3.729773800374333,178.5114097455193,167.81185075252756,173.16163024902343,17.336273119653086
2020-05-29,174.55516052246094,0.010146632399444421,56.99085396392405,2.7982140122004466,3.5434618427395557,178.5764396609595,168.17905808073974,173.37774887084962,17.556280152067984
2020-06-01,174.15513610839844,-0.002294309020409919,56.208226884995746,2.638040886500505,3.362377651491746,177.5908922833409,169.99760106382706,173.79424667358398,16.93445116802369
2020-06-02,176.1364288330078,0.01131236976079413,59.19697232179175,2.6405378186246367,3.218009684918324,177.5615930579307,170.65241145867085,174.10700225830078,17.242849940370537
2020-06-03,176.56509399414062,0.002430754303316504,59.835663937837985,2.64659801683365,3.1037273513013894,177.77682142597956,170.92317857402043,174.35,17.122800146018747
2020-06-04,174.2408447265625,-0.013251105644795248,54.82466818119432,2.4357751762295266,2.970136916287017,177.79025531196874,170.99423412894924,174.392244720459,17.174558710553264
2020-06-05,178.3177947998047,0.023128815231700985,60.9951601739328,2.568069250815654,2.8897233831927447,178.41281977203923,170.7631613680975,174.58799057006837,17.501726493058648
2020-06-08,179.42276000976562,0.006177486499732105,62.49055864600751,2.730598080977529,2.8578983227497017,179.1733100555912,170.40207446589315,174.78769226074218,17.318409800561916
2020-06-09,180.79440307617188,0.007615682074106451,64.31928680322252,2.936236376789452,2.8735659335576518,179.98669180836586,169.92957558665367,174.95813369750977,17.209478570596854
2020-06-10,187.50035095214844,0.036420226111692156,71.60743144602367,3.598835027411866,3.0186197523284948,183.1326099882193,168.1969462861948,175.66477813720704,17.59679372218862
2020-06-11,177.431884765625,-0.055193929687360074,53.829179931848245,3.273770171539695,3.0696498361707354,183.1307914380702,168.8673805590001,175.99908599853515,17.783057216182804
2020-06-12,178.83213806152344,0.007860802194814824,55.48445662486434,3.093482924343533,3.0744164538052954,183.27260462696722,169.4601178461773,176.36636123657226,17.585361542108835
2020-06-15,179.97520446777344,0.006371498783625872,56.84460913478217,3.0081636499808155,3.0611658930403993,183.65632351066392,169.67542850349622,176.66587600708007,17.30503015431502
2020-06-16,184.38552856445312,0.024209741097512123,61.70629648104553,3.258857723078677,3.100704259048055,184.87389386659788,169.33168779844118,177.10279083251953,17.566347885895546
2020-06-17,185.0237274169922,0.003455243620155278,62.36697666119612,3.469042928436778,3.1743719929257996,186.05352922988672,169.2112885801719,177.6324089050293,17.061526767913634
2020-06-18,187.00503540039065,0.01065147060461679,64.41935927218441,3.752237752638763,3.2899451448683923,187.53135091254617,168.7488859038601,178.14011840820314,16.95367949797543
2020-06-19,185.8905487060547,-0.005977491073946762,62.359215905479495,3.842448573731616,3.4004458306410372,188.55105287486694,168.84557188099242,178.69831237792968,17.609675297406305
2020-06-22,191.05337524414065,0.02739478785440097,67.53826574764929,4.281187390176086,3.576594142548047,190.61211739181428,168.40955924392793,179.5108383178711,17.306515157386098
2020-06-23,192.3297882080078,0.006658704928723413,68.68543161122514,4.677962284619952,3.7968677709624283,192.5142547129498,168.44490971576116,180.47958221435547,17.2468297225232
2020-06-24,188.4529266357422,-0.020363295845063144,61.56858741955216,4.626250383794172,3.9627442935287776,193.26620416692344,169.21990575739295,181.2430549621582,17.419392995810167
2020-06-25,190.83428955078125,0.01255720786319835,64.0337627137605,4.722980832109897,4.114791601245002,194.20597473761998,170.08426726677456,182.14512100219727,17.14068689255742
2020-06-26,187.01458740234372,-0.020218836182859055,57.64639116315165,4.440238068013429,4.179880894598687,194.45972005655184,171.07646463583094,182.7680923461914,17.816931774625555
2020-06-29,189.02447509765625,0.010689883235389757,59.912343653191044,4.32844787733012,4.209594291144974,194.78053581331218,172.24258277799643,183.5115592956543,17.100234084119613
2020-06-30,193.8538360595703,0.02522794817798948,64.7872165185656,4.576784096664511,4.283032252248882,196.0057435036005,172.7891158103643,184.3974296569824,17.350956187748643
2020-07-01,194.9874267578125,0.005830625595173098,65.83737571909316,4.809621314559337,4.3883500647109726,197.22970827529318,173.40738431503885,185.31854629516602,17.28315716545464
2020-07-02,196.4734039306641,0.007591994875579915,67.21755857031701,5.055772626532814,4.521834577075341,198.13632195235334,174.72402655838886,186.4301742553711,17.19363721190278
2020-07-06,200.70274353027344,0.021297852320447595,70.82974925866603,5.528393791990453,4.723146420058364,200.2297191550701,174.869124228719,187.54942169189454,17.27804136116537
2020-07-07,198.3690185546875,-0.011695899337213513,66.47701001300234,5.649513296310886,4.908419795308868,201.4486720346249,175.54479720365634,188.49673461914062,17.33005748781104
2020-07-08,202.731689453125,0.02175435177985862,70.16780270118824,6.028044907875369,5.132344817822169,203.48089752428075,175.7063003516958,189.59359893798828,17.330036654695338
2020-07-09,204.15098571777344,0.006976468194954988,71.27577895970924,6.3691398051941235,5.37970381529656,205.7111056547393,175.14115569779977,190.42613067626954,17.315699244858173
2020-07-10,203.5318145751953,-0.0030375165113595303,70.0534251868808,6.514404037529459,5.606643859743141,206.80004178772685,176.66221254576925,191.73112716674805,17.080414679411547
2020-07-13,197.2449493408203,-0.0313759756137162,58.99103252600144,6.0524605081266145,5.695807189419836,206.61155679847835,178.69197866294743,192.6517677307129,17.456658813257
2020-07-14,198.46424865722656,0.006162622357240534,60.30041500361992,5.718831072916032,5.700411966119075,206.4042900414841,180.748149838887,193.57621994018555,17.44229652607127
2020-07-15,198.16897583007807,-0.0014888963579750777,59.80244354085998,5.3687140981732,5.634072392529901,206.48084838657516,182.04993622035843,194.2653923034668,17.286837085309276
2020-07-16,194.2444305419922,-0.02000276278947072,53.480766261471025,4.720154860243355,5.451288886072591,206.14316029476603,183.30969462466757,194.7264274597168,17.21472935017532
2020-07-17,193.25376892089844,-0.005113127136038941,51.98684559563101,4.079206326732503,5.176872374204574,205.8940834991864,184.18364477229798,195.0388641357422,17.269784175295793
2020-07-20,201.56007385253903,0.042083280114884464,61.657885743251114,4.193163210104387,4.980130541384537,206.14633177073077,185.49834901540206,195.8223403930664,17.423310127138908
2020-07-21,198.84524536132807,-0.013560609529002026,57.575887626257625,4.018092817890533,4.787722996685737,206.36483915281076,186.05902864504083,196.2119338989258,17.45284408051742
2020-07-22,201.70291137695312,0.01426901836204324,60.53746387808595,4.0631011350048425,4.642798624349558,206.94369783333616,186.41748228140995,196.68059005737305,17.719616324606246
2020-07-23,192.92991638183597,-0.044468883647254216,49.18555650273933,3.3522208580907034,4.384683071097787,206.59105534154222,187.21782374781324,196.90443954467773,18.027000930635673
2020-07-24,191.748779296875,-0.006140921293746023,47.883681591799395,2.6628396673138752,4.040314390341005,206.52411216603093,187.3762158979339,196.9501640319824,17.50005565731925
2020-07-27,194.17779541015625,0.012588136437284273,50.76957337055451,2.2861481147184293,3.6894811352164902,205.79102585179558,188.8256230129505,197.30832443237304,17.222056974663115
2020-07-28,192.43458557128903,-0.009017929782911115,48.68597439774751,1.8259069611261225,3.3167663003984167,205.37742128984033,189.58023862226904,197.47882995605468,16.96187594624671
2020-07-29,194.37777709960935,0.010047289397132878,51.095386434166016,1.599523535800131,2.97331774747876,205.35632943282369,189.65372458328957,197.50502700805663,16.792702058748688
2020-07-30,194.22537231445312,-0.0007843724025387445,50.89354729293883,1.391771769155639,2.657008551814136,205.37684875056215,189.5569998212152,197.46692428588867,17.037565364511533
2020-07-31,195.28271484375,0.005429130543336405,52.30131780306522,1.2974890566669046,2.38510465278469,205.3665699015963,189.4482097614896,197.40738983154296,17.748198583426944
2020-08-03,206.265625,0.0547164516196744,63.88339858544582,2.0849642196695584,2.3250765661616635,206.47508861356866,188.89597919648995,197.6855339050293,18.184743210062166
2020-08-04,203.1698455810547,-0.015122472959823665,59.49789875547621,2.4312149011982456,2.34630423316898,207.0495796653667,188.8015708473286,197.92557525634766,17.713030926700426
2020-08-05,202.83645629882807,-0.001642286612868498,59.02794507045554,2.6481926160508067,2.4066819097453456,207.0665489655875,188.79507823167816,197.93081359863282,17.176108177355204
2020-08-06,206.08468627929688,0.01588716240656099,62.16369864835889,3.0471286290804187,2.5347712536123606,207.475985299288,188.57901195412998,198.027498626709,17.301563692148388
2020-08-07,202.39828491210935,-0.01804971913194893,56.84632582539184,3.0308883179281736,2.633994666475523,207.29304303464767,188.64860125246173,197.9708221435547,17.14128015844627
2020-08-10,198.3690185546875,-0.020108437444317034,51.64627801741507,2.662201432325901,2.639636019645599,207.344372793932,188.7096784145641,198.02702560424805,17.418736830505285
2020-08-11,193.7301025390625,-0.02366305979146887,46.385364900269686,1.9729497294557348,2.506298761607626,207.29946437167303,188.28117222500669,197.79031829833986,17.411356017298143
2020-08-12,199.264404296875,0.02816664125167577,52.59008615395068,1.8519367152438804,2.375426352334877,207.3760131351341,188.3141663082253,197.8450897216797,17.14818285156889
2020-08-13,198.7976226806641,-0.002345271834685545,52.04302354479606,1.6987851168873647,2.240098105245375,207.45794343382616,188.68755522340038,198.07274932861327,16.93296923741568
2020-08-14,198.9881134033203,0.0009577554946685122,52.26127079131825,1.5746310149465614,2.1070046871856123,207.47117167655756,189.2477614289112,198.35946655273438,16.7035964274293
2020-08-17,200.30267333984372,0.006584497963025913,53.823028547286135,1.5642799497874478,1.9984597397059796,207.33235206862045,189.26084098557877,198.2965965270996,16.820440453414538
2020-08-18,201.4552459716797,0.005737663097095856,55.20668605973467,1.6302867046977099,1.9248251327043258,207.57095980992426,189.2832333053101,198.42709655761718,16.875915765497027
2020-08-19,200.2330474853516,-0.006085326746420157,53.38009786248225,1.5659253177015273,1.8530451697037662,207.40981481816613,189.2973919079081,198.3536033630371,17.13432586721615
2020-08-20,204.89276123046875,0.023004800704009756,58.95583819144368,1.8693694834238386,1.8563100324477808,208.07960706506557,189.82388414587192,198.95174560546874,17.1106620409992
2020-08-21,203.4031524658203,-0.007296743973563828,56.62435589770832,1.9669780937650785,1.8784436447112405,208.20262608103872,190.86630244679333,199.53446426391602,17.40593065632042
2020-08-24,204.0428771972656,0.003140171755512522,57.403441926938775,2.0720685437629527,1.917168624521583,208.5336516775068,191.52178502903618,200.0277183532715,17.052623118092736
2020-08-25,206.6974029541016,0.012925748185633055,60.5683622526297,2.3425480901041738,2.0022445176381014,208.95284548637323,192.52887295845096,200.7408592224121,16.95290301457231
2020-08-26,211.1661071777344,0.021389159291909307,65.24928399570683,2.8842443896629675,2.178644492043075,210.4587415952844,192.7018098573523,201.58027572631835,17.494359903292867
2020-08-27,216.35101318359372,0.02425708816031301,69.73805421867911,3.6893921759424018,2.4807940288229404,213.089309162159,192.28380637739178,202.6865577697754,17.869071336741623
2020-08-28,218.5757751464844,0.01023060168814775,71.44260354960026,4.455635502107668,2.8757623234798864,215.85606839281377,191.84635317701043,203.8512107849121,17.084809536757593
2020-08-31,215.34841918945312,-0.014875480608653974,65.66442604716626,4.747739222592401,3.2501577033023894,217.33798505426844,191.27271593450106,204.30535049438475,17.174989745027712
2020-09-01,217.0098419189453,0.00768543616127335,67.13791434883262,5.055025270081586,3.6111312166582294,219.19388719796513,190.80081342459346,204.9973503112793,17.062993314713406
2020-09-02,221.19207763671875,0.019088746644091697,70.56255873531235,5.571794962608266,4.003263965848237,221.79677368658622,190.03348906976146,205.91513137817384,17.344244763170312
2020-09-03,207.48992919921875,-0.06394864910798176,51.59240099740245,4.8201263852419345,4.166636449726977,221.88262052756605,190.0881665207738,205.98539352416992,17.88283160189476
2020-09-04,204.5776214599609,-0.014135334006388925,48.60164572898852,3.943961197162338,4.122101399214049,221.91776522827507,190.27095547484993,206.0943603515625,17.904241074212393
2020-09-08,193.5108795166016,-0.05561373472560933,39.28275399146912,2.3297445421065106,3.7636300277925416,222.31058097318908,189.39232582612732,205.8514533996582,17.78437316752907
2020-09-09,201.75125122070312,0.041701773186990615,47.37416065733019,1.6958466771665428,3.350073357667342,221.835607291136,190.6694143763445,206.25251083374025,17.637149253545743
2020-09-10,196.0985107421875,-0.02841837017426375,43.12825109178965,0.7289462983471537,2.8258479458033046,222.036382640165,190.15204967184675,206.09421615600587,17.383958187099697
2020-09-11,194.81900024414065,-0.006546215154428302,42.20615851299296,-0.138973027333833,2.2328837511758772,222.31301574909966,189.47755431925972,205.8952850341797,17.330634690104418
2020-09-14,196.13668823242188,0.006740881469204484,43.544817361518994,-0.7122683514964194,1.643853330641418,222.46979359496038,189.03563395630914,205.75271377563476,17.229156829647664
2020-09-15,199.35455322265625,0.016273108802150698,46.78635644216117,-0.8966185538102422,1.1357589537510862,222.49269131644488,188.91792422310593,205.7053077697754,16.898516303324715
2020-09-16,195.79293823242188,-0.018027250693613137,43.789401007776746,-1.3149520328633173,0.6456167564282055,222.6953302030168,188.14905456260823,205.4221923828125,17.08614740581795
2020-09-17,193.7495880126953,-0.010491121372207892,42.12233048392018,-1.7907232714971713,0.1583487508431301,223.0126522633148,187.1833865550446,205.0980194091797,17.3422034097066
2020-09-18,191.34336853027344,-0.012496986804543172,40.18234977579316,-2.3350205451328634,-0.34032510835206864,223.3631546173945,185.47794493094534,204.42054977416993,17.82693175768566
2020-09-21,193.39630126953125,0.010671903026004164,42.610854451054806,-2.571087643053289,-0.7864776152923127,223.49407769161158,184.34633673709934,203.92020721435546,17.500374485632427
2020-09-22,198.05596923828125,0.023808205604117068,47.79184581299567,-2.355028948554434,-1.100187881944737,223.36917293250588,183.87255070030665,203.62086181640626,17.327566344157862
2020-09-23,191.5343475341797,-0.03348251064135422,42.06762453412284,-2.6791575836924437,-1.4159818222942784,223.26705750530522,182.4583605855151,202.86270904541016,17.243148649420437
2020-09-24,194.01695251464844,0.012878386312355685,44.7790828210002,-2.704530247154139,-1.6736915072662506,222.3817038423113,181.62879878220042,202.00525131225587,17.25600880982346
2020-09-25,198.4379425048828,0.02253087968870423,49.32740604664164,-2.3409166908486725,-1.807136543982735,220.37549367603015,181.84370188061047,201.1095977783203,17.197773169633134
2020-09-28,199.9848480224609,0.007765184760025428,50.85277753219242,-1.9059572913057252,-1.826900693447333,217.6035480747022,182.75655476953608,200.18005142211913,17.28139960528678
2020-09-29,197.90318298339844,-0.010463667514379596,48.72706523186335,-1.7095155735114247,-1.8034236694601513,215.21465377041235,183.40092545322048,199.30778961181642,17.00276778186132
2020-09-30,200.8346405029297,0.01470394912776285,51.78368397504309,-1.3022781227013525,-1.7031945601083915,212.09292380260115,184.9051352794301,198.49902954101563,17.336831966357092
2020-10-01,202.8684844970703,0.010076024065916624,53.83976317402789,-0.8061327001956329,-1.52378218812584,206.35002931570392,188.8156704523625,197.5828498840332,17.117196985578513
2020-10-02,196.8815155029297,-0.02995580581937749,47.428296415351404,-0.8858210473354404,-1.39618995996776,204.47665759347572,189.62820080496178,197.05242919921875,17.316698090655798
2020-10-05,200.88235473632807,0.020117333234669108,51.57807635856432,-0.6190048443125136,-1.240752936836711,203.6604345519276,190.0748971741466,196.8676658630371,16.875700146233683
2020-10-06,196.6141357421875,-0.021476330728275553,47.28945591752223,-0.7433913304303985,-1.1412806155554485,203.6320384953105,190.4136188533223,197.0228286743164,17.167318130706015
2020-10-07,200.35716247558597,0.018858480102164638,51.127237681902905,-0.5337844068564266,-1.019781373815644,203.37923031223775,190.52701816188332,196.95312423706054,17.061265909698754
2020-10-08,201.07330322265625,0.0035679479660096574,51.849579895700444,-0.30635140820049855,-0.8770953806926151,203.86927982485614,190.53444789731182,197.20186386108398,16.807525982585346
2020-10-09,206.0671844482422,0.024532719491469096,56.660064983232026,0.2737003142484582,-0.6469362417044004,205.41105921371513,190.117486928863,197.76427307128907,17.091069165800214
2020-10-12,211.40484619140625,0.025572743730449963,61.12999673255541,1.1508340784224629,-0.28738217767902774,208.25565178839813,188.79971015007843,198.52768096923828,17.51585901589627
2020-10-13,212.79893493652344,0.006572755010598965,62.22579847131206,1.9361415818339651,0.15732257422357085,210.83881960434715,187.56098050551614,199.19990005493165,17.181108429994296
2020-10-14,210.8892364501953,-0.009014702547279077,59.74123184269243,2.377006081815864,0.6012592757420295,212.5796228014567,187.3298071301839,199.9547149658203,16.96917354372697
2020-10-15,209.74339294433597,-0.005448204728389562,58.23865499310109,2.6039180333933416,1.0017910272722919,213.74524361231522,187.76356681248944,200.75440521240233,16.939332614152008
2020-10-16,209.74339294433597,0.0,58.23865499296344,2.752023772852681,1.3518375763883697,214.4635892403858,188.88522362582515,201.67440643310547,17.075831581520667
2020-10-19,204.5489959716797,-0.025077309292216448,51.43696199311163,2.422331089164743,1.5659362789436444,214.46179173700625,190.00229059941955,202.2320411682129,17.134260712856943
2020-10-20,204.95957946777344,0.002005250479718673,51.915004269715965,2.169173042212549,1.6865836315974254,214.6999206308057,190.45452272856932,202.5772216796875,16.940229581631254
2020-10-21,205.1027984619141,0.0006985229939268073,52.09215823550584,1.9575347993499577,1.740773865147932,214.24164026402448,192.26964818812397,203.25564422607422,16.938971841582685
2020-10-22,205.18875122070312,0.0004189838182770528,52.205962595497446,1.7762699026590099,1.7478730726501477,213.92343311230968,193.70503521044424,203.81423416137696,16.92240403560549
2020-10-23,206.4682159423828,0.006216189418479354,53.95922958308011,1.7160764154977244,1.7415137412196633,214.06028020871145,194.37121545779246,204.21574783325195,16.75359258498374
2020-10-26,200.59593200683597,-0.028853886406164774,45.67719278561197,1.1809155470457426,1.6293941023848793,214.03920242817526,194.45340163676616,204.2463020324707,17.42944017411643
2020-10-27,203.62278747558597,0.014976604987809993,49.9421341670957,0.9896307952295444,1.5014414409538124,213.8686535077094,195.19591100645076,204.53228225708008,17.418295514626042
2020-10-28,193.52996826171875,-0.050836825966038855,38.958647511387696,0.02336080115929917,1.2058253129949097,214.61750953133964,193.7165877586994,204.16704864501952,17.751164168349828
2020-10-29,195.4778594970703,0.01001474714216196,41.62687565935377,-0.5785672244364548,0.8489468055086369,214.94100548926568,192.65402930077337,203.79751739501953,17.26335616067902
2020-10-30,193.3294677734375,-0.011051301960565274,39.5722936209686,-1.2149515731623808,0.43616712977443334,215.32650722571952,191.91332279137032,203.61991500854492,17.425176362724166
2020-11-02,193.1957092285156,-0.0006921078274835412,39.44176709347328,-1.7103678947144942,0.006860124876647833,215.79429566841205,190.67686979789656,203.2355827331543,17.24439447246559
2020-11-03,197.11070251464844,0.020061800036939623,45.14496243793102,-1.766716056641144,-0.34785511142691056,215.76585665454888,190.75496548900583,203.26041107177736,17.130132867442015
2020-11-04,206.62103271484372,0.0471208429381284,55.98828952390182,-1.032071141250242,-0.48469831739157687,216.08664978263255,191.06055938484792,203.57360458374023,17.560576588559396
2020-11-05,213.2095489501953,0.0313891244409535,61.644781899191194,0.08084649660543164,-0.3715893545921752,217.34314670720244,191.01768703303196,204.1804168701172,17.40125205248959
2020-11-06,213.6201019287109,0.0019237328254162963,61.9727563967977,0.984619852224597,-0.10034751322882077,218.3662857222884,190.74983976599282,204.5580627441406,17.043619664588167
2020-11-09,208.5307159423828,-0.024112863754068722,55.623080978125074,1.2754927461538728,0.17482053864771796,217.9802488516934,190.8484636116855,204.41435623168945,17.608637430973623
2020-11-10,201.48391723632807,-0.03437678606002186,48.25132256324203,0.9267112962291151,0.3251986901639974,216.87524754935285,190.8219631440065,203.84860534667968,17.600724689632724
2020-11-11,206.7738342285156,0.025916044690643875,53.259201854034885,1.0648763442833058,0.4731342209878591,216.3267109052567,190.9589595659347,203.6428352355957,17.197892059335256
2020-11-12,205.7139129638672,-0.005139176155761252,52.16981206322649,1.0764378469260976,0.5937949461755069,215.84207477860141,191.04064769454314,203.44136123657228,16.887921471671877
2020-11-13,206.7356109619141,0.004954303635169772,53.16429947009062,1.1547318804997815,0.7059823330403618,215.4402904865692,191.14165378833314,203.29097213745118,16.739805958032864
2020-11-16,207.4231109619141,0.0033199862520956395,53.85950669613917,1.2577573269691982,0.8163373318261291,215.71394683573496,191.15540893819085,203.4346778869629,17.032516676019537
2020-11-17,204.7781524658203,-0.012833511357229592,50.73910231475243,1.1131480123839879,0.8756994679377008,215.70039946192614,191.15081361180435,203.42560653686525,16.999964737310744
2020-11-18,202.07843017578125,-0.013271319820375665,47.70127285404642,0.7718022070233985,0.8549200157548404,215.5366935866113,191.0120826585059,203.2743881225586,17.160941532965374
2020-11-19,203.3612823486328,0.00632822298534156,49.255976839955466,0.5979063538541425,0.8035172833747009,215.41244789779077,190.9535814601194,203.1830146789551,17.026059853300065
2020-11-20,201.4178771972656,-0.00960237224788618,46.977633622280166,0.29981994566256276,0.7027778158322733,215.08263242073127,190.77836306266715,202.9304977416992,16.944159704114025
2020-11-23,201.14979553222656,-0.0013318590777516564,46.6570319626106,0.04147427997475006,0.5705171086607687,215.09043292815772,190.82594890777978,202.95819091796875,17.061359359269403
2020-11-24,204.73985290527344,0.017690281143660728,51.43674053648799,0.12498040892421614,0.4814097687134582,215.1694319575381,190.85865642136815,203.01404418945313,17.341273874875643
2020-11-25,204.7494354248047,4.680229645126345e-05,51.449245522985926,0.189745578076014,0.4230769305859694,214.89429742408782,192.255737671127,203.57501754760742,16.860647140395557
2020-11-27,206.0514373779297,0.006338868288722455,53.21213559712697,0.342188580617119,0.40689926059219933,214.80123791621807,193.4061549670827,204.10369644165038,16.49050030184753
2020-11-30,204.94094848632807,-0.005403952152079321,51.49470540463796,0.36913838805728005,0.3993470860852155,214.10377189414328,195.26476906044655,204.68427047729492,17.31397986062428
2020-12-01,206.9896545410156,0.009946932475688558,54.4176161516557,0.5494757471030596,0.4293728182887843,213.12356729419903,197.6243681916408,205.37396774291992,17.246412394690505
2020-12-02,206.1854553222656,-0.0038927816081108816,53.06582376171618,0.6203512246648017,0.4675684995639878,212.53240594425583,199.12300482234573,205.82770538330078,16.98201886957311
2020-12-03,205.1036376953125,-0.005260631221159954,51.22248064617301,0.5825120733147742,0.4905572143141451,212.45307789008803,199.05059337456044,205.75183563232423,17.03921076675543
2020-12-04,205.21856689453125,0.0005601900211038177,51.41556604270239,0.5553958415871705,0.5035249397687502,211.06064927649476,199.64392378258725,205.352286529541,17.020936375649708
2020-12-07,205.1515045166016,-0.0003268385450041685,51.28798720932034,0.5224719279875103,0.5073143374125022,209.10594604539884,200.75176727247228,204.92885665893556,17.019069719337963
2020-12-08,206.79820251464844,0.007994698093886164,54.28742191157733,0.6220832670002494,0.5302681233300517,208.76917819528225,200.91528377981538,204.84223098754882,16.963281325107012
2020-12-09,202.7677154541016,-0.019682385663401927,46.70669681224241,0.37151673556201104,0.4985178457764436,208.63941122854533,201.17343056832965,204.9064208984375,17.294921313550354
2020-12-10,201.5423126220703,-0.006061717489848523,44.66457893901541,0.07321718460863735,0.41345771354288235,208.55579653580716,200.73389310042333,204.64484481811525,17.10142057469159
2020-12-11,204.1654052734375,0.012931127937973895,49.73121251131929,0.04792188257920316,0.3403505473501466,208.4504701232999,200.6843687438876,204.56741943359376,17.2488330577112
2020-12-14,205.06536865234372,0.004398324305415998,51.376194375871194,0.09934945813751028,0.2921503295076194,208.24039801196824,200.72741662426222,204.48390731811523,17.1758304227315
2020-12-15,204.99838256835935,-0.00032671058771138533,51.241784436358884,0.13316591139798106,0.26035344588569176,207.86785825482465,200.85748354205035,204.3626708984375,17.11136968298013
2020-12-16,209.92874145507807,0.023766057532006845,59.61621205753816,0.5514477057830334,0.3185722978651601,208.92056007772203,200.31984061807873,204.62020034790038,17.37152414080236
2020-12-17,210.06277465820312,0.0006382662626888519,59.81826008491021,0.8835691653849267,0.43157167136911345,209.7836644004959,200.2551707435471,205.0194175720215,17.297236713765905
2020-12-18,209.2681427001953,-0.0037900039147910425,57.96658992041686,1.0703196779340942,0.5593212726821096,210.3696889838569,200.25983219534234,205.31476058959962,17.964262825590612
2020-12-21,213.0975646972656,0.018133701981605077,63.7846063826194,1.5099177638521724,0.7494405709161223,211.70144877516654,200.0960411540327,205.89874496459962,17.431332668590088
2020-12-22,214.3900146484375,0.006046743585610755,65.51929545357947,1.9402265991937213,0.9875977765716422,213.0613305461476,200.0601812946727,206.56075592041014,16.93400018582325
2020-12-23,211.59451293945312,-0.013125086284066629,58.9428629114315,2.032249321332131,1.19652808552374,213.7151922941374,200.0917855501009,206.90348892211915,16.744012744698786
2020-12-24,213.2507781982422,0.007797067234976854,61.414047516425235,2.213311083579498,1.3998846851348916,214.6185085069958,200.03860361458624,207.32855606079102,16.171693383088446
2020-12-28,215.36651611328125,0.009872467244779432,64.36467203551533,2.4987224850177086,1.619652245111455,215.88680706525463,199.70181292986257,207.7943099975586,16.702181085862577
2020-12-29,214.59104919433597,-0.0036071827657684643,62.478836793056274,2.6319993275389777,1.8221216615969595,216.79266015734706,199.7609699085709,208.27681503295898,16.67216471278242
2020-12-30,212.22637939453125,-0.01108058779124041,56.99499612700689,2.5177895839169366,1.9612552460609551,217.20849372575177,199.8688088255178,208.53865127563478,16.824766029499123
2020-12-31,212.934814453125,0.003332551157046859,58.179284789593424,2.4561295947684982,2.060230115802464,217.68461185160731,200.06762661274814,208.87611923217773,16.85727209266196
2021-01-04,208.40655517578125,-0.021495319276946465,48.90809894750175,2.018601745308331,2.051904441703637,217.67405127398857,200.40847893841377,209.04126510620117,17.42993854632193
2021-01-05,208.6075592041016,0.0009640155426670511,49.294360367660296,1.6688397715481642,1.9752915076725426,217.65863008692708,200.7627993564323,209.2107147216797,16.9861621005217
2021-01-06,203.1985626220703,-0.02627113773638454,40.43531826514575,0.9443047112430065,1.7690941483866356,217.80029524921832,200.42584000468793,209.11306762695312,17.39710266905802
2021-01-07,208.9809417724609,0.028059418146361884,50.64661732828922,0.8271601408214906,1.5807073468736066,217.84156196099087,200.60284721869664,209.22220458984376,17.136744431594295
2021-01-08,210.25421142578125,0.006074269099636656,52.57459382821052,0.8275252486954514,1.4300709272379755,217.66851478424888,201.5245439926066,209.59652938842774,16.94909865405287
2021-01-11,208.215087890625,-0.009745707405168298,49.25601658610097,0.6557156893968568,1.2751998796697517,217.10185488727637,202.75848141643456,209.93016815185547,16.952364761734064
2021-01-12,205.7642364501953,-0.011840591692835476,45.53565045311742,0.31812500023235657,1.0837849037822727,216.94289776288997,203.07732165849677,210.01010971069337,16.961785625029563
2021-01-13,207.11415100097656,0.006539065264406064,47.87114344861313,0.15769100564747873,0.898566124155314,216.79367858758275,203.43141906866725,210.112548828125,16.81558842573169
2021-01-14,203.93565368652344,-0.01546557439881663,43.176389613256156,-0.2233575337773459,0.6741813925687821,216.92612795564742,203.192696812419,210.0594123840332,17.199249795879652
2021-01-15,203.5814666748047,-0.0017382685693712295,42.67416325210455,-0.5476086862982754,0.42982337679537064,217.19581179046787,202.2882854995712,209.74204864501954,17.273293072505577
2021-01-19,207.20985412597656,0.01766581536427297,49.193962361426266,-0.5059670440340369,0.24266529262948916,217.13605642027525,202.06274881654113,209.5994026184082,17.232610848713275
2021-01-20,214.77291870117188,0.03584921009866344,59.52681109036468,0.13574557107784813,0.22128134831916096,217.75460765666736,201.9946751802467,209.87464141845703,17.447218977570387
2021-01-21,215.3760986328125,0.0028045179818348386,60.22165179084142,0.6850818245177095,0.3140414435588707,218.12639510791576,201.85074112255302,209.9885681152344,17.240079387179563
2021-01-22,216.31427001953125,0.004346508200551271,61.333567616223654,1.1825061584949879,0.48773438654609413,218.48304785832593,201.68651390925217,210.08478088378905,17.222448133147253
2021-01-25,219.7416076660156,0.015720041406650658,65.16451684344409,1.8321560767608958,0.7566187245890545,219.92531305914568,201.05895818108868,210.49213562011718,17.316616651170012
2021-01-26,222.42221069335935,0.012125080150254201,67.84766758340606,2.5340990624637243,1.1121147921639887,221.7424077353392,200.1590067544069,210.95070724487306,17.71078612465111
2021-01-27,222.9679107666016,0.002450437582740569,68.38157947827384,3.098707401122482,1.5094333139556875,223.25345373454476,199.40810022053338,211.33077697753907,18.06215553218049
2021-01-28,228.74073791503903,0.02556135014878321,73.41158817037906,3.966261884549567,2.0007990280744634,226.2374476791409,197.83907514800754,212.03826141357422,17.70959769302082
2021-01-29,222.0679931640625,-0.029605602853684708,61.276961297936865,4.068471520951022,2.4143335266497754,227.42221549805743,197.63846870604414,212.53034210205078,17.56508759593873
2021-02-01,229.4300079345703,0.03261439617260555,67.63366767773798,4.689469177648476,2.8693606568495156,230.05825640959716,196.6519471426489,213.35510177612304,17.321494320500417
2021-02-02,229.2959899902344,-0.0005843050045348386,67.41670691072862,5.111873668929974,3.317863259265607,232.36464728807408,196.4344997456173,214.3995735168457,17.070382710931213
2021-02-03,232.63717651367188,0.014466355891043675,70.00048359075132,5.6510957859754,3.7845097646075665,235.08505600846573,196.1170527561827,215.6010543823242,17.117185939211794
2021-02-04,231.6894073486328,-0.004082344256112704,68.34489428329297,5.933557787179069,4.214319369121867,236.85461259678138,197.1965806405233,217.02559661865234,17.046160831149543
2021-02-05,231.8712921142578,0.0007847290556315573,68.49887137730148,6.1017503587454485,4.591805567046584,238.67496183396443,197.66526643751993,218.17011413574218,16.70892219075536
2021-02-08,232.12974548339844,0.00111402076688474,68.73162062181854,6.184606911684796,4.910365835974226,240.3172793294311,198.21050234781498,219.26389083862304,16.916138784283458
2021-02-09,233.3743438720703,0.005347327264320204,69.88552336556364,6.2783273655149685,5.183958141882375,241.80092154929952,199.24278572609109,220.5218536376953,16.97527316077578
2021-02-10,232.4648895263672,-0.0039045895491289606,67.91330476935673,6.207658116687469,5.388698136843394,242.58061573938312,201.1331568436247,221.8568862915039,16.915003613283883
2021-02-11,234.06365966796875,0.0068539273879488745,69.54064492414994,6.2090851482274445,5.552775539120204,243.38950395287253,203.01921949683452,223.20436172485353,16.572420825554598
2021-02-12,234.5423583984375,0.0020430761813847215,70.03075106137477,6.177631181087008,5.677746667513565,243.34860450899794,206.1207894119005,224.7346969604492,16.62256719021857
2021-02-16,233.3073272705078,-0.005279618794538672,67.03390610119189,5.984066402540009,5.739010614518854,242.29724172724517,210.1447382532236,226.2209899902344,17.101241007230964
2021-02-17,234.32444763183597,0.004350097747244935,68.23934197257238,5.845356403698418,5.760279772354767,241.30414562833954,213.84929370271516,227.57671966552735,16.89067770834621
2021-02-18,233.93104553222656,-0.0016802886369195493,67.21558792901654,5.638684226817247,5.735960663247264,241.1269294946366,215.94232251952354,228.53462600708008,16.644337885733343
2021-02-19,231.22509765625,-0.011634709935942726,60.493043636065366,5.196643981583804,5.628097326914572,240.3268009822442,218.3273509342597,229.32707595825195,17.044835638706804
2021-02-22,225.0263214111328,-0.027174305371391514,48.52108094231398,4.296605866971845,5.361799034926028,239.16692890697456,220.3584281486895,229.76267852783204,17.411366992228356
2021-02-23,223.8364715576172,-0.005301631853245411,46.61409259999935,3.4475668331125178,4.978952594563326,238.5996662556948,221.33517718912938,229.9674217224121,17.224302395273334
2021-02-24,225.06468200683597,0.005472088918615446,48.848888942681846,2.841053701871374,4.551372816024935,238.31643202731127,221.88265854886063,230.09954528808595,17.08658790265841
2021-02-25,219.7295379638672,-0.02399041931508583,40.849510785638245,1.907893134629461,4.02267687974584,238.84485989480297,221.0303934010955,229.93762664794923,17.492879039306715
2021-02-26,222.98248291015625,0.014695799240274263,46.592273544794374,1.414536239945818,3.501048751785836,239.07691894513815,220.22250885027202,229.64971389770508,17.448327494583268
2021-03-01,227.35809326171875,0.01943306148321759,53.177407343092284,1.3609345272562337,3.073025906879916,238.72226192777467,221.1061758774011,229.9142189025879,17.047263160134385
2021-03-02,224.4121856689453,-0.01304180237386074,48.81359129109628,1.0684284825373993,2.672106422011413,238.80883789406826,220.517817684545,229.66332778930663,16.9428192331426
2021-03-03,218.35739135742188,-0.027351345191674457,41.310142442994156,0.3440777219947222,2.2065006820080746,239.56928263856557,218.66351307676646,229.11639785766602,17.3427383828374
2021-03-04,217.56092834472656,-0.0036541886998915528,40.42975829914251,-0.29089018225798213,1.7070225091548632,239.8678852031347,216.8572856953028,228.36258544921876,17.616105812564072
2021-03-05,222.23403930664065,0.021252116051757215,47.4995082757771,-0.4122733902547395,1.2831633292729427,239.59485659300654,216.18477750123176,227.88981704711915,17.55014703329779
2021-03-08,218.1942443847656,-0.018345362325848723,42.773569451843215,-0.8249387647578601,0.8615429104667822,239.51417048117216,214.8977588401169,227.20596466064453,17.37846961080982
2021-03-09,224.3258819580078,0.027714129438528166,50.77846986498237,-0.6497175991696622,0.5592908085394933,238.96045118988346,214.67109177886655,226.815771484375,17.31445457310786
2021-03-10,223.02081298828125,-0.005834725893592142,49.2009514173899,-0.6091399359756338,0.3256046596364679,238.14465760037882,214.45153227999225,226.29809494018554,17.208232154762445
2021-03-11,227.5403594970703,0.020062528148441932,54.47550875044064,-0.20987292922822576,0.21850914186352918,237.55858307848527,214.54515379895614,226.0518684387207,17.21362322010082
2021-03-12,226.21617126464844,-0.005836574910792457,52.74740009731934,-0.0002984333175675147,0.17474762682730985,236.53370621322748,214.7852818238819,225.65949401855468,16.935833796103562
2021-03-15,225.314208984375,-0.003995139726683735,51.54788981089642,0.09195010303869822,0.15818812206958752,235.23629079744026,215.1598822982629,225.19808654785157,17.07494854199845
2021-03-16,228.0969390869141,0.012274797626552841,54.95157892474186,0.38516090063674824,0.2035826777830197,234.33994634862938,215.53518792871438,224.93756713867188,17.151002551297392
2021-03-17,227.4539794921875,-0.002822780046901561,54.00754221590941,0.5592049379146999,0.27470712980935574,233.00182370595428,216.18626375742463,224.59404373168945,17.20200372729659
2021-03-18,221.3896026611328,-0.02702387259331416,45.98342594619726,0.2054235682003025,0.2608504174875451,231.23630993406746,216.69763324220204,223.96697158813475,17.366075799985662
2021-03-19,221.0345458984375,-0.0016050518041377693,45.556658821636304,-0.10242019333736607,0.18819629532256288,229.97433604428247,216.94055195620584,223.45744400024415,17.653471457879114
2021-03-22,226.44647216796875,0.02418958544031513,52.75430709490165,0.08927947018787563,0.16841293029562543,230.14746737744937,216.9094356987225,223.52845153808593,17.22093237080568
2021-03-23,227.97216796875,0.006714960166280241,54.57743955995013,0.36016201152853,0.20676274654220633,230.64671500128753,216.8237577159976,223.73523635864257,17.269882162292113
2021-03-24,225.93788146972656,-0.008963450453030267,51.71209418581199,0.4060082475681668,0.24661184674739844,230.73661293802684,216.82117972554738,223.7788963317871,17.05888779665772
2021-03-25,222.9441070556641,-0.01333900169930181,47.7398451804529,0.19848117727431713,0.2369857128527822,230.64750772154989,217.23174185120402,223.93962478637695,17.343690044912012
2021-03-26,226.91665649414065,0.017661699017989474,52.90897462520905,0.35052538023001034,0.25969364632822783,230.9558450258026,217.31682190534974,224.13633346557617,17.053400503260374
2021-03-29,225.726806640625,-0.0052573501707867025,51.27312259489717,0.3707369426045375,0.2819023055834898,230.74992164730492,217.35961662173804,224.05476913452148,17.043445266960102
2021-03-30,222.4739227294922,-0.014515554363694205,46.99523305530559,0.1228579750001586,0.25009343946682355,230.68725034007164,217.22846163502604,223.95785598754884,17.026031618785314
2021-03-31,226.23541259765625,0.016766212273030323,51.98408924662973,0.22731258559099388,0.24553726869165765,230.60637982461762,218.09713427450347,224.35175704956055,17.59110657686499
2021-04-01,232.5492706298828,0.02752601346894895,58.9656595095675,0.8102293732618193,0.35847568960569,231.51945082963462,218.68289749800212,225.10117416381837,17.227911643095716
2021-04-05,238.99752807617188,0.027351089836590705,64.62309956250837,1.7720880844086082,0.6411981685662738,234.72342833945692,217.15526886513294,225.93934860229493,17.424009357723794
2021-04-06,237.83642578125,-0.004870058352159132,62.94036898628138,2.4128628108186376,0.9955310970167466,236.42240844446314,217.42050689977515,226.92145767211915,16.948039555889633
2021-04-07,239.79396057128903,0.008196906253894467,64.61334606072549,3.043553900962735,1.4051356578059444,238.704661603835,216.68506160173138,227.6948616027832,16.93874739297605
2021-04-08,243.00848388671875,0.013316298842933331,67.22950248607249,3.7594299323525036,1.8759945127152564,241.41355913042335,215.97493116498683,228.6942451477051,16.977824539244395
2021-04-09,245.50331115722656,0.010214078700597104,69.13661514567335,4.47647652060607,2.3960909142934192,244.34323121041382,214.84155425101198,229.5923927307129,17.007089222350057
2021-04-12,245.56089782714844,0.00023453825032362547,69.18119875460295,4.991844989110689,2.9152417292568735,246.83633331366428,214.2829248040115,230.55962905883788,17.11683975789573
2021-04-13,248.03659057617188,0.010031305131401363,71.11312979673117,5.536227740834278,3.4394389315723544,249.52852194342708,213.8629743334284,231.69574813842775,16.986770570841518
2021-04-14,245.25379943847656,-0.011282687498139826,66.097457182196,5.6776584927008855,3.8870828437980607,251.2854305751431,213.82175173686863,232.55359115600587,16.954082684437157
2021-04-15,249.00570678710935,0.015182224596456738,69.24683907337784,6.023060853254236,4.314278445689296,253.56861023445248,213.69374480705142,233.63117752075195,17.059176590660275
2021-04-16,250.19558715820312,0.004767145594083146,70.19254018250632,6.3199556000627695,4.715413876563991,255.44258675703665,214.7003667341743,235.07147674560548,17.029518594350755
2021-04-19,248.2764434814453,-0.007700143804694485,66.63340085273332,6.327449075911375,5.037820916433468,256.49345436778833,216.3736888817234,236.43357162475587,16.960063661467945
2021-04-20,247.8158264160156,-0.0018569819597882894,65.77139874736062,6.224467969708201,5.275150327088414,257.5985216579367,217.4055570163797,237.5020393371582,16.797291005852685
2021-04-21,250.04205322265625,0.0089432817512613,67.93073101426506,6.2504414013356495,5.470208541937862,258.92122816094815,218.2898390387589,238.60553359985352,16.994830295047407
2021-04-22,246.76995849609372,-0.013172556068313336,61.76333024417483,5.938539053040643,5.563874644158418,259.3552443476716,219.93903055467217,239.6471374511719,17.058345106680175
2021-04-23,250.58901977539065,0.015357665223014379,65.67985146230151,5.931149918644735,5.637329699055682,259.65289127777334,222.40587489654308,241.0293830871582,16.881822490059147
2021-04-26,250.9727935791016,0.0015303153804305265,66.05610918978594,5.888383693204446,5.6875404978854345,260.11033888625576,224.35404099655673,242.23218994140626,16.79933729098779
2021-04-27,251.37583923339844,0.001604645516892976,66.47183752046416,5.819925093635845,5.714017417035517,260.0358814688858,226.99340167320403,243.51464157104493,17.24995575432932
2021-04-28,244.2655029296875,-0.02869342618529727,53.924426659450965,5.13275919118621,5.597765771865656,257.8280212282856,231.38041993382376,244.60422058105468,17.6635943506337
2021-04-29,242.2983856201172,-0.008085795404779226,51.05322048927105,4.378967326210812,5.354006082734688,255.5186459480576,235.29609251629785,245.40736923217773,17.51900767653881
2021-04-30,241.98171997070312,-0.0013077790761614283,50.58627421427227,3.713225815223126,5.025850029232376,254.1835360872048,237.5744473112327,245.87899169921874,17.2477252570055
2021-05-03,241.6746826171875,-0.0012696509055538973,50.10772850150911,3.124824491345777,4.645644921655056,253.92751587237493,238.09818298016413,246.01284942626953,16.792396397923145
2021-05-04,237.76925659179688,-0.01629184181284755,44.359438603393684,2.316671811167481,4.1798502995575415,253.93880941019665,238.0801725233971,246.00949096679688,17.30459979277203
2021-05-05,236.502685546875,-0.005341130028631728,42.65058536559135,1.5560659321033654,3.6550934260667063,254.42712223317477,237.26273219797758,245.84492721557618,16.902056599414934
2021-05-06,239.6308441162109,0.01314002641437511,47.98059498229133,1.1919564149249027,3.1624660238383457,254.61862032136025,236.73347013274133,245.6760452270508,17.092319423238447
2021-05-07,242.25042724609372,0.0108724247672882,52.00347352057231,1.1020714712010715,2.7503871133108913,254.58657482846974,236.44022723451855,245.51340103149414,17.11256523768792
2021-05-10,237.1839599609375,-0.02113597201439294,44.789057183388955,0.6149269430152344,2.32329507925176,254.90218243955294,235.28692583681422,245.09455413818358,17.193094695141998
2021-05-11,236.2723693847656,-0.0038507952946829982,43.616592289609336,0.15353381151675194,1.8893428257047586,254.9608157217971,234.05187043542944,244.50634307861327,17.33127398408875
2021-05-12,229.33474731445312,-0.029802532256435494,35.91180496676678,-0.7631347479616295,1.358847310971481,256.1590539616,231.26172698322424,243.71039047241212,17.41786218179739
2021-05-13,233.20176696777344,0.016721316634828225,42.056036170283754,-1.1641454732372551,0.8542487541297338,255.94653420498514,229.8938527579055,242.92019348144532,17.204105562204496
2021-05-14,238.1147308349609,0.02084858835212227,48.77528786948952,-1.0731437047944894,0.4687702623448892,255.0388625467314,229.593438783835,242.3161506652832,16.989435082786297
2021-05-17,235.2648162841797,-0.012040862349552681,45.4806171944617,-1.2169600759652326,0.13162419468286485,254.4356102538836,228.89552835695625,241.66556930541992,17.03319371188315
2021-05-18,233.249755859375,-0.008601964462849375,43.25578487797735,-1.4765137901038088,-0.19000340227446988,253.8905663163856,227.9839652387902,240.9372657775879,16.81960779743339
2021-05-19,233.8267822265625,0.0024708013085286543,44.09908491627111,-1.6170108782702926,-0.47540489747363446,252.70474615814643,227.54825829741995,240.1265022277832,17.06354902894464
2021-05-20,237.05833435058597,0.013725653004223537,48.69741327310541,-1.4508718362761215,-0.6704982852341319,251.88467695887726,227.39716508213837,239.64092102050782,16.89745268320563
2021-05-21,235.79844665527344,-0.005328846819154024,47.071691507746024,-1.4046756299377705,-0.8173337541748597,250.10323523696516,227.69954949203876,238.90139236450196,16.900310887925436
2021-05-24,241.1940155029297,0.022624252667781643,54.13364203767581,-0.9220585729657955,-0.8382787179330469,248.15430313159695,228.6706037897898,238.41245346069337,16.879438765534893
2021-05-25,242.0980987548828,0.0037413575759912606,55.2119787727867,-0.46131140483518607,-0.7628852553134748,245.78939149301976,230.1077413805154,237.94856643676758,16.689318162375994
2021-05-26,241.8768768310547,-0.0009141875113161083,54.872028352230856,-0.11271737922814395,-0.6328516800964087,245.33023277206797,230.32803749160388,237.82913513183593,16.693112291739318
2021-05-27,239.78016662597656,-0.00870629207100679,51.627452767084975,-0.005576807100908354,-0.5073967054973086,244.96930928178563,230.43713908247219,237.7032241821289,17.011166925615694
2021-05-28,240.13604736328125,0.0014830955577790849,52.144687633731,0.10681813651143557,-0.3845537370955598,244.6927741272577,230.5291069762579,237.6109405517578,16.720781929935708
2021-06-01,237.94320678710935,-0.009173608498333714,48.689947372397086,0.01873209894600336,-0.3038965698872472,244.24729942098148,230.60143409952636,237.42436676025392,16.960235991317525
2021-06-02,237.84706115722656,-0.0004041513148508894,48.538104183957365,-0.05816438641866739,-0.2547501331935313,244.25210629303655,230.60440768401423,237.4282569885254,16.781128976763572
2021-06-03,236.3178253173828,-0.006450250474222888,46.07678584370531,-0.2397384019321862,-0.2517477869412623,244.24864036982504,230.58938758427652,237.41901397705078,17.046619294733095
2021-06-04,241.2036590576172,0.020464018498714584,54.08739924055072,0.010487934444114444,-0.19930064266418698,244.46926169189874,230.52604775634347,237.4976547241211,17.04556767850975
2021-06-07,244.10818481445312,0.011969872456008258,58.074770560616415,0.4381147491367301,-0.07181756430400357,244.8714244303914,230.30966077468676,237.59054260253907,16.95444238028743
2021-06-08,242.9156036376953,-0.0048974345347906414,55.92706750022776,0.6730225613723633,0.07715046083126978,245.5322128023691,230.22203677038482,237.87712478637695,16.927023909037487
2021-06-09,243.8966217041016,0.004030381092776761,57.325148988141315,0.9276552222803218,0.2472514131210802,246.32522112338546,230.19145368130205,238.25833740234376,16.702409682130284
2021-06-10,247.40708923339844,0.014290660518612821,61.973696606675304,1.3966194720833585,0.4771250249135359,247.06722435272954,231.25668464385248,239.161954498291,17.01677627101665
2021-06-11,248.0322723388672,0.0025237536045500056,62.751870568034064,1.7979978702618098,0.7412995939831908,248.22598752662964,231.58097200706175,239.9034797668457,16.759933800164784
2021-06-14,249.95579528808597,0.007725215282880502,65.11713425594772,2.245421547173919,1.0421239846213366,249.89702813860626,231.09403784039765,240.49553298950195,16.767839435128607
2021-06-15,248.4842529296875,-0.005904608343682374,61.87982454936602,2.452990319045682,1.3242972515062057,250.86342152237532,231.44958812117935,241.15650482177733,16.70804115056566
2021-06-16,247.54173278808597,-0.0038002899165710527,59.828201940645144,2.5124743276602146,1.5619326667370075,251.22503926553338,232.5171680708924,241.8711036682129,17.119462591925288
2021-06-17,250.92726135253903,0.013583916604727794,64.39470280016131,2.8005170765577816,1.8096495487011626,252.1101913075446,233.34206394147884,242.72612762451172,17.132075585062957
2021-06-18,249.5133514404297,-0.005650675177660715,61.26258881896126,2.8814863361063203,2.024016906182194,252.80207896438972,233.89567799361808,243.3488784790039,17.431878484159764
2021-06-21,252.59103393554688,0.012259287630633744,65.22730845516561,3.157599472558445,2.2507334194574447,253.7997196578458,234.57729602818938,244.1885078430176,17.10002808274452
2021-06-22,255.36102294921875,0.010906605985839207,68.36551531984969,3.5589111734613255,2.512368970258221,255.60451429610342,234.18920213456065,244.89685821533203,17.022074947163826
2021-06-23,255.13006591796875,-0.0009048426193700576,67.81595801286363,3.814347857733253,2.7727647477532273,257.0924219233563,234.00449122361636,245.54845657348633,16.786883589603715
2021-06-24,256.4958190917969,0.005338887096719762,69.38328701864228,4.079956933548203,3.0342031849122226,258.66512101828886,233.893686354758,246.27940368652344,16.88109071737623
2021-06-25,254.8897247314453,-0.006281365050400534,65.35271451125112,4.113438489175195,3.2500502457648173,259.5934691714211,234.47629401217264,247.03488159179688,17.058536448270754
2021-06-28,258.4482727050781,0.01386456874451874,69.5705737547191,4.376666458128028,3.4753734882374596,261.04983621422883,234.85114950354463,247.95049285888672,16.790529840967174
2021-06-29,261.0258178710937,0.009923753141813941,72.20955615242453,4.738638795102247,3.7280265496104175,262.5542861797459,235.65496064642602,249.10462341308593,16.80812803557406
2021-06-30,260.5448608398437,-0.0018442645923364075,70.97270128497756,4.929866831035298,3.968394605895394,263.5189443018317,236.96008249260188,250.2395133972168,16.890816244474877
2021-07-01,261.2181701660156,0.0025809022866946185,71.7034213450693,5.0772198330018625,4.190159651316687,263.90985919606226,239.0592020832346,251.48453063964843,16.632433160827084
2021-07-02,267.036865234375,0.022030761736819275,77.0744735840012,5.598976693750757,4.471923059803501,266.04394223562116,239.50843966135147,252.77619094848632,17.091069165800214
2021-07-06,267.04656982421875,3.6341100314134e-05,77.08228685670187,5.9447287121170405,4.766484190266209,267.9783300392784,239.86789035867085,253.9231101989746,17.267578509678636
2021-07-07,269.229736328125,0.008141991504718445,78.83021838605217,6.322026581950752,5.077592668603118,269.8701793012985,240.60745436569368,255.2388168334961,16.962245748047053
2021-07-08,266.8157653808594,-0.00900665058448106,72.26691450276358,6.353016956175907,5.332677526117676,270.8651101313181,241.9044379033499,256.384774017334,17.0190128533855
2021-07-09,267.3157958984375,0.0018723127405324107,72.772605271202,6.3447865846072204,5.535099337815585,271.99851958202976,242.76189911914204,257.3802093505859,16.990087559474933
2021-07-12,266.7195739746094,-0.002232893943675976,71.10766234372858,6.2184711647012705,5.671773703192723,272.80544462303294,243.82370424171316,258.31457443237304,16.756348376517828
2021-07-13,270.2396545410156,0.013111352991807818,74.77677751253749,6.329444471614124,5.803307856877003,274.1909190009372,244.46661578910195,259.32876739501955,17.078215729133788
2021-07-14,271.7111511230469,0.005430382915710638,76.14081291489849,6.461643291589837,5.9349749438195705,275.41407648111874,245.56614812825626,260.4901123046875,16.95593611655084
2021-07-15,270.2877197265625,-0.005252537396827653,72.08009883280208,6.37803082214657,6.023586119484971,275.84679012651134,247.40803317671137,261.62741165161134,16.9336463319238
2021-07-16,270.0184326171875,-0.0009967946154373602,71.305332714358,6.2183567724371756,6.062540250075412,276.3323640114502,248.83157641823732,262.58197021484375,17.080766063166283
2021-07-19,266.42138671875,-0.013411009700984728,61.75644792474029,5.735447724243215,5.997121744908973,275.8052516967693,251.04949226075024,263.42737197875977,17.310064727954806
2021-07-20,268.64312744140625,0.008304619098025634,64.88441802095528,5.468971829895793,5.891491761906337,275.69755982119216,252.76239348691334,264.22997665405273,17.083546040635486
2021-07-21,270.6435546875,0.007418823744378658,67.46473349677582,5.357448196350163,5.784683048795102,276.0007883589306,253.98741812300298,264.9941032409668,17.00862954515542
2021-07-22,275.2024230957031,0.016704252111876955,72.43568105892766,5.572689003812457,5.742284239798574,276.8771018187045,255.1183403810025,265.9977210998535,16.967566904956502
2021-07-23,278.59747314453125,0.012261080597593682,75.44457004129893,5.948648740006377,5.783557139840134,278.4002916196106,255.8053159853699,267.10280380249026,16.94087103535253
2021-07-26,278.0011901855469,-0.002142596547145358,73.91840195613175,6.127846488273406,5.852415009526789,279.01077098962355,257.5059831607671,268.2583770751953,16.958632176378334
2021-07-27,275.5871276855469,-0.008721563386804592,67.92739106068908,6.005835789755906,5.883099165572613,279.2921955829022,258.93844406553535,269.1153198242188,17.33015867105693
2021-07-28,275.2793884277344,-0.0011172916880024405,67.17990005844632,5.817251788416627,5.869929690141416,279.6082070163305,260.04778968777106,269.82799835205077,17.32905105012839
2021-07-29,275.5486145019531,0.0009775323484844892,67.51667549264738,5.624684046411346,5.820880561395403,279.6352270655121,261.5211450048004,270.57818603515625,16.71518893022166
2021-07-30,274.0193786621094,-0.005565243266757332,63.52904537050267,5.287722596973367,5.714248968510995,279.2403321022568,263.1961608176651,271.21824645996094,16.857401011243894
2021-08-02,273.9328918457031,-0.0003156728123209794,63.301338132192306,4.956563281182184,5.562711831045233,279.4195022903772,263.70659329067746,271.5630477905273,16.604673724578955
2021-08-03,276.1449279785156,0.008042673152055653,66.59889524975733,4.817081647995394,5.413585794435265,279.82679287611205,264.2091385203723,272.01796569824216,16.699137453665497
2021-08-04,275.5583190917969,-0.0021265385364167555,64.93262229769104,4.606110637891504,5.252090763126514,280.1803028565579,264.48848681629363,272.33439483642576,16.5999846806711
2021-08-05,278.4532165527344,0.01045077086916046,69.0482288992809,4.619260662324905,5.125524742966193,280.7650351799854,265.0674996100537,272.91626739501953,16.447413858428025
2021-08-06,278.3955078125,-0.0002072690047257268,68.87469539058571,4.5723186946420356,5.0148835333013615,281.21803750990654,265.7224684715388,273.47025299072266,16.62426852746342
2021-08-09,277.30865478515625,-0.003911629555111065,65.53418654697029,4.396734077385702,4.8912536421182295,281.23542273186945,266.7639913306306,273.99970703125,16.595422462627813
2021-08-10,275.4909362792969,-0.006576434159935315,60.26929378192855,4.06405936451074,4.7258147865967315,281.30194792028584,267.22259431604226,274.26227111816405,16.739564267499873
2021-08-11,275.9814453125,0.001778907444608911,61.175715171903605,3.796231642092039,4.539898157695793,281.44838726136646,267.503184393907,274.47578582763674,16.45141298754051
2021-08-12,278.7320861816406,0.00991741956134791,65.87705773649118,3.762557551215764,4.384430036399788,281.8253320300732,267.9706762707081,274.89800415039065,16.493877951136554
2021-08-13,281.6559143066406,0.010435108011122154,70.03127604605336,3.9265364181791824,4.292851312755667,282.6327940511199,268.3269624186067,275.4798782348633,16.719620896768475
2021-08-16,283.3389587402344,0.0059577510953025764,72.13428652737501,4.144522990494977,4.26318564830353,282.9499332557048,269.7015804161702,276.3257568359375,16.92936363234779
2021-08-17,281.8771057128906,-0.005172734389089112,67.6910709587172,4.1514641034842725,4.240841339339679,282.9956327878028,270.9792787112206,276.9874557495117,16.815000811458045
2021-08-18,280.1522521972656,-0.0061379673734674334,62.77754597702449,3.971997012944769,4.187072474060697,282.8278156647645,272.0979655852355,277.462890625,16.898016726144522
2021-08-19,285.9725341796875,0.02056255863760523,70.54667882199311,4.250419968949473,4.199741973038453,284.46133024403537,271.54146211436307,278.0013961791992,17.211712181581635
2021-08-20,293.2863464355469,0.025253651495945047,77.03367354332124,5.0035577928514385,4.36050513700105,288.1470011932171,269.3246784942829,278.73583984375,17.524623943408255
2021-08-23,293.5657653808594,0.0009522636480341912,77.23991683897503,5.558892268265595,4.600182563253959,291.01218269608677,268.0159545109445,279.5140686035156,16.943594822672214
2021-08-24,291.609619140625,-0.006685699974350406,72.34202572665714,5.774588327921606,4.835063716187489,292.8474836604851,267.78290269205394,280.31519317626953,16.715601651939558
2021-08-25,291.0218811035156,-0.0020175299008898264,70.88755663062604,5.830888607279576,5.034228694405906,294.26454031341484,267.94009530670235,281.1023178100586,16.811547834999974
2021-08-26,288.2079772949219,-0.009716094239222803,64.22934690656797,5.584078680651942,5.144198691655113,294.99022174376216,268.4803501556519,281.735285949707,16.687158163467746
2021-08-27,288.8151550292969,0.0021045186040581526,64.99340883323856,5.3755086863992005,5.19046069060393,295.5673533666943,269.3827961694385,282.4750747680664,16.933712689068326
2021-08-30,292.5443420410156,0.012829370398632835,69.32693893942574,5.448324792276765,5.242033510938498,296.5868843830251,270.22441017263895,283.40564727783203,16.609622301772983
2021-08-31,290.8965759277344,-0.005648457088073462,65.47035507816416,5.3118395466225365,5.255994718075306,297.26455997245523,271.0218993781307,284.14322967529296,17.084520443568255
2021-09-01,290.8483581542969,-0.00016576946604267143,65.35578240608048,5.140526445774526,5.2329010636151505,297.700599790517,272.114863466319,284.907731628418,16.759096594531204
2021-09-02,290.1931457519531,-0.002255304227534078,63.7238652936582,4.895457625883012,5.165412376068723,298.11681858856673,272.8726375881911,285.4947280883789,16.60579190113891
2021-09-03,290.1835021972656,-3.323205619135003e-05,63.69865464243753,4.64689416290588,5.061708733436155,298.4077840009448,273.76047161428954,286.08412780761716,16.506611325539026
2021-09-07,289.2584228515625,-0.00319300379094276,61.19749111534122,4.325399146808991,4.914446816110723,298.3554444179266,275.00778800394835,286.6816162109375,16.65927981534228
2021-09-08,289.2872314453125,9.958969896273701e-05,61.248521384750056,4.02652141065829,4.736861735020236,297.8279855409859,276.91487639749073,287.3714309692383,16.52667596842594
2021-09-09,286.4350280761719,-0.009908342630775486,53.71638847153034,3.518945463592729,4.493278480734735,296.89754794987994,278.89067226496377,287.89411010742185,16.80758620419789
2021-09-10,284.9510192871094,-0.005194428994947785,50.25356829887702,2.96278759068349,4.187180302724486,296.25528508741786,280.1548284379728,288.20505676269534,16.79274280646729
2021-09-13,286.1844787597656,0.004319330157397327,52.96747269213508,2.5916830317706854,3.8680808485337264,295.9428155162608,280.92015445444235,288.4314849853516,16.978996329227403
2021-09-14,288.88262939453125,0.009383845452579257,58.32357712951308,2.4866338350337287,3.591791445833727,295.82763508471834,281.5897019514145,288.7086685180664,16.899867119567244
2021-09-15,293.7296142578125,0.01663918582077861,65.84777031329841,2.762646688962718,3.4259624944595255,295.98582520803984,282.6167626825852,289.3012939453125,17.160359820938087
2021-09-16,294.1150817871094,0.0013114606192363631,66.3677970069122,2.9781624692901687,3.3364024894256543,295.46634274703615,284.5325281025732,289.9994354248047,16.78852681542333
2021-09-17,288.9597473144531,-0.017683729635404957,54.430575985203234,2.701822937889915,3.2094865791185065,295.30697721844376,284.9906149446422,290.14879608154297,17.53812699104588
2021-09-20,283.59234619140625,-0.018749589510549322,45.29583929663763,2.0263588514741855,2.9728610335896426,295.37330536008386,283.954886778588,289.6640960693359,17.46040418980397
2021-09-21,284.0741577148437,0.0016975165376835954,46.1691764585637,1.512491795878816,2.6807871860474775,295.10731119543664,283.2717201766337,289.1895156860352,16.922967597305203
2021-09-22,287.7166442871094,0.01274079902123964,52.36114013948576,1.383221757563149,2.4212741003506117,294.8330557270047,283.1566781597141,288.9948669433594,17.09741004464983
2021-09-23,288.6609802246094,0.003276798898211119,53.84346640179892,1.3415102438392523,2.20532132904834,294.6373980874542,283.1162457113739,288.87682189941404,16.738919473685005
2021-09-24,288.4586181640625,-0.0007012829555790999,53.45958656719466,1.2773995744810236,2.019736978134877,294.64489188569416,283.133816000048,288.8893539428711,16.523494156848606
2021-09-27,283.46710205078125,-0.017455563468282243,44.947172649672474,0.8144295358961244,1.7786754896871266,294.86804072103166,282.37586186685894,288.6219512939453,16.97555744031851
2021-09-28,273.2045593261719,-0.03687525812570801,33.23116017986017,-0.3762419029742432,1.3476920111548527,296.7036517814569,278.60627253494937,287.65496215820315,17.581031580892194
2021-09-29,273.6671142578125,0.0016916401572416825,34.06538658497605,-1.267917515485692,0.8245701058267436,297.64398831228567,275.94298983712844,286.79348907470705,17.08711927849668
2021-09-30,271.6628112792969,-0.007350823454908675,32.188673338818106,-2.111961979238231,0.2372636888137487,298.4276479657461,273.24077549616794,285.834211730957,17.29192675409012
2021-10-01,278.58154296875,0.02514917707420408,43.7157521983897,-2.197260817729102,-0.24964121249482146,298.06960808796197,272.4376550956318,285.2536315917969,17.219580509843187
2021-10-04,272.8095092773437,-0.020937026519746976,37.92390465858994,-2.699497514804534,-0.739612472956764,298.116522330596,270.6533415610055,284.38493194580076,17.260747185239783
2021-10-05,278.2539367675781,0.01976035495016205,45.2872587356828,-2.6279109960294136,-1.117272177571294,297.6258335558932,270.04358172730986,283.83470764160154,17.03410638363636
2021-10-06,282.4456481933594,0.014951997933614897,50.186431854754936,-2.207495450248416,-1.3353168321067184,297.051747288086,269.93350966992176,283.4926284790039,17.147807956682346
2021-10-07,284.1223449707031,0.005918801246936159,52.036521696068206,-1.7191998187487343,-1.4120934294351217,296.86974084284026,269.88424780462066,283.37699432373046,16.832539489253772
2021-10-08,284.1223449707031,0.0,52.03652169594407,-1.317039995565267,-1.3930827426611507,296.8130361557932,269.8580850600271,283.33556060791017,16.688267017947542
2021-10-11,283.5248718261719,-0.002105086918382512,51.249890196965886,-1.034610185562883,-1.3213882312414973,296.6140206060477,269.7911399164133,283.2025802612305,16.775543164201167
2021-10-12,282.2240295410156,-0.004598664087542255,49.49552521284706,-0.9053137339715818,-1.2381733317875143,296.0153498522462,269.72395068486315,282.86965026855466,16.70444244641244
2021-10-13,285.5292053222656,0.011643132672347765,53.82093033342821,-0.5300353835485225,-1.096545742139716,294.6564094937141,270.26285014984063,282.45962982177736,16.96894296172973
2021-10-14,291.73492431640625,0.02150127732362318,60.63744587749038,0.26506951598560136,-0.8242226905146526,294.09705430364545,270.5841895928389,282.3406219482422,17.121037398233
2021-10-15,293.1418151855469,0.004810906256443466,62.00667930102113,0.9972248255123191,-0.45993318730925836,294.93387100730195,270.1655796762918,282.5497253417969,17.049661167057742
2021-10-18,296.1097106933594,0.010073527093015514,64.78922724671236,1.7962415919981822,-0.008698231447770266,296.96686065230944,269.3843264814796,283.1755935668945,16.939165443046143
2021-10-19,297.0155029296875,0.0030543059700894725,65.61687477542837,2.4740388200119128,0.48784917884416634,298.94188685903055,268.70343479624285,283.8226608276367,16.6880634429551
2021-10-20,296.2253112792969,-0.0026639843341337323,64.19916360205868,2.913847128310465,0.9730487687374261,300.27997025578685,268.2162180987054,284.2480941772461,16.62111696013016
2021-10-21,299.4534606933594,0.010838663953016343,67.30683480813448,3.4827362447281303,1.474986263935567,302.1188931311098,267.4565432702573,284.78771820068357,16.643894671801085
2021-10-22,297.9116516113281,-0.005162044029515203,64.43014740818509,3.7657644719049586,1.9331419055294454,303.50461825747897,267.01612148861483,285.2603698730469,16.674810148503806
2021-10-25,296.91912841796875,-0.003337164611512103,62.5760340357441,3.865419899745291,2.3195975043726147,304.8772820243563,266.9886603584562,285.93297119140624,16.680820942230515
2021-10-26,298.8270568847656,0.006405194147550299,64.68016119004514,4.051646566774991,2.66600731685309,305.9989286667881,268.42926347188376,287.21409606933594,17.151539922620124
2021-10-27,311.4119567871094,0.04125165455623784,74.76050249682923,5.155301679115951,3.1638661893056623,309.65634416760787,268.5463322239937,289.1013381958008,17.77801184474706
2021-10-28,312.5491027832031,0.003644930200743086,75.44251380692253,6.051951357372161,3.741483222918962,312.5147169150306,269.7765886269616,291.1456527709961,17.084999684077083
2021-10-29,319.55450439453125,0.022166266313177915,79.17572280204838,7.244322016084936,4.442050981552157,317.1868088983936,269.20179278617667,293.19430084228514,17.364150484427356
2021-11-01,317.38641357421875,-0.006807850250530069,75.35756086264139,7.923006061990577,5.138241997639841,319.7224017306345,271.12389038362335,295.4231460571289,17.11405490358374
2021-11-02,321.00958251953125,0.011350972968317982,77.32543396328342,8.653475631349124,5.841288724381697,322.9966570323865,272.1251996570666,297.56092834472656,17.092168417735937
2021-11-03,321.847900390625,0.0026081001421908814,77.76781885987063,9.194040102684824,6.511839000042324,326.11515112385905,272.94693078532066,299.53104095458986,16.883568190761277
2021-11-04,324.1991577148437,0.007278936343976854,79.0050538476356,9.700348576430486,7.149540915319957,329.24646520691294,273.8232979766808,301.5348815917969,16.993239377168486
2021-11-05,323.8330078125,-0.0011300363185201706,78.274530606344,9.957275182438195,7.711087768743605,331.66604926453226,275.37478020324113,303.5204147338867,16.932136623750477
2021-11-08,324.7291564941406,0.0027634953171083395,78.7914187981881,10.116585379043045,8.192187290803494,333.5954328245283,277.56582511004206,305.5806289672852,16.855116213815993
2021-11-09,323.7269897460937,-0.003090933910453334,76.5966841782035,10.046167412105262,8.562983315063848,334.5104492338672,280.80110472121095,307.65577697753906,16.874565035116476
2021-11-10,318.7643127441406,-0.015448538153266626,66.6900755249597,9.480627336290524,8.746512119309184,334.46618316467806,284.1688815325876,309.3175323486328,17.05422434283778
2021-11-11,320.3350524902344,0.004915488871452598,68.09653057957183,9.054800221465484,8.808169739740444,334.92015836210464,286.57491915254377,310.7475387573242,16.639849404603883
2021-11-12,324.4689636230469,0.012822400818680945,71.50642364364414,8.9477570711976,8.836087206031875,335.7311426106394,288.89664974775906,312.3138961791992,16.98649785406765
2021-11-15,323.8425598144531,-0.001932416688201394,70.28063259895059,8.71195307903497,8.811260380632493,336.3494573104203,291.0516199600875,313.7005386352539,16.632295635161142
2021-11-16,327.1574401855469,0.010184052292649032,72.92564470498925,8.69235974635626,8.787480253777247,337.18319690154266,293.23207409455114,315.2076354980469,16.854627986334798
2021-11-17,327.3795166015625,0.0006785756624873191,73.09838186288034,8.595666111531102,8.749117425328018,337.45448352764737,296.0762080006729,316.76534576416014,16.762756173786094
2021-11-18,329.455078125,0.006319912040200539,74.72166390696827,8.587524540685536,8.716798848399522,337.9979277010726,298.53292557041175,318.2654266357422,16.92740237224187
2021-11-19,331.2313842773437,0.0053771661246997645,76.05342371235537,8.624981925643795,8.698435463848377,337.98306292373985,301.87976361434613,319.931413269043,16.904888035109543
2021-11-22,328.0649108886719,-0.00960568945768469,69.06793789754019,8.30344231959856,8.619436834998414,336.25659290680926,306.72081187834704,321.48870239257815,17.250500517586914
2021-11-23,325.9892578125,-0.006347058527142211,64.86228253112,7.791318538762027,8.453813175751137,333.16537892085455,312.5282459570751,322.84681243896483,17.230860682091045
2021-11-24,326.21142578125,0.0006812871649233759,65.10719138161639,7.319014804402741,8.226853501481457,332.4762752788329,314.6972964985109,323.5867858886719,16.891037862368584
2021-11-26,318.2663269042969,-0.02465717823723768,51.32889821141715,6.2317716285592155,7.82783712689701,331.553133038366,316.19216115108713,323.8726470947266,17.002573723762772
2021-11-29,324.9756774902344,0.020861802781529323,59.18416604834164,5.844144439200306,7.43109858935767,331.5606524806146,316.7267590184088,324.1437057495117,17.16764027195646
2021-11-30,319.14483642578125,-0.018105308611717077,51.4174759779419,5.008709668159952,6.946620805118126,331.3468561303143,317.11639765386536,324.2316268920898,17.574046686532547
2021-12-01,318.6524658203125,-0.0015439723609563666,50.81111014275049,4.257810016701626,6.408858647434826,331.5256176507315,316.7019244635264,324.11377105712893,17.322196477089115
2021-12-02,318.0829162597656,-0.001788968317059714,50.07545719463583,3.575542119513102,5.8421953418504815,331.75894237909193,316.09210132207994,323.92552185058594,17.241920774601248
2021-12-03,311.8271484375,-0.01986306887769503,42.753606971475506,2.5012192157286677,5.174000116626119,332.8227165501777,313.79112622325977,323.3069213867187,17.54791158345968
2021-12-06,314.89715576171875,0.00979707300076473,46.86000374524788,1.8759101834622243,4.514382129993341,333.08465159546336,312.635605972896,322.86012878417966,17.217794049595405
2021-12-07,323.3248596191406,0.02641147925146929,56.157440281568526,2.0369132700738533,4.018888358009444,332.9796221083018,312.6002057725576,322.7899139404297,17.250203996878135
2021-12-08,323.37322998046875,0.00014959178694416743,56.204801509031604,2.143701206983053,3.643850927804166,332.95631171928443,312.5881401850125,322.77222595214846,17.02478043307333
2021-12-09,321.56793212890625,-0.00559834810579503,53.86598644192047,2.058924961907053,3.326865734624744,332.94018995895794,312.8846238838155,322.9124069213867,16.916242327016153
2021-12-10,330.6811218261719,0.027945714057831618,62.37701331814027,2.696019390054971,3.2006964657107897,333.95287954214496,312.90654123422223,323.4297103881836,17.45561199908495
2021-12-13,327.6497497558594,-0.009209331130618961,58.51026165442816,2.9226247239914755,3.145082117366927,334.27296321326367,312.9045361763848,323.58874969482423,17.179331426224262
2021-12-14,316.97271728515625,-0.03312949690384333,47.371542937614365,2.215129164894279,2.9590915268723976,334.32935443930313,312.1611606974156,323.24525756835936,17.609621291885443
2021-12-15,323.06427001953125,0.01903557699078839,52.8827333154989,2.121515720880552,2.791576365674029,333.97063106197083,312.11056705814633,323.0405990600586,17.381688365488145
2021-12-16,313.6517944335937,-0.02956784615760982,45.03513473392729,1.2731422838618869,2.4878895493116007,333.84665923065796,310.8617666726623,322.35421295166014,17.37185243973639
2021-12-17,312.5897827148437,-0.003391703060246642,44.23746475882383,0.5092346130909959,2.0921585620674796,333.28122680044964,309.74066956185504,321.51094818115234,17.681495928536066
2021-12-20,308.8346252441406,-0.01208579235387925,41.44234977299244,-0.3946285125330178,1.5948011471473804,332.523571894309,308.2586485646754,320.3911102294922,17.1593083555308
2021-12-21,315.9590148925781,0.022806565222158043,48.13759235657372,-0.5299588126475783,1.1698491551883887,331.5072540907541,308.0643767686209,319.7858154296875,17.023956217277046
2021-12-22,321.6645202636719,0.01789663442504246,52.79263412074955,-0.17480737928656254,0.9009178482933986,330.96416874665067,308.17498835784147,319.56957855224607,17.027623606724514
2021-12-23,323.1029663085937,0.004461913670712283,53.91570709592523,0.22018510774830702,0.7647713001843803,330.50812573291097,308.32018542431564,319.4141555786133,16.791947926309412
2021-12-27,330.5942687988281,0.02292079591603584,59.34078125356484,1.1247397038455915,0.8367649809166225,332.17607676863486,307.88502857804485,320.03055267333986,16.808589364185554
2021-12-28,329.43572998046875,-0.0035105677327681296,58.19971322989052,1.7281997271997511,1.0150519301732484,332.93340949070983,307.5737011049933,320.25355529785156,16.566716093231253
2021-12-29,330.11151123046875,0.0020492284532805352,58.698601467267615,2.235209933791225,1.2590835308968438,334.20758677403495,307.39619130213697,320.80188903808596,16.526356912849003
2021-12-30,327.57257080078125,-0.007720889441239023,55.994633950705975,2.4044311162591043,1.488153047969296,334.94291200359595,307.5528765706228,321.2478942871094,16.58775553362997
2021-12-31,324.6763916015625,-0.008880652635143546,52.995666994201045,2.278576652257698,1.6462377688269763,335.26923271619194,307.8859033922065,321.5775680541992,16.70592681487034
2022-01-03,323.1607666015625,-0.00467903931100823,51.44291583839061,2.033101483569908,1.7236105117755627,335.05247788150166,309.23602004330303,322.14424896240234,17.17814384551834
2022-01-04,317.6194763183594,-0.01729587789975533,46.12214208392436,1.3755681352703846,1.6540020364745271,334.9214752999186,309.63925468055015,322.2803649902344,17.302099424743822
2022-01-05,305.4267883300781,-0.03914394642192735,37.04327205080059,-0.12790538893278836,1.297620551393064,336.08221338530706,306.6887094662555,321.3854614257813,17.505746616474216
2022-01-06,303.01336669921875,-0.007933185436150125,35.551512471365015,-1.4969065378336381,0.7387151335477237,337.15612608984725,303.5788104335902,320.3674682617187,17.495503165774828
2022-01-07,303.1677551269531,0.0005093805317047344,35.72981818071577,-2.540111135610914,0.0829498797159961,337.89391731248173,301.00100151076043,319.4474594116211,17.30349710026117
2022-01-10,303.3898010253906,0.0007321511573112176,36.00404991177038,-3.3107764766082823,-0.5957953915488596,337.06046187659297,299.1053248665711,318.08289337158203,17.606258209184297
2022-01-11,304.07525634765625,0.0022567738007846895,36.89913550429004,-3.822164265338813,-1.2410691663068505,336.303598004581,297.5047393977628,316.9041687011719,17.19605618592444
2022-01-12,307.2513427734375,0.010390894187539808,41.015801218286924,-3.925903766528677,-1.778036086351216,336.29165773472795,296.544542216444,316.41809997558596,17.352758685181232
2022-01-13,294.2477111816406,-0.043244151104538206,31.853173703219355,-4.999768246105305,-2.422382518302034,336.8952376297718,293.059306437611,314.9772720336914,17.630273505811402
2022-01-14,299.4607238769531,0.01756130235289345,37.84744792915669,-5.3682847800951095,-3.0115629706606493,337.2589013789428,291.2765356327759,314.26771850585936,17.500542645445687
2022-01-18,292.172119140625,-0.024640192257800536,33.42104182667565,-6.177258684209107,-3.6447021133703412,338.2747347933994,288.21893586089755,313.24683532714846,17.561082229765617
2022-01-19,292.8285522460937,0.002244214111491211,34.1678064601804,-6.688309003130428,-4.2534234913223585,339.042965106764,285.85009824772817,312.44653167724607,17.642713986289923
2022-01-20,291.15850830078125,-0.0057194708949002745,33.14911926272782,-7.1457073853515,-4.831880270128187,339.3792738355006,283.03373885981193,311.2065063476563,17.381677059953557
2022-01-21,285.78131103515625,-0.018640949341505043,30.043248419386202,-7.851585587650277,-5.435821333632606,339.2991083106816,279.5255834617793,309.41234588623047,17.87568458406176
2022-01-24,286.1095886230469,0.001148042831745463,30.471544330873314,-8.288959920472564,-6.0064490510005974,338.44427809186266,276.68107591204364,307.56267700195315,18.26673088895845
2022-01-25,278.5023193359375,-0.026948527140603702,26.43293437809166,-9.144018729256914,-6.633962986651861,336.4418087098822,273.47435034773497,304.9580795288086,18.103893886577577
2022-01-26,286.4377136230469,0.028094720772591546,35.96676234468207,-9.076708351649017,-7.122512059651292,333.1040072445828,272.5123501772922,302.8081787109375,18.320074475596257
2022-01-27,289.4593811035156,0.010493872038121065,39.197969513862596,-8.679489329706257,-7.433907513662286,328.7221960389605,272.82894837021917,300.7755722045898,17.794842636753284
2022-01-28,297.587890625,0.02769463192684368,46.952775548464885,-7.620938175989352,-7.471313646127699,324.2265775178912,274.3260988737104,299.2763381958008,17.72239440048744
2022-01-31,300.21368408203125,0.008784889351531728,49.20647270182316,-6.49527567806058,-7.276106052514276,319.9752575733374,276.131148066311,298.0532028198242,17.653768630855417
2022-02-01,298.070556640625,-0.00716427564755512,47.43512012249298,-5.7102878681367315,-6.962942415638768,315.2712774839947,278.32610715956,296.79869232177737,17.5278721606452
2022-02-02,302.6078491210937,0.015107514219859052,51.42219276577899,-4.668245165416749,-6.504002965594365,312.00757752181784,280.0886444020102,296.048110961914,17.41654194880057
2022-02-03,290.820556640625,-0.03973130682891066,42.420294178731275,-4.738927403432285,-6.15098785316195,310.7998593244415,279.8357394304412,295.31779937744136,17.5935449462567
2022-02-04,295.3482666015625,0.015448791650461903,46.30840847939566,-4.379115514356215,-5.7966133854008035,309.9880548205312,279.8810339245859,294.93454437255855,17.373611996857367
2022-02-07,290.5309753417969,-0.0164450264820483,42.98278467706162,-4.431592505011736,-5.5236092093229905,308.9566798077201,279.6487309588814,294.30270538330075,17.166582419265648
2022-02-08,294.0158996582031,0.011923648056220357,46.00379118980136,-4.144204817122386,-5.24772833088287,307.8499676833215,279.8180529465612,293.83401031494134,17.294323118619584
2022-02-09,300.43572998046875,0.02160000781698809,51.13969321626043,-3.35969290127764,-4.870121244961824,307.19464366621304,280.1094243269509,293.65203399658196,17.2586397500731
2022-02-10,291.9114074707031,-0.02878349700291553,45.01689427928069,-3.3867626500270376,-4.573449525974867,304.8277400454624,280.9423344174281,292.88503723144527,17.630718674080345
2022-02-11,284.8255615234375,-0.024573429110074766,40.65910513380946,-3.934628225039603,-4.445685265787815,304.8629258025658,279.9649336945044,292.4139297485351,17.4835646875054
2022-02-14,284.78692626953125,-0.00013565451879467223,40.63600691677321,-4.322110582126982,-4.420970329055649,304.1101782246806,279.25030151164736,291.680239868164,17.40896610330699
2022-02-15,290.067626953125,0.01837281865288665,45.21699299403118,-4.15518632779623,-4.367813528803765,304.0230387896999,279.1269917278781,291.575015258789,17.113504392335177
2022-02-16,289.72900390625,-0.0011680753814472815,44.9773090298038,-4.004065330817127,-4.295063889206438,303.87952308598904,278.96055259760476,291.4200378417969,17.2161111282366
2022-02-17,281.2451477050781,-0.02971931603747161,39.349515456718905,-4.5168101688236675,-4.3394131451298845,304.19031692079653,277.6584227032269,290.9243698120117,17.29556844107718
2022-02-18,278.53643798828125,-0.009677813373958323,37.72641973316655,-5.083139119954183,-4.488158340094744,304.7808374589314,276.34341486040455,290.56212615966797,17.349605827462494
2022-02-22,278.3333435058594,-0.0007294146609341456,37.601184475627136,-5.485117896560666,-4.687550251387928,305.3009140027495,275.0457138048677,290.1733139038086,17.546877043654604
2022-02-23,271.1263427734375,-0.02623455099684449,33.36812864387784,-6.312467504789595,-5.012533702068262,306.4169080152897,273.19212213607744,289.8045150756836,17.448115939446225
2022-02-24,284.9792175292969,0.04983133492605495,45.96111834866016,-5.783666305586621,-5.166760222771933,306.4188490724153,273.0443314695769,289.7315902709961,17.85838112526294
2022-02-25,287.6104736328125,0.009190785884108321,47.97246971370935,-5.093551872818466,-5.15211855278124,306.35321709629034,272.92507269863154,289.63914489746094,17.298186569715902
2022-02-28,289.0421447753906,0.004965464608889296,49.08294701366386,-4.380610367135546,-4.997816915652102,305.5018826889318,272.92183252102916,289.2118576049805,17.360158750910173
2022-03-01,285.3274230957031,-0.01293513334348362,46.32035923601976,-4.0684475508959395,-4.81194304270087,303.98291529898603,272.9521738123421,288.46754455566406,17.25649903495266
2022-03-02,290.3964233398437,0.017609592742474853,50.421106471863595,-3.3731467773762915,-4.524183789635955,302.9659011343403,273.20177464690966,288.083837890625,17.277269845750787
2022-03-03,286.26580810546875,-0.014326188385728937,47.25327255059375,-3.1194628079606446,-4.243239593300893,300.4936246827821,274.0398469969054,287.26673583984376,17.122928291294365
2022-03-04,280.4034729003906,-0.020691237560400342,43.11326150478228,-3.352808799188665,-4.0651534344784475,300.2019642094569,273.2897990962072,286.74588165283205,17.292325516990708
2022-03-07,269.8107604980469,-0.03850871438786232,36.83361533400973,-4.34242378396516,-4.120607504375791,300.26767869374424,270.6703340015683,285.46900634765626,17.580359844536694
2022-03-08,266.8505859375,-0.011031927684364748,35.286824133239804,-5.3044161297572145,-4.357369229452075,301.0385401318999,267.5314336229829,284.2849868774414,17.69002899761548
2022-03-09,279.08795166015625,0.0448380725357208,45.47978199952454,-5.021464535282632,-4.490188290618187,299.7893460689539,267.28783288612425,283.53858947753906,17.376684501711924
2022-03-10,276.2727966308594,-0.01013819990140826,43.77173303210282,-4.967124917614967,-4.585575616017543,296.7854524871364,267.87543313298073,282.33044281005857,17.237425213865013
2022-03-11,270.93292236328125,-0.019517499880751486,40.652935031046766,-5.293918606968646,-4.727244214207763,295.853325828122,266.709711281253,281.2815185546875,17.119069421344562
2022-03-14,267.4212951660156,-0.013045971921810468,38.70009104668744,-5.769753796905434,-4.935746130747297,296.12588828445,264.6967221891828,280.4113052368164,17.238492294812588
2022-03-15,277.7818908691406,0.03801094117401798,46.81730494130274,-5.250320698208839,-4.998661044239606,295.67695498558686,264.44515194800687,280.06105346679686,17.349054075945464
2022-03-16,284.7856750488281,0.02490063944985603,51.49337422541617,-4.224818299446326,-4.843892495280951,294.86950597553454,264.72440576762955,279.79695587158204,17.448515212288434
2022-03-17,285.5886535644531,0.0028156212712440866,52.01430289294529,-3.3091606604292565,-4.536946128310612,294.19458397787463,264.9852927311097,279.5899383544922,17.24356409624547
2022-03-18,290.6286926269531,0.017493980813620132,55.26195049822684,-2.151999443559191,-4.059956791360328,295.4683833696932,264.64984783147867,280.0591156005859,17.585753408796375
2022-03-21,289.40008544921875,-0.004236372613366542,54.29723635639436,-1.3188759921718543,-3.511740631522634,296.54232050151415,264.66227544575145,280.6022979736328,17.160179950556433
2022-03-22,294.1402282714844,0.016246511075224377,57.38801075736983,-0.2729829661785743,-2.863989098453822,298.3913110977102,264.39397332611793,281.39264221191405,17.133315497295364
2022-03-23,289.71929931640625,-0.015144099697144402,53.73785054430968,0.19689311151563516,-2.251812656459931,298.9873271634534,265.65725291467163,282.3222900390625,17.062600631080844
2022-03-24,294.178955078125,0.015275752064745443,56.72785389707255,0.9185418586608307,-1.6177417534357788,300.24487411773487,265.31967971527297,282.7822769165039,17.0135508630865
2022-03-25,293.7726135253906,-0.0013822281940477673,56.370357851640485,1.4410537519763125,-1.0059826523533606,301.1199114272092,265.06085639505636,283.0903839111328,16.93197710797622
2022-03-28,300.5636291503906,0.02285343111199165,60.81487238675107,2.375740342158167,-0.32963805345105507,303.1725001538695,264.1604161058961,283.6664581298828,17.20254819527708
2022-03-29,305.11993408203125,0.015045449991119474,63.50134418370642,3.444436607164846,0.4251768786721252,306.39720459932516,262.9149627590733,284.65608367919924,17.229736070444414
2022-03-30,303.6205444335937,-0.0049262131682296815,61.99506813031534,4.122871981215894,1.164715899180879,308.5468897846027,262.0876896831707,285.3172897338867,17.15354095749908
2022-03-31,298.2515563964844,-0.01784143325084006,56.79954676587858,4.179130029364387,1.7675987252175807,309.8567687312141,261.9763855656609,285.9165771484375,17.32472794570248
2022-04-01,299.32537841796875,0.0035939244463448687,57.56552318253149,4.261242450233112,2.266327470220687,311.3742395303105,262.35110531832237,286.86267242431643,17.115431701569676
2022-04-04,304.6943054199219,0.01777779284003463,61.26368006622695,4.705304849072547,2.754122945991059,312.973508206823,264.2401911339973,288.60684967041016,17.00555887433047
2022-04-05,300.7377014160156,-0.013070535708591695,57.300492693969375,4.6839687470076115,3.14009210619437,312.95020891621346,267.65220197245844,290.30120544433595,16.957794756654238
2022-04-06,289.72900390625,-0.0372924441682083,47.996863042416535,3.735687170570827,3.2592111190696613,312.8646768001908,268.8018393130904,290.8332580566406,17.507146235203116
2022-04-07,291.5379943847656,0.006224321436389679,49.4493291496296,3.094466518707577,3.2262621989972446,312.53456947758167,270.65846641109016,291.5965179443359,17.262675107014342
2022-04-08,287.2815246582031,-0.014707681115607994,46.18091592939921,2.217273647821628,3.0244644887621215,311.11199554743393,273.7159005707301,292.41394805908203,17.008531035528012
2022-04-11,275.9535522460937,-0.04023009453234383,38.82587457794424,0.601090281371512,2.539789647284,309.4052831965352,276.27583862963667,292.84056091308594,17.358476591849588
2022-04-12,272.8580322265625,-0.0112809311424174,37.08760364790862,-0.9189363495291332,1.8480444479213736,310.21420312909424,274.9745328328198,292.59436798095703,17.248423023834395
2022-04-13,278.2366027832031,0.019520209418718466,41.9506821175222,-1.6703084364625624,1.1443738710445865,310.7214304280895,273.8123983072621,292.2669143676758,16.90232595352504
2022-04-14,270.7006530761719,-0.02745823170461252,37.56882270211789,-2.841113798165452,0.3472763372025789,312.180762881519,270.86426580500444,291.5225143432617,17.155598235593303
2022-04-18,271.36822509765625,0.0024630536297386464,38.184792703070556,-3.6727804724505404,-0.45673502472804506,313.10289253349464,268.01608940009913,290.5594909667969,16.84940534074044
2022-04-19,275.9922790527344,0.01689622808627128,42.42240306295759,-3.913645722582771,-1.1481171642989905,313.3561862670014,266.42201502694394,289.8891006469727,16.919994136945373
2022-04-20,277.0176696777344,0.003708402723939456,43.34982650419984,-3.975960319152648,-1.713685795269722,313.0889909339417,264.97695450062855,289.03297271728513,16.946940045806898
2022-04-21,271.64874267578125,-0.019571449087625543,39.74038929674852,-4.407762680505357,-2.2525011723168493,313.40352238171255,262.8553673887953,288.1294448852539,17.198360686758924
2022-04-22,265.08990478515625,-0.02444081272591653,35.816967331359606,-5.2190505995579315,-2.845811057765066,313.7659324380846,259.5840523031264,286.6749923706055,17.196702525770444
2022-04-25,271.5616455078125,0.024120137088595492,41.91101168874636,-5.278934460261269,-3.3324357382643064,313.2448991020821,257.88398883737096,285.56444396972654,17.390070063632198
2022-04-26,261.4042663574219,-0.03812104663759309,36.11512671590223,-6.075968477535639,-3.881142286118573,312.33955569886865,254.8733959612876,283.6064758300781,17.65535851271101
2022-04-27,273.98016357421875,0.04698758581220118,46.06087588030992,-5.627978046680937,-4.230509438231046,309.205584460012,254.89339014936297,282.0494873046875,17.966199236835596
2022-04-28,280.18096923828125,0.022380005050568325,50.17940550780037,-4.718200726836187,-4.328047695952074,306.0657047370354,255.68931235280832,280.87750854492185,17.331422598551928
2022-04-29,268.46600341796875,-0.042711423863916805,43.43214912277248,-4.8861707470757665,-4.4396723061768135,303.7601033492336,255.01635844275864,279.3882308959961,17.4284238029326
2022-05-02,275.1893310546875,0.02473504809831042,47.7725372075366,-4.425754504196732,-4.436888745780798,300.717748977105,255.64510807855913,278.18142852783205,17.375166498632247
2022-05-03,272.58709716796875,-0.00950115166819223,46.29202564281378,-4.222179188013229,-4.393946834227284,295.4344183433271,257.71771788714165,276.57606811523436,17.072783718642107
2022-05-04,280.51959228515625,0.028685384572816094,51.25157538997892,-3.3817752222475406,-4.191512511831336,290.78707059340786,260.34325472397495,275.5651626586914,17.330015821145608
2022-05-05,268.3016662597656,-0.04453160239493058,44.444047323244234,-3.659449687308438,-4.085099946926757,288.48471935065214,260.5028722020822,274.49379577636716,17.582748247979282
2022-05-06,265.76708984375,-0.009491644720392272,43.16322557117338,-4.037486208080395,-4.075577199157485,285.1897751397672,261.2207259588656,273.2052505493164,17.4472983871843
2022-05-09,255.9482269287109,-0.03764513766024264,38.530655650496065,-5.070928544265712,-4.274647468179131,284.0593792217281,259.21779210395556,271.6385856628418,17.68098690168824
2022-05-10,260.707763671875,0.018424915128425288,41.79187401307271,-5.443139084052973,-4.5083457913539,284.03167347631944,257.72091899194226,270.87629623413085,17.48766088224607
2022-05-11,252.04969787597656,-0.0337738187343924,37.85718430827833,-6.363398868641127,-4.879356406811346,285.40182043088913,254.26993860231394,269.83587951660155,17.70683891876705
2022-05-12,247.01934814453125,-0.0201596157318031,35.75112619062757,-7.413164218406507,-5.386117969130378,286.35212680457175,250.1979067647642,268.27501678466797,17.747998735862947
2022-05-13,252.6011505126953,0.022345098459011496,39.75606886738024,-7.705877460581007,-5.850069867420505,286.7043353203519,248.0357479926364,267.37004165649415,17.368716355014357
2022-05-16,252.9687347412109,0.0014541384050316282,40.021221229712275,-7.818071971570248,-6.2436702882504544,286.7120665064361,246.18806777090774,266.4500671386719,17.298315606727307
2022-05-17,258.1151123046875,0.020139754147067965,43.75376664595386,-7.406341575155466,-6.476204545631457,285.6221209626619,245.49029663987716,265.5562088012695,17.176885480126792
2022-05-18,246.36328125,-0.046598457486532435,37.94654619014966,-7.936826031612895,-6.768328842827746,285.0626146003309,242.98436415943465,264.0234893798828,17.260916226182573
2022-05-19,245.45184326171875,-0.0037064294539602507,37.530498164035116,-8.33470690076166,-7.08160445441453,284.9800241988951,240.44726461946425,262.71364440917966,17.30265016472125
2022-05-20,244.88946533203125,-0.002293823369218115,37.25904881642345,-8.596316568693624,-7.384546877270348,285.3085384550996,238.0987064179473,261.70362243652346,17.484169472969054
2022-05-23,252.7337188720703,0.03152949305887247,43.40757228416239,-8.077565267512512,-7.5231505553187805,284.2130314827619,237.31142072671076,260.7622261047363,17.317319225524717
2022-05-24,251.7350006103516,-0.003959490560811368,42.832046724037696,-7.658753992393599,-7.550271242733745,284.07004890729263,236.487476727473,260.2787628173828,17.184319070855064
2022-05-25,254.54689025878903,0.011108114322848094,45.041446853395314,-7.019035967369291,-7.444024187660855,282.3167699804636,236.29742832275903,259.30709915161134,17.16709397122345
2022-05-26,257.82427978515625,0.012793203121659928,47.5841677319441,-6.176399193895065,-7.1904991889076975,278.99590705489317,237.38262230301697,258.18926467895506,17.03447041930131
2022-05-27,264.9413452148437,0.027230195902197853,52.7017629526676,-4.878084260811818,-6.728016203288521,278.51058394482124,237.51547959277644,258.01303176879884,17.108038288146382
2022-05-31,263.6129150390625,-0.005026666410006227,51.687360574566576,-3.9112668855432275,-6.164666339739463,276.49281079417943,238.37561114185567,257.43421096801757,17.448552222888353
2022-06-01,264.1463317871094,0.0020214403931071447,52.08616379598156,-3.0666642795991947,-5.545065927711409,275.00178291403245,239.02256248391677,257.0121726989746,17.046006645306036
2022-06-02,266.2406311035156,0.007897291402544792,53.70207038025546,-2.202924237968489,-4.876637589762825,271.2338414972987,241.3626077824864,256.29822463989257,17.599886560878392
2022-06-03,261.819091796875,-0.016746752122261923,49.877526588183336,-1.8538156686967682,-4.272073205549614,270.0706895081716,241.87750232532449,255.97409591674804,17.149820029723987
2022-06-06,260.5877380371094,-0.004714165167239013,48.83446705864344,-1.6573991047335994,-3.7491383853864106,269.2326253385112,242.19763131432083,255.71512832641602,16.924584954234987
2022-06-07,264.2237854003906,0.013856805275103143,52.02491259545965,-1.1945686839908944,-3.2382244451073077,270.17283442169116,242.08497807830886,256.12890625,16.944929880777664
2022-06-08,262.1973876953125,-0.007698807789758179,50.14815313733861,-0.9799888985264147,-2.786577335791129,270.364871135045,242.04190376729872,256.20338745117186,16.670387599219417
2022-06-09,256.7480163574219,-0.021002485447074594,45.40460257460584,-1.235410553409963,-2.476343979314896,270.464901937612,242.41170481287622,256.4383033752441,17.090377264260518
2022-06-10,245.3064117431641,-0.04558703351274502,37.40446805312682,-2.3341690778502766,-2.447908999021972,270.6399092869761,242.06540382337542,256.35265655517577,17.26304433385849
2022-06-13,234.90223693847656,-0.04333867473795839,31.90023643410062,-3.9983822187076044,-2.7580036429590984,272.63549393854424,238.29992781438546,255.46771087646485,17.647099800933592
2022-06-14,237.06455993652344,0.009163094276165766,34.07165236397297,-5.084194301088331,-3.2232417745849453,273.7002637187695,235.64474055369138,254.67250213623046,17.170716390677622
2022-06-15,244.11370849609372,0.02930162633181339,40.708895615059326,-5.314636995625023,-3.6415208187929613,273.4908400961207,234.4540237954809,253.9724319458008,17.31539728241101
2022-06-16,237.5299530029297,-0.027340401737378645,36.965749554251595,-5.9598174709061595,-4.1051801492156015,274.143249101529,232.9182819653655,253.53076553344727,17.31713232260176
2022-06-17,240.12852478027344,0.010880566490604378,39.336682740269346,-6.19008912632799,-4.522161944638079,274.4459616284101,232.08323759033993,253.264599609375,17.5786808478685
2022-06-21,246.0335998535156,0.024293811455722923,44.44999391450332,-5.828898945943109,-4.783509344899086,274.41392006136107,232.22969260953738,253.32180633544922,17.214315112430807
2022-06-22,245.442138671875,-0.002406879610971154,44.04949393543749,-5.526671076132061,-4.932141691145681,274.34217998064366,231.5722746702352,252.95722732543945,17.071292920345673
2022-06-23,250.99810791015625,0.022384169131892888,48.72328462346535,-4.78368963119064,-4.902451279154673,274.3167380638301,231.5240273170293,252.92038269042968,17.068262106174608
2022-06-24,259.5696716308594,0.03357974980033307,54.97253147577075,-3.4632952150558083,-4.614620066334901,274.7652596934963,231.57778382457008,253.1715217590332,17.339609733539266
2022-06-27,256.84490966796875,-0.010552712286790342,52.770848653029525,-2.6066903423026133,-4.213034121528443,274.67627010740784,231.56883639893982,253.12255325317383,17.01887067435513
2022-06-28,248.6903839111328,-0.0322637537641629,46.73785807393218,-2.5563587748241616,-3.8816990521875865,273.20285699042324,231.41715338555335,252.31000518798828,17.122232448039618
2022-06-29,252.35557556152344,0.01463042245324337,49.530713146434096,-2.195412956115291,-3.5444418329731278,271.95312163765635,231.54115479056628,251.74713821411132,16.8147268054269
2022-06-30,249.02972412109372,-0.013266843778948724,47.1164046841868,-2.1529117833592295,-3.2661358230503486,270.35789400804185,231.62472165357923,250.99130783081054,17.27280155899612
2022-07-01,251.69622802734372,0.01065065272256133,49.25219918303152,-1.8823659741958636,-2.989381853279452,268.26370875445525,232.26446659954863,250.26408767700195,16.943923280943295
2022-07-05,254.8668975830078,0.012518522578753187,51.74765757618535,-1.396017515576773,-2.670708985738916,267.2320401395173,232.60091579309986,249.9164779663086,16.94843630428455
2022-07-06,258.1248779296875,0.012702052181751603,54.2377889888783,-0.7391703762901898,-2.284401263849171,266.8220107631645,232.7646591587105,249.7933349609375,16.986220865530562
2022-07-07,260.24835205078125,0.008192884493873114,55.837497077446336,-0.046729008200173894,-1.8368668127193715,265.99523290071124,233.19389368620284,249.59456329345704,16.85333926160042
2022-07-08,259.53082275390625,-0.002760902273277912,55.13612682002391,0.4390757551760487,-1.3816782991402876,265.4691729961863,233.45329709658714,249.46123504638672,16.794035684048346
2022-07-11,256.4765014648437,-0.011838424832821702,52.13417529736284,0.5710387489481548,-0.9911348895225991,265.4300177516714,233.4653008518442,249.44765930175782,16.78362499588173
2022-07-12,245.9656982421875,-0.04184496002124926,43.38087886990743,-0.1705476383534119,-0.8270174392887617,265.42970280320833,233.53154445020968,249.480623626709,17.39537005883876
2022-07-13,245.0445556640625,-0.0037520343065425735,42.7041804617331,-0.8231005105528766,-0.8262340535415847,264.57164099990194,235.4038381260746,249.98773956298828,17.19981271573395
2022-07-14,246.36328125,0.005367145790128166,44.04976498167104,-1.2197823379215151,-0.9049437104175708,263.84617896996497,237.0591722873593,250.45267562866212,17.038489991501404
2022-07-15,248.923095703125,0.010336796508356599,46.66803463751818,-1.3124705672297523,-0.9864490817800071,263.7765517238985,237.60973825412887,250.69314498901366,17.20914947963479
2022-07-18,246.52810668945312,-0.009667986098476546,44.56666563319177,-1.5611858754167827,-1.1013964405073624,262.86898756629364,239.41711778038604,251.14305267333984,16.858841857993347
2022-07-19,251.6477203369141,0.020554164253941874,49.77306885554499,-1.3298547760460337,-1.1470881076150967,262.23630277380784,241.20172212853592,251.71901245117186,17.03489029584698
2022-07-20,254.3044586181641,0.01050203086354124,52.27792278688954,-0.9215238834359241,-1.1019752627792623,262.3548621633898,241.9102486154188,252.1325553894043,16.941757848201526
2022-07-21,256.7964782714844,0.009751652644644691,54.56671954777644,-0.3923112301752667,-0.9600424562584632,262.61462495722003,242.78591978154955,252.70027236938478,16.924781360877894
2022-07-22,252.4525451660156,-0.017060566709761187,50.0596710469889,-0.3197397270007514,-0.8319819104069208,262.6560640184873,242.88992444586813,252.77299423217772,16.901142994445035
2022-07-25,250.96897888183597,-0.005893949734230322,48.583747351442796,-0.3775851220891866,-0.7411025527433741,261.7161310159966,242.96978817345652,252.34295959472655,16.86269616059958
2022-07-26,244.24948120117188,-0.027139174509479284,42.47534831959959,-0.9546309289825103,-0.7838082279912014,261.4963339787791,241.93004236399437,251.71318817138672,17.487955731029036
2022-07-27,260.5780944824219,0.06471243627480167,56.716767164752575,-0.09328591845468281,-0.6457037660838978,262.740371771898,241.87477562800433,252.30757369995118,17.64402153290537
2022-07-28,268.0151062011719,0.028140742197600998,61.40360425497679,1.1758860179953672,-0.2813858092680448,265.66846560814633,240.5126348557209,253.0905502319336,17.32584036268908
2022-07-29,272.2135314941406,0.015543455224757915,63.787520931481104,2.49176820219742,0.27324499302504823,269.28508453755995,239.21439666361195,254.24974060058594,17.286010127714512
2022-08-01,269.5665283203125,-0.00977158235342248,61.22013407772464,3.2831768602589193,0.8752313664718225,271.59675386845265,238.6897573620161,255.14325561523438,16.88540370584407
2022-08-02,266.4733581542969,-0.01154094900958581,58.26875262065833,3.6190626405365265,1.4239976212847634,272.93720834810216,238.50994893949547,255.72357864379882,16.940260345654455
2022-08-03,273.8910217285156,0.02745602714796164,62.889156089025406,4.4327005866684885,2.0257382143615086,275.5372382354664,237.48653343201403,256.5118858337402,16.97331495371252
2022-08-04,275.0351867675781,0.0041687450092057765,63.55936575436311,5.110923532347556,2.6427752779587186,277.9625168135201,236.53993832564004,257.25122756958007,16.71135072570481
2022-08-05,274.3177185058594,-0.002612050151224689,62.793551218707435,5.526816707858188,3.219583563938613,280.05594928250156,235.92519543185387,257.9905723571777,16.63537645514421
2022-08-08,271.8063659667969,-0.009197068258147059,60.065462152306,5.589339458115319,3.693534742773954,281.6504918264275,235.86363933812325,258.7570655822754,16.746128197793034
2022-08-09,273.72625732421875,0.007038623179450886,61.44452240647242,5.727782069215209,4.100384208062205,283.13911003785506,237.15107703489886,260.145093536377,16.968468820587997
2022-08-10,280.3778686523437,0.02400967813848349,65.84521496952343,6.301587502158554,4.540624866881474,285.44386299116303,238.37965538041905,261.911759185791,17.02181979295635
2022-08-11,278.3028259277344,-0.007428401541947365,63.41356007023283,6.513806726550911,4.935261238815362,286.9328119662974,240.0846608730581,263.50873641967775,16.814532464736796
2022-08-12,283.0443115234375,0.016893640477398872,66.4614165410708,6.984082101141723,5.345025411280634,289.13109712842044,241.29849729296626,265.21479721069335,16.93433181017408
2022-08-15,284.5569763183594,0.005330038562170718,67.39462048605489,7.3936092061723,5.754742170258967,290.8230791551043,243.40940222917303,267.11624069213866,16.71063218402161
2022-08-16,283.8200988769531,-0.00259291898429451,66.42500247309067,7.571423874831339,6.118078511173442,292.3783140738759,245.07140516440532,268.7248596191406,16.711582759636283
2022-08-17,283.0718078613281,-0.0026399793023364326,65.39606959860556,7.564760598319708,6.407414928602696,293.6223382100231,246.70411595257454,270.1632270812988,16.719861976795006
2022-08-18,281.9544372558594,-0.003955115613493957,63.80667057309913,7.38419700747329,6.602771344376816,294.55816992045294,248.28408014058226,271.4211250305176,16.65961735235307
2022-08-19,278.04815673828125,-0.013951163503517067,58.45765848330047,6.84696729235975,6.651610533973403,294.193314453707,251.20849676455478,272.70090560913087,16.839344310243625
2022-08-22,269.8860168457031,-0.029794614332975183,49.1803068164989,5.696921828491213,6.460672792876966,292.6309144667197,254.66260054792872,273.6467575073242,17.036827441024165
2022-08-23,268.6130676269531,-0.004727776245197566,47.90345307886106,4.6294210649504635,6.094422447291666,288.18963084777386,261.5402428094527,274.8649368286133,16.6792759857803
2022-08-24,267.9815368652344,-0.002353847944127857,47.24805975743896,3.6899246103589576,5.613522879905124,287.23403230928346,263.2361855862244,275.23510894775393,16.71346466373547
2022-08-25,270.95489501953125,0.01103428214109437,50.67008314431631,3.14899243049058,5.120616790022217,287.07678402307954,263.6874127542642,275.38209838867186,16.623912813294453
2022-08-26,260.49951171875,-0.03935138119339334,40.67752889029956,1.855251542719543,4.467543740561682,288.2067437534021,261.38605104640254,274.79639739990233,17.131487721190506
2022-08-29,257.7205505371094,-0.010725126340209692,38.50403536736169,0.5988109062697617,3.6937971737032984,289.50077345238486,258.90742356909954,274.2040985107422,16.828026248720445
2022-08-30,255.5244903564453,-0.00855760273397262,36.82930921734814,-0.5675882495916085,2.8415200890443173,290.7914997936848,256.52181044801443,273.6566551208496,16.940827113289764
2022-08-31,254.06695556640625,-0.005720420844189559,35.71887037273012,-1.5912360814566,1.9549688549441342,291.9072128946749,253.42369073081338,272.66545181274415,17.026023551634673
2022-09-01,253.0272216796875,-0.004100758361681961,34.91025490499051,-2.458047358565352,1.072365612242237,292.66378097282586,250.4663261438734,271.56505355834963,16.962391911047174
2022-09-02,248.8101501464844,-0.016806922069846283,31.768880554770064,-3.445565634064849,0.16877936298081986,293.65032167394435,246.92902860681733,270.28967514038084,16.944698014988944
2022-09-06,246.0797119140625,-0.011034640825310178,29.89325576839174,-4.397809319916462,-0.7445383735986365,294.72614826257086,243.28053661291742,269.00334243774415,16.875540745587276
2022-09-07,250.78268432617188,0.018931248997335736,36.813093397034855,-4.718585812197034,-1.539347861318316,294.71354184904493,240.9987857266387,267.8561637878418,16.99882971047579
2022-09-08,251.2004852294922,0.0016646016246473164,37.404196110754825,-4.882804521129799,-2.2080391932806127,293.5588643833134,239.23572485008512,266.39729461669924,16.827111308615443
2022-09-09,256.97235107421875,0.0227171295006698,45.051730141835215,-4.49538766420568,-2.6655088874656263,292.197518351131,238.46402339691582,265.3307708740234,16.910395664320255
2022-09-12,259.1003112792969,0.008246793215138428,47.59381866171271,-3.9708746384132496,-2.926582037655151,289.78318732363425,238.4839543999985,264.1335708618164,16.74658168952973
2022-09-13,244.8553924560547,-0.056547487539747664,35.69045110294631,-4.651026052670261,-3.271470840658173,287.2829105156486,237.01407282175373,262.1484916687012,17.322667305937404
2022-09-14,245.0788726806641,0.0009122866311325502,35.96105079217955,-5.11307758663304,-3.6397921898531465,284.26150751916964,236.1613531986038,260.21143035888673,16.989932843896426
2022-09-15,238.4325408935547,-0.02749366513239437,31.69028654526096,-5.947006793277751,-4.1012351105380676,281.3732109481273,234.58572307286886,257.97946701049807,17.26647860707236
2022-09-16,237.8106842041016,-0.002611510296011937,31.31554983269055,-6.582204776066533,-4.597429043643761,277.93942678112904,233.60513193469126,255.77227935791015,17.49917144400759
2022-09-19,237.59689331054688,-0.0008994005063363018,31.179045490161556,-7.021910676870505,-5.08232537028911,274.70772547051956,232.79170690252732,253.74971618652344,17.104915710698904
2022-09-20,235.58546447753903,-0.008501758002490077,29.86024254244431,-7.446843689228984,-5.555229034077085,273.0465382274169,231.02283890881358,252.03468856811523,17.09868616297368
2022-09-21,232.18460083007807,-0.01454100560483671,27.724951306293548,-7.96619806464372,-6.037422840190412,271.4881396868284,228.93839076971463,250.2132652282715,17.16981201525146
2022-09-22,234.15711975097656,0.008459593458593621,30.81518423941118,-8.124964820185937,-6.454931236189517,269.21951493399456,227.8245738111226,248.52204437255858,17.251470042033205
2022-09-23,231.1837615966797,-0.012779442938834323,28.815162882772967,-8.393953500566795,-6.842735689064973,265.7449219341697,227.32205346866232,246.53348770141602,17.347034230562304
2022-09-26,230.72705078125,-0.0019774854886258526,28.50908503521599,-8.545474799525465,-7.183283511157072,264.31360058020687,225.77612872887516,245.04486465454102,17.136733599060253
2022-09-27,229.7164764404297,-0.004389576153214949,27.805284145856476,-8.647419356672202,-7.476110680260098,263.10406505791104,224.18525684150302,243.64466094970703,17.112039813841033
2022-09-28,234.24456787109372,0.019519894017323507,35.48995831741975,-8.267529088096921,-7.6343943618274634,261.627778640645,223.53355101023388,242.58066482543944,17.183830036257795
2022-09-29,230.775634765625,-0.014919770943901949,32.62489277971345,-8.152401414998735,-7.737995772461717,260.3540260091074,222.4781715616934,241.41609878540038,17.129121888452307
2022-09-30,226.30584716796875,-0.019558570022773652,29.338342435293256,-8.32586106449267,-7.855568830867909,259.33654831129496,220.82351180833393,240.08003005981445,17.390515605892652
2022-10-03,233.9239196777344,0.03310854247735202,40.364816395658956,-7.759171403750287,-7.836289345444385,258.32029292543996,220.35114414731396,239.33571853637696,17.178673756934053
2022-10-04,241.8334197998047,0.033253208292492946,49.22410832390068,-6.595802897376728,-7.588192055830854,257.88407007624335,220.3627377850848,239.12340393066407,17.367664982362097
2022-10-05,242.14434814453125,0.0012848870675364883,49.54145004936365,-5.584362599671351,-7.187426164598954,256.7048071322141,220.67816711094994,238.69148712158204,16.82844900270246
2022-10-06,239.8026123046875,-0.009717892054307259,47.15129792303016,-4.915089298383492,-6.732958791355863,255.16360073742447,221.07958621325912,238.1215934753418,16.823166511067228
2022-10-07,227.60797119140625,-0.05219141176677657,37.110477934183116,-5.307509344321318,-6.447868901948954,251.8129773499528,221.49377161244956,236.65337448120118,17.447015130693206
2022-10-10,222.7592315673828,-0.02153321533146399,34.00935850197315,-5.9412705543734035,-6.346549232433844,247.1032030650305,222.56943792618043,234.83632049560546,17.20812457438324
2022-10-11,219.0279235839844,-0.016892282478633492,31.80665111870603,-6.6677545261169655,-6.410790291170469,246.77118604812458,220.31870805587934,233.54494705200196,17.232384451826295
2022-10-12,219.3583221435547,0.0015073402751469788,32.22524038188409,-7.1345947382452835,-6.555551180585432,245.7620200681682,218.7558189821248,232.2589195251465,16.90217530677773
2022-10-13,227.60797119140625,0.0369181575349506,41.82697550962916,-6.760955154320669,-6.59663197533248,245.04549612206972,218.3898859580084,231.71769104003906,17.56623273876241
2022-10-14,222.08872985839844,-0.024547738381506645,37.953003485557886,-6.831451026479272,-6.643595785561839,244.59659032635238,217.26659631915544,230.9315933227539,17.223306156768775
2022-10-17,230.80479431152344,0.03849532093172789,46.39644237725391,-6.113532952548212,-6.5375832189591145,243.8922527420474,217.2917240035581,230.59198837280275,17.15278437603037
2022-10-18,231.74729919433597,0.0040752434177287605,47.23264549292723,-5.406206061209247,-6.311307787409142,243.50632022334221,217.29383999394295,230.40008010864258,17.08620437754073
2022-10-19,229.7845001220703,-0.008505636701624731,45.63602075249725,-4.9469999491306,-6.038446219753434,243.3614452540031,217.1987048924813,230.2800750732422,16.81052762581963
2022-10-20,229.4638519287109,-0.0013964045555370232,45.36622762176813,-4.556425786155955,-5.742042133033938,243.00172755082625,217.08909581343156,230.0454116821289,16.897925033502414
2022-10-21,235.2648162841797,0.024966248339950238,51.00903465302886,-3.7357403163104266,-5.340781769689237,243.40823309773143,217.0906957352764,230.2494644165039,17.085068128262076
2022-10-24,240.2495574951172,0.020966448497983847,55.28302493312271,-2.652537412096706,-4.80313289817073,244.62536282015247,216.82581668424206,230.72558975219727,17.030828099644975
2022-10-25,243.56304931640625,0.013697632440075103,57.911528992161266,-1.5093216875860378,-4.144370656053792,246.44009998284548,216.39573680914668,231.41791839599608,17.36442370257151
2022-10-26,224.77061462402344,-0.08029544682648451,42.61272781328124,-2.0955512043835824,-3.7346067657197506,246.186973102243,215.70146836504213,230.94422073364257,18.228832362733733
2022-10-27,220.3300018310547,-0.019953960823939385,39.928496919643166,-2.8852038269047,-3.5647261779567407,246.3876904792111,214.456187694617,230.42193908691405,17.514949093248866
2022-10-28,229.19178771972656,0.03943272321889519,47.091120512063306,-2.764074627482671,-3.404595867861927,246.42717396611573,214.70529826288816,230.56623611450195,17.520452836393186
2022-10-31,225.5577087402344,-0.01598311321248289,44.73545676503153,-2.927571445359604,-3.3091909833614626,246.07715090020383,214.21870023505005,230.14792556762694,17.16039508584685
2022-11-01,221.70977783203125,-0.017206821255023878,42.321376815286314,-3.329262056654187,-3.313205198020008,244.49491599934416,213.78857093913243,229.1417434692383,17.2362589339585
2022-11-02,213.8682861328125,-0.03600887936570414,37.840041122852,-4.231568716077334,-3.4968779016314735,243.24637452414598,212.20950621315873,227.72794036865236,17.463750318648437
2022-11-03,208.1838836669922,-0.026938594927091327,34.95085014944169,-5.343737734652905,-3.86624986823576,242.88076302930745,209.41324484422773,226.1470039367676,17.416484626491048
2022-11-04,215.12173461914065,0.03278233017834626,40.883617645726076,-5.600751132115903,-4.213150121011789,242.94449107571623,208.10089314059238,225.5226921081543,17.420712190794355
2022-11-07,221.4182586669922,0.02884941058787001,45.721999376748684,-5.236001862697151,-4.417720469348861,242.93245743154642,207.97882949472313,225.45564346313478,17.32699632337308
2022-11-08,222.38998413085935,0.004379039968060366,46.450409271482776,-4.813043544950091,-4.496785084469107,242.90381037651673,208.3436826044403,225.6237464904785,17.154566578559006
2022-11-09,218.15342712402344,-0.019233916590451157,43.69707752857297,-4.764775409996133,-4.550383149574513,242.94365029522845,208.18335318377547,225.56350173950196,17.142447684083308
2022-11-10,236.10044860839844,0.07905873477856239,55.681520655305086,-3.2409878307516067,-4.288504085809931,243.9826962153985,207.99355500530464,225.98812561035157,17.64996115701064
2022-11-11,240.113525390625,0.016854489795483076,57.84240970845758,-1.6900713477955378,-3.768817538207053,245.8416527506967,207.93707802322905,226.88936538696288,17.35994791358803
2022-11-14,234.71095275878903,-0.022757065135789345,54.023510066675,-0.8866802238277103,-3.1923900753311845,246.2857282374142,207.88361838123816,227.08467330932618,17.253467324913874
2022-11-15,235.11903381347656,0.0017371439413046582,54.26911212578206,-0.21458464115616493,-2.596828988496181,246.68451464137635,207.82200543919006,227.2532600402832,17.26200314639818
2022-11-16,235.54779052734372,0.001821912275493903,54.543862256681955,0.3486341958454773,-2.0077363516278495,247.2989342419646,207.78391487912918,227.5414245605469,16.99744439301597
2022-11-17,235.4990997314453,-0.00020673439132601218,54.50381472086238,0.7820453101102203,-1.4497800192802357,247.90631785601593,207.78005604535124,227.8431869506836,16.95636001764013
2022-11-18,235.0508575439453,-0.0019051848423431374,54.10994054631492,1.0769430136212463,-0.9444354126999392,247.87917897639016,207.78579905095359,227.83248901367188,17.133815377751034
2022-11-21,235.8596343994141,0.003434952775650046,54.74540888990405,1.360233179900888,-0.4835016941797739,247.17756529734265,208.04842042043077,227.6129928588867,17.08867382827268
2022-11-22,238.76341247558597,0.012236297105071795,57.04529048318074,1.79832334839125,-0.02713668566556915,246.21833756727378,208.52768446641764,227.3730110168457,16.79438661030144
2022-11-23,241.2481842041016,0.010353057884513683,58.96698359947259,2.319278081552852,0.44214626777811517,247.98054851450712,208.4132304771921,228.1968894958496,16.78636087725389
2022-11-25,241.16053771972656,-0.0003633702350566255,58.86694273941592,2.6940112374808507,0.8925192617186622,249.46653753021397,209.01029505035243,229.2384162902832,16.034801103446704
2022-11-28,235.57704162597656,-0.023424842720636368,52.72961262094454,2.5114975118548557,1.2163149117459011,249.98329574913782,209.1320622220536,229.55767898559571,17.02547483265979
2022-11-29,234.18362426757807,-0.005932473901087981,51.29240101718032,2.228725572738824,1.418797043944486,250.4232438765065,209.55470564741927,229.98897476196288,16.70345164194239
2022-11-30,248.6148376464844,0.059799335397611134,62.647524047734876,3.1329899290394394,1.7616356209634767,252.98013650371,209.68831900166106,231.33422775268554,17.678221484048954
2022-12-01,248.1763610839844,-0.0017652352838789993,62.17325265396635,3.7707773778044213,2.163463972331666,254.30168589015943,211.79757711032886,233.04963150024415,17.075202015732494
2022-12-02,248.49794006347656,0.001294929186735182,62.39808507280897,4.2531496009523835,2.5814010980558098,253.89655302458632,216.2341156155504,235.06533432006836,16.884888243135926
2022-12-05,243.8012237548828,-0.0190813194815494,57.06339829344869,4.20794078705282,2.906709035855212,253.18124499127717,219.81737256243375,236.49930877685546,16.969754033293157
2022-12-06,238.8511199951172,-0.02051280759780972,52.015876089366685,3.7296869629957996,3.0713046212833297,252.48289164163236,222.25901204489105,237.3709518432617,16.92741127553391
2022-12-07,238.1202850341797,-0.003064483636437001,51.29446828814946,3.254182893554429,3.10788027573755,251.52294425234834,224.79198952450713,238.15746688842773,16.83503264646555
2022-12-08,241.07278442382807,0.012322952648638006,54.066087366647686,3.080079281701302,3.1023200769303005,248.82453101958308,229.78233848725287,239.30343475341797,16.933982496101763
2022-12-09,239.1434326171875,-0.008035389556953767,51.984312085049254,2.75466429317612,3.032788920179464,248.8576782880167,230.05348961969815,239.45558395385743,16.841272445240786
2022-12-12,246.05213928222656,0.028479953381007016,58.192104964980594,3.0194392436147552,3.0301189848665224,249.6063447175114,229.89868457936362,239.7525146484375,17.23863579069406
2022-12-13,250.34933471679688,0.01731381958375915,61.52418148469671,3.5352706583273914,3.1311493195586966,251.1557890286197,229.9130784640561,240.5344337463379,17.557857340290727
2022-12-14,250.6416473388672,0.0011669377921420716,61.747519888716035,3.922442481206673,3.2894079518882924,252.51812086592673,230.10300797928812,241.31056442260743,17.38253026855398
2022-12-15,242.6416473388672,-0.03243856656443873,52.7269266354195,3.542905391084105,3.340107439727455,252.54924216938304,230.78127235698418,241.6652572631836,17.38674324526181
2022-12-16,238.43212890625,-0.017500957574953627,48.69573350058045,2.8693702416216524,3.2459600001062947,252.42165441649482,231.20216302735284,241.81190872192383,18.271043209546022
2022-12-19,234.3005523681641,-0.017479991976524858,45.054819099869725,1.9793879335445297,2.992645586793942,252.48958048108224,231.0592064451873,241.77439346313477,17.20653641797905
2022-12-20,235.6160125732422,0.005598711513370705,46.428235111154784,1.3644882164129228,2.6670141127177383,252.50622582132172,231.0181989223306,241.76221237182617,17.04040030290942
2022-12-21,238.17877197265625,0.010818119897624271,49.097702894901715,1.0716161027569342,2.3479345107255774,252.51446372098792,230.95149697237144,241.73298034667968,16.98058894516733
2022-12-22,232.09835815429688,-0.025860295063887404,43.55256383882747,0.3448984885674804,1.947327306293958,252.88806638600042,229.66291170237847,241.27548904418944,17.17072337109034
2022-12-23,232.62452697753903,0.0022644421650511648,44.14049302979423,-0.1864240493401894,1.5205770351671286,253.08951348245975,228.60786353170042,240.84868850708008,16.869841920975443
2022-12-27,230.89979553222656,-0.007441850713534296,42.57512038333582,-0.7381633148558251,1.068828965162538,253.44428170550313,227.78537069928203,240.61482620239258,16.63023646947641
2022-12-28,228.53195190429688,-0.010307796997140715,40.454032792495056,-1.350913361406839,0.5848804998486627,253.9809505111776,226.6835346572794,240.3322425842285,16.675257057934907
2022-12-29,234.8462371826172,0.02725495629114155,47.90713123858271,-1.3118894912157657,0.20552650163577707,252.91729613759375,226.37032898447657,239.64381256103516,16.79971165228248
2022-12-30,233.68663024902344,-0.004949959253372532,46.749857539626234,-1.3588691831622555,-0.10735263532382941,251.8080523173897,226.0305997211845,238.9193260192871,16.903753687778988
2023-01-03,233.45281982421875,-0.0010010306099920276,46.50591817294187,-1.3988424892795308,-0.3656506061149697,250.44354792124915,225.89059209339928,238.1670700073242,17.063556798982294
2023-01-04,223.2408447265625,-0.0447287904133093,37.34117771058197,-2.2288498737795805,-0.7382904596478919,250.79492409939502,223.48317801242138,237.1390510559082,17.73992449770697
2023-01-05,216.62445068359372,-0.03008599761375214,32.82735828794955,-3.381544074479052,-1.266941182614124,252.43702196446003,219.61841321620403,236.02771759033203,17.493975998991047
2023-01-06,219.17745971679688,0.011716507788968126,36.04012681459334,-4.042457111415672,-1.8220443683744336,253.09005250288538,217.0711001460404,235.0805763244629,17.590879609214404
2023-01-09,221.31146240234372,0.009689321451232918,38.680194554070056,-4.343964751064078,-2.3264284449123624,252.86974896968337,215.31527147709397,234.09251022338867,17.12495081025605
2023-01-10,222.99725341796875,0.007588413394306169,40.76043156492935,-4.3962057580770875,-2.740383907545308,252.53062588636388,214.03977664049157,233.28520126342772,17.112602228964015
2023-01-11,229.74024963378903,0.029789866436371003,48.31349423202424,-3.8491332790266597,-2.9621337818415783,250.79763157389618,214.14158198811555,232.46960678100587,17.17133745667639
2023-01-12,232.4101409912109,0.011554338651088968,50.9786455134172,-3.1636676868249936,-3.0024405628382613,247.8584592758076,215.28683491364552,231.57264709472656,17.121279456157836
2023-01-13,233.1117248535156,0.0030141844882280717,51.683678184908516,-2.534601998086231,-2.9088728498878558,244.33208301786755,217.0602189230504,230.69615097045897,16.875779837029686
2023-01-17,234.20309448242188,0.004670819618418946,52.82040243343362,-1.9257990863914642,-2.7122580971885775,242.83357181811635,217.71487483715708,230.27422332763672,17.211068769351474
2023-01-18,229.7792205810547,-0.019069726670126505,47.90090707130556,-1.779771941595584,-2.525760866069979,241.79941460241758,217.88374122033633,229.84157791137696,17.217664182280657
2023-01-19,225.9984130859375,-0.016590959892905467,44.11899866821345,-1.946683785692528,-2.409945449994489,241.30872674852998,217.54421514600125,229.4264709472656,17.169721183339032
2023-01-20,234.07644653320312,0.03511977908698894,52.70997591852367,-1.4108692143547614,-2.2101302028665435,241.08191598835572,217.61706930217161,229.34949264526367,17.381934229248476
2023-01-23,236.3760528564453,0.009776224556228775,54.83850332319694,-0.7915488125710795,-1.9264139248074508,240.73097139048036,217.78774198842586,229.2593566894531,17.27918186219637
2023-01-24,235.8498992919922,-0.0022283984172774348,54.236984869444505,-0.33927814038844417,-1.6089867679236494,241.23240073541092,217.66146675726486,229.4469337463379,17.510232933915823
2023-01-25,234.4564666748047,-0.00592565525523319,52.59170879318141,-0.09222562149804503,-1.3056345386385286,241.45572197552693,217.62133948687543,229.53853073120118,18.01311244067899
2023-01-26,241.657470703125,0.030251385724927148,59.439335415116595,0.6768241163191249,-0.9091428076469981,243.1657565536356,216.9870724258566,230.0764144897461,17.325696894529603
2023-01-27,241.8133850097656,0.0006449791552200764,59.57548245775303,1.2840804753515442,-0.4704981510472897,244.8107829544752,216.67018933556386,230.74048614501953,17.092613818398362
2023-01-30,236.5027313232422,-0.022206535554064242,53.04434347069459,1.321575841761387,-0.11208335248555434,245.01435345106682,216.63226825303474,230.82331085205078,17.06849408525763
2023-01-31,241.4723052978516,0.020795031860148142,57.71582930961395,1.7323251115184348,0.2567983403152435,246.14228015596615,216.28290905301822,231.21259460449218,17.094205070559497
2023-02-01,246.28598022460935,0.019738593305107556,61.69145143924736,2.4183924809951804,0.6891171684512309,248.22307742486745,215.485427824156,231.85425262451173,17.257846715966025
2023-02-02,257.8329162597656,0.045818381768479674,69.17773838398166,3.8494727250592575,1.3211882797728363,253.12370546200717,214.04400694033657,233.58385620117187,17.50289892596163
2023-02-03,251.7427673339844,-0.023903962105711885,62.26628242464593,4.440996959519424,1.945150015722154,254.7740712205394,215.90547284684342,235.33977203369142,17.18546839339236
2023-02-06,250.20315551757807,-0.006134591694799731,60.61747832937327,4.7310141839612925,2.502322849369982,255.84033575661755,217.9417778908434,236.89105682373048,16.929825591754128
2023-02-07,260.7171630859375,0.04116294346037563,67.03677624864179,5.743045215014632,3.150467322498912,259.13798739345697,218.58469632236336,238.86134185791016,17.744221560947537
2023-02-08,259.908447265625,-0.0031067102911810514,66.14370751960101,6.4059862683219535,3.8015711116635202,261.61328795695766,219.80051514362827,240.70690155029297,17.817118311420725
2023-02-09,256.87799072265625,-0.01172821520454274,62.7691649028562,6.610636015852151,4.363384092501247,263.48944728021036,220.63812992926228,242.06378860473632,17.562071507142875
2023-02-10,256.3712158203125,-0.0019747719453766647,62.19769626242523,6.655212765828708,4.821749827166739,265.0905170746531,221.43316761772965,243.2618423461914,17.066601885926747
2023-02-13,264.3810729980469,0.030765064734431066,67.26980951788592,7.253257655164276,5.308051392766247,268.02894310523595,221.62167640159998,244.82530975341797,17.61393702461588
2023-02-14,265.2093200683594,0.0031278805523230267,67.75164421549334,7.705224127857662,5.78748593978453,270.70687869137936,222.0443633740503,246.37562103271483,17.427722254930128
2023-02-15,263.0894775390625,-0.008025208143853152,65.10970020323771,7.802415844834684,6.190471920794561,272.14827107178525,223.93399668944522,248.04113388061523,17.180126973938705
2023-02-16,256.0853881835937,-0.02698325663909056,57.17640882698618,7.23091600676122,6.398560737987893,271.5217808037926,227.5691844672035,249.54548263549805,17.203406567300277
2023-02-17,252.09007263183597,-0.01572448173022688,53.19477960741881,6.382041491244252,6.395256888639165,271.1953341694584,229.69699371140098,250.4461639404297,17.21671130628743
2023-02-21,246.82470703125,-0.021108058179313462,48.41020840392154,5.224209882843837,6.161047487480099,270.7287187199302,231.20847457840964,250.9685966491699,17.161808184859257
2023-02-22,245.6915435791016,-0.0046015352801956014,47.42165658451633,4.167146895659698,5.762267369116019,270.09356375136525,232.82779397568558,251.4606788635254,16.92863027782839
2023-02-23,248.87612915039065,0.012878438124854681,50.48200310016145,3.545515804314391,5.318917056155694,269.0792870348276,235.28403693978177,252.1816619873047,17.190333197215306
2023-02-24,243.45452880859372,-0.022025114313429024,45.61430102807456,2.5855858245208765,4.772250809828731,268.9512158151331,235.59181397002317,252.27151489257812,17.03402235658296
2023-02-27,244.3727569580078,0.003764566930263252,46.55425870895805,1.87728753518266,4.1932581548995165,268.7778992326529,236.02106774732763,252.39948348999025,16.869039977436554
2023-02-28,243.64987182617188,-0.0029625087768343247,45.88194986244165,1.2432933374614663,3.6032651914119067,267.9433600192773,237.57032101099617,252.75684051513673,16.928625831615538
2023-03-01,240.57276916503903,-0.01270962496201936,43.03310087546555,0.4869387726896832,2.979999907667462,268.0437340645273,237.37999335246485,252.71186370849608,17.13206832959078
2023-03-02,245.30078125,0.01946251786484143,48.34069159191341,0.26596748487173727,2.437193423108317,268.0874525757056,237.23775494382565,252.66260375976563,17.026684841954687
2023-03-03,249.3840789794922,0.0165090577816841,52.46023452341191,0.4155440157446151,2.0328635416355767,267.5309968909699,236.949326900534,252.24016189575195,17.241728986081373
2023-03-06,250.9275360107422,0.0061700023804434475,53.9549268080403,0.6511228385424488,1.756515401016951,267.50016137568144,236.89863928349828,252.19940032958985,16.99812899628671
2023-03-07,248.27047729492188,-0.01064541018792332,50.983172468342424,0.6163138381785416,1.5284750884492693,267.480828724755,236.7247041121591,252.10276641845704,16.88231625049783
2023-03-08,247.8308868408203,-0.001772180449116011,50.48772299955501,0.546951265051348,1.332170323769685,266.390164679332,236.52674053307035,251.45845260620118,16.668538120944987
2023-03-09,246.4828338623047,-0.005454254106155671,48.91778435574225,0.3788373161379468,1.1415037222433373,265.3212200785557,236.2531237935146,250.78717193603515,17.098427317694526
2023-03-10,242.83909606933597,-0.014893283628854467,44.85749698674686,-0.04786166796137081,0.9036306442023957,264.7362731263724,235.4341812803659,250.08522720336913,17.159569560879895
2023-03-13,248.0457763671875,0.021214243332441148,51.10304162434127,0.033723159344532405,0.7296491472308231,264.0383855475659,235.29952491385987,249.6689552307129,17.32225946704035
2023-03-14,254.75686645507807,0.026696314182048146,57.746092236724984,0.6326162001784041,0.7102425578203393,262.04806060808573,236.32742919904322,249.18774490356446,17.33064063890883
2023-03-15,259.2992858886719,0.017673313104587,61.55343604915754,1.4569833385522486,0.8595907139667212,260.4033146178196,237.38117177134058,248.8922431945801,17.644760486651393
2023-03-16,269.8103942871094,0.03973653038472951,68.6033589748464,2.924744207084558,1.2726214125902886,262.70846302139444,235.74811504257042,249.22828903198243,17.818631264973813
2023-03-17,272.96563720703125,0.01162644729710206,70.36034745712543,4.293069175107007,1.8767109650936324,267.02636592664504,233.11823703966354,250.0723014831543,18.057231491828173
2023-03-20,265.93218994140625,-0.02610456497553807,62.02755597112568,4.755122069888301,2.4523931860525665,269.13615844072103,232.3926562565446,250.7644073486328,17.58750340805138
2023-03-21,267.4463195800781,0.005677520480766109,63.04227834815914,5.1837251686578725,2.9986595825736275,271.5024372889806,232.0885386631678,251.7954879760742,17.35816991438817
2023-03-22,265.9908447265625,-0.0054569818630670975,61.345261940000135,5.344345270049786,3.4677967200688595,273.27029934670685,232.35060672018767,252.81045303344726,17.367232080073222
2023-03-23,271.23663330078125,0.019529735618477793,65.00195636225422,5.827750474838126,3.939787471022713,275.87300560360245,231.98395087833117,253.9284782409668,17.415856595555667
2023-03-24,274.07928466796875,0.010425799146926472,66.83296376418072,6.366837847199065,4.425197546257984,278.5698798263324,232.34955224153867,255.45971603393554,17.153839170343677
2023-03-27,269.9862365722656,-0.015046442592789604,61.81798489455398,6.390132232756798,4.818184483557747,280.10106347029273,233.37971655900415,256.7403900146484,17.105411358862366
2023-03-28,268.8628234863281,-0.004169682372561667,60.476631254265754,6.245943801677299,5.103736347181658,281.10711852747335,234.89495666783915,258.00103759765625,16.901019593802893
2023-03-29,274.0206604003906,0.019002206798311994,64.30607397846936,6.473248188686341,5.377638715482595,282.3051650673303,237.0416992515174,259.67343215942384,17.037860381505258
2023-03-30,277.4787902832031,0.01254099238703279,66.63989431523895,6.8534286741322035,5.672796707212517,284.1853974896688,238.37926773249913,261.282332611084,17.036520144742518
2023-03-31,281.63043212890625,0.014851188230894964,69.24017496888044,7.4043742310574885,6.019112211981511,286.7895942785278,238.99970625858163,262.8946502685547,17.304901980881787
2023-04-03,280.585205078125,-0.003718246828542213,67.80718236513398,7.668266464129715,6.348943062411153,288.8202258726158,239.93484157123183,264.37753372192384,17.029707493883333
2023-04-04,280.5363464355469,-0.0001741463772682018,67.73661162038282,7.783734430642937,6.63590133605751,290.2155659216685,241.76608843624172,265.9908271789551,17.066826505807924
2023-04-05,277.7620544433594,-0.009938465964564656,63.68365077266935,7.5641862177863,6.821558312403268,290.663893458693,244.3108776594711,267.48738555908204,16.909494181837047
2023-04-06,284.8541259765625,0.02521238264169251,68.81975761630298,7.871723253464268,7.031591300615468,291.5930001587754,247.2189001708145,269.40595016479494,17.209021843790694
2023-04-10,282.6951904296875,-0.007607958984034673,65.7703648220789,7.8507420468690725,7.195421449866189,290.4810718431136,252.3164379225114,271.3987548828125,16.95547308047392
2023-04-11,276.2870178222656,-0.022929006550576482,57.61053096066049,7.233643377327837,7.203065835358519,288.4938317086537,257.1278022024791,272.8108169555664,17.12153978640252
2023-04-12,276.9317321777344,0.002330776559316891,58.172778935460485,6.719157036359093,7.1062840755586345,287.17610659589667,260.6630138875018,273.91956024169923,17.126177687743134
2023-04-13,283.134765625,0.02215196633568668,63.226654361606776,6.734326736107221,7.031892607668352,287.0542439002589,263.1684245567723,275.1113342285156,17.002800809276845
2023-04-14,279.5204162597656,-0.012847652336621085,58.77073490264352,6.381143198385757,6.901742725811834,287.4212792156244,263.77239143867246,275.5968353271484,16.85945668679648
2023-04-17,282.11883544921875,0.009253048895730722,60.903945957849295,6.238994171712648,6.769193014991997,288.15544977474866,263.9535407037669,276.0544952392578,16.986716033436377
2023-04-18,281.6988525390625,-0.001489782945024197,60.36033654045315,6.02302129277723,6.619958670549044,288.1985646936791,265.4870920446022,276.84282836914065,16.81930033249474
2023-04-19,281.77703857421875,0.00027751333070713313,60.43114371942881,5.7914104155864266,6.454249019556521,288.2049379290102,266.9137907086851,277.55936431884766,16.657526282442614
2023-04-20,279.4911499023437,-0.008145486801687685,57.21337047914802,5.361599829539898,6.235719181553197,287.4006491634163,269.06810999185717,278.23437957763673,16.96157484379222
2023-04-21,279.14923095703125,-0.00122411125197258,56.726811192336136,4.936477205751601,5.975870786392878,287.1873750914042,270.07264382949427,278.63000946044923,16.89173471522022
2023-04-24,275.2514953613281,-0.014061308480581139,51.36424087031699,4.236217299642021,5.627940089042707,287.13002127015335,270.247218720081,278.68861999511716,17.096835259683406
2023-04-25,269.0484313964844,-0.022793802564465154,44.20262166552097,3.1444733270085408,5.131246736635875,287.29444149393237,269.98901797872384,278.6417297363281,17.639187499741045
2023-04-26,288.53692626953125,0.06993166599719199,62.08759814225038,3.807921676475985,4.866581724603897,288.0679854950591,271.1828842559175,279.6254348754883,17.983712600255288
2023-04-27,297.778076171875,0.031525426478448186,67.4203712874259,5.02150802024596,4.89756698373231,292.1311842870356,269.49542704108944,280.8133056640625,17.654158267381355
2023-04-28,300.1518249511719,0.007939931571965507,68.64057765520423,6.1044572461037205,5.138945036206593,296.0563368745144,267.8375779204075,281.94695739746095,17.411989622225974
2023-05-01,298.4911499023437,-0.00554814598510941,66.75685224391194,6.750879772483472,5.461331983461969,298.7174619523069,266.8625246199587,282.7899932861328,16.873940643965568
2023-05-02,298.3446350097656,-0.000490972221254443,66.58323878990612,7.1687152672763546,5.802808640224846,301.0064697236335,266.34945984179626,283.67796478271487,17.08904125876834
2023-05-03,297.35797119140625,-0.0033126083731741546,65.35067412398129,7.335676273216222,6.1093821668231225,302.81164218223716,266.22644985877844,284.5190460205078,16.92282002850758
2023-05-04,298.3446350097656,0.003312608373174025,66.02792802577258,7.461596952574212,6.37982512397334,304.54262547206673,266.5537246255895,285.5481750488281,16.92990996513374
2023-05-05,303.46337890625,0.017011629033353584,69.37254589707713,7.883553158029258,6.680570730784524,307.0847484807967,265.8725269098283,286.4786376953125,17.154729729205474
2023-05-08,301.5096130371094,-0.00645904094106357,66.67432859860635,7.968448598291559,6.938146304285931,308.9933328133808,265.84538483798644,287.4193588256836,16.87509053597193
2023-05-09,299.8978271484375,-0.005360059220711837,64.44736078412271,7.815578076343286,7.113632658697402,310.1929406629009,267.00685792108345,288.5998992919922,16.87613133827872
2023-05-10,305.0849609375,0.017148457792382304,68.13595575327162,8.0205297579746,7.295012078552842,312.06353372925463,267.9515877307063,290.00756072998047,17.219304598720587
2023-05-11,302.93585205078125,-0.007069224575064817,65.1213655963679,7.918263503241235,7.419662363490521,313.52719556562414,268.4680345369149,290.9976150512695,17.27120246958734
2023-05-12,301.822265625,-0.0036827539865419813,63.55232718817632,7.659070642880863,7.46754401936859,314.4573422689993,269.76807277006316,292.1127075195312,16.799913951402544
2023-05-15,302.3008728027344,0.001584469282571426,63.954306244634566,7.406895947171222,7.455414404929117,315.38884112382107,270.85477765059295,293.121809387207,16.608912487378607
2023-05-16,304.5281982421875,0.007340898938585471,65.842344666695,7.302592491888845,7.4248500223210625,316.40497892471876,272.12157442000785,294.2632766723633,17.101308348807404
2023-05-17,307.40643310546875,0.009407070432369987,68.16303072445615,7.367255614400619,7.413331140736974,317.6102196641231,273.47927313372844,295.5447463989258,17.0066040429469
2023-05-18,311.83154296875,0.014292357255141238,71.38222187298132,7.6869604930474225,7.468057011199065,319.01270126204605,275.31083084244614,297.1617660522461,17.121517789284947
2023-05-19,311.6553039550781,-0.0005653335567070315,71.07398231288079,7.835781881289165,7.541601985217085,319.8170232102453,277.75711619405155,298.7870697021484,17.131393340476567
2023-05-22,314.43560791015625,0.008881528795860374,73.05102256726188,8.084873804319102,7.650256349037489,319.7471824619991,281.74536819718054,300.7462753295898,16.998373680106877
2023-05-23,308.6399841308594,-0.01860381311261433,63.333550681062626,7.725567017412118,7.665318482712415,314.81409446955945,290.63761146305774,302.7258529663086,17.242934367190895
2023-05-24,307.2595520019531,-0.004482661081823543,61.24382696947811,7.245898259353851,7.581434438040702,313.87857002486584,293.44539848099356,303.6619842529297,16.96760111565016
2023-05-25,319.0761413574219,0.037736925285053236,70.2828893452042,7.730148972885786,7.61117734500972,316.6573346637606,292.7964403606535,304.72688751220704,17.583702476265785
2023-05-26,325.8997802734375,0.02116014968431118,74.04712307323815,8.56579068222527,7.802100012452831,321.02520259766067,291.00336795897994,306.0142852783203,17.416394541936807
2023-05-30,324.2550354003906,-0.005059559175953541,71.68992901335557,8.991675157707164,8.040015041503699,323.9299444261752,290.6750146802701,307.30247955322267,17.200005934429537
2023-05-31,321.49432373046875,-0.008550464512593618,67.78912297097997,9.002648386678345,8.232541710538628,325.67449182798646,291.24543615052914,308.4599639892578,17.643077486114603
2023-06-01,325.5962829589844,0.012678330149520665,70.36899169824795,9.235873181033867,8.433208004637677,327.86687258036255,291.8768865749109,309.8718795776367,17.102938127704054
2023-06-02,328.3570861816406,0.008443475498140894,71.99477593075548,9.533582058407092,8.653282815391561,330.3013553956092,292.44364887685174,311.3725021362305,17.06874147031191
2023-06-05,328.8857421875,0.0016087086752461506,72.30809848327947,9.700356933643775,8.862697639042004,332.71599763429344,292.5712429662925,312.643620300293,16.874550955402487
2023-06-06,326.6732177734375,-0.006750065059071263,68.83694530666907,9.543977957466439,8.99895370272689,334.1891038705965,293.6144972036222,313.90180053710935,16.83085921598213
2023-06-07,316.58941650390625,-0.03135461891995233,55.71055746684147,8.508289735741357,8.900820909329784,333.94252630587675,295.5302337038888,314.7363800048828,17.522158734155465
2023-06-08,318.4300231933594,0.005797025189875218,57.31071920462115,7.746721551659675,8.670001037795764,334.1189510229359,296.68831521241566,315.4036331176758,16.963006421655454
2023-06-09,319.9278564453125,0.004692778294190063,58.62090185363676,7.181254868541657,8.372251803944943,334.1084195910264,298.39804708377824,316.2532333374023,16.930313970546514
2023-06-12,324.8816223144531,0.015365355178120911,62.698428659796704,7.051559959722056,8.108113435100366,334.2893664550261,300.52303588872394,317.406201171875,17.00435186865795
2023-06-13,327.2704162597656,0.00732591324626806,64.51434774275134,7.060146542925679,7.898520056665428,334.4953582977987,302.8139983916544,318.65467834472656,16.94888518131726
2023-06-14,330.2562561035156,0.009082096568879164,66.6967202120173,7.224603066670056,7.763736658666355,335.1161746815311,304.7659877940548,319.94108123779296,17.073753277608393
2023-06-15,340.7903747558594,0.03139866470776594,73.00458611751745,8.111447665042306,7.8332788599415455,338.2532645039706,304.96729213665435,321.6102783203125,17.476481697781775
2023-06-16,335.1415405273437,-0.016714599838946617,65.80661191839053,8.263211526847954,7.919265393322828,339.7958981236051,305.7556582728792,322.77577819824216,17.6560805468
2023-06-20,330.9514465332031,-0.012581274223528413,61.002045935447555,7.953694672298695,7.926151249118002,340.2875573205271,307.19361333376975,323.74058532714844,17.087942353436397
2023-06-21,326.55572509765625,-0.013371069140988292,56.35370291126658,7.269899476043577,7.794900894503117,340.33710406711475,308.3560783059321,324.3465911865234,17.039087355923524
2023-06-22,332.57647705078125,0.018269231550721906,60.763780038335746,7.13160254673636,7.662241224949766,340.10323159804045,310.98360006699863,325.54341583251954,16.97492512654387
2023-06-23,327.98504638671875,-0.013901822755827607,56.10787038915144,6.5757104545990614,7.444935070879625,338.34161569101366,314.817765412502,326.57969055175784,16.95737146344494
2023-06-26,321.6998291015625,-0.01934911405107046,50.41328973208564,5.563860736249978,7.0687202039536965,338.1751838979105,315.24656598001917,326.7108749389648,16.884521220377184
2023-06-27,327.5445251464844,0.018005097470654496,54.988277276890074,5.173938724189611,6.68976390800088,338.25651980845396,315.32970455678037,326.79311218261716,17.008210812203174
2023-06-28,328.7976379394531,0.00381847879371369,55.92715412630968,4.909445419317194,6.333700210264143,338.451875901424,315.5886087177167,327.02024230957034,16.824134426669055
2023-06-29,328.014404296875,-0.0023849563146411184,55.15280563073501,4.58379304749559,5.983718777710433,338.48241482413783,316.21007785164346,327.34624633789065,16.648547474693398
2023-06-30,333.38916015625,0.01625293380035175,59.315676406601305,4.7051707957052145,5.728009181309389,339.1559618121475,316.31581858336034,327.7358901977539,17.10513561501458
2023-07-03,330.8926696777344,-0.0075163947586680945,56.68375961992829,4.547496904469824,5.491906725941476,339.3677582468141,316.35758049830304,327.86266937255857,16.34193504012121
2023-07-05,331.0493469238281,0.00047338662629089085,56.813272708226314,4.384638372227755,5.2704530551987325,339.55684623034,316.38485298841005,327.970849609375,16.715414572534094
2023-07-06,334.10382080078125,0.009184336769522168,59.36413814389847,4.450737001000391,5.106509844359064,340.2259070881,316.4588524333844,328.3423797607422,17.153455737492393
2023-07-07,330.1388854980469,-0.011938354329406242,54.8363108042239,4.135511891119847,4.9123102537112215,339.55003474846296,318.4896716724355,329.01985321044924,16.870209656419018
2023-07-10,324.8620300292969,-0.016112861859663295,49.43247860397538,3.42046657514652,4.613941517998281,338.8535167357126,319.82939036877957,329.3414535522461,17.30567687434907
2023-07-11,325.4885559082031,0.0019267333228405851,50.06171773679895,2.8712454823149756,4.26540231086162,338.2579561571399,320.98102089364136,329.61948852539064,17.100106742823307
2023-07-12,330.11932373046875,0.014126873635299714,54.56220918383356,2.777629290193886,3.9678477067280733,338.22770109063026,321.5350461017525,329.8813735961914,17.216551294024814
2023-07-13,335.4646301269531,0.016062350327697414,59.13974446286999,3.0990355839474546,3.7940852821719497,338.8981684683766,321.684000110725,330.2910842895508,16.83920818042107
2023-07-14,337.99041748046875,0.007501017938228223,61.132307692872594,3.517020297180693,3.7386722851736987,339.9477400873558,321.4078446294411,330.67779235839845,17.160232856968424
2023-07-17,338.4701538085937,0.0014183721237078291,61.51617381326099,3.842690759112088,3.7594759799613766,339.34410895749534,321.77945366457493,330.56178131103513,16.829274332472217
2023-07-18,351.9411926269531,0.0390281786849116,70.36646647142487,5.128667114977475,4.033314206964596,344.28469994071924,318.518827891312,331.4017639160156,17.985868196713902
2023-07-19,347.6237487792969,-0.012343382032988983,65.19179679125787,5.733340624005052,4.373319490372688,347.01380866485033,317.4569493917903,332.2353790283203,17.497690142995733
2023-07-20,339.5862121582031,-0.02339285983514341,56.81528794456663,5.500579447640234,4.598771481826198,347.75966914019546,318.0141376224999,332.8869033813477,17.33533213252196
2023-07-21,336.5513000488281,-0.00897726405306558,53.99414799958241,5.013430785664752,4.681703342593909,348.04691026573585,318.1243787967642,333.08564453125,18.05547524665638
2023-07-24,337.8631286621094,0.003890279365026767,55.03350353532635,4.679275788473774,4.6812178317698825,348.48392399351275,318.67517329652634,333.57954864501954,17.099353599566957
2023-07-25,343.60992431640625,0.016866204351182176,59.364519582058676,4.822582201405112,4.709490705696929,349.11655068615715,320.2335561253663,334.67505340576173,17.544516588851586
2023-07-26,330.6772766113281,-0.03836416840706581,48.129822279347,3.8482368994345393,4.537239944444451,349.0131621151334,320.6502198428744,334.8316909790039,17.882547316379153
2023-07-27,323.7753295898437,-0.0210930565595423,43.40835873061431,2.4904237306561186,4.127876701686785,349.37647996677117,319.78467115627575,334.58057556152346,17.495230718522524
2023-07-28,331.26470947265625,0.02286793420105231,49.228593458098416,1.9956725066733156,3.7014358626840913,349.30487481823087,320.1813068223941,334.7430908203125,17.164884715377166
2023-07-31,328.8661499023437,-0.007266953488457973,47.54220784177153,1.3939661118280355,3.2399419125128803,349.3059746729627,319.72790594227166,334.5169403076172,17.052069156983688
2023-08-01,329.2773132324219,0.001249464308619903,47.87186325590876,0.9394574229746127,2.7798450146052267,349.32584879867073,319.5464961720324,334.43617248535156,16.72306173430897
2023-08-02,320.6229553222656,-0.0266344543476919,41.90289349875825,-0.11772132520485457,2.2003317466432106,349.9869640057066,317.8427418048403,333.91485290527345,17.139153558498936
2023-08-03,319.80059814453125,-0.0025681679734288676,41.374974723870004,-1.0102548620284892,1.5582144249088707,350.4650081274821,315.93437541743975,333.19969177246094,16.719878411953292
2023-08-04,320.8970947265625,0.003422823789604348,42.416695100788196,-1.6105505853375917,0.9244614228595783,350.82305891613566,314.6521455516378,332.7376022338867,16.982735171768812
2023-08-07,323.1781921386719,0.007083354993595946,44.621306530940636,-1.8805460099233642,0.36345993630298984,350.9081210478582,314.3986996308527,332.65341033935545,16.691417142314872
2023-08-08,319.20343017578125,-0.012375237869304306,41.63043092257758,-2.387725191354491,-0.18677708922850633,351.31534626464014,313.36296184082863,332.3391540527344,16.921334184099535
2023-08-09,315.463623046875,-0.01178523572484899,38.98283187178071,-3.056209447016954,-0.7606635607861959,352.02087267878244,311.19186535832694,331.6063690185547,16.923378886281245
2023-08-10,316.1488952636719,0.0021699141983920274,39.73909953304761,-3.490456485332686,-1.306622145695494,352.0880173765166,309.19314717426465,330.6405822753906,16.816911782608102
2023-08-11,314.26922607421875,-0.005963263732418251,38.33554869556828,-3.9408463625410945,-1.8334669890646142,351.79556694499945,307.11347846515685,329.45452270507815,17.008268295735903
2023-08-14,317.235595703125,0.009394675524903407,41.827410508711075,-4.0121725197284945,-2.2692080951973903,350.9470847369681,305.83850486264123,328.3927947998047,16.751285852403832
2023-08-15,315.1013488769531,-0.006750372404527591,40.069331704719296,-4.192585380926289,-2.65388355234317,346.9189033910069,306.18270183360244,326.55080261230466,16.646739640557524
2023-08-16,314.3361511230469,-0.0024313712826642196,39.42943244060444,-4.347197154188564,-2.9925462727122487,343.35578972793417,306.41705573105025,324.8864227294922,16.84559116503874
2023-08-17,310.8827514648437,-0.011047122102666054,36.58946470599992,-4.694275899089064,-3.332892197987612,341.5686026682994,305.3338967213491,323.45124969482424,16.872206266519264
2023-08-18,310.4903564453125,-0.0012629934147350772,36.26979658493657,-4.9440098358359705,-3.655115725557284,340.04585052013033,304.2505545091666,322.14820251464846,17.02453808717354
2023-08-21,315.78814697265625,0.016918725037593573,43.452862869047806,-4.6607125665949525,-3.856235093764818,337.52840882837233,304.56049803197925,321.0444534301758,16.995229709228617
2023-08-22,316.35711669921875,0.001800123841474481,44.18052434355796,-4.340254584682157,-3.953038991948286,332.3833140349426,306.98031206369023,319.6818130493164,16.59337291262798
2023-08-23,320.811279296875,0.013981343654095781,49.643575151702834,-3.6844041114652555,-3.89931201585168,330.8126005571902,307.56442580999726,319.1885131835937,16.86792562393494
2023-08-24,313.9142761230469,-0.021733092619461637,42.67833634221454,-3.6787619242478513,-3.8552019975309144,330.3368915814458,307.054029439062,318.6954605102539,16.963165359429112
2023-08-25,316.8673400878906,0.009363258102836168,46.16141822012175,-3.396846140209675,-3.763530826066667,328.01473281070713,307.9364512713241,317.9755920410156,16.89208987716373
2023-08-28,317.57373046875,0.0022268125616061963,46.99117287636912,-3.0809112232996654,-3.6270069055132668,326.0426990231867,308.77924311548514,317.4109710693359,16.510711965726355
2023-08-29,322.19451904296875,0.01444544623613863,52.18272171884012,-2.4296638525828484,-3.3875382949271833,324.06766375562944,310.0459989640971,317.0568313598633,16.77481745975526
2023-08-30,322.5673828125,0.0011565938062515237,52.586248017765854,-1.8619947132543189,-3.0824295785926106,324.42230828372954,309.88579718502046,317.154052734375,16.53825894292082
2023-08-31,321.5569152832031,-0.0031374949251060345,51.32224106274553,-1.4766274729464612,-2.761269157463381,324.6850933097278,309.79864387288944,317.2418685913086,17.08929118586477
2023-09-01,322.4398193359375,0.0027419536728510597,52.39888048128147,-1.0874428163852485,-2.426503889247755,324.95129890160933,309.6867107419454,317.31900482177736,16.519686664443327
2023-09-05,327.2373046875,0.014769097998486578,57.853740029752075,-0.38742816777084954,-2.018688744952374,325.9813415744319,309.0625793240056,317.52196044921874,16.736190621404468
2023-09-06,326.5799865722656,-0.0020107095528987683,56.89176795857651,0.1129958601876524,-1.5923518239243688,327.2538194971013,308.5277570409846,317.89078826904296,16.679755120581547
2023-09-07,323.6662292480469,-0.008962072383489986,52.70797829773464,0.27134178374814155,-1.2196131023898669,327.93108642488426,308.67075073331887,318.30091857910156,16.726828134779904
2023-09-08,327.9436340332031,0.013128917982475478,57.633524575552734,0.733527241949048,-0.828985033522084,329.3728267907626,308.40848424439366,318.8906555175781,16.787467474370466
2023-09-11,331.544189453125,0.010919356102851187,61.28846843037516,1.3745028652974156,-0.3882874537581841,331.41399370660395,308.094813666443,319.75440368652346,16.623906783150122
2023-09-12,325.49090576171875,-0.01842658028958155,53.008806373804454,1.3781448641585143,-0.03500099017484437,332.03396712155205,308.30037125735424,320.16716918945315,16.681447365905534
2023-09-13,329.69976806640625,0.012847924638648704,57.32558512787522,1.701042627011475,0.3122077332624195,333.2383044224147,308.5558758754368,320.89709014892577,16.621558294391132
2023-09-14,332.2898254394531,0.007825109683642192,59.774502264980825,2.1412543669597426,0.6780170600018842,334.72440716202937,308.86514056746284,321.7947738647461,16.824504554842743
2023-09-15,323.9703369140625,-0.02535559742574432,49.87408721185913,1.798084943332924,0.9020306366680921,334.33616355142374,310.5621427229903,322.449153137207,17.44463472634214
2023-09-18,322.83221435546875,-0.0035192308100688878,48.6860793257431,1.4179386102522358,1.005212231384921,333.5362299319302,312.59626213349947,323.06624603271484,16.63892314880356
2023-09-19,322.42999267578125,-0.0012466923597893092,48.24866720670479,1.0718582596269925,1.0185414370333352,333.3023625953864,313.4943140403558,323.3983383178711,16.619228511297806
2023-09-20,314.6991271972656,-0.024269005074079943,40.6830136569449,0.1717905591743829,0.8491912614615448,333.4916348645957,313.1392428209512,323.31543884277346,16.8806056812215
2023-09-21,313.4826354980469,-0.0038730612448047213,39.6299600494575,-0.6323904876612119,0.5528749116369935,333.99545253605737,311.90256076960674,322.94900665283205,17.38674324526181
2023-09-22,311.01031494140625,-0.007917890734615324,37.505203375777576,-1.4524622868494816,0.1518074719396985,334.41231904808376,311.1952981394162,322.80380859375,16.881137343072286
2023-09-25,311.5302734375,0.0016704408570506447,38.25498714550711,-2.0369382348231397,-0.28594166941286914,334.9383551709724,310.1355553514885,322.53695526123045,16.696729500795886
2023-09-26,306.23248291015625,-0.017151957938122898,33.804772301155,-2.894263783310521,-0.8076060921923995,336.22542508495127,307.71436068165025,321.96989288330076,17.084988276257455
2023-09-27,306.8702087402344,0.002080323798137108,34.788201289257145,-3.4821018102581434,-1.3425052358055485,336.9750987049695,305.4322560313586,321.20367736816405,16.781304158635002
2023-09-28,307.7041015625,0.0027137266235834163,36.124524110819905,-3.8364552323268413,-1.8412952351098073,337.3242846269414,303.5967419843867,320.46051330566405,16.79529641049229
2023-09-29,309.774169921875,0.0067049358986755216,39.442058584545606,-3.9052286114638264,-2.254081910380611,337.3846275815302,302.3581244936651,319.87137603759766,16.99968317198289
2023-10-02,315.7096252441406,0.01897933579467522,47.81172708140196,-3.4411232433539,-2.491490176975269,337.09888395492544,301.9708487110902,319.5348663330078,16.839344310243625
2023-10-03,307.45880126953125,-0.026481785018165678,39.6152454572304,-3.696478235050165,-2.732487788590248,336.50668330654185,300.5851990176769,318.5459411621094,16.86162701028541
2023-10-04,312.9234313964844,0.017617433828342362,46.19438058995314,-3.4184926687299253,-2.869688764618184,335.5744590548803,300.1517677517603,317.8631134033203,16.84661484986105
2023-10-05,313.3158264160156,0.0012531794070377567,46.643925176269825,-3.1304383611519597,-2.921838683924939,334.9475130508318,299.74367347260574,317.34559326171876,16.64669838144979
2023-10-06,321.0663452148437,0.024436072791728724,54.69546247348643,-2.250805271705417,-2.787632001481035,333.98990847653937,300.0135491650622,317.0017288208008,17.06097382349199
2023-10-09,323.577880859375,0.00779204482242459,56.96188775290526,-1.3356334234675273,-2.497232285878334,332.4940341854226,300.712792596804,316.6034133911133,16.805788031108786
2023-10-10,322.17498779296875,-0.00434499122374437,55.29779539025171,-0.7153092465446775,-2.1408476780116024,332.00368276918516,300.8715522161664,316.43761749267577,16.838716986664004
2023-10-11,326.1286315917969,0.012197040692240141,58.93850057129862,0.0942417848146988,-1.6938297854463422,331.2561116742012,301.26200966368947,316.2590606689453,16.81439789905406
2023-10-12,324.8925170898437,-0.003797467992959151,57.3654142680142,0.628824008261688,-1.2292990267047363,329.52463631441714,302.2537541885126,315.88919525146486,16.77629423187913
2023-10-13,321.5274353027344,-0.01041153563569781,53.20241424769512,0.7720505762839593,-0.8290291061069972,329.13890957434677,302.39519076745006,315.7670501708984,16.863474732776538
2023-10-16,326.3445129394531,0.014870736168435417,57.91106930304302,1.259735128218722,-0.4112762592418534,329.7890465399854,302.0962836602099,315.94266510009766,16.913709208193183
2023-10-17,325.7754821777344,-0.001745172392813257,57.179175452239086,1.5820754414410771,-0.01260591910526726,330.36121898411176,301.85866016627887,316.1099395751953,16.724513287537256
2023-10-18,323.8624267578125,-0.005889622275901682,54.67727587819949,1.6639835115623214,0.32271196702825045,331.2121796674392,301.9240294390061,316.56810455322267,16.957660877155693
2023-10-19,325.0494689941406,0.0036585661879707946,55.96479967590597,1.8038865538822506,0.6189468843990504,332.1857371365584,302.1071553194963,317.14644622802734,17.036468254233554
2023-10-20,320.4875183105469,-0.014134051862785935,50.0770772079189,1.5290237940013753,0.8009622663195155,332.4411741437073,302.7994386492614,317.62030639648435,17.035493809409243
2023-10-23,323.0873718261719,0.00807945648017488,53.104980982631524,1.5036464273184151,0.9414990985192955,332.9201323690279,303.476190262808,318.19816131591796,17.00905630810628
2023-10-24,324.27447509765625,0.003667514876682257,54.463075717099116,1.561326000123188,1.065464478840074,332.9183764635063,305.2821453870796,319.10026092529296,17.25444039844251
2023-10-25,334.2225341796875,0.030216738586091963,63.8985292757576,2.3823010223958363,1.3288317875512266,334.6000949057815,306.3356594887498,320.46787719726564,17.8238214650709
2023-10-26,321.68438720703125,-0.03823614020016653,49.87236968956998,1.9981722810881593,1.4626998862586131,333.9604877499813,308.373295209003,321.16689147949216,17.448573371187603
2023-10-27,323.5680847167969,0.0058386536835655905,51.59158881222687,1.8247119884655945,1.5351023067000096,333.4996969637524,310.2134774747242,321.8565872192383,17.21191316303504
2023-10-30,330.9261474609375,0.02248567642900558,57.69512447660589,2.2549835793797683,1.6790785612359613,334.554213355467,310.68061330468925,322.61741333007814,16.94350283502005
2023-10-31,331.7109375,0.002368688453477926,58.29904712252146,2.628997466210592,1.8690623422308876,334.0930301869697,313.5670100962334,323.83002014160155,16.824420671129403
2023-11-01,339.52032470703125,0.02326989231368042,63.83207264231006,3.515039263391543,2.198257726463019,336.32538291819867,313.9943466960591,325.1598648071289,17.15337051022264
2023-11-02,341.7277526855469,0.00648056347559724,65.23617422435879,4.345265247920395,2.627659230754494,338.5982423362206,314.5626799049904,326.5804611206055,17.007964416772005
2023-11-03,346.1229553222656,0.012779698863002061,67.90766266130052,5.296822964677915,3.1614919775391783,342.38729617738386,313.2792870745693,327.8332916259766,16.97835349535003
2023-11-06,349.7823181152344,0.010516938616621466,69.97637502252853,6.273897718104479,3.783973125652239,346.5274631140636,311.7595638634755,329.14351348876954,16.986384549848346
2023-11-07,353.7066650390625,0.011156927045913607,72.05666379701603,7.280968032027772,4.483372106927346,350.9323074541524,310.50788724799605,330.72009735107423,17.067198179607583
2023-11-08,356.3261413574219,0.0073784990747809845,73.38241175823956,8.195970314406338,5.225891748423145,355.3066289821298,309.15331669658116,332.22997283935547,17.102710267931258
2023-11-09,353.8636474609375,-0.006934776601756347,70.01926640371266,8.623012813822015,5.905315961502919,358.39476557275793,308.9622931430624,333.6785293579102,17.028259692938217
2023-11-10,362.6736755371094,0.0245918022203934,74.51873701913178,9.56211658082151,6.636676085366638,362.9200370139167,308.55164572534113,335.73584136962893,17.149217545996976
2023-11-13,359.7402648925781,-0.008121179846489362,70.7133333797973,9.954907382971726,7.300322344887656,366.2150164267037,308.59624150786664,337.40562896728517,16.81056765363697
2023-11-14,363.2623291015625,0.00974295832203823,72.52736419922745,10.430165613487361,7.926290998607597,369.73426586971334,308.82567675723976,339.27997131347655,17.136361610864675
2023-11-15,363.4097900390625,0.00040585275157800253,72.603875968644,10.695419907469784,8.480116780380035,372.61873728755023,309.8959416675279,341.25733947753906,17.106152509290567
2023-11-16,369.7997131347656,0.017430447504274152,75.75492251189426,11.29109255104521,9.042311934513071,376.33784294422793,310.65186042491274,343.49485168457034,17.118076620940645
2023-11-17,363.5867004394531,-0.016943759036861714,67.61199216606751,11.133489278425031,9.460547403295465,377.78476594509834,313.5148556369329,345.6498107910156,17.508307354264513
2023-11-20,371.0481872558594,0.020314154774715855,71.56502587120482,11.478351881772994,9.86410829899097,380.2515282478508,315.8441748771492,348.0478515625,17.775658763665213
2023-11-21,366.7522277832031,-0.01164544756334884,66.53019850603191,11.275038329520044,10.146294305096786,381.36072865026046,318.9827497432943,350.17173919677737,17.1627127879813
2023-11-22,371.4512634277344,0.012731175535536793,69.09168640429581,11.362108465871074,10.389457137251643,383.65501736663015,320.4113339517292,352.0331756591797,16.965906279857276
2023-11-24,371.0383605957031,-0.001112211837675851,68.59491691777436,11.267904973951374,10.565146704591589,383.76582194826005,325.23592670896653,354.5008743286133,16.135601623352628
2023-11-27,372.1983642578125,0.003121494310535936,69.26353665883607,11.158225550490783,10.683762473771429,383.3149781722348,330.5497984390933,356.93238830566406,16.91466551579309
2023-11-28,376.2191467285156,0.010744861245409219,71.52639614948058,11.265881292730285,10.800186237563201,383.9027873411935,334.49128919689247,359.197038269043,16.833645067098992
2023-11-29,372.4343566894531,-0.010111012012349617,66.5590257245843,10.919920275212348,10.824133045093031,382.9301539405671,339.5362645164642,361.23320922851565,17.18154355643181
2023-11-30,372.4933166503906,0.00015829714258370852,66.59794220031132,10.529128018767778,10.765132039827982,382.547899294919,343.2158183564482,362.8818588256836,17.235019292126193
2023-12-01,368.1678161621094,-0.011680239378448913,60.99031277966243,9.757907516576381,10.563687135177663,381.2645508379262,347.14317316109725,364.20386199951173,17.313244669940346
2023-12-04,362.8887634277344,-0.014442505936770319,54.91317139930637,8.621352688281661,10.175220245798464,379.86265331404434,350.221651495526,365.04215240478516,17.283222663039346
2023-12-05,366.2115173339844,0.009114732219883206,57.765703892319316,7.897703459907916,9.719716888620354,378.8278008267428,352.8994239047025,365.86361236572264,16.953826918329792
2023-12-06,362.554443359375,-0.010036431090034286,53.73605727926882,6.9490070982798215,9.165574930552248,378.0719507148774,354.5400518485992,366.3060012817383,16.868667090573798
2023-12-07,364.6681518554688,0.005813115440187709,55.66125916564186,6.295150431754962,8.59149003079279,377.5537010365691,355.8925025767121,366.7231018066406,16.956161066036568
2023-12-08,367.8925476074219,0.008803138298942014,58.49843371279225,5.968346716750148,8.066861367984263,376.40810447194303,358.4409891559867,367.42454681396487,16.818933234419227
2023-12-11,365.0121765136719,-0.007860191996791593,55.106183925643926,5.414515380230796,7.536392170433571,376.3232806581098,358.7596630674761,367.54147186279295,17.137260646325235
2023-12-12,368.0400085449219,0.008260937794054466,57.871755881952765,5.160434519294142,7.061200640205685,375.9336133798001,359.97930471102023,367.95645904541016,17.027897414944746
2023-12-13,368.03021240234375,-2.6617413121492933e-05,57.85933707433662,4.901778488448144,6.629316209854178,375.86022519818374,360.52948122271465,368.1948532104492,17.24806127958886
2023-12-14,359.7331237792969,-0.022802600019191124,48.38809248161616,3.9813910130015415,6.0997311704836505,376.30976169552224,359.7122780993996,368.0110198974609,17.583143450539716
2023-12-15,364.4518432617188,0.01303199176943942,53.0910634810166,3.591339804192387,5.598052897225398,376.14370945496466,359.34354335265255,367.7436264038086,18.178638494424955
2023-12-18,366.33929443359375,0.005165512473659242,54.86277690538712,3.3953830838881913,5.157518934557957,376.0824101126795,359.68010209435175,367.8812561035156,16.897553592300333
2023-12-19,366.9389953613281,0.0016356711218230035,55.43866717353945,3.2510013048492965,4.776215408616226,375.74776272228183,359.6038302952963,367.67579650878906,16.840981277817026
2023-12-20,364.3437194824219,-0.007097902690980495,52.327195479231506,2.8938026750360564,4.399732861900192,375.7561893536673,359.3545528338327,367.55537109375,17.085714314620144
2023-12-21,367.2142639160156,0.00784779670591135,55.31453627540085,2.8099576899700196,4.081777827514157,375.33686722488255,359.3501750114456,367.34352111816406,16.68952712930582
2023-12-22,368.2366333007813,0.002780253711552419,56.363339043669065,2.7938013968657174,3.8241825413844697,375.02039123785096,359.386478268985,367.203434753418,16.655027580262683
2023-12-26,368.3152770996094,0.0002135458425032159,56.44801825561464,2.7555787193045944,3.610461776968495,374.48951112066766,359.52904967034794,367.0092803955078,16.354992273731803
2023-12-27,367.7353210449219,-0.0015758595296795032,55.59128175264728,2.647965269909264,3.417962475556649,372.70473010224254,360.46544812041367,366.5850891113281,16.517234188455994
2023-12-28,368.9247741699219,0.0032293161158282323,57.031684137415695,2.628361645512257,3.260042309547771,372.0015565313617,360.8176634393414,366.40960998535155,16.47765649667379
2023-12-29,369.6719665527344,0.002023276292761712,57.95427100318585,2.6426549316305454,3.136564833964326,371.3316255248233,361.20545943611415,366.26854248046874,16.745679839122506
2024-01-02,364.5894165039063,-0.013844201379664873,50.077699545898675,2.218292061513182,2.9529102794740973,371.122928900926,361.0563160941912,366.0896224975586,17.044677289346534
2024-01-03,364.3240356445313,-0.0007281546809664073,49.69789307200431,1.8393643646733153,2.730201096513941,371.0411212445938,361.2816509722031,366.16138610839846,16.95462867787514
2024-01-04,361.70904541015625,-0.007203532760278176,45.996005155008575,1.3129190636699946,2.446744689945152,371.206103878629,360.666421145785,365.936262512207,16.855331532538056
2024-01-05,361.5222473144531,-0.0005165653138518377,45.733938990316375,0.870598605805867,2.131515473117295,371.3118142454664,360.4574911744555,365.88465270996096,16.860252066927934
2024-01-08,368.34478759765625,0.018695840973144737,55.668741653908775,1.0583781146202682,1.9168880014178897,371.5707021915309,360.5662668026097,366.0684844970703,16.956813998063904
2024-01-09,369.4261779785156,0.0029315091152917454,57.01211912243056,1.2797022830804963,1.7894508577504111,371.79518131278,360.49515071847003,366.145166015625,16.851904861244837
2024-01-10,376.2879333496094,0.01840369904926882,64.38670405693611,1.9858974044049091,1.8287401670813108,373.9181238285444,359.4997838862993,366.7089538574219,17.05474575707709
2024-01-11,378.1164855957031,0.004847680583750205,66.05775223224545,2.6624202865622237,1.9954761909774934,376.0403771301474,358.3851782897745,367.21277770996096,17.1423722851448
2024-01-12,381.8914489746094,0.00993409213738768,69.26411446626719,3.463255289571862,2.289032010696367,378.91147853711294,356.90020054003554,367.90583953857424,16.891033245830045
2024-01-16,383.6609497070313,0.004622815856150042,70.66308668436417,4.192379577825875,2.669701524122269,381.4833930731194,356.7210685968025,369.10223083496095,17.118812123276456
2024-01-17,382.8744812011719,-0.0020520089486157304,69.15644053910081,4.653116166984034,3.0663844526946225,383.62848323378427,356.41824223008297,370.0233627319336,16.917137749357806
2024-01-18,387.199951171875,0.011234019153063973,72.61480773811442,5.306116897839445,3.5143309417235873,386.5510309051216,355.58176023257374,371.06639556884767,16.96790895923778
2024-01-19,391.9186706542969,0.01211311614760907,75.80234606649847,6.133680655394073,4.038200884457685,390.23631040359663,354.39444826339553,372.3153793334961,17.194158978605717
2024-01-22,389.7952575683594,-0.00543272476514656,71.75485476852245,6.542768245991567,4.539114356764461,392.7004688230028,354.4754436525832,373.587956237793,17.111973191098468
2024-01-23,392.1447448730469,0.006009398081457386,73.44444706859942,6.9761404937453335,5.026519584160636,395.3938815613442,354.2750790099449,374.83448028564453,16.83719811002504
2024-01-24,395.7427978515625,0.009133481102255408,75.82902446391395,7.523201147750285,5.525855896878566,398.516593531333,353.90298349503416,376.2097885131836,17.02905222145571
2024-01-25,398.0137023925781,0.005721932950964462,77.2194154585221,8.047230214442095,6.030130760391272,401.6796036633203,353.7098158923438,377.69470977783203,16.86104205784177
2024-01-26,397.089599609375,-0.0023244858799395156,75.32068587739522,8.292370369863136,6.482578682285645,404.1527188074424,354.172128604667,379.1624237060547,16.694894447506893
2024-01-29,402.7815551757813,0.014232421342116629,78.7814925847486,8.84399093146061,6.954861132120639,407.4603091961896,354.2502163165058,380.8552627563477,17.014599956205064
2024-01-30,401.6706848144531,-0.002761807381991891,76.52600792143626,9.086769622618078,7.381242830220128,410.05842174315546,354.8519755957118,382.4551986694336,17.32638714629899
2024-01-31,390.8471374511719,-0.027316030160954654,58.847844031664,8.31001103403105,7.566996470982312,410.26920766395546,357.2669617696384,383.7680847167969,17.6840225608953
2024-02-01,396.9421081542969,0.015473916031926457,63.90454530502309,8.09294699895969,7.672186576577788,410.85589568507237,359.942080999498,385.3989883422852,17.23839444490442
2024-02-02,404.2561645507813,0.01825830092851191,68.85096210102289,8.414112758108104,7.820571812883852,411.72779686774425,363.3248917308887,387.52634429931646,17.156841190968237
2024-02-05,398.7804870605469,-0.013637639938955025,62.00081597499265,8.133044846446637,7.883066419596409,410.7293978702629,368.0491147029794,389.38925628662116,17.048380053112957
2024-02-06,398.6231994628906,-0.00039449930406484636,61.81057943456913,7.807603513605898,7.867973838398307,410.15067698426884,371.65567677549683,390.90317687988284,16.726915177393465
2024-02-07,407.0382080078125,0.020890449754973662,67.54761922978088,8.134935304694807,7.921366131657607,410.48337245232943,375.08418431036597,392.7837783813477,16.921911777495318
2024-02-08,407.0972290039063,0.00014499060847620397,67.58440124304504,8.303394248345285,7.997771754995143,411.32802338956014,377.3204629385649,394.3242431640625,16.870704471451
2024-02-09,413.42816162109375,0.01543171808035915,71.33718557554948,8.845783837495503,8.167374171495215,413.3389803915633,378.8406735391008,396.08982696533207,16.908042855498852
2024-02-12,408.2277526855469,-0.01265853086897601,64.71005101091299,8.755078855931401,8.284915108382453,414.10418943179275,380.70909486996516,397.40664215087895,16.869648569903195
2024-02-13,399.4391174316406,-0.021763879349646634,55.35151421842021,7.883153008457839,8.20456268839753,413.5994309153635,382.7916701588553,398.1955505371094,17.14144189716807
2024-02-14,403.29986572265625,0.009619012257022237,58.210660942213636,7.418163641105593,8.047282878939143,412.9629144976713,385.4707250286959,399.2168197631836,16.831104329630545
2024-02-15,400.4141845703125,-0.007180896119355585,55.35724105555181,6.739121467738357,7.785650596698987,412.40820601200073,387.34685685421016,399.87753143310545,16.898589614752932
2024-02-16,397.9519348144531,-0.006168241619676686,52.9712341920653,5.933890479957711,7.415298573350732,412.1825189111935,388.17587037103306,400.17919464111327,16.919940318289743
2024-02-20,396.70111083984375,-0.003148103476050559,51.7509407496075,5.135607987511662,6.959360456182918,411.6341359950228,389.4148386143522,400.5244873046875,17.006311999495832
2024-02-21,396.1004028320313,-0.0015154060944927163,51.141613612464255,4.403727812037403,6.448233927353816,411.3334408341612,390.1110995711122,400.7222702026367,16.734302444168847
2024-02-22,405.42718505859375,0.023273567518476562,59.178291266288205,4.524149301610578,6.063417002205169,411.7445128115737,390.66846631440285,401.2064895629883,17.111714060452936
2024-02-23,404.1370239257813,-0.003187300551854512,57.76287865957918,4.464020528697233,5.743537707503582,412.0158538979006,391.0094573813962,401.5126556396484,16.60642416175987
2024-02-26,401.3793640136719,-0.006846963579778957,54.74865464926477,4.146054795919383,5.424041125186743,412.0231912662699,391.4310964534567,401.7271438598633,16.600120546871754
2024-02-27,401.32025146484375,-0.0001472843584203171,54.682782631503905,3.844972325649394,5.108227365279273,411.9393550255133,391.3688023231195,401.6540786743164,16.512553804182705
2024-02-28,401.556640625,0.0005888553259306809,54.9163858348237,3.5841214078645294,4.803406173796325,411.9337405046927,391.3630124249948,401.64837646484375,16.39444634009284
2024-02-29,407.3871765136719,0.014415430917442256,60.34599110176568,3.804020316299102,4.603529002296881,411.71015030371643,393.240606532221,402.4753784179687,17.27959825947619
2024-03-01,409.218994140625,0.004486423848727339,61.89855479619745,4.079083028860339,4.498639807609573,412.40709442697323,393.7713510075971,403.08922271728517,16.696022814771013
2024-03-04,408.6477966308594,-0.0013967986207050226,61.095289857140955,4.202537113092433,4.4394192687061445,412.9440428460184,393.6735657965597,403.3088043212891,16.683182218281843
2024-03-05,396.5632629394531,-0.03001807033410928,47.15345098062886,3.287359851987219,4.2090073853623595,413.0998888991912,393.2959973312775,403.19794311523435,17.10835038176541
2024-03-06,396.0117492675781,-0.001391701106889568,46.63046131016806,2.4888824473594013,3.8649823977617683,413.2870898094629,392.8476514014746,403.06737060546874,16.922072906826077
2024-03-07,402.9551696777344,0.01738143358247314,53.60691538724764,2.3888224912975033,3.5697504164689158,412.91062335162485,392.8158140263048,402.8632186889648,16.745022951021237
2024-03-08,400.079345703125,-0.007162422570226931,50.653501680796374,2.0537944309804743,3.266559219371228,412.4264259994212,392.5982230484303,402.51232452392577,16.706004586162898
2024-03-11,398.4049682617188,-0.00419389552507704,48.9621282550574,1.6343344233722519,2.9401142601714327,410.3855458078086,393.1367839041054,401.761164855957,16.59562098363456
2024-03-12,409.0023498535156,0.026251905220286538,58.4244537835827,2.1324479412770643,2.7785809963925594,410.55255144528513,393.04723798342576,401.79989471435545,16.927112972090224
2024-03-13,408.8250732421875,-0.0004335306180702108,58.22996729861592,2.4842646949566074,2.7197177361053693,411.4832299070497,393.05515510271596,402.2691925048828,16.65551847244042
2024-03-14,418.7921142578125,0.024087278672910127,65.23669596860478,3.526685483901133,2.881111285664522,414.86004685508385,391.2275630081974,403.04380493164064,17.346486913224503
2024-03-15,410.1251220703125,-0.020912360521309663,56.38016456239066,3.6118227881009943,3.027253586151817,415.6838572003371,391.3748464129442,403.52935180664065,17.623947051037607
2024-03-18,411.0115051269531,0.002158918191109502,57.022775041634254,3.7080740504613914,3.163417679013732,416.4775962118345,391.8870644326967,404.1823303222656,16.816528885683898
2024-03-19,415.0397033691406,0.00975297930949977,59.91306060287442,4.062565081027003,3.343247159416386,417.774749196128,392.42377070133296,405.0992599487305,16.803104857853203
2024-03-20,418.8019714355469,0.009023999905459263,62.45287870063108,4.594127129291337,3.5934231533913765,419.5656623406405,392.9030144171721,406.2343383789063,16.69807978849182
2024-03-21,422.8793640136719,0.009688760585405248,65.03818031655612,5.283500482405373,3.931438619194176,422.3617405171771,391.85215413614316,407.10694732666013,16.874039257964675
2024-03-22,422.2588806152344,-0.001468359795252877,64.31247200601533,5.713899727478008,4.287930840850943,424.61809297796515,391.4079873443005,408.01304016113284,16.686161408558423
2024-03-25,416.4677429199219,-0.01380957648289511,57.826983936817996,5.5240203486071096,4.535148742402177,425.47421998873574,392.06069822415486,408.7674591064453,16.70923784643213
2024-03-26,415.2760620117188,-0.00286550189266174,56.56294557845666,5.2172397901638305,4.6715669519545076,426.02749654985206,392.9030027177261,409.4652496337891,16.63245109756314
2024-03-27,415.0593872070313,-0.0005218970472944847,56.32187736467096,4.900144327873704,4.717282427138347,426.44405254548144,393.83672138029976,410.1403869628906,16.631218693635308
2024-03-28,414.360107421875,-0.00168619125875316,55.49977406631371,4.540082608712396,4.681842463453157,426.84294798571534,394.13511903088624,410.4890335083008,16.90068130655439
2024-04-01,418.1518859863281,0.009109309690282624,58.99490735234122,4.508722200166687,4.647218410795864,427.62797978828496,394.24337641288696,410.93567810058596,16.607656840709115
2024-04-02,415.0692138671875,-0.007399443400591026,55.19911299396689,4.186859463737335,4.555146621384158,428.01067343968987,394.50282448511484,411.25674896240236,16.70098149308922
2024-04-03,414.0942077636719,-0.0023517838039340275,54.01533594050997,3.8091960413115658,4.40595650536964,427.42059654169157,396.845995865535,412.13329620361327,16.619010383693382
2024-04-04,411.5630798339844,-0.00613120212661415,50.96000189932398,3.267982914919628,4.178361787279638,426.19647859591066,399.62524686795655,412.9108627319336,16.779282549531114
2024-04-05,419.0875244140625,0.018117486127578557,58.47891911296135,3.4069541594345196,4.024080261710615,426.4034339862897,401.0315269512103,413.71748046875,16.622186708353635
2024-04-08,418.171630859375,-0.002187838530653949,57.32674690664896,3.40394634197753,3.900053477763998,425.6903796770704,403.55380977605466,414.6220947265625,16.47383823038031
2024-04-09,419.8360595703125,0.003972352327099528,58.911084107415995,3.4955733184381756,3.819157445898834,423.9415655286517,407.44573305533265,415.6936492919922,16.340991251535286
2024-04-10,416.8617248535156,-0.007109728987234801,54.98258762798334,3.2902563759384975,3.713377231906767,423.7180765388025,408.4551595451819,416.0866180419922,16.601546028588018
2024-04-11,421.4610900878906,0.010972888488569933,59.48213331417059,3.4588006547741657,3.6624619164802468,423.8974449881715,409.5393927803832,416.71841888427736,16.704013960459864
2024-04-12,415.5222473144531,-0.014191303883541995,52.223678022907905,3.07768064453046,3.5455056620902896,423.68386562933017,409.4259854448886,416.5549255371094,16.773219053751937
2024-04-15,407.3871765136719,-0.01977212944358684,44.25689788113826,2.0950575453366582,3.2554160387395634,424.14677051038535,408.6892860081693,416.4180282592773,16.824825221817004
2024-04-16,408.31292724609375,0.002269832075835477,45.279907253225424,1.3751699044482848,2.879366811881308,424.48877100648224,408.0774277239865,416.28309936523436,16.63483978573381
2024-04-17,405.6143493652344,-0.0066310292001755915,42.813338912101266,0.5802127491031115,2.4195359993256687,425.3005097017794,406.3231536282987,415.81183166503905,16.579027064320062
2024-04-18,398.1587524414063,-0.01855202853491559,36.842103537427256,-0.643977514667597,1.8068332965270155,426.997426969072,402.56191446159204,414.77967071533203,16.861455840107173
2024-04-19,393.0866394042969,-0.012820757163899814,33.426501934705215,-2.000375171412145,1.0453916029391834,428.2963608796102,398.28370809011636,413.29003448486327,17.23539232754686
2024-04-22,394.8988037109375,0.004599494869405849,35.719457583323745,-2.895723474355691,0.25716858748020865,428.40181206015257,395.4422492191443,411.9220306396484,16.825485964799164
2024-04-23,401.4089050292969,0.01635108210097028,43.277733043471756,-3.0448831680820945,-0.40324176363225206,428.1430257908494,394.19515169938495,411.16908874511716,16.571366375235492
2024-04-24,402.8763732910156,0.0036491278149465758,44.851859820112495,-3.009983657467558,-0.9245901423993133,427.7950548368277,393.3031537813364,410.54910430908205,16.527904710433234
2024-04-25,393.0078125,-0.024800258050569814,37.34600636526261,-3.735574546640237,-1.486787023247498,428.22949106340394,390.663560084057,409.44652557373047,17.518946081600948
2024-04-26,400.1777648925781,0.01807936981102548,44.59999045943882,-3.6895247726906746,-1.9273345731361333,427.8079628276927,389.6668540668386,408.73740844726564,17.206479170346213
2024-04-29,396.1693115234375,-0.0100671863862815,41.69367179567271,-3.931162685536947,-2.328100195616296,426.9565105723031,388.3200488759391,407.6382797241211,16.79012649268083
2024-04-30,383.4446105957031,-0.032646495157119336,34.09761934941707,-5.090756421340814,-2.8806314407611997,427.834782136906,384.2793169841878,406.0570495605469,17.17523993787732
2024-05-01,388.9698181152344,0.014306573141438997,39.27127663276918,-5.5004984188161075,-3.4046048363721813,427.50532344522156,382.0963367110284,404.800830078125,16.975167065612823
2024-05-02,391.8259582519531,0.007316004933623385,41.81417695352186,-5.530997369819886,-3.8298833430617227,426.99172271693834,380.6362252811086,403.81397399902346,16.689606186487975
2024-05-03,400.51263427734375,0.021927555122153792,48.831858033048,-4.798907037443257,-4.02368808193803,424.9478406071317,380.82261837724326,402.8852294921875,16.674661134298407
2024-05-06,407.2886657714844,0.0167768742803125,53.53913952318675,-3.630105466533621,-3.9449715588571483,423.32678354647453,381.35537892911145,402.341081237793,16.648523940853117
2024-05-07,403.1521301269531,-0.010208201726434066,50.48572903564925,-3.0029890681876736,-3.7565750607232538,420.82453112960286,382.1892384016471,401.506884765625,16.812152467673823
2024-05-08,404.33404541015625,0.0029273965624659697,51.33966085820584,-2.383152618764484,-3.4818905723315,418.8684442734142,382.8925573134999,400.88050079345703,16.282957418865667
2024-05-09,406.0870666503906,0.004326205100734607,52.644183587945015,-1.7305251863057833,-3.131617495126357,415.52654763847016,384.69705160469385,400.111799621582,16.502657193960616
2024-05-10,408.4705505371094,0.005852233504448915,54.432884713099504,-1.0093508458513725,-2.7071641652713607,413.96498948261757,385.5534400828121,399.7592147827148,16.410936966597475
2024-05-13,407.4659118652344,-0.002462542675453377,53.51534444808216,-0.5129677569742626,-2.268324883611941,413.97786768464414,385.54843541594175,399.76315155029295,16.552485120610886
2024-05-14,410.2630004882813,0.006841141335988239,55.751702634994615,0.10491173565941381,-1.7936775597576702,414.34646866590117,385.3748417589035,399.8606552124023,16.530821072424395
2024-05-15,417.43597412109375,0.017332758478753093,60.941232045036514,1.1600128047487601,-1.2029394868563843,416.774362380189,384.1291105202016,400.4517364501953,16.91738059004458
2024-05-16,415.3739013671875,-0.004952095378926051,58.806012300243,1.8089435901368347,-0.6005628714577405,418.89315743379984,383.73183035916895,401.3124938964844,16.679430018432445
2024-05-17,414.6043090820313,-0.001854488457715387,57.98938989517835,2.235358426708899,-0.03337861182441254,420.47580181568674,384.3009529450554,402.3883773803711,16.54676940934061
2024-05-20,419.6658630371094,0.012134237155366247,61.75142362079993,2.947740640648135,0.562845238670097,422.90711753609855,384.3463431572608,403.62673034667966,16.604962604232533
2024-05-21,423.3165283203125,0.008661362664518075,64.238838031314,3.7635035301079256,1.2029768969576626,425.87073603048043,383.57348699198053,404.7221115112305,16.881389084271916
2024-05-22,424.7767333984375,0.003443504593015669,65.2133168729502,4.476228665915585,1.857627250749247,428.75551534673156,382.8787436864715,405.81712951660154,16.709968456206614
2024-05-23,421.3037109375,-0.008209720460586135,60.95856765513471,4.70657017240336,2.42741583508007,430.33365845674587,384.1301904202072,407.23192443847654,16.66110000118853
2024-05-24,424.4215698242188,0.0073732524799525875,63.275067272593525,5.082119125174472,2.9583564930989503,432.51140055001815,384.37682882009904,408.4441146850586,16.288285667290065
2024-05-28,424.5794372558594,0.00037188986148069687,63.39350373430282,5.331030161064177,3.4328912266919955,434.2332105985036,385.4960313448558,409.8646209716797,16.57031717402958
2024-05-29,423.44482421875,-0.002675899182797858,61.849665887891824,5.374783007748988,3.821269582903394,433.51782093718043,390.21144236848363,411.86463165283203,16.557453264034578
2024-05-30,409.1382141113281,-0.03437018963725325,46.47914159419975,4.206543172419913,3.8983243008066983,431.7354927480544,394.01061015721905,412.87305145263673,17.16170605762279
2024-05-31,409.5921020507813,0.001108760667565823,46.92974974580083,3.2795253231307697,3.774564505271513,429.931592756789,397.59112452836723,413.7613586425781,17.68661366824672
2024-06-03,408.0035400390625,-0.003885940503961081,45.486315688670096,2.3891328838853383,3.4974781809942783,429.33168820077856,398.9401196605496,414.1359039306641,16.676836827961655
2024-06-04,410.5195617675781,0.0061477303384378295,48.2036481683458,1.865013670410633,3.1709852788775494,429.2535434839617,399.3413539769758,414.2974487304688,16.479183911871242
2024-06-05,418.3536071777344,0.018903443825245603,55.62132571341799,2.0580633373542696,2.9484008905728936,429.14882417884195,400.9662209871737,415.0575225830078,16.648017829280377
2024-06-06,418.8568115234375,0.0012020978121118132,56.05664208432201,2.2260010203734737,2.8039209165330097,429.01901072521696,402.5483110521268,415.7836608886719,16.514271143892632
2024-06-07,418.19573974609375,-0.0015795230867716758,55.28934937469179,2.279473524598984,2.699031438146205,428.841462667763,403.93672641915106,416.389094543457,16.42717474075539
2024-06-10,422.162109375,0.009439785887558403,58.922375832128374,2.611796584920967,2.6815844675011573,429.1940634242829,404.9532815464202,417.07367248535155,16.45334578397218
2024-06-11,426.907958984375,0.011179051554563207,62.815716933299,3.220985884953336,2.789464750991593,430.03961431643523,406.0519353661819,418.04577484130857,16.49317721882203
2024-06-12,435.1761474609375,0.019182448551763497,68.4297639573205,4.321135147952816,3.095798830383838,432.94228699479265,405.6405773850902,419.2914321899414,16.923061493384935
2024-06-13,435.6892395019531,0.001178349967896663,68.74512208869658,5.174762167558242,3.511591497818719,435.6547231105737,404.7534678073951,420.2040954589844,16.585633805918548
2024-06-14,436.6659851074219,0.0022393309195162577,69.37232930279933,5.862503645263018,3.9817739273075787,438.18287554275634,404.35452374923585,421.2686996459961,16.42425601828273
2024-06-17,442.3886413574219,0.013020208124308224,72.81449322429117,6.7910314708692,4.543625436019903,441.6978398281193,403.6179926914119,422.6579162597656,16.84998270793424
2024-06-18,440.3857116699219,-0.004537814488192624,69.8553238904047,7.281341997673223,5.091168748350568,444.24331265930437,403.14450472350813,423.69390869140625,16.655319807015655
2024-06-20,439.7542724609375,-0.0014348611100613005,68.90460794513275,7.532138946473367,5.579362787975128,446.28058355462,402.75100824225495,424.5157958984375,16.805094016239774
2024-06-21,443.7798461914063,0.009112498321500559,71.5618635057033,7.963924329912913,6.056275096362685,448.87572477237467,402.05617830379725,425.46595153808596,17.34735896714601
2024-06-24,441.697998046875,-0.004702211340506893,68.31074889349206,8.04538739281702,6.4540975556535525,450.8877442493671,402.08358753774235,426.4856658935547,16.58269099425499
2024-06-25,444.9342041015625,0.0073000290727070535,70.55050290547743,8.275685290989713,6.818415102720785,453.2365317665496,401.7860634482941,427.51129760742185,16.613608693268418
2024-06-26,446.1281433105469,0.0026798123093499417,71.35489806988176,8.457051327129648,7.146142347602558,455.571242827179,401.6062229931335,428.58873291015624,16.619295151910038
2024-06-27,446.8088684082031,0.0015246881260257141,71.8273883819108,8.557073427882699,7.428328563658586,457.8038314096977,401.7100388295601,429.7569351196289,16.510563391374646
2024-06-28,440.9875793457031,-0.013114205417062689,62.3552573356631,8.073545479864379,7.557371946899744,458.05150844354813,404.6472983191472,431.34940338134766,17.160571391738877
2024-07-01,450.6370849609375,0.021645615599592435,69.52858708863012,8.372467957363085,7.720391148992412,459.3617897355496,407.4415153181613,433.40165252685546,16.68697134758484
2024-07-02,453.153076171875,0.005567658995487598,71.07619393920957,8.711959590949846,7.918704837383899,460.1294853023847,411.18877336460747,435.6591293334961,16.453124060047738
2024-07-03,454.6231994628906,0.0032389579144356537,71.97195100189286,8.995936266223339,8.134151123151788,460.68938322014424,415.0392392163792,437.8643112182617,16.111353070767468
2024-07-05,461.3226318359375,0.014628707542279226,75.66980176847159,9.650334975854776,8.437387893692387,463.19161834012266,416.83390656222105,440.01276245117185,16.588118092527104
2024-07-08,460.020263671875,-0.002827110379533116,73.63591556275594,9.949172573152396,8.739744829584389,464.6423949947,419.4994751224875,442.07093505859376,16.377555779425222
2024-07-09,453.4096374511719,-0.014474546168386193,64.20286851243296,9.542580307581375,8.900311925183786,463.91842376457345,423.74483612312184,443.83162994384764,16.660838516959565
2024-07-10,460.0301208496094,0.014495973642143329,68.54834667604635,9.643407489615186,9.048931038070066,464.2929727824542,427.15708825270207,445.72503051757815,16.716717898327104
2024-07-11,448.63421630859375,-0.025084074733061623,55.95663619782048,8.703431757285841,8.979831181913221,463.15263720479396,430.47004956278414,446.81134338378905,16.955827949744886
2024-07-12,447.4995727539063,-0.00253230973961666,54.87579009165563,7.777286250303064,8.739322195591189,462.8235666559876,432.03146264088747,447.4275146484375,16.608165414445896
2024-07-15,447.9040832519531,0.0009035266337198804,55.207965958843516,6.995312274587491,8.390520211390449,462.4086384854024,433.6678751864726,448.0382568359375,16.48477841914695
2024-07-16,443.5233154296875,-0.009828737809407014,50.842871369835294,5.953472982725486,7.903110765657456,461.91173083244837,434.8505158716532,448.3811233520508,16.659006210378056
2024-07-17,437.6033630371094,-0.01343743553530177,45.59631526566721,4.597124366813318,7.241913485888629,462.27448456385116,434.0092343082191,448.14185943603513,16.89641088980604
2024-07-18,434.4953918457031,-0.007127597262938989,43.082744771634594,3.2341398648120503,6.440358761673314,462.87753164905024,432.8171552405982,447.8473434448242,16.85021356150528
2024-07-19,431.27880859375,-0.007430570350040741,40.588890905033224,1.8728246837172264,5.526851946082096,463.82949358922696,431.0176469137028,447.42357025146487,16.85719091317555
2024-07-22,437.0310974121094,0.013249585039254488,46.547763365320044,1.2437965167032985,4.670240860206337,464.0748752700223,430.09739035497773,447.0861328125,16.576077368232635
2024-07-23,438.9156188964844,0.004302828829294867,48.37462129051653,0.8871260596288266,3.913617900090835,464.1655517755537,429.72847593440724,446.94701385498047,16.38866470237805
2024-07-24,423.1783752441406,-0.03651340147500299,37.001684082671495,-0.657818960882878,2.9993305278960927,466.0972881737854,425.62115665043336,445.8592224121094,17.104128877281912
2024-07-25,412.8184509277344,-0.024785870860826096,31.715531921223516,-2.6871821678817014,1.8620279887405342,469.24797447189496,419.13950111404256,444.19373779296876,17.214832882805606
2024-07-26,419.5968017578125,0.01628634418824749,37.96060947007969,-3.7057927946934797,0.7484638320537316,470.143401315477,415.5228676054215,442.83313446044923,16.976070636011585
2024-07-29,421.037353515625,0.0034273010652318653,39.232577591833994,-4.346702486932088,-0.2705694317434323,470.8348613706294,412.83638496726115,441.8356231689453,16.531912519156602
2024-07-30,417.2781677246094,-0.008968487145607221,37.09522430661439,-5.0991827079187715,-1.2362920869785001,470.8253874134875,409.5099672007703,440.1676773071289,17.302506389650798
2024-07-31,412.7691650390625,-0.010864554009111908,34.656380114192075,-5.990314916280454,-2.187096652838891,470.4790669910732,405.81789650990333,438.14848175048826,17.57418192091644
2024-08-01,411.545654296875,-0.0029685542755856636,34.003104272999536,-6.717831720883282,-3.093243666447769,469.42490081922983,402.5643081651451,435.9946044921875,17.22653948454694
2024-08-02,403.0406494140625,-0.020882536114146977,29.7982103445174,-7.8897289604872185,-4.052540725255659,467.36458821109403,398.79642253109347,433.08050537109375,17.19779355172881
2024-08-05,389.8786315917969,-0.03320193424843586,24.70633858661195,-9.767932162973239,-5.195619012799175,466.50237686425504,392.6444706699246,429.5734237670898,17.521964693659193
2024-08-06,394.2790832519531,0.011223502031288354,29.070242827085835,-10.77711024145583,-6.311917258530507,464.95199817312937,388.2817939411284,426.6168960571289,17.032244129846223
2024-08-07,393.1148986816406,-0.002957059478091182,28.59800389919127,-11.537830180446235,-7.357099842913653,461.00305120814335,385.53921868931764,423.2711349487305,16.84326950838073
2024-08-08,397.3180541992188,0.010635171824086317,32.839925132199355,-11.667056129188097,-8.219091100168542,458.1533180803073,383.25733560621615,420.70532684326173,16.82134171569328
2024-08-09,400.6036376953125,0.0082353997866377,36.038753215660805,-11.373245797269703,-8.849922039588776,454.59763547884506,382.123424701819,418.360530090332,16.77440772254719
2024-08-12,401.383056640625,0.0019437210023745366,36.80768380015847,-10.951267008279956,-9.270191033327013,450.19989635811277,381.86906116141853,416.03447875976565,16.63467872873187
2024-08-13,408.4870300292969,0.017543938751509662,43.477400578076534,-9.929157350479102,-9.401984296757432,446.02010920024014,382.545219779252,414.2826644897461,16.781520517409383
2024-08-14,411.2989807128906,0.0068602334631922505,45.91096801080917,-8.790891240969756,-9.279765685599896,442.7560408466557,383.1788499004146,412.96744537353516,16.720606766002344
2024-08-15,416.1620788574219,0.011754399995080086,49.92629572670412,-7.410966759129792,-8.906005900305876,440.12927751634385,383.9722819318983,412.05077972412107,16.84815805252729
2024-08-16,413.6316833496094,-0.006098872916356839,47.932406273706945,-6.447228795244428,-8.414250479293587,437.77321445255694,384.5636324712712,411.1684234619141,16.941200389346097
2024-08-19,416.65631103515625,0.00728576370011409,50.478273259026686,-5.377409905088371,-7.8068823644525445,434.00275722118204,386.29661106495075,410.1496841430664,16.53904039555751
2024-08-20,419.8885192871094,0.007727557972019887,53.1164321626201,-4.22011171287204,-7.089528234136444,429.46947840055,388.9271799246453,409.19832916259764,16.61203557026927
2024-08-21,419.2361755371094,-0.0015548198865839458,52.50844254540289,-3.3173429815016675,-6.335091183609489,428.77045209769767,389.23198625679447,409.00121917724607,16.592296770901154
2024-08-22,410.7454528808594,-0.02046073931706289,45.24862816681468,-3.2495636690291576,-5.717985680693423,428.6041721527536,389.1909663970511,408.89756927490237,16.778817827140934
2024-08-23,411.9711608886719,0.0029796624844021123,46.40070776623889,-3.0616508775054854,-5.186718720055836,427.63766851513407,389.3949059477565,408.5162872314453,16.732946152815263
2024-08-26,408.7092590332031,-0.007949303902686233,43.76164528483419,-3.1397438426739086,-4.7773237445794505,426.094099905498,389.7056651091504,407.8998825073242,16.39214529770824
2024-08-27,409.0552368164063,0.0008461551109196643,44.124645900008446,-3.137547865810461,-4.449368568825653,425.15459436496326,389.822877558865,407.48873596191413,16.417674253248233
2024-08-28,405.8527221679688,-0.007859859754786643,41.457161348822794,-3.3555430938889117,-4.230603473838305,424.6435536749294,389.64227396178944,407.14291381835943,16.515710089713878
2024-08-29,408.3435363769531,0.006118480534165857,44.278643165324496,-3.289399838887391,-4.042362746848123,424.3720881710676,389.5935276736591,406.98280792236335,16.651379255799075
2024-08-30,412.3171081542969,0.009683912239797454,48.53954484729833,-2.883112077501096,-3.8105126129787172,424.8879615779796,390.0053001407705,407.44663085937503,17.006328454915366
2024-09-03,404.7060852050781,-0.01863164517941809,41.92632080917313,-3.139086607093361,-3.6762274118016465,423.63116523605885,392.7448418440194,408.1880035400391,16.82680121966222
2024-09-04,404.1723327636719,-0.001319734850180166,41.49930895898398,-3.3464419278024593,-3.6102703150018094,422.82931995486183,394.53601207638826,408.68266601562505,16.532573422724365
2024-09-05,403.668212890625,-0.0012480679292381995,41.07381165880492,-3.5109784005348956,-3.590411932108427,421.58881792126544,396.83184553088313,409.2103317260743,16.468435641384033
2024-09-06,397.0556335449219,-0.016516879582032334,35.87745101010155,-4.127376799620265,-3.697804905610795,421.62921398004454,396.76520740667416,409.19721069335935,16.791524751647852
2024-09-09,401.0291442871094,0.009957697942725269,40.72987043982948,-4.246299169331792,-3.8075037583549944,421.5898758637909,396.8470961821075,409.2184860229492,16.54304313901052
2024-09-10,409.4111022949219,0.020685687627334522,49.4243706687129,-3.6224348695442927,-3.7704899805928545,421.4290219954765,397.81075461585164,409.61988830566406,16.790749316614196
2024-09-11,418.1488952636719,0.021117786549106822,56.57563987782585,-2.395339071696071,-3.4954597988134983,422.4931924123531,397.71277072241253,410.1029815673828,16.773899207530288
2024-09-12,422.0630798339844,0.009317203282589509,59.34858773594814,-1.094399274933096,-3.0152476940374178,424.13603963833134,397.1463334085437,410.6411865234375,16.671733664692674
2024-09-13,425.611572265625,0.008372346986692656,61.73423350756252,0.2203979595270198,-2.3681185633245305,426.0111713258869,396.2161510618084,411.11366119384763,16.5802309685689
2024-09-16,426.3528747558594,0.0017402197472062887,62.232866038389716,1.307133336635161,-1.6330681833325922,428.11397479549305,395.38546673282724,411.74972076416014,16.44269055911563
2024-09-17,430.118896484375,0.008794326040879092,64.74618905527282,2.4440914669959852,-0.8176362532668766,430.6395963849289,394.20610368831325,412.42285003662107,16.753306521077548
2024-09-18,425.8290100097656,-0.010023793180342749,59.859496663488336,2.964804568683121,-0.06114808887687717,431.6296949792591,393.8100541662487,412.7198745727539,16.75456670724036
2024-09-19,433.6179504394531,0.01812596714424637,65.02150991916582,3.9603237046388813,0.7431462698262746,434.37715223208636,392.5007744036558,413.43896331787107,16.8931269658016
2024-09-20,430.2374572753906,-0.007826565394854391,61.33487486564278,4.425487975224428,1.4796146109059052,436.60115763067347,392.22596944452187,414.41356353759767,17.825877337194072
2024-09-23,428.497802734375,-0.004051672271730423,59.46629520775509,4.6007241443460885,2.103836517593942,438.2598791398839,392.21991211988177,415.2398956298828,16.532117445981587
2024-09-24,424.2080078125,-0.010061690818742001,55.01540722736112,4.343381671749398,2.5517455484250333,439.152342168641,392.8773239690544,416.0148330688477,16.649652940918415
2024-09-25,427.1139831542969,0.006826997679858645,57.34452089212983,4.32407854616315,2.906212147972657,440.319681200828,393.5158595706564,416.9177703857422,16.410496646756958
2024-09-26,426.3232421875,-0.0018530740623745473,56.4874711656577,4.1965987148492445,3.1642894613479746,441.09483557188474,394.7877572015528,417.94129638671876,16.48910740000069
2024-09-27,423.0713195800781,-0.00765707397326124,52.98058637960724,3.7894842377024247,3.289328416618865,441.4801094745873,395.8752616191627,418.677685546875,16.516610058819715
2024-09-30,425.324951171875,0.005312698723870251,55.062696880155976,3.6071117773153105,3.3528850887581543,442.10865135706456,396.5475040384432,419.3280776977539,16.637323933302834
2024-10-01,415.8260803222656,-0.022586371071614073,45.847299455389894,2.66537600094847,3.2153832711962176,441.6837039775329,398.0844509296936,419.88407745361326,16.76482714853577
2024-10-02,412.3072204589844,-0.008498344501188165,42.97774241748015,1.6164674007303574,2.8956000971030456,441.1389123711159,399.4427313056419,420.2908218383789,16.623846479706796
2024-10-03,411.7239990234375,-0.0014155326136749112,42.50291476221365,0.7297268455787389,2.4624254467981843,440.4733893088145,400.9138329812246,420.69361114501953,16.431913270079956
2024-10-04,411.2495727539063,-0.001152956397035911,42.0954895451462,-0.011174851275654873,1.9677053871834165,438.4404235988425,404.366192612095,421.40330810546874,16.76884151761276
2024-10-07,404.8049926757813,-0.015794811600338486,36.918431729706015,-1.1056235960544427,1.3530395905358448,437.73902702300893,405.4451740267957,421.5921005249023,16.856206684687454
2024-10-08,409.9151611328125,0.01254476263787716,42.91365003775613,-1.5428492189407166,0.7738618286405324,437.68555827502126,405.54904865857253,421.6173034667969,16.771945767450326
2024-10-09,412.6333618164063,0.0066092406769102325,45.86107741184293,-1.6509860573376614,0.28889225144489367,437.843884880594,404.83916870827323,421.3415267944336,16.521846023080016
2024-10-10,411.0321044921875,-0.0038881303319730958,44.406549170832605,-1.844629622602497,-0.13781212336458448,437.91636016894626,403.66359588574124,420.78997802734375,16.443680332669075
2024-10-11,411.5065612792969,0.0011536402104209953,44.963540722998,-1.9374748417430396,-0.49774466704027553,437.5337393563034,402.6357155997513,420.08472747802733,16.464864763753756
2024-10-14,414.2939453125,0.006750769941913454,48.244254710968015,-1.765781915723153,-0.7513521167768511,436.8520258157274,402.11153619599133,419.4817810058594,16.628107003295295
2024-10-15,413.8985900878906,-0.0009547423762998756,47.80894098043742,-1.642680103673797,-0.9296177141562403,435.4546210283981,401.88691034367224,418.67076568603517,16.754683114893954
2024-10-16,411.308837890625,-0.006276629636690797,44.94791546746257,-1.7341027327198049,-1.0905147178689534,434.6809787493649,401.2085354107914,417.94475708007815,16.556924675130926
2024-10-17,411.9019470214844,0.0014409656538925705,45.748642153336505,-1.7386547452347259,-1.2201427233421078,432.06122559706125,401.65668822129817,416.8589569091797,16.511488245308595
2024-10-18,413.3253173828125,0.003449647955760788,47.71409729668767,-1.6088621935066953,-1.2978866173750254,429.90745268056276,402.11924714853876,416.01334991455076,16.657234699863867
2024-10-21,413.9381408691406,0.001481568156584374,48.57788032159759,-1.4399520564228965,-1.3262997051845997,427.8912524820232,402.67948116055493,415.2853668212891,16.469182078186588
2024-10-22,422.5671997070313,0.020631942239908947,58.879227647841816,-0.602847374415262,-1.1816092390307322,427.58405535884856,402.82259747318267,415.2033264160156,17.05349076641324
2024-10-23,419.69085693359375,-0.006830101374754697,54.929122897141774,-0.16957791745369377,-0.9792029747153246,426.10496623273536,403.5593739772256,414.8321701049805,16.793811840667775
2024-10-24,419.8193359375,0.0003060808695363485,55.07410668227246,0.18205975902384353,-0.746950427967491,424.70834441327264,404.30560517168834,414.5069747924805,16.424226567107585
2024-10-25,423.1997985839844,0.008019938402698117,58.826987183085144,0.7251511439149567,-0.4525301135910015,424.73761235188147,404.28918513347014,414.5133987426758,16.642770983212113
2024-10-28,421.6578369140625,-0.0036502324587011593,56.50819632311314,1.0193807721531698,-0.1581479364421672,423.8447964287868,404.81528963078347,414.33004302978514,16.515689931879376
2024-10-29,426.9559020996094,0.012486561974604453,62.044146106621916,1.660923364381631,0.20566632372259247,425.9461864515234,403.82688178578127,414.8865341186523,16.685912064516135
2024-10-30,427.5291442871094,0.0013417256999902164,62.59886761462227,2.190357269382446,0.6026045128545632,427.98156258824787,403.31369803186936,415.6476303100586,17.20830947101193
2024-10-31,401.65185546875,-0.06243677759899472,36.59691270742411,0.5159094285951369,0.585265496002678,428.89375907620024,401.3942871884482,415.1440231323242,17.80395744176394
2024-11-01,405.6253662109375,0.009844308064115551,40.672022981145766,-0.4848839991816476,0.3712355969658129,429.166797409218,400.55882820113357,414.8628128051758,17.003118642387502
2024-11-04,403.7374267578125,-0.004665257394376175,39.37702175512241,-1.4140605271855975,0.014176372135530801,429.2784676343117,400.340401384243,414.80943450927737,16.79472216369645
2024-11-05,406.7027587890625,0.007317863346840643,42.475153107264234,-1.8893824822207534,-0.3665353987357261,429.41488268453594,399.8827460996437,414.64881439208983,16.68488569937611
2024-11-06,415.3219604492188,0.020971431516667426,50.408370156630745,-1.5526826566407976,-0.6037648503167404,429.5209819154448,400.0455067320161,414.78324432373046,17.09949228048155
2024-11-07,420.5111999511719,0.012417086142207448,54.478702357745895,-0.8572356802426384,-0.65445901630192,430.0963371222823,400.4180610710771,415.2571990966797,16.806320788112178
2024-11-08,417.6546936035156,-0.006816114635338188,51.95096884330999,-0.5304702001967598,-0.629661253080888,430.3311454258471,400.7980659999341,415.5646057128906,16.64231523383418
2024-11-11,413.1770324707031,-0.010778848098253295,48.17742959997163,-0.6256044563373848,-0.6288498937321874,430.3039538502678,400.7135662913338,415.5087600708008,17.01431840113293
2024-11-12,418.1389770507813,0.011937707080959252,52.31129312970044,-0.297185807822018,-0.5625170765501535,430.54033055232145,400.9012282855692,415.7207794189453,16.780845529333877
2024-11-13,420.2838745117188,0.005116516412128607,54.01877852680462,0.13461191434106468,-0.4230912783719099,430.97009844883206,401.3689640511679,416.16953125,16.88366585995125
2024-11-14,421.9544067382813,0.003966892634564757,55.359394935573995,0.604642764145126,-0.21754446986850273,431.5450873457297,401.79922112595,416.67215423583986,17.224904290912153
2024-11-15,410.2018432617188,-0.028247928098136726,45.34327828730537,0.028483605443682336,-0.16833885480606572,431.60097107832485,401.4309899812455,416.51598052978517,17.156519091596806
2024-11-18,410.95306396484375,0.001829669179554217,46.0156287569073,-0.3633213044627155,-0.20733534473739568,431.6172708575813,401.1161825115594,416.3667266845703,17.023406362430933
2024-11-19,412.9595947265625,0.004870746207112713,47.86056519993847,-0.5060854175063128,-0.2670853592911791,430.918228989327,400.8544638817668,415.8863464355469,16.713271669438843
2024-11-20,410.6861267089844,-0.005520513813821417,45.94465111422772,-0.7935295596976175,-0.37237419937246685,430.5274934472997,400.34472640133305,415.4361099243164,16.769988503972222
2024-11-21,408.913330078125,-0.004326014081422476,44.45038320833148,-1.1511116865576696,-0.5281216968095074,430.10298451636334,399.678634746332,414.8908096313477,16.849511216350844
2024-11-22,413.0037231445313,0.009953381110286172,48.603886857777994,-1.091851379665684,-0.6408676333807427,429.0960004156182,399.6660113031318,414.381005859375,17.026942787889926
2024-11-25,414.776611328125,0.004283481548278046,50.33715636778664,-0.8915526359204478,-0.6910046338886837,428.35189243897526,399.721996721181,414.0369445800781,17.136621656003474
2024-11-26,423.888427734375,0.021730189121606108,58.14894569668879,0.0024052684916000544,-0.552322653412627,427.6717505055155,400.0953912181173,413.8835708618164,16.97076055439751
2024-11-27,418.9363403320313,-0.011751302470625622,53.24685931195212,0.3077339162799717,-0.3803113394741073,425.92434201241593,400.9835193157091,413.4539306640625,16.724180598690044
2024-11-29,419.4018249511719,0.001110493798930136,53.64246377179327,0.5805772547774382,-0.18813362062379818,425.75714686133665,402.9257114150305,414.34142913818357,16.604950313181174
2024-12-02,426.8497619628906,0.017602635999916835,59.54143415754493,1.3818645635974462,0.1258660162204507,427.34089609712987,403.46440175443263,415.40264892578125,16.821549583994216
2024-12-03,427.0676879882813,0.0005104147482508198,59.7030136441555,2.011290433631814,0.5029508997027233,428.26494588702445,404.87337808758497,416.5691619873047,16.722520956096297
2024-12-04,433.22802734375,0.014321690882204412,64.07117772904564,2.9729327540820805,0.9969472705785948,430.8304969094517,404.96035392062646,417.8954254150391,17.07396860755565
2024-12-05,438.3782043457031,0.011817806606418646,67.26587233868669,4.103316979615329,1.6182212123859416,434.8169163974096,403.279558822317,419.0482376098633,16.892721476970276
2024-12-06,439.3191223144531,0.002144061057540624,67.8286921477179,5.017243182544632,2.29802560641768,438.1816049361984,401.7956625198563,419.98863372802737,16.75048387880484
2024-12-09,441.7456359863281,0.005508153138565475,69.29489755584542,5.869673712139729,3.01235522756209,441.76948889961994,400.616872794716,421.193180847168,16.767520854861626
2024-12-10,439.0813903808594,-0.00604943683765782,65.75159225683659,6.258109107686664,3.661506003587005,444.17154169640105,400.8052557889505,422.48839874267577,16.73163133502649
2024-12-11,444.6871948242188,0.012686306622105983,69.3077749155822,6.9383080300762,4.316866408884844,447.53292516884034,400.09869409385493,423.81580963134763,16.77043130569321
2024-12-12,445.2516784667969,0.0012685898666129729,69.6495239399531,7.43718841050071,4.940930809208018,450.5602668119192,399.5681328462839,425.06419982910154,16.852135271557177
2024-12-13,442.9836730957031,-0.0051067778288233735,66.44813031978384,7.562371318147768,5.465218910995969,452.7794963572919,399.45182993665344,426.1156631469727,16.820093597675644
2024-12-16,447.2622375488281,0.009612169726709996,69.31365871843607,7.915578209936484,5.955290770784073,455.12249159418906,400.81487412846724,427.96868286132815,16.97670646362047
2024-12-17,450.1047058105469,0.006335151499431454,71.08074333140279,8.328850841646613,6.4300027849565815,457.5559362050471,402.29659370217945,429.92626495361327,16.939350209484953
2024-12-18,433.1983337402344,-0.038284566556576416,51.92728076940558,7.209067800008427,6.585815787966951,457.4096450743629,404.46675873423084,430.9382019042969,17.011915840614105
2024-12-19,432.841796875,-0.0008233726654762002,51.611431451432516,6.22114859807931,6.5128823499894235,456.74388913665905,407.34808168853624,432.04598541259764,16.949425309805175
2024-12-20,432.41595458984375,-0.0009843132149178412,51.210772623697295,5.342271222275315,6.2787601244466025,455.39190869082006,411.0503245855472,433.2211166381836,17.978505504142277
2024-12-23,431.078857421875,-0.003096945616931813,49.90087944735309,4.486148476012318,5.920237794759746,454.2002305793182,414.04951612478334,434.12487335205077,16.767943865585618
2024-12-24,435.1197509765625,0.009330245580986416,53.75101387286915,4.086623320470665,5.55351489990193,453.03226418110916,417.2517964878362,435.1420303344727,15.784648972715866
2024-12-26,433.9114074707031,-0.002780899793594505,52.452899448263864,3.6306417557415784,5.16894027106986,452.7504881543858,418.5358704881923,435.64317932128904,15.918937266932103
2024-12-27,426.4040832519531,-0.01745293409853703,45.15624789964407,2.6331415407886425,4.661780525013617,451.86844094801944,420.16469198655085,436.01656646728514,16.71239997414993
2024-12-30,420.7586975097656,-0.013327944612058757,40.584261893700216,1.371272805585079,4.003678981127909,451.6458334907184,420.5229866997112,436.0844100952148,16.39259377078278
