Date,Close,log_return,rsi_14,macd,macd_signal,bb_upper,bb_lower,sma_20,volume_log
2018-01-30,6.000446319580078,-0.016872243333282685,77.2033987260069,0.24644989941561857,0.20973363190072744,6.19216585562265,5.012983985685943,5.6025749206542965,20.162605505415222
2018-01-31,6.0765886306762695,0.012609604974453953,79.07115372402346,0.2505957983840652,0.217906065197395,6.1941406787210544,5.125841182393448,5.659990930557251,19.98632558801079
2018-02-01,5.945562839508057,-0.0217982579375879,68.64812560353867,0.24053601738713049,0.22243205563534213,6.206978341083529,5.182298258800504,5.694638299942016,20.067845949173243
2018-02-02,5.773004531860352,-0.029452539006978667,57.83543857845132,0.21614793631066043,0.2211752317704058,6.1937079803509665,5.244838677211289,5.719273328781128,20.39262615923581
2018-02-05,5.283022880554199,-0.0886942119377637,39.03442209196834,0.1554903856615315,0.20803826254863095,6.199268964989322,5.235074992911679,5.717171978950501,20.87616201678894
2018-02-06,5.57671594619751,0.054101613877221635,49.60851279822086,0.12962320009701944,0.19235525005830867,6.19641492914224,5.246779507884738,5.721597218513489,20.83194085446909
2018-02-07,5.656320571899414,0.014173542160626568,52.036777281989885,0.11422992570677515,0.17673018518800196,6.19314576639789,5.26700786099774,5.730076813697815,20.503780587129864
2018-02-08,5.377459526062012,-0.05055754959099839,44.0321216129452,0.07862257686463447,0.15710866352332847,6.204039412768958,5.240885847774864,5.722462630271911,20.857796730778144
2018-02-09,5.737408638000488,0.06479159600267241,53.89153104541197,0.0785429868225549,0.14139552818317375,6.206180864166199,5.2585217897186896,5.732351326942444,21.23884255695903
2018-02-12,5.637285232543945,-0.017605043719521367,51.19019843701429,0.0695985008919413,0.12703612272492726,6.203428731889502,5.273758520155176,5.738593626022339,20.81234939972532
2018-02-13,5.751004219055176,0.019971878472174263,54.00990488351629,0.0708691675239308,0.11580273168472796,6.19736642014294,5.310772379524419,5.754069399833679,20.254100258038374
2018-02-14,5.968308448791504,0.037089058992148635,58.89639124577952,0.08839188856757207,0.11032056306129678,6.217516866952246,5.331907304495508,5.774712085723877,20.428878670173862
2018-02-15,6.093892574310303,0.02082350695557858,61.445887304059454,0.11113130807542859,0.11048271206412315,6.253226220661869,5.350733911937008,5.801980066299438,20.365018229878178
2018-02-16,6.028134346008301,-0.010849484788912463,59.36936390175924,0.12243496830307077,0.11287316331191269,6.277728766236784,5.36017425652933,5.818951511383057,20.27330951251185
2018-02-20,6.1576762199401855,0.021261901839643316,62.087499934068816,0.1402296667631342,0.118344464002157,6.320406869969651,5.355542941965774,5.837974905967712,20.34673798019006
2018-02-21,5.97053337097168,-0.03086320406587939,56.23462657378916,0.1376445489236655,0.1222044809864587,6.326384553011649,5.3559930715000705,5.84118881225586,20.609303992356367
2018-02-22,5.9900736808776855,0.003267447413998841,56.69367570452468,0.1356093440114705,0.12488545359146107,6.338897648201805,5.359550246848243,5.849223947525024,20.09658781451949
2018-02-23,6.083580493927002,0.015489706974669533,58.914497095333,0.13992863756839835,0.1278940903868485,6.361979401038392,5.360529601647155,5.861254501342773,19.84451171100888
2018-02-26,6.099659442901611,0.002639520914509474,59.30099327020865,0.14300072232387073,0.13091541677425297,6.3730103777969624,5.357912035075351,5.865461206436157,19.966778352566386
2018-02-27,6.08679723739624,-0.002110902392527811,58.82428168845293,0.14275194358970822,0.13328272213734405,6.370720812195113,5.358626702911089,5.864673757553101,19.936765762048616
2018-02-28,5.986363887786865,-0.016637840805473453,55.099598382465935,0.13291845152328108,0.13320986801453147,6.3692598778586555,5.358679394068225,5.86396963596344,20.075313796670564
2018-03-01,5.74418830871582,-0.0412955826308845,47.3191175162098,0.10438055882142816,0.1274440061759108,6.34500259901677,5.349696640714064,5.847349619865417,20.76260192902021
2018-03-02,5.851299285888672,0.018475121975728925,50.63905416040941,0.08937675435574377,0.1198305558118774,6.338153885469452,5.347118998899444,5.842636442184448,20.63271511403684
2018-03-05,5.829283714294434,-0.003769605962966554,49.94238481531996,0.07484687045225513,0.11083381873995296,6.339941021500638,5.3509597811116665,5.845450401306152,20.246480867903045
2018-03-06,5.990322113037109,0.02725105504081039,54.836893278074335,0.07545647047939585,0.10375834908784154,6.301622634851574,5.460008091009021,5.8808153629302975,20.27197875679994
2018-03-07,5.982405185699463,-0.0013224937466615454,54.55448249611425,0.07444262478165165,0.09789520422660357,6.298655238948016,5.503544410862776,5.901099824905396,20.18061925591114
2018-03-08,5.966079235076904,-0.0027327249561560803,53.9375942392516,0.07149759719351056,0.09261568281998497,6.2977899779003375,5.535385538228202,5.91658775806427,19.836320294694424
2018-03-09,6.068738460540772,0.017060784489885208,57.21388965613628,0.07656479188717213,0.08940550463342241,6.240922625706694,5.661380783869721,5.951151704788208,20.04110607502072
2018-03-12,6.178323745727539,0.017896244522356226,60.44792424612705,0.08840412909069872,0.08920522952487768,6.261584943431258,5.6848099769178635,5.9731974601745605,20.22083818628419
2018-03-13,6.127612590789795,-0.008241785201139417,58.25360114173904,0.09262717432246514,0.08988961848439517,6.246513400497138,5.748914255676569,5.997713828086853,20.244862228047776
2018-03-14,6.153090953826904,0.00414933875728564,59.057762966026026,0.0969127096685769,0.09129423672123152,6.2468773675843146,5.788758962066565,6.01781816482544,20.04105068541428
2018-03-15,6.167933464050293,0.0024092992432632404,59.546639904478866,0.10034992239724083,0.09310537385643339,6.265026575653325,5.790572255523433,6.027799415588379,19.811843238956975
2018-03-16,6.196134090423584,0.004561714848585699,60.51143571714133,0.10414892909024953,0.09531408490319662,6.280323373309053,5.785499609479033,6.032911491394043,19.80561418193632
2018-03-19,5.961626529693604,-0.03858221225890281,49.86186486356312,0.08723132061098138,0.09369753204475359,6.279047666819853,5.780124534336764,6.0295861005783085,20.38607414297782
2018-03-20,6.17387056350708,0.03498260957828044,57.20311662363867,0.08991384292589455,0.0929407942209818,6.281706240866286,5.77908539464702,6.030395817756653,20.13393077569715
2018-03-21,6.148638725280762,-0.004095249254630778,56.150539420128375,0.08897807880783493,0.09214825113835243,6.294275680041354,5.78432649090286,6.039301085472107,19.899299014497288
2018-03-22,5.9826531410217285,-0.027366573197397024,49.67496893826121,0.07398991981367153,0.08851658487341625,6.294227658788226,5.783632458170392,6.038930058479309,20.127601022557577
2018-03-23,5.7629899978637695,-0.03740770176271408,42.66290272557195,0.043880884454491564,0.07958944478963131,6.305221907028581,5.740579160323715,6.022900533676148,20.416224240373737
2018-03-26,6.047711372375488,0.04822347804196295,52.10096301166014,0.04250393352781234,0.07217234253726752,6.30059965256289,5.740006607736793,6.020303130149841,20.231301222456864
2018-03-27,5.578697204589844,-0.08072464166342169,40.32551287305357,0.003526514904034883,0.058443177010620996,6.335447286345831,5.654348970673212,5.994898128509521,21.066146070572678
2018-03-28,5.475544452667236,-0.018663559085589577,38.276505195908804,-0.03528024644920702,0.039698492318655396,6.381663582114384,5.557050731392697,5.96935715675354,20.667651643008472
2018-03-29,5.728850364685059,0.04522316199351274,45.58802062871784,-0.04507561069378152,0.022743671716168014,6.382713185403178,5.554467333700826,5.968590259552002,20.636212278339876
2018-04-02,5.468122482299805,-0.04657955771524917,40.296817047510935,-0.07303516462902415,0.0035879044471295793,6.418244958689629,5.4806178800554886,5.949431419372559,20.642155560707618
2018-04-03,5.574492454528809,0.019265955209228507,43.19360823983519,-0.08562313457564397,-0.014254303357425129,6.4323322112667585,5.4410515015017955,5.936691856384277,20.31894807188841
2018-04-04,5.596508026123047,0.003941562823318727,43.80138061233384,-0.0927535140411111,-0.029954145494162324,6.434480126700827,5.399522177376322,5.917001152038575,20.48648978516806
2018-04-05,5.476285934448242,-0.021715714482908054,41.208572820702045,-0.10687333986371428,-0.04533798436807272,6.444033892648418,5.339356486303608,5.891695189476013,20.368360755875994
2018-04-06,5.299908638000488,-0.03273753969945726,37.68417725392267,-0.13078793542581657,-0.062427974579621494,6.4690997678045274,5.247673551439858,5.858386659622193,20.31226744994715
2018-04-09,5.328606605529785,0.005400196850237771,38.6042632661264,-0.1457446845627235,-0.0790913165762419,6.467117368000167,5.1756427657431185,5.821380066871643,20.029166204948567
2018-04-10,5.637819290161133,0.05640756091404872,47.584374452270396,-0.13113548827987742,-0.089500150916969,6.422186142314444,5.166523545872201,5.794354844093323,20.451031827691608
2018-04-11,5.596508026123047,-0.007354503581921381,46.60362280982453,-0.12149060070769568,-0.09589824087511434,6.381038934661698,5.154560297058273,5.767799615859985,19.947267343771983
2018-04-12,5.803308963775635,0.03628542938989731,51.94332571694588,-0.09605261569500811,-0.0959291158390931,6.33664450089088,5.163976531823963,5.7503105163574215,20.202255189805783
2018-04-13,5.726625919342041,-0.013301753371144935,49.948701746458504,-0.0811451196917945,-0.09297231660963338,6.28063806525244,5.175852212991579,5.728245139122009,20.03617229806743
2018-04-16,5.726378440856934,-4.321634347861744e-05,49.94203643436749,-0.06856046874573085,-0.08808994703685288,6.211440094143666,5.198074619143688,5.704757356643677,19.67570401603585
2018-04-17,5.876036643981934,0.025799198350201714,53.94448290740889,-0.045980837484618675,-0.07966812512640604,6.199412237130068,5.201543487586119,5.700477862358094,19.918570147864113
2018-04-18,5.847095012664795,-0.004937535628317141,53.06092636309356,-0.03007497916591717,-0.06974949593430828,6.137082789995828,5.23119537963613,5.684139084815979,19.785148633734618
2018-04-19,5.665771484375,-0.031501889312491343,47.78066587559937,-0.03173494451579728,-0.06214658565060608,6.0566713596996635,5.263320085841718,5.659995722770691,19.97248107105631
2018-04-20,5.657609462738037,-0.0014416229726196953,47.5512777249514,-0.03332493682060811,-0.05638225588460649,6.010244814642808,5.277242263070206,5.643743538856507,19.77186593054802
2018-04-23,5.538127422332764,-0.021345013379245607,44.20558901291719,-0.04372221678610089,-0.053850248064905376,5.997391746945214,5.2676090732146985,5.632500410079956,19.873483561955425
2018-04-24,5.471834659576416,-0.012042469068488656,42.42212665271439,-0.056658286531240165,-0.05441185575817234,5.918022425447438,5.289390723432566,5.603706574440002,19.842815112478046
2018-04-25,5.359527587890625,-0.02073812953217761,39.51368742011388,-0.07510667411240934,-0.05855081942901975,5.925478362195329,5.260017825014754,5.592748093605041,20.193073892388714
2018-04-26,5.571276664733887,0.038748396787570305,46.90498086359121,-0.07181295826272471,-0.06120324719576074,5.925891344803584,5.269178063613164,5.597534704208374,19.744631509322573
2018-04-27,5.598734378814697,0.004916337016856439,47.795813667602076,-0.06622367140808905,-0.06220733203822641,5.913534563552408,5.2685232462773035,5.591028904914856,19.80909286353797
2018-04-30,5.563361167907715,-0.006338116203310047,46.70855313089275,-0.06391170939879753,-0.06254820751034064,5.913431158421805,5.2781505199686976,5.595790839195251,19.608048446504355
2018-05-01,5.618770122528076,0.00991034833694668,48.677970405588376,-0.05695191703549263,-0.06142894941537104,5.9156372211217745,5.280372224068656,5.598004722595215,19.352009834743185
2018-05-02,5.598240375518799,-0.0036604708422266355,47.97060509954879,-0.0524877641813859,-0.05964071236857402,5.9157230648994865,5.280459615230518,5.598091340065002,19.407422487443586
2018-05-03,5.763483047485352,0.029089657990263307,53.79110360019614,-0.03521030575782991,-0.0547546310464252,5.932852534800213,5.292049856633503,5.612451195716858,19.909405333880024
2018-05-04,5.913637161254883,0.02571907934099466,58.35062827663504,-0.00929447249556059,-0.04566259933625228,5.954946549995506,5.331328693763649,5.6431376218795775,19.808623747813662
2018-05-07,6.151607513427734,0.039452364922717226,64.35376153235956,0.0300992651054246,-0.030510226447916903,6.035994238152963,5.332581096395987,5.684287667274475,20.34874110199918
2018-05-08,6.194155693054199,0.006892785382610377,65.31634241415266,0.06401444974756298,-0.011605291208820926,6.130093096172882,5.294115878665375,5.712104487419128,20.043263880110036
2018-05-09,6.327239036560059,0.02125775250292149,68.20813373679646,0.10047300130243908,0.010810367293431074,6.244566190863209,5.25271588501875,5.748641037940979,20.207025582154635
2018-05-10,6.434846878051758,0.016864075744200964,70.36004565218747,0.13647650339403228,0.035943594513551315,6.3635245178810464,5.1969113494285235,5.780217933654785,20.717328245285614
2018-05-11,6.296319007873535,-0.021762867418145745,64.3239121153133,0.15207843130463417,0.05917056187176789,6.435042317194923,5.182362858967797,5.80870258808136,20.91756207767285
2018-05-14,6.316850185394287,0.003255517362730953,64.80582101308978,0.1642068911928911,0.08017782773599254,6.502730072353958,5.173722278262496,5.838226175308227,20.075359674543588
2018-05-15,6.074428558349609,-0.039132775201941174,55.306247578013306,0.15249946483177457,0.09464215515514894,6.520898131076665,5.175393410976557,5.848145771026611,20.686112107150432
2018-05-16,6.085560321807861,0.0018308843334580546,55.62789303707412,0.14247709807450093,0.10420914373901935,6.541144198101915,5.178993874865614,5.860069036483765,20.13236472899752
2018-05-17,6.127612590789795,0.0068864062546852775,56.890063859160236,0.13635574274956053,0.1106384635411276,6.567806861026452,5.1985153225825576,5.883161091804505,20.06892390055215
2018-05-18,6.083827495574951,-0.007171190710670089,55.13161261469922,0.12651306938382767,0.11381338470966762,6.586083793271787,5.222860193620913,5.90447199344635,19.997008517667815
2018-05-21,6.041775226593018,-0.006936139759815044,53.42366171860447,0.11400523182084754,0.11385175413190361,6.591197292225529,5.268111475093197,5.929654383659363,20.277953260875197
2018-05-22,6.003678798675537,-0.006325465999395972,51.85634735573217,0.09986740777870295,0.11105488486126348,6.582097278919406,5.330395902309231,5.9562465906143185,20.065995324834198
2018-05-23,6.127193450927734,0.020364392308967003,56.32964774073856,0.09750569558598787,0.10834504700620837,6.557368837217128,5.431890930315221,5.994629883766175,19.908981002535036
2018-05-24,6.130906105041504,0.0006057471160747967,56.46060275036624,0.09484034139751252,0.10564410588446921,6.5513418853212375,5.493880826241872,6.022611355781555,19.896294651812386
2018-05-25,6.170262336730957,0.0063988012457961,57.90176547294698,0.09481082777894834,0.10347745026336504,6.544017986293771,5.558357521060965,6.051187753677368,19.492647851758772
2018-05-29,6.153183937072754,-0.0027716939259007267,57.019753872551405,0.09234485983977159,0.10125093217864635,6.518068680972891,5.64328910329835,6.08067889213562,19.681083032680394
2018-05-30,6.262093544006348,0.01754489995573181,61.09022695546407,0.0980484164537554,0.10061042903366817,6.4988038811088655,5.726886245310202,6.112845063209534,19.784207890275855
2018-05-31,6.242291927337647,-0.0031671501596482,59.97801584782184,0.09982003792471428,0.1004523508118774,6.448979204864009,5.8411160767369426,6.145047640800476,20.017778834993283
2018-06-01,6.376697540283203,0.021302925434424847,64.67862869342903,0.11079232543266482,0.10252034573603488,6.438505832227712,5.912910898653026,6.175708365440369,19.860440042111055
2018-06-04,6.555656909942627,0.027677990861908263,69.76980899407056,0.13240221749368963,0.10849672008756585,6.491809733946653,5.92380897180286,6.207809352874756,20.280136245690645
2018-06-05,6.561102390289307,0.0008303088491427001,69.91192459280808,0.14825858472022535,0.11644909301409775,6.551553594506402,5.905014598929267,6.228284096717834,19.786037436410272
2018-06-06,6.563082695007324,0.0003017794583323443,69.96721845081314,0.1591500809610249,0.12498929060348318,6.602290803907673,5.891170089723309,6.246730446815491,19.732671731905924
2018-06-07,6.507388591766357,-0.00852217783056435,66.27816547745618,0.16142679392862913,0.13227679126851238,6.628592739889739,5.882883109261873,6.255737924575806,19.727520560438588
2018-06-08,6.492043972015381,-0.0023608148744272035,65.25727114595992,0.16014684959059267,0.13785080293292845,6.638055936915035,5.879139621632938,6.258597779273987,19.702880457309927
2018-06-11,6.450954437255859,-0.006349328262326373,62.4818801341487,0.15404121122994052,0.14108888459233088,6.655208622904291,5.877450478581916,6.266329550743103,19.39664317693467
2018-06-12,6.49946928024292,0.007492429745872346,64.40670638338739,0.15137226595797149,0.14314556086545902,6.677681246893459,5.873239764077611,6.275460505485535,19.58120310553758
2018-06-13,6.495014667510986,-0.0006856159774165778,64.08161613631287,0.14720081817985786,0.14395661232833878,6.698434503504914,5.894545118382292,6.296489810943603,19.639171651747972
2018-06-14,6.606645584106445,0.0170411407273706,68.38774948097033,0.15116011804587615,0.14539731347184626,6.734353088844812,5.910735059272253,6.322544074058532,19.879332977587453
2018-06-15,6.565804958343506,-0.006200935277282316,65.30315937091913,0.14928156952624416,0.14617416468272584,6.7592113526201825,5.929696032252254,6.344453692436218,19.88453781933347
2018-06-18,6.561596393585205,-0.0006411878161809778,64.97791391835587,0.1457728318218665,0.14609389811055398,6.774848533068816,5.961835741604645,6.368342137336731,19.691193817393387
2018-06-19,6.439815998077393,-0.01873395805023882,56.24796166284744,0.13164791652212227,0.14320470179286765,6.765342830935411,6.0111455208864895,6.38824417591095,20.20395767294537
2018-06-20,6.4927849769592285,0.008191588865691678,58.83836630708874,0.12330657189298755,0.13922507581289165,6.745642703070754,6.0797562665795155,6.412699484825135,19.72841879487079
2018-06-21,6.364073753356934,-0.020022857287279473,50.94518677837882,0.10509856527917538,0.1323997737061484,6.7304806413128215,6.118606358580367,6.424543499946594,19.70026924317521
2018-06-22,6.2115983963012695,-0.02425044602456102,43.50039582734423,0.07747205223793863,0.12141422941250644,6.719994049451663,6.137162179567501,6.428578114509582,19.88892369002272
2018-06-25,5.918780326843262,-0.048287851736222485,33.40463637367725,0.03158576950256542,0.10344853743051825,6.76945020797034,6.062557820060056,6.416004014015198,20.31652391555898
2018-06-26,5.9898176193237305,0.0119305623399707,37.21176269243356,0.0009418189590180148,0.08294719373621821,6.792985301211472,6.022686095044021,6.407835698127746,19.98696895694522
2018-06-27,5.834620952606201,-0.026251661503045316,32.80003881607672,-0.03545806805922069,0.05926614137713043,6.845938603154581,5.926985533960897,6.386462068557739,19.933369844447
2018-06-28,5.961848258972168,0.021571240933191783,39.16723541547686,-0.0534232306789697,0.0367282669659104,6.866274117475818,5.878605652803113,6.372439885139466,19.638591958734132
2018-06-29,5.863829612731934,-0.016577635898338935,36.31260618310163,-0.07470884005914513,0.014440845560899298,6.89045036256784,5.803142614955963,6.3467964887619015,19.78753741372885
2018-07-02,5.996005535125732,0.022290595705928187,42.408196895827935,-0.0799902685271956,-0.004445377256719679,6.874678144913095,5.762949695129019,6.318813920021057,19.6948473012184
2018-07-03,5.8623456954956055,-0.022543690548064623,38.40519692026581,-0.09387889321166387,-0.02233208044770852,6.862972552964745,5.704779617598,6.283876085281372,19.221479817458935
2018-07-05,6.008134841918945,0.024564545109923258,44.55303600304599,-0.0920605459624575,-0.03627777355065832,6.832068009805053,5.680189375448854,6.2561286926269535,19.539801296517496
2018-07-06,6.121995449066162,0.018773739211073417,48.84721998008183,-0.08050389445959727,-0.04512299773244611,6.803109446432761,5.670608624551126,6.2368590354919435,19.507058498326497
2018-07-09,6.169520854949951,0.007733080532152313,50.56808701600581,-0.0667409141009907,-0.049446581006155024,6.774619012371216,5.666846746906128,6.220732879638672,19.532143447890068
2018-07-10,6.268531799316406,0.015920986754601935,54.037260601431385,-0.04729906311158505,-0.04901707742724103,6.755452020025226,5.6677714754581725,6.211611747741699,19.701659035648902
2018-07-11,6.126946926116943,-0.022845593025251184,48.76666158206782,-0.04282234281258823,-0.04777813050431048,6.720589583600777,5.665381676470023,6.1929856300354,19.722255647808744
2018-07-12,6.218530178070068,0.014837001639222707,52.02618984689199,-0.031521150481641946,-0.044526734499776774,6.6875845565011955,5.670738254625513,6.179161405563354,19.660526358646266
2018-07-13,6.171253681182861,-0.007631565953981177,50.248962024791815,-0.02607906905686974,-0.040837201411195366,6.6243390024475675,5.690444618386784,6.157391810417176,19.32485031446489
2018-07-16,6.143531322479248,-0.004502296308801169,49.18788046989324,-0.023729602890663948,-0.03741568170708909,6.561821383457629,5.710734873790295,6.136278128623962,19.098897016199103
2018-07-17,6.279420852661133,0.021878044526484848,54.28390274743631,-0.01077823977852077,-0.03208819332137543,6.504895474454679,5.7394432287008375,6.122169351577758,19.70753039260513
2018-07-18,6.230165004730225,-0.007874937354568724,52.23880655323106,-0.0044375729041954415,-0.026558069237939432,6.468379975821652,5.7549936279991485,6.1116868019104,19.441835872037444
2018-07-19,6.238330841064453,0.001309835220335998,52.557911855769575,0.0012321624217719318,-0.02100002290599716,6.41416099089242,5.783767199338903,6.098964095115662,19.278290967246697
2018-07-20,6.210113525390625,-0.004533476339849197,51.282851530399725,0.003409267054497178,-0.01611816491389829,6.386060935535413,5.796471231899279,6.091266083717346,19.219772274205873
2018-07-23,6.173481464385986,-0.005916241266637463,49.60052893465969,0.002153908073448285,-0.012463750316428978,6.381359112558974,5.79736136168419,6.089360237121582,19.5245591456088
2018-07-24,6.15615701675415,-0.002810213626246809,48.785430643029905,-0.00023618846721706888,-0.010018237946586597,6.383157692595597,5.819300450638656,6.1012290716171265,19.686557354413036
2018-07-25,6.234372138977051,0.012625152672438307,52.57465391491946,0.004133303348813122,-0.007187929687506652,6.3962518764046425,5.830661718794943,6.113456797599793,19.581052699441305
2018-07-26,6.307886600494385,0.011722817226594047,55.878881266105765,0.013373992689264647,-0.0030755452121523927,6.400189620513909,5.874050539474495,6.137120079994202,19.59971720906401
2018-07-27,6.23808479309082,-0.011127480759425505,52.16269074582625,0.014893203488601792,0.000518204527998444,6.40407420114138,5.897789612258889,6.1509319067001345,19.50390863396174
2018-07-30,6.042788028717041,-0.03180771148294259,43.454998512970754,0.00033451617634394637,0.00048146685766754446,6.380906578096149,5.938853076902631,6.15987982749939,19.645455678845803
2018-07-31,6.06085729598999,0.0029857584573552533,44.38012951165073,-0.009634251891843526,-0.0015416768922346697,6.375770534461194,5.950474296624011,6.1631224155426025,19.464442545232924
2018-08-01,6.100709438323975,0.006553807720653861,46.46067732696554,-0.014155659942648668,-0.00406447350231747,6.337507886831341,6.012573318536701,6.175040602684021,19.462920196016267
2018-08-02,6.20343017578125,0.016697327439283156,51.49693614438295,-0.009342508732953725,-0.005120080548444721,6.32728019374539,6.042330545008881,6.184805369377136,19.412702134426468
2018-08-03,6.240063667297363,0.005887992201155856,53.188139895955345,-0.002542724174408484,-0.004604609273637474,6.332005032848896,6.049412527728498,6.190708780288697,19.18283146727566
2018-08-06,6.287837982177734,0.007626903180031636,55.37348760012363,0.006624775731426169,-0.0023587322726247454,6.343963989838608,6.049285283461563,6.1966246366500854,19.15068045592779
2018-08-07,6.360114574432373,0.011429103435779804,58.527833090724975,0.01949744796592423,0.0020125037750850496,6.362941804797143,6.039465746014625,6.201203775405884,19.368981643829922
2018-08-08,6.396500110626221,0.005704591032134691,60.058417797639635,0.0322632316868674,0.008062649357441519,6.394300790134628,6.035062079128067,6.2146814346313475,19.384236672108972
2018-08-09,6.3479838371276855,-0.007613726544991706,57.03574522929361,0.03802699789357078,0.014055519064667371,6.41042784936875,6.031880385799708,6.221154117584229,19.13500216463896
2018-08-10,6.306647777557373,-0.006532976675525037,54.51815696245886,0.03881194959528145,0.01900680517079019,6.419355616280009,6.0364920285259,6.227923822402954,19.36223368616529
2018-08-13,6.339568614959717,0.005206444480484066,56.1772240573531,0.04161080249230409,0.023527604635092972,6.431029407832893,6.044421966221062,6.237725687026978,19.742991099495843
2018-08-14,6.471004486083984,0.02052062500493572,62.118512501267084,0.0538143515754701,0.0295849540231684,6.466554957620937,6.028054779775304,6.24730486869812,19.96016818583356
2018-08-15,6.412836074829102,-0.00902973088101942,58.34829094861191,0.058122052647926026,0.03529237374811993,6.487579175112552,6.025297669293575,6.256438422203064,20.19755666903216
2018-08-16,6.372241020202637,-0.0063504022306241185,55.80279512422981,0.05759632061029851,0.03975316312055565,6.499759100782112,6.026508761537834,6.263133931159973,20.501696047868528
2018-08-17,6.059868335723877,-0.05026314315606202,40.985746631548245,0.03160943525931881,0.03812441754830828,6.508327677177931,6.0029156661753404,6.255621671676636,20.85708668854864
2018-08-20,6.134617328643799,0.012259628031325747,44.76525312720265,0.016852001040517983,0.03386993424675022,6.509620917757233,5.997736012021821,6.253678464889527,20.56589598229818
2018-08-21,6.270261764526367,0.021870401403382825,50.90935287341345,0.01591850186781052,0.03027964777096228,6.51122727921552,6.007540125340755,6.259383702278138,20.32872286604749
2018-08-22,6.505410671234131,0.03681613909716383,59.35090705177904,0.033764037787615386,0.030976525774292905,6.5472770359652035,5.998594221816779,6.272935628890991,20.43539174739386
2018-08-23,6.60491418838501,0.015179704373580063,62.304769131114575,0.05529841017228865,0.03584090265389206,6.59968346897914,5.975890547591905,6.287787008285522,20.395711320397535
2018-08-24,6.738083362579346,0.01996157094185376,65.8784671041808,0.08216307012253843,0.045105336147621335,6.6826727593815685,5.942901114138329,6.312786936759949,20.091236334983368
2018-08-27,6.829170227050781,0.013427659837158873,68.10577482729757,0.10954073796022712,0.05799241651014249,6.765743613048748,5.938468480304524,6.352106046676636,20.041604443466717
2018-08-28,6.7915449142456055,-0.005524733190132869,66.18395161067006,0.12674070076643318,0.07174207336140064,6.8225435543652635,5.95473730081357,6.388640427589417,19.979633458558816
2018-08-29,6.897050857543945,0.015415464725250851,68.83928129264903,0.1471885451567312,0.08683136772046675,6.895961636259485,5.960953360841345,6.428457498550415,19.856022381423614
2018-08-30,6.880208969116211,-0.0024448833844949703,67.92241238776091,0.1601880612556732,0.10150270642750805,6.95832300426973,5.966269872164596,6.462296438217163,19.663705019226313
2018-08-31,6.951287269592285,0.010277836170173674,69.7533721807186,0.17421742620016456,0.11604565038203937,7.027630928475468,5.96808430818835,6.497857618331909,19.5410284346944
2018-09-04,7.026079177856445,0.010701961972999758,71.59091161462243,0.18919001618971087,0.13067452354357367,7.104311252938327,5.965228103293363,6.534769678115845,19.786057859369713
2018-09-05,6.895316123962402,-0.018786464560538514,64.24244246321047,0.18833342551544607,0.14220630393794817,7.146600318198166,5.9764591929865265,6.561529755592346,19.789717040179497
2018-09-06,6.754149913787842,-0.020685240470946623,57.39337941034307,0.17425493542321746,0.14861603023500203,7.165107154271923,5.993717337228932,6.579412245750428,19.592531105807495
2018-09-07,6.732850551605225,-0.0031585051019181916,56.416069121495134,0.15953987371903278,0.15080079893180817,7.177585826134012,6.019725336814596,6.598655581474304,19.50390863396174
2018-09-10,6.803930759429932,0.010501885119394221,58.92950266229723,0.15186307701124058,0.15101325454769465,7.192270144202786,6.054769316933078,6.623519730567932,19.209774270102084
2018-09-11,6.756131172180176,-0.007050083616915739,56.567041815805055,0.14030478685260483,0.14887156100867668,7.199666116535167,6.0890296003227435,6.644347858428955,19.3090328045837
2018-09-12,6.642207145690918,-0.017006104699599463,51.28945054477625,0.12056227493598204,0.14320970379413775,7.202221129479083,6.103594853339521,6.652907991409302,19.853601026576197
2018-09-13,6.719973087310791,0.011639839947880643,54.41585317138344,0.1099241167836782,0.13655258639204584,7.2063775150523774,6.130152169014394,6.668264842033386,19.53757817251352
2018-09-14,6.84603214263916,0.01858508553214318,59.00870860676584,0.11039267402064645,0.13132060391776598,7.216746515552429,6.167162280757997,6.691954398155213,19.77376986522556
2018-09-17,6.784116744995117,-0.009085127980084356,56.02301834733926,0.10456262105782699,0.12596900734577818,7.161250367317538,6.295083269920011,6.728166818618774,19.14109284052584
2018-09-18,6.7120466232299805,-0.010680191823854974,52.681614345807695,0.09305413542127461,0.11938603296087746,7.088606834604776,6.425469732091391,6.757038283348083,19.517691754592178
2018-09-19,6.735823631286621,0.00353617820270001,53.663525297628304,0.08487381101628433,0.11248358857195884,7.0208707296485064,6.539762023723687,6.7803163766860965,19.230988548733098
2018-09-20,6.5946574211120605,-0.02118025401797014,47.37754553506881,0.06623637984726738,0.10323414682702055,7.006429571084144,6.563127857275841,6.784778714179993,19.880652987071894
2018-09-21,6.524570465087891,-0.010684717638884579,44.58516087351661,0.04528859107363381,0.0916450356763432,7.018468807447811,6.543054248582462,6.7807615280151365,19.89115080094081
2018-09-24,6.58029317855835,0.00850417841992103,47.24727882163911,0.032805513296223054,0.07987713120031918,7.026485405486708,6.519258632141465,6.772872018814087,19.498790964172354
2018-09-25,6.647409915924072,0.010147992114511888,50.341679229098105,0.028005513878182065,0.06950280773589176,7.021889743522544,6.5056782629929595,6.763784003257752,19.451684919769715
2018-09-26,6.610507488250732,-0.005566865722390317,48.65186139420927,0.02098189601400069,0.05979862539151355,7.02129801870512,6.488166245210896,6.754732131958008,19.40854023060902
2018-09-27,6.622395992279053,0.0017968100869686985,49.24296739166011,0.016188322270659583,0.05107656476734276,7.004980642556349,6.477018134833177,6.740999388694763,19.183484580312367
2018-09-28,6.959705829620361,0.049679970758324574,62.450716259334406,0.03915609827366584,0.048692471468607376,7.019946459536303,6.4700020039036374,6.74497423171997,20.379924463129743
2018-10-01,7.166254997253418,0.029245994977971267,67.95036326161694,0.07318142790744808,0.053590262756375524,7.077477037841001,6.433968198365053,6.755722618103027,20.248547110681265
2018-10-02,7.094929218292236,-0.010002868289850924,64.44042626551996,0.0933156675847906,0.061535343722058544,7.094294156783578,6.424036083466056,6.759165120124817,19.766059358761606
2018-10-03,7.101120948791504,0.0008723174149174114,64.61131841519956,0.10852085759877728,0.0709324464974023,7.13357171057731,6.405339012155234,6.769455361366272,19.58555507077394
2018-10-04,6.916861534118652,-0.026290520477751024,55.9881989603774,0.10449829410194411,0.07764561601831066,7.147492485284099,6.4076893994815265,6.777590942382813,19.784780622118593
2018-10-05,6.683318614959717,-0.034347468387617874,47.36052024487219,0.08152564488688085,0.0784216217920247,7.146935430951628,6.403293260149446,6.775114345550537,19.871441750970614
2018-10-08,6.58202600479126,-0.01527206142322753,44.18054132284318,0.05451774118771713,0.07364084567116319,7.145341599730152,6.382696615907054,6.764019107818603,19.828276610939483
2018-10-09,6.576331615447998,-0.0008655167860743115,44.001673977325375,0.032282164596171725,0.06536910945616489,7.145502657546839,6.36455560241715,6.7550291299819945,19.426812183482618
2018-10-10,6.084728717803955,-0.07769494129596421,31.96861988681995,-0.02472294467759717,0.047350698629412484,7.218183178047452,6.236127239127841,6.7271552085876465,20.34484180260927
2018-10-11,5.8232011795043945,-0.04393200195185435,27.63842333436699,-0.08996592001652459,0.01988737490022507,7.318445783853631,6.046187442541022,6.682316613197327,20.402283412751704
2018-10-12,6.105778694152832,0.04738550828410643,37.49063370365597,-0.11751516254638972,-0.0075931325890978875,7.325912177646527,5.964695703899493,6.64530394077301,20.22607352415549
2018-10-15,5.829391956329346,-0.04632295039072599,32.78834363279584,-0.1598080676876581,-0.03803611960880993,7.3655040156007034,5.829631387078741,6.597567701339722,19.924224667345904
2018-10-16,6.08819580078125,0.043439082532080446,40.334844371644316,-0.1704770391931989,-0.06452430352568773,7.364807068819379,5.767943251615192,6.5663751602172855,19.82852131193995
2018-10-17,6.019593715667725,-0.011332013848469252,39.08219019374641,-0.1823656927271866,-0.08809258136598752,7.360617826823352,5.700509502049329,6.5305636644363405,19.613596648433436
2018-10-18,5.932168483734131,-0.014629941561602463,37.484520751837586,-0.19657601593253915,-0.10978926827929784,7.36858199846733,5.626296436667558,6.497439217567444,20.077040411404194
2018-10-19,5.675595760345459,-0.04421428873586607,33.195609534366554,-0.22593661727904646,-0.13301873807924758,7.400158687746233,5.509822276914411,6.454990482330322,20.23486684737168
2018-10-22,5.7263665199279785,0.008905676740728872,34.78571414201329,-0.2423150720735281,-0.1548780048781037,7.4093541987441185,5.415234100053489,6.412294149398804,19.72588435109834
2018-10-23,5.474746227264404,-0.04493529095102722,30.864691766456545,-0.27245804351161507,-0.17839401260480597,7.427470827660527,5.279851102271114,6.353660964965821,20.255557173850157
2018-10-24,4.938564300537109,-0.1030712619058716,24.521630199875517,-0.33574174413780256,-0.2098635589114053,7.507534054690131,5.032593556470147,6.270063805580139,20.60029336052933
2018-10-25,5.147341728210449,0.041405750597038986,30.5100855290637,-0.36484226470987213,-0.24085930007109868,7.518303812472563,4.874318372280854,6.196311092376709,20.67378143289823
2018-10-26,4.91082763671875,-0.047037923083507384,27.81750534567024,-0.40235129223194477,-0.27315769850326793,7.482634805246165,4.705099560217092,6.093867182731628,20.314972735331448
2018-10-29,4.597042560577393,-0.06602931393267941,24.702708410410395,-0.4521847951709761,-0.3089631178368096,7.410662638509647,4.520150483286008,5.9654065608978275,20.446215052882525
2018-10-30,5.027472496032715,0.08950419682641164,35.38996848661992,-0.4517387437031726,-0.3375182430100822,7.262170137571106,4.461897311998596,5.862033724784851,20.509072117390648
2018-10-31,5.221391201019287,0.03784650804620892,39.55258743062176,-0.43077195490521536,-0.3561689853891089,7.066648174986549,4.4694462998059326,5.768047237396241,20.42993048276774
2018-11-01,5.401686191558838,0.0339472825326892,43.21564735804563,-0.39505339514975635,-0.3639458673412384,6.880820442992561,4.503756497543939,5.69228847026825,20.155037065277888
2018-11-02,5.322681427001953,-0.014733958517784076,42.01416781443219,-0.368869109948168,-0.36493051586262437,6.726578669958636,4.521934551782087,5.624256610870361,19.931314381535564
2018-11-05,5.2446699142456055,-0.014764897551979569,40.80772203078555,-0.3503738606232343,-0.3620191848147464,6.574001231787902,4.540776380898256,5.557388806343079,19.753922371673987
2018-11-06,5.227086544036865,-0.0033582497461607406,40.5252562004586,-0.3332930781702279,-0.35627396348584267,6.394762790945043,4.5850903146,5.489926552772522,19.515994267673232
2018-11-07,5.29469633102417,0.012851570563611855,42.18245771496393,-0.31071911371751515,-0.3471629935321772,6.313964601302843,4.586885265564223,5.450424933433533,19.99720696153738
2018-11-08,5.1015238761901855,-0.03716633292005822,38.85148779119556,-0.30490176914767364,-0.3387107486552765,6.2725898988314395,4.556092237704204,5.414341068267822,20.052568758379657
2018-11-09,5.093599319458008,-0.0015545782382519922,38.71642102433288,-0.297501514888995,-0.3304689019020202,6.167980220011271,4.559483979054891,5.363732099533081,19.83953909836542
2018-11-12,4.694124221801758,-0.08167315508037348,32.56957479164171,-0.32018022358894527,-0.32841116623940525,6.132797215823451,4.481140209789953,5.306968712806702,20.24056757230208
2018-11-13,4.936087608337402,0.05026147426534816,38.89749225252208,-0.31499774260641633,-0.3257284815128075,6.003347076455117,4.495379529913902,5.249363303184509,20.284314264967218
2018-11-14,4.883583068847656,-0.01069384943267226,38.06277904558071,-0.31153607270639316,-0.3228899997515246,5.869451792489961,4.515673749197051,5.192562770843506,20.081913826713215
2018-11-15,5.012365341186523,0.02602874180493368,41.38528850608452,-0.2950004398322621,-0.31731208776767217,5.73047989966658,4.5626653277656715,5.146572613716126,20.549754953129348
2018-11-16,4.072253704071045,-0.2077113458271496,29.109343179448913,-0.35367800404741345,-0.32458527102362045,5.772061160600144,4.360749861204665,5.066405510902404,21.39800461833229
2018-11-19,3.583622694015503,-0.12782236737989638,24.964418092345397,-0.4345990479919486,-0.3465880264172861,5.865247382826099,4.053289256387463,4.959268319606781,21.252610912738273
2018-11-20,3.692096948623657,0.029820360939417975,27.43468399006909,-0.4843928137006426,-0.3741489838739574,5.904279761657404,3.835991949692084,4.870135855674744,21.249196011072158
2018-11-21,3.583870410919189,-0.029751238611664534,26.497399404846348,-0.5265183332756083,-0.4046228537542876,5.98454384137141,3.620258481016284,4.802401161193847,20.748442235907916
2018-11-23,3.591052293777466,0.002001940802006009,26.676420579752104,-0.5529495350704279,-0.4342881900175156,6.011379642681922,3.4377937362624755,4.724586689472199,19.836456236821796
2018-11-26,3.790417909622192,0.05403100181317402,31.652859458476343,-0.5514525125907728,-0.45772105453216705,6.0172842078228905,3.31984819841185,4.66856620311737,20.518492516214327
2018-11-27,3.807257890701294,0.004432936887133066,32.07223045732333,-0.5426519122987976,-0.4747072260854932,6.031780344755898,3.2263735944912337,4.629076969623566,20.419535681427927
2018-11-28,3.964273691177368,0.040413441982715584,36.014497780831924,-0.5170473107523073,-0.48317524301885606,5.9955325757078555,3.156301483053742,4.575917029380799,20.50576135738862
2018-11-29,3.901057481765747,-0.01607499272435921,35.13049672462293,-0.49613733694954654,-0.4857676618049942,5.925925088092554,3.093875598743689,4.5099003434181215,20.123922249130963
2018-11-30,4.051537036895752,0.037848658851627595,38.970644480223086,-0.4620968250202102,-0.48103349444803745,5.807215500193347,3.0775702711765867,4.442392885684967,20.407957654772453
2018-12-03,4.2154035568237305,0.039649005485787085,42.932457276122584,-0.41708887448279697,-0.46824457045498935,5.689927112235023,3.084130872117089,4.387028992176056,20.607634984805742
2018-12-04,3.8948607444763184,-0.07908740358676675,37.76763425644652,-0.4026434524030478,-0.45512434684460107,5.574332630577262,3.0647444367979215,4.3195385336875916,20.51514882088018
2018-12-06,3.924113512039185,0.007482542616918834,38.49482270648888,-0.38440373054178334,-0.44098022358403755,5.444413737850324,3.064366026325091,4.2543898820877075,20.355541502709883
2018-12-07,3.659348964691162,-0.06985521582824351,34.55872452814887,-0.38685349946409087,-0.43015487876004826,5.283796651182596,3.061448376359519,4.172622513771057,20.340065031077845
2018-12-10,3.7647087574005127,0.02838524989633957,37.30592199663017,-0.3759594774125703,-0.41931579849055267,5.139838153095981,3.0717253625671663,4.105781757831574,20.260391932302227
2018-12-11,3.673728227615357,-0.024463490728460772,35.904262975509866,-0.370397542541248,-0.40953214730069176,4.9738952828165734,3.0956811236623083,4.034788203239441,20.32563793901975
2018-12-12,3.691328763961792,0.004779479607900481,36.40207987324927,-0.3604148152549844,-0.3997086808915503,4.88167163281372,3.0876252278811647,3.9846484303474425,20.298825840401715
2018-12-13,3.6910810470581055,-6.711003862446283e-05,36.39779507710549,-0.3485060597238183,-0.38946815665800394,4.707192236148738,3.1376039684182175,3.922398102283478,19.971183608560697
2018-12-14,3.63059139251709,-0.01652382877265023,35.30497212139552,-0.34002964467305574,-0.37958045426101433,4.509980689711606,3.2095163472222934,3.8597485184669496,19.972108117002414
2018-12-17,3.5594427585601807,-0.019791548938095944,34.011461001057654,-0.33518927154810285,-0.37070221771843204,4.161104281067143,3.413100497604122,3.787102389335632,20.312086434814063
2018-12-18,3.6427392959594727,0.023131948339273716,36.925101203394064,-0.32093239763717873,-0.36074825370218144,4.1194696375011075,3.411783700359,3.7656266689300537,20.15122416827866
2018-12-19,3.433754205703736,-0.05908176921681099,32.98945874999022,-0.3227763082101349,-0.3531538646037722,4.133875002755232,3.3823914862736983,3.7581332445144655,20.429383248967962
2018-12-20,3.349217653274536,-0.024927401013047974,31.52569004859741,-0.32728626160825414,-0.3479803440046686,4.158396498566642,3.323582060927377,3.7409892797470095,20.43503428155653
2018-12-21,3.2121260166168213,-0.04179375384349187,29.2584393928242,-0.3380260278887839,-0.34598948078149167,4.198280649688679,3.2465234703751027,3.722402060031891,20.57678235671287
2018-12-24,3.150396585464477,-0.01940468332343109,28.272467256384076,-0.3475125113299695,-0.34629408689118724,4.238575981457395,3.162162567775088,3.7003692746162415,19.955050225293537
2018-12-26,3.2996363639831543,0.04628392460815564,34.05811324936039,-0.3390795173199508,-0.34485117297694,4.240836105890789,3.11082428877779,3.6758301973342897,20.359566279509355
2018-12-27,3.25179123878479,-0.014606274759020854,33.1353396206123,-0.3324250218314013,-0.3423659427478323,4.239835469153689,3.0562782603232397,3.6480568647384644,20.272349286504063
2018-12-28,3.3132715225219727,0.018730081742537173,35.551738608873606,-0.31851865632907117,-0.33759648546408005,4.205664104979039,3.02534940763235,3.6155067563056944,20.259209290296926
2018-12-31,3.3095531463623047,-0.0011228974754067835,35.46825255216754,-0.30429013608409594,-0.33093521558808325,4.1751203811428095,2.9967426979282354,3.5859315395355225,19.957848995656274
2019-01-02,3.3769826889038086,0.020169436037838027,38.297914223855194,-0.2842957463323392,-0.32160732173693446,4.10529114696144,2.999116497310411,3.552203822135925,20.047471227882877
2019-01-03,3.1729562282562256,-0.06231889777423075,33.509902382810864,-0.2816664036858145,-0.3136191381267105,3.981900721871961,3.0182621895431394,3.50008145570755,20.374491034549347
2019-01-04,3.3762400150299072,0.062098951265888144,41.37435750359159,-0.2601801333946443,-0.3029313371802973,3.921069514106354,3.027231324364105,3.4741504192352295,20.18818167474123
2019-01-07,3.5549800395965576,0.05158677979267336,47.27906667996993,-0.2261226816809212,-0.2875696060804221,3.851993176288599,3.059394314937597,3.455693745613098,20.379591730404574
2019-01-08,3.466477155685425,-0.02521059914293185,44.86927109298848,-0.20392265547440935,-0.2708402159592196,3.830698659376257,3.061401650949365,3.446050155162811,20.48248770769263
2019-01-09,3.5346524715423584,0.019476134422316573,47.10579637171018,-0.1787670809083628,-0.25242558894904826,3.791860269318783,3.0772344124210242,3.4345473408699037,20.240800888569442
2019-01-10,3.60034704208374,0.018415257616588777,49.24260866090666,-0.1517804732033623,-0.2322965657999111,3.77924509262752,3.0825114705591257,3.4308782815933228,20.07539025862299
2019-01-11,3.689593315124512,0.024485997880541573,52.075076655095984,-0.12178806677364662,-0.21019486599465823,3.7788859248411315,3.0826970934617863,3.430791509151459,20.5894646947999
2019-01-14,3.729506731033325,0.01075974194477351,53.329436811676075,-0.0937178682530968,-0.18689946644634595,3.787221346938339,3.0782042397621003,3.4327127933502197,20.408785203985108
2019-01-15,3.7153759002685542,-0.0037961237091315198,52.80251170697917,-0.07178478333927885,-0.16387652982493253,3.8032551907172962,3.0706488467582895,3.436952018737793,20.240399032247762
2019-01-16,3.689841270446777,-0.0068964165226968795,51.806391411671605,-0.055819632770483185,-0.14226515041404267,3.8233457098615764,3.0635981788026694,3.443471944332123,19.968464506913257
2019-01-17,3.7612385749816895,0.019164870410501387,54.39691957221113,-0.03697969127624301,-0.12120805858648274,3.845698340456326,3.0530954761101414,3.4493969082832336,20.01690372453755
2019-01-18,3.8903982639312735,0.03376322246443309,58.71977566481146,-0.011494295359977258,-0.09926530594118166,3.914667743554256,3.0297904788349648,3.4722291111946104,20.294536197591633
2019-01-22,3.688105583190918,-0.05339859973065211,50.625406862688976,-0.007533423571706166,-0.08091892946728657,3.9376916085045615,3.040655406876298,3.4891735076904298,20.310099149162806
2019-01-23,3.7009975910186768,0.0034894683712802777,51.08814765025829,-0.003315903186410729,-0.0653983242111114,3.951726582758749,3.0755075900622955,3.5136170864105223,20.197360417437316
2019-01-24,3.9129579067230233,0.05569118337641415,58.04945133948339,0.016934725185166588,-0.04893171433185581,3.989486638616571,3.1140036663303285,3.55174515247345,20.37932659288446
2019-01-25,3.970223903656006,0.01452890613442844,59.71754101389251,0.037175841468831905,-0.03171020317171827,4.043937318745645,3.1266117401685403,3.5852745294570925,20.866995550340377
2019-01-28,3.421358585357666,-0.14878477264118914,42.340058764757984,0.008826481639142347,-0.023602866209546148,4.032287432457846,3.1552183611136266,3.593752896785736,21.6441571702063
2019-01-29,3.262450933456421,-0.047558986391217174,38.81811004403138,-0.026161535833666427,-0.024114600134370206,4.037116415325647,3.14530731933927,3.5912118673324587,20.866441078686144
2019-01-30,3.4059886932373047,0.04305652959264137,43.398139927493,-0.04182535745139626,-0.02765675159777542,4.031067245680492,3.1610000436719248,3.5960336446762087,20.697155921481652
2019-01-31,3.563656806945801,0.04525194804977563,48.00270452264404,-0.04104342677114614,-0.030334086632449568,4.028458777450951,3.1822759237056646,3.605367350578308,20.55230193827569
2019-02-01,3.587951421737671,0.006794194388284224,48.69527827799213,-0.03802503971038851,-0.03187227724803736,3.9974569528795514,3.2547772676252094,3.6261171102523804,20.253339006351585
2019-02-04,3.698270320892334,0.030283824494204678,51.83262719309571,-0.026426504733521483,-0.030783122745134187,3.9954221366222287,3.289015114468775,3.642218625545502,20.08572742759469
2019-02-05,3.7173590660095215,0.005148258167392887,52.37531460148376,-0.01551542780801185,-0.02772958375770972,4.002561365963581,3.298113787768719,3.65033757686615,20.111558543242744
2019-02-06,3.792970657348633,0.02013603900152316,54.55924123599422,-0.0007583553771222107,-0.022335338081592222,4.013224991608068,3.320099512290553,3.6666622519493104,20.370104713731035
2019-02-07,3.654638528823853,-0.03715233608752362,50.038309786155054,-0.000222945857722312,-0.017912859636818244,4.013712680650949,3.3316104289758215,3.672661554813385,20.27246858040967
2019-02-08,3.673232555389404,0.005074889079925323,50.63048945113245,0.0016823593989765406,-0.013993815829659289,4.015656823111563,3.336954837845774,3.676305830478668,19.950217940798243
2019-02-11,3.63059139251709,-0.011676526612512525,49.190569021271266,-0.00024562650537829356,-0.01124417796480309,4.013245777930748,3.333465690765846,3.673355734348297,20.02043189281639
2019-02-12,3.74760365486145,0.03172105729246266,53.12978950872172,0.007580953916177524,-0.007479151588606967,4.014875610198511,3.3336455508808953,3.6742605805397033,20.197428094751793
2019-02-13,3.78999662399292,0.011248517978595447,54.505945740732095,0.017008272822001125,-0.002581666706485349,4.0221195892983435,3.3338636441534995,3.6779916167259215,20.221353704721235
2019-02-14,3.830900192260742,0.010734684392550708,55.85281637564838,0.027463485127734888,0.003427363660358699,4.035911167957585,3.3341779576756547,3.68504456281662,20.533634429373453
2019-02-15,3.900562524795532,0.018020967142036638,58.12650979310803,0.04089902573895987,0.010921696076078935,4.054584001013268,3.329437519601356,3.692010760307312,21.13983440683625
2019-02-19,3.8832080364227295,-0.004459154337289939,57.33429694352596,0.0495749570514743,0.01865234827115801,4.053409571134143,3.3298929267296264,3.6916512489318847,20.128862934737022
2019-02-20,3.930558443069458,0.012119887735228704,58.977118439293136,0.0595846227746768,0.02683880317186177,4.080952630427528,3.326595153424096,3.703773891925812,20.108907657267196
2019-02-21,3.861640691757202,-0.017689370412678648,55.62023427812949,0.06125021407393261,0.03372108535227594,4.095521117252584,3.328090976672891,3.711806046962738,19.921526259377316
2019-02-22,3.946424961090088,0.02171795309853817,58.73218789371447,0.06862057388111342,0.04070098305804344,4.101159388179663,3.32579941118252,3.7134793996810913,19.81131567365985
2019-02-25,3.934030055999756,-0.0031457359466575256,58.090876945808205,0.07262430410595888,0.047085647267626526,4.094612406321338,3.3287270082752194,3.7116697072982787,20.301701835772842
2019-02-26,3.8946127891540527,-0.010070097901584089,55.996841687126306,0.07178910502826374,0.05202633881975397,4.100832341196775,3.369832493779421,3.735332417488098,20.00677633379409
2019-02-27,3.852715969085693,-0.010815915992017741,53.77783500953088,0.06697444084480697,0.05501595922476457,4.057670309528727,3.4720210290103966,3.7648456692695618,20.030630527358163
2019-02-28,3.828147411346436,-0.00639736454456836,52.4648882560853,0.060479141612530984,0.05610859570231786,4.025959159658108,3.5459480506919285,3.785953605175018,19.599163420832483
2019-03-01,3.882496118545532,0.014097294749042068,55.07765394502313,0.05903652037677176,0.056694180637208644,4.021193171683566,3.582597969826444,3.801895570755005,19.69377281457709
2019-03-04,3.8906848430633545,0.0021069180268624443,55.47475766696643,0.057886712300299514,0.05693268696982682,4.014896304237768,3.6191681794048103,3.817032241821289,19.831648207716214
2019-03-05,3.884232759475708,-0.0016597179284958987,55.0617482578862,0.05581149175703759,0.05670844792726898,4.018078994961034,3.634581732539882,3.8263303637504578,19.709704006673135
2019-03-06,3.773304224014282,-0.028974406814542508,48.39123557458572,0.04470057834009955,0.054306874009835096,4.01574647791669,3.6425087653847017,3.829127621650696,19.81574652593751
2019-03-07,3.7040669918060303,-0.01851966663222488,44.74740500259724,0.029962840434545335,0.04943806729477715,4.019003919253435,3.6303609574936964,3.8246824383735656,19.9249892273594
2019-03-08,3.7383134365081783,0.009203153950247584,46.8781200610302,0.020806632929971425,0.04371178042181601,4.010993137150978,3.6467392303645867,3.828866183757782,19.861501170794156
2019-03-11,3.998884677886963,0.06738093479982647,59.63341219079946,0.0341821633092545,0.04180585699930371,4.026918207607919,3.663379372157401,3.8451487898826597,20.572126619278446
2019-03-12,4.033131122589111,0.008527536071356224,60.960190476198036,0.047003937248645045,0.04284547304917198,4.035811245595209,3.694740307177313,3.865275776386261,20.177807361411375
2019-03-13,4.184507846832275,0.036846069920336254,66.241985112664,0.06858946534877619,0.04799427150909282,4.100691764439364,3.67355020753024,3.887120985984802,20.460471481302967
2019-03-14,4.108571529388428,-0.01831368936711941,61.73021731189207,0.07866195958727573,0.054127809124729406,4.133011728417064,3.673087734092091,3.9030497312545775,20.068154053869062
2019-03-15,4.214039325714111,0.025346239160779167,65.26849583142736,0.09407046777632866,0.06211634085504926,4.187917715278377,3.6564956605761147,3.922206687927246,20.309996355285758
2019-03-18,4.192698001861572,-0.005077206261049179,63.979466485746975,0.10336819089032634,0.07036671086210468,4.2283758906048625,3.6452510329562333,3.936813461780548,20.003758255860635
2019-03-19,4.360455989837647,0.03923219548200514,69.1390538486122,0.12285715030946598,0.08086479875157694,4.306782705300669,3.614569013601919,3.960675859451294,20.566579278996407
2019-03-20,4.327946662902832,-0.007483418977788045,67.13224747925071,0.13413285995291524,0.09151841099184461,4.3630817278643415,3.598008813021584,3.9805452704429625,20.393577737339864
2019-03-21,4.564692497253418,0.05325793308623539,73.22679481702173,0.16032423338298152,0.105279575470072,4.4739468766045505,3.557448844830997,4.015697860717774,20.53005965819725
2019-03-22,4.404877185821533,-0.03563877245720928,64.5283302793284,0.16626868363837666,0.11747739710373295,4.527144705693175,3.5500962382155166,4.038620471954346,20.432437488154005
2019-03-25,4.312559604644775,-0.021180774739849435,60.0880403558184,0.16166685119601443,0.12631528792218924,4.558189676365003,3.5569042224081895,4.057546949386596,20.079312550474576
2019-03-26,4.389242649078369,0.017625091281170378,62.40234873233284,0.1623362355769462,0.13351947745314063,4.597682520358157,3.5668743644074676,4.082278442382813,20.37158980758837
2019-03-27,4.380059719085693,-0.0020943361201823264,61.939168345674354,0.160278155014705,0.13887121296545352,4.628537656151623,3.5887536036140024,4.108645629882813,19.97750238409155
2019-03-28,4.398672580718994,0.004240450417694041,62.54599416194428,0.15832395373566577,0.14276176111949598,4.654864765870198,3.6194790108326833,4.137171888351441,19.989846512753836
2019-03-29,4.455997943878174,0.012948231989627171,64.42714182589425,0.15956158621936556,0.1461217261394699,4.687660252750854,3.64403370648529,4.165846979618072,19.93996635403295
2019-04-01,4.52349853515625,0.015034665456706684,66.55711343776738,0.16409753819636297,0.14971688855084853,4.72575214392042,3.6692231845250145,4.1974876642227175,19.9972317642524
2019-04-02,4.541365146636963,0.0039419532921070475,67.11832712559979,0.16720654606630259,0.15321482005393935,4.758316153101464,3.702372414060096,4.23034428358078,19.904374013327374
2019-04-03,4.680832862854004,0.03024839629847066,71.18352374345167,0.17886252052227203,0.1583443601476059,4.794211812490613,3.7572296185549185,4.275720715522766,20.47928672632038
2019-04-04,4.671899318695068,-0.001910360887582705,70.5815828718229,0.18524372752185148,0.163724233622455,4.7965731615194915,3.8516515022149442,4.324112331867218,19.941016369877364
2019-04-05,4.738653659820557,0.014187361991128503,72.45590106908753,0.19345734167088402,0.16967085523214082,4.794390291429187,3.953868394636486,4.374129343032837,19.99292341266435
2019-04-08,4.759501457214356,0.004389869530798559,73.03374427594191,0.19935093953791316,0.17560687209329529,4.827071135278232,3.9972492287201815,4.412160181999207,19.865696743245685
2019-04-09,4.696715354919434,-0.013279523135176783,68.38104271449576,0.1966880472046455,0.17982310711556532,4.838172326594483,4.0525064606369625,4.445339393615723,19.902221648760936
2019-04-10,4.76719331741333,0.014894324921603535,70.64195280611214,0.1979824499663616,0.1834549756857246,4.872254318797881,4.07669301549167,4.474473667144776,19.91307235152729
2019-04-11,4.753296375274658,-0.00291937756507952,69.5853682095906,0.19563178495132938,0.18589033753884557,4.8835846182718665,4.129835200606307,4.506709909439087,19.741369350643776
2019-04-12,4.715327739715576,-0.008019927416534008,66.65213840675773,0.18853183676160423,0.1864186373833973,4.893048367862169,4.170500292416151,4.53177433013916,19.971870710162786
2019-04-15,4.583553314208984,-0.028343893563497192,57.580343303009755,0.17030876834734432,0.18319666357618672,4.875771238851259,4.2268629526618025,4.551317095756531,19.902494356201466
2019-04-16,4.670656681060791,0.01882514860455529,61.32724854626493,0.16103901160813994,0.17876513318257736,4.882400988063619,4.251253272571757,4.566827130317688,19.794305182003335
2019-04-17,4.6478271484375,-0.004899848240604257,59.835447631119564,0.15012001997518887,0.17303611054109966,4.879262693168167,4.286379616020676,4.582821154594422,19.676308180225572
2019-04-18,4.623259544372559,-0.0052998450740994445,58.19488553188518,0.13789467612111395,0.16600782365710254,4.882593837131173,4.288905176769584,4.585749506950378,19.758278439156726
2019-04-22,4.6771111488342285,0.01158065803626051,60.736137198983634,0.13104082045322674,0.1590144230163274,4.886077727209926,4.312644682992101,4.5993612051010135,19.45007156715077
2019-04-23,4.7317070960998535,0.011605402212238209,63.17985047864881,0.12853288009127617,0.15291811443131717,4.878635510715729,4.3620016486318045,4.620318579673767,19.664420269073048
2019-04-24,4.744115352630615,0.0026189312199639755,63.732324652653695,0.12609303981480924,0.1475530995080156,4.877618426739168,4.3985060029635905,4.638062214851379,19.578203247641834
2019-04-25,4.63839864730835,-0.022535789322159917,56.01997220041126,0.11431128487375197,0.14090473658116287,4.85754862141949,4.444409701105535,4.650979161262512,20.028709666225865
2019-04-26,4.419517517089844,-0.04833865645439766,44.11641619010314,0.08631726950507979,0.12998724316594626,4.853375315130454,4.450667501031655,4.652021408081055,20.58283987530925
2019-04-29,4.450288772583008,0.00693845568611118,45.85817609298968,0.06585565084241107,0.11716092470123923,4.854272682207754,4.449199216824838,4.651735949516296,19.786568297846134
2019-04-30,4.491733551025391,0.009269731994415251,48.19994249267191,0.05238011255404462,0.10420476227180031,4.8573627377617346,4.442932662857773,4.650147700309754,19.70969298502113
2019-05-01,4.478582382202148,-0.002932154975016456,47.497898541273216,0.04017633418775457,0.09139907665499117,4.862883658242131,4.431133465933895,4.647008562088013,19.685598121728283
2019-05-02,4.54608154296875,0.014959098762739943,51.40977717397287,0.03554166784582957,0.08022759489315885,4.8600766783958145,4.420465313791685,4.64027099609375,19.7935960052283
2019-05-03,4.541614055633545,-0.0009831948367141929,51.138193463425104,0.031149104994551813,0.07041189691343745,4.857306178308457,4.41020728757289,4.6337567329406735,19.635071099669922
2019-05-06,4.463193893432617,-0.017417838389010072,46.49503354333839,0.021096923382854627,0.06054890220732089,4.850165639193668,4.389801850048886,4.619983744621277,19.86093284903432
2019-05-07,4.295932292938232,-0.03819603275127714,38.4715779275624,-0.00036194399774647223,0.04836673296630742,4.858971135684823,4.334639437130119,4.596805286407471,20.134874991363898
2019-05-08,4.316033840179443,0.0046682914067413366,39.81575240532435,-0.01556677998327416,0.035580030376391104,4.86360391549453,4.291938505846413,4.5777712106704715,19.85378235456519
2019-05-09,4.223470687866211,-0.021679660085676504,35.92389741792637,-0.034685956737854795,0.021526832953541925,4.862773619726192,4.238396538660038,4.550585079193115,20.30812608149589
2019-05-10,4.189472198486328,-0.00808246886301862,34.58663629650319,-0.05198221737373743,0.006825022888086056,4.858426062084622,4.1863616786227755,4.5223938703536986,20.16026934260744
2019-05-13,3.932128190994263,-0.06339395531542229,26.534902782215028,-0.08546989547958006,-0.011633960785447168,4.897931951383872,4.068535834451395,4.483233892917633,20.303060626838768
2019-05-14,4.021218776702881,0.022404231230227965,32.401926229514885,-0.10362572310734919,-0.030032313249827573,4.9149710909664375,3.9952632411182183,4.455117166042328,20.078680224906094
2019-05-15,3.960170269012451,-0.015298013398577889,30.598631583785874,-0.12153942088666359,-0.048333734777194784,4.917533309971114,3.9216523809087076,4.419592845439911,20.03474792676089
2019-05-16,3.975308895111084,0.0038154329815779614,31.615003796863732,-0.13298166497499064,-0.06526332081675396,4.909199928259701,3.8627339372874787,4.38596693277359,20.476198378793093
2019-05-17,3.884481191635132,-0.02311302105347461,28.882067066708032,-0.14767644036449656,-0.08174594472630248,4.905011948690571,3.793044081582867,4.349028015136719,20.745093863696418
2019-05-20,3.765859365463257,-0.031013347169912445,25.751199111474477,-0.16696922840856754,-0.09879060146275549,4.894492948520463,3.7124379034158776,4.30346542596817,20.16476143294501
2019-05-21,3.848001003265381,0.021577707201685274,31.30446448843007,-0.17362926812374102,-0.11375833479495259,4.847631854355719,3.670928388297173,4.259280121326446,19.70673479487259
2019-05-22,3.777026891708374,-0.01861662996305746,29.267576983521792,-0.18253031932822505,-0.1275127317016071,4.790397207003488,3.6314541895571812,4.2109256982803345,19.60200295242688
2019-05-23,3.655924081802368,-0.03258827555926345,26.141946556390778,-0.19708458280767882,-0.14142710192282146,4.7551014325653345,3.5685025074447356,4.161801970005035,20.198753646298613
2019-05-24,3.6020731925964355,-0.014839321469735144,24.87005260167132,-0.2105373150680352,-0.15524914455186423,4.750965414955007,3.490894092605722,4.120929753780365,19.694880860329885
2019-05-28,3.5569076538085938,-0.012618035725261309,23.82313871576123,-0.22228086833694016,-0.1686554893088794,4.734044138927444,3.4184772567558452,4.0762606978416445,19.875465185847805
2019-05-29,3.482706069946289,-0.021081932896315554,22.171836417784164,-0.23486775729348075,-0.1818979429057997,4.703888358876236,3.3477302886991414,4.025809323787689,20.14309013683198
2019-05-30,3.4561235904693604,-0.00766198648006895,21.594359112508528,-0.244173264014929,-0.19435300712762554,4.663128620887738,3.286244147514361,3.97468638420105,19.792622601383997
2019-05-31,3.365440368652344,-0.026588789543447195,19.708524892394948,-0.25591529108961586,-0.20666546392002363,4.6002622407540725,3.2310464102163867,3.9156543254852294,19.78093909308736
2019-06-03,3.3237013816833496,-0.012479785971218899,18.890789223254984,-0.26552807717597604,-0.21843798657121413,4.5213580946758745,3.188159288899565,3.85475869178772,19.9864676661119
2019-06-04,3.5527682304382324,0.06664804691747497,34.86378448676838,-0.25176036236089994,-0.2251024617291513,4.423154294565007,3.1953205227109933,3.8092374086380003,20.279843378865525
2019-06-05,3.510035991668701,-0.012100791374515658,33.53694679925829,-0.2415134668109209,-0.22838466274550523,4.352498514742967,3.1873866724060815,3.769942593574524,20.05308490356767
2019-06-06,3.5721466541290283,0.017540427296658924,37.2736490283047,-0.2257782853511574,-0.22786338726663566,4.260953404314673,3.204543064229333,3.732748234272003,19.827120813215352
2019-06-07,3.614879846572876,0.01189189883727162,39.78216683025317,-0.20746826417945563,-0.22378436264919965,4.179110299038278,3.2255270853763944,3.7023186922073363,19.67016979043748
2019-06-10,3.6876745223999023,0.019937431058647037,43.898059208913054,-0.1849515126065424,-0.21601779264066823,4.095275517019522,3.2591820997865084,3.677228808403015,19.813901067625736
2019-06-11,3.745312452316284,0.015508996694647895,46.98770661719482,-0.1606045759380641,-0.20493514930014742,4.069998551335933,3.265777491602299,3.6678880214691163,19.7658197242558
2019-06-12,3.632270574569702,-0.030647089981289264,42.091688104395686,-0.14871667476803685,-0.19369145439372532,4.014616616303384,3.2822646064215313,3.6484406113624575,19.698532068324187
2019-06-13,3.68345046043396,0.013991982635102219,44.89145810309159,-0.13362528922664385,-0.18167822136030903,3.9708766705018936,3.2983325713651714,3.6346046209335325,19.54587005071684
2019-06-14,3.593513250350952,-0.024719592772658984,41.12834344622506,-0.12745323709426382,-0.1708332245071,3.911254922428352,3.3197747549627,3.615514838695526,19.79294717462293
2019-06-17,3.6032028198242183,0.002692776881495123,41.695412846503636,-0.1203921680628306,-0.16074501321824614,3.8687170980989114,3.3341847421110495,3.6014509201049805,19.436056344339338
2019-06-18,3.798232316970825,0.05271265664641372,51.76617168377909,-0.09793009234772976,-0.14818202904414285,3.874881665265758,3.3312574700949598,3.603069567680359,20.181843540921403
2019-06-19,3.8041951656341553,0.0015686699806656103,52.03893530583043,-0.07873991869070185,-0.13429360697345466,3.8649776539258776,3.3367808976717175,3.6008792757987975,19.619572665426094
2019-06-20,3.828542709350586,0.0063797884055137085,53.20263827307791,-0.06086530713940386,-0.11960794700664451,3.8756673448088144,3.331242788553002,3.603455066680908,19.673923600140355
2019-06-21,3.770406246185303,-0.015301483881017786,50.07814429257127,-0.05080502669343012,-0.10584736294400164,3.89069280221124,3.32766554758887,3.609179174900055,19.889540783530546
2019-06-24,3.792766809463501,0.0059130283717385166,51.2636891415117,-0.040560317288284686,-0.09278995381285826,3.9118898772456476,3.3255378342411688,3.618713855743408,19.460773696675403
2019-06-25,3.7634506225585938,-0.007759526314077939,49.600569993871616,-0.034410222922955036,-0.08111400763487761,3.927552602543937,3.330529405817879,3.629041004180908,19.558090582534874
2019-06-26,3.956739664077759,0.050084113681618234,59.03668162811213,-0.0137805647899234,-0.06764731906588678,3.9765378382673413,3.328947529507622,3.6527426838874817,20.18553482257655
2019-06-27,4.055373668670654,0.02462246442295559,62.858188487854186,0.010407555934704327,-0.05203634406576856,4.039150590333874,3.3262597852612186,3.6827051877975463,19.914573117915246
2019-06-28,4.080216884613037,0.006107311571072388,63.77486345772052,0.031221553148153447,-0.03538476462298416,4.08416366577354,3.3527243614176223,3.718444013595581,19.80112804679499
2019-07-01,4.128416061401367,0.011743668171818942,65.55126857653973,0.05101796332245323,-0.018104219033896685,4.118560912966282,3.398798582196682,3.758679747581482,20.38043180837143
2019-07-02,4.030529499053955,-0.02399605649726357,59.20183090380918,0.05813795534215416,-0.002855784158686517,4.1482779624733075,3.4168576595512286,3.7825678110122682,19.807544945182535
2019-07-03,4.043448448181152,0.0032001474952765806,59.75587639754949,0.06408432730685698,0.010532238134422183,4.169016806419989,3.449460061255792,3.8092384338378906,19.323424127495706
2019-07-05,3.98084020614624,-0.015605000078154059,55.8009759289747,0.06301847033844776,0.0210294845752273,4.179026017862067,3.4803202050154356,3.829673111438751,19.79831774050281
2019-07-08,3.905808687210083,-0.01902805204222515,51.40964231266275,0.0554798176949185,0.02791955119916554,4.179874107275106,3.508564999666117,3.8442195534706114,19.613960584771753
2019-07-09,3.908293247222901,0.0006359169914579315,51.5456232612922,0.04913941579351855,0.03216352411803614,4.1836659400076694,3.5268350394158543,3.8552504897117617,19.652832761460253
2019-07-10,3.976616621017456,0.01733059350121423,55.25402250456068,0.04906216872852864,0.03554325304013464,4.195220982996234,3.538410413297407,3.8668156981468202,19.92936086746723
2019-07-11,4.131149768829346,0.03812440007933517,62.28484863768758,0.06076996508450172,0.04058859544900806,4.220938768027853,3.562580547691751,3.891759657859802,20.341360994712332
2019-07-12,4.164191722869873,0.007966430030953582,63.601774488663644,0.07188603018618034,0.04684808239644252,4.25108155243262,3.5805118895305754,3.915796720981598,20.0428216328559
2019-07-15,4.15574312210083,-0.0020309302489621077,62.99606739055562,0.07910202152715984,0.05329887022258598,4.259095086453511,3.6287213426846727,3.943908214569092,19.484839608001277
2019-07-16,4.15102481842041,-0.0011360144454810757,62.63730058623528,0.08347773956023374,0.05933464409011554,4.25551191263617,3.687086716361633,3.9712993144989013,19.648694244026814
2019-07-17,4.216366767883301,0.01561855378040216,65.56228782666822,0.0911671586081404,0.06570114699372051,4.2842240085850785,3.700188065503972,3.992206037044525,19.668299075755034
2019-07-18,4.228044509887695,0.002765793627157782,66.07347108790974,0.09708424800946513,0.07197776719686944,4.309457935972465,3.7173390725419386,4.013398504257202,19.907254737124056
2019-07-19,4.184813499450684,-0.010277456463740333,62.381812553435644,0.09716514345416627,0.0770152424483288,4.323285621598747,3.739138465925668,4.031212043762207,19.65875348317473
2019-07-22,4.2563652992248535,0.016953441042394633,65.78881450061985,0.10182906387340473,0.08197800673334399,4.336888050759044,3.7741319420693253,4.055509996414185,19.571062883270383
2019-07-23,4.364190578460693,0.02501715766784096,70.17282293214548,0.11292413418223823,0.08816723222312284,4.369147422124453,3.7990149476036357,4.084081184864044,19.875044886309134
2019-07-24,4.438724040985107,0.016934219377959338,72.77035339911409,0.12627565768333238,0.09578891731516474,4.402973080552405,3.8327166310183345,4.1178448557853695,19.718788495039455
2019-07-25,4.307545185089111,-0.02999877775769734,62.460526672799396,0.12483280402800379,0.10159769465773255,4.421941492827885,3.8488287708439892,4.135385131835937,19.788556522094712
2019-07-26,4.349532127380371,0.00970010316296587,64.20841201460478,0.12562915278249864,0.10640398628268577,4.449276063239074,3.8509100463037726,4.150093054771423,19.429222439178133
2019-07-29,4.343321800231934,-0.001428835283951818,63.73570453042145,0.12432599077737105,0.10998838718162283,4.472464015998612,3.8540325851061246,4.163248300552368,19.329584261422163
2019-07-30,4.358973503112793,0.0035971474679563345,64.44613111308182,0.1231367433874686,0.11261805842279199,4.49550082485425,3.854051520421629,4.174776172637939,19.102625415060643
2019-07-31,4.191769123077393,-0.039113724675626474,52.59287619707645,0.10746348798358252,0.1115871443349501,4.496320188502185,3.8693561191760377,4.1828381538391115,19.69999105274728
2019-08-01,4.097359657287598,-0.02278008966547938,47.30259984840969,0.08642797735646646,0.10655531093925338,4.494868806378392,3.8761986222104756,4.185533714294434,19.858646830220852
2019-08-02,4.004690170288086,-0.022876563434020496,42.75630588094025,0.06156979226282289,0.0975582072039673,4.492906572236588,3.880545852766463,4.186726212501526,19.875446509618953
2019-08-05,3.746307373046875,-0.06669556247533119,33.18064346652494,0.020780623053258118,0.08220269037382547,4.5218262574693355,3.8356760361173947,4.178751146793365,20.194201563932733
2019-08-06,3.785064697265625,0.010292325486758368,35.5136259731148,-0.008321767108332878,0.06409779887739381,4.539700718216244,3.8054787203747598,4.172589719295502,19.705141697958585
2019-08-07,3.823324918746948,0.010057461807721164,37.82158050553755,-0.027975852648296495,0.04568306857225575,4.55494951523231,3.7749007531316425,4.164925134181976,19.735908659322526
2019-08-08,3.9318959712982178,0.028001303371538337,43.9517514954219,-0.0343946009145677,0.029667534674891066,4.558562571130587,3.7513623174802535,4.15496244430542,19.549822240888407
2019-08-09,3.830530405044556,-0.026118464430519753,39.987856664467664,-0.04711771551476396,0.014310484636960063,4.56707119909386,3.709487557734448,4.138279378414154,19.6497831414763
2019-08-12,3.762704610824585,-0.017865270350049083,37.547696377104124,-0.06195961833856467,-0.0009435359581448834,4.578918889403025,3.6583360162976595,4.118627452850342,19.447438932434153
2019-08-13,3.876989364624024,0.029920905276842887,43.77368007371207,-0.06376506476821353,-0.013507841720158615,4.577312360766603,3.6325389995544413,4.104925680160522,19.679016728590483
2019-08-14,3.728419780731201,-0.03907442287604894,38.41252178410498,-0.07630462561744311,-0.026067198499615515,4.5783956877365455,3.5826609738692903,4.080528330802918,19.855479516513505
2019-08-15,3.696121215820313,-0.008700542881844613,37.34179476516519,-0.08783602319172568,-0.03842096343803755,4.574913474309407,3.5329508578896887,4.053932166099548,19.983446250283592
2019-08-16,3.964194059371948,0.07001862098160314,49.83931106385769,-0.07448488535900522,-0.04563374782223109,4.561551587278477,3.5242508009127453,4.042901194095611,20.731194324260635
2019-08-19,4.242950439453125,0.06795631489685253,58.997554773448734,-0.04093878539402729,-0.044694755336590335,4.559751947761562,3.524708954452489,4.0422304511070255,20.51883608630313
2019-08-20,4.170651912689209,-0.01718652803822542,56.13488748233881,-0.019957093420935657,-0.0397472229534594,4.531636099331193,3.5334709363057097,4.032553517818451,19.953643579310672
2019-08-21,4.254128932952881,0.019817667388298533,58.63083685533939,0.0033681209199958317,-0.031124154178768355,4.496957790146624,3.5496897346870555,4.023323762416839,19.872865838901774
2019-08-22,4.260340213775635,0.0014589945227418358,58.81860266036592,0.022099965145389255,-0.020479330313936835,4.489072189650828,3.5528548380515046,4.020963513851166,19.53085263226218
2019-08-23,4.035746097564697,-0.054157828392622794,49.984247938698346,0.018607720266459182,-0.012661920197857633,4.44732334896333,3.5632250757574333,4.005274212360382,20.157730565135285
2019-08-26,4.110527992248535,0.018360294435998705,52.54028992521938,0.021625084449866883,-0.005804519268312732,4.40970078053256,3.577568263389864,3.993634521961212,19.57821581811501
2019-08-27,4.019845962524414,-0.022307901407682667,49.25324612475848,0.01650878239961706,-0.0013418589347267726,4.356079881396942,3.597276408466644,3.9766781449317934,19.488723856890168
2019-08-28,4.009400367736816,-0.002601888209888499,48.87394246889729,0.011478882549274871,0.0012222893620735564,4.333730695579829,3.6013887187497002,3.9675597071647646,19.3591712316346
2019-08-29,4.153143882751465,0.035223913639158916,54.11114269821129,0.018873983493346458,0.004752628188328137,4.341498918127652,3.5991989187482636,3.9703489184379577,19.695976505805092
2019-08-30,4.16582727432251,0.003049271636873787,54.553516074833276,0.025464558392592984,0.008895014229181108,4.359555761662559,3.5972557856167993,3.978405773639679,19.487513369525416
2019-09-03,4.082764148712158,-0.020140634728419746,51.0805925362509,0.02371180154539232,0.01185837169242335,4.362700368101553,3.6277568567443335,3.995228612422943,19.506342876821627
2019-09-04,4.196913242340088,0.02757506633234157,55.29270314625607,0.031174249643455276,0.015721547282629734,4.379846903653326,3.6517951757000064,4.015821039676666,19.243662496683747
2019-09-05,4.469978332519531,0.06303424851580797,63.4092039311879,0.058448605066298676,0.02426695883936352,4.452795592059782,3.64351182867081,4.048153710365296,20.360394594107976
2019-09-06,4.442870616912842,-0.006082858431730329,62.201930314547305,0.07698888222877542,0.03481134351724591,4.51067102371562,3.6367338615764324,4.073702442646026,19.747692085561106
2019-09-09,4.488877296447754,0.010301922282108057,63.47303026827892,0.09430742273516746,0.04671055936083022,4.565115911721737,3.648123662710636,4.106619787216187,19.849852588027996
2019-09-10,4.5555267333984375,0.014738537380056777,65.29388923367608,0.11211811556404605,0.05979207060147339,4.6165016511124115,3.6760201355773465,4.146260893344879,19.681445897958273
2019-09-11,4.5841264724731445,0.00625840647979746,66.0753871630566,0.12707612342665975,0.07324888116651065,4.672496064348781,3.69073943312589,4.181617748737335,19.70580579679906
2019-09-12,4.582634449005127,-0.0003255290486953396,65.99190170670155,0.1372281775902131,0.08604474045125114,4.697505668106684,3.75115129619538,4.224328482151032,19.608036245505133
2019-09-13,4.524687767028809,-0.012725466954629922,62.679563699773375,0.13899568496707815,0.09663492935441655,4.68638184376284,3.8451317756600734,4.265756809711457,19.598079570104037
2019-09-16,4.48166561126709,-0.009553807449532362,60.26115479850136,0.13536452094269436,0.10438084767207212,4.697555819758963,3.885704954853463,4.291630387306213,19.261523533698504
2019-09-17,4.503054141998291,0.0047610992265985,61.06544439820104,0.13268318382017963,0.11004131490169364,4.7205381392882835,3.888733005578659,4.3046355724334715,19.22289755738227
2019-09-18,4.475945949554443,-0.006038150023262369,59.4238631285778,0.1269078851523746,0.11341462895182983,4.737504063099682,3.9022964854537845,4.319900274276733,19.36905912056727
2019-09-19,4.400343418121338,-0.0170351273118355,54.98443440224623,0.1149058636299154,0.11371287588744694,4.745085995546664,3.9093360015236476,4.327210998535156,19.318709744819646
2019-09-20,4.294649124145508,-0.02431272938144304,49.42520525648052,0.0957616482324255,0.11012263035644265,4.745926357242553,3.911926530864747,4.32892644405365,19.674140615268826
2019-09-23,4.348116874694824,0.012372990932210432,52.06547497708239,0.08393655190234384,0.1048854146656229,4.738046721831864,3.951043243988448,4.344544982910156,19.335818815769084
2019-09-24,4.290669918060303,-0.013299970197764676,49.09960593688599,0.0691326701811219,0.09773486576872271,4.73247665246481,3.9746275059366787,4.353552079200744,19.575257403689818
2019-09-25,4.432424545288086,0.03250385695713834,55.791684132451756,0.06805441208516072,0.09179877503201032,4.7200964961353025,4.028265520542553,4.374181008338928,19.547011958861717
2019-09-26,4.410290718078613,-0.005006126008908466,54.584936029786284,0.06466841269315182,0.08637270256423862,4.694603037118167,4.093848014593869,4.394225525856018,19.27323903398639
2019-09-27,4.271520614624023,-0.03197073006942366,47.629180060741135,0.05020862243587665,0.07913988653856623,4.684772307265597,4.115516417633696,4.400144362449646,19.707309456720434
2019-09-30,4.328968524932861,0.013359418002285352,50.444491679449115,0.04289028818560059,0.07188996686797311,4.673330844115204,4.143272005845123,4.408301424980164,19.04224599537767
2019-10-01,4.32722806930542,-0.00040212941837617126,50.356170832254314,0.03652893254703482,0.06481776000378546,4.641171067005653,4.199878175014001,4.420524621009827,19.718165751782436
2019-10-02,4.303353786468506,-0.005532499229432115,49.08657853969854,0.029224179127584016,0.05769904382854517,4.628156225191269,4.223537071241227,4.425846648216248,19.496951989671622
2019-10-03,4.5090203285217285,0.046685238823369,58.737794063993334,0.03957449043992334,0.05407413315082081,4.632638903983281,4.222958592049434,4.427798748016357,19.92606395666867
2019-10-04,4.525435447692871,0.0036338961950761264,59.399321852213575,0.04854218555652068,0.05296774363196079,4.641323360828513,4.222530618282206,4.431926989555359,19.397215793807206
2019-10-07,4.5841264724731445,0.012885764956625969,61.759944155733045,0.0596968753248559,0.054313569970539814,4.655653620530433,4.217725276182824,4.436689448356629,19.99134456556258
2019-10-08,4.407555103302002,-0.0392794316339422,51.97001901552876,0.0536705330120375,0.054184962578839355,4.641235221954665,4.217346511748947,4.429290866851806,19.912316622799622
2019-10-09,4.49409818649292,0.019444884497297994,55.67840253702319,0.05524113147720122,0.05439619635851173,4.6264627763018495,4.223116128803742,4.424789452552796,19.49367432808931
2019-10-10,4.551795959472656,0.01275684957421315,58.00631976778263,0.0604448001251896,0.05560591711184731,4.620257105430901,4.226237950721443,4.423247528076172,19.549253052098248
2019-10-11,4.625407695770264,0.016042646065717404,60.83280848304453,0.06970508016515797,0.05842574972250944,4.640753738190918,4.215813310835571,4.428283524513245,19.91673493180483
2019-10-14,4.638838768005371,0.002899551884259039,61.344052157786585,0.07723735000251875,0.0621880697785113,4.6676956336726745,4.204588731027642,4.436142182350158,19.11402790951398
2019-10-15,4.88355016708374,0.0514083792245338,69.22577045088147,0.10177964054228639,0.07010638393126632,4.760604921859486,4.149729045349376,4.455166983604431,20.313979438499356
2019-10-16,4.829832553863525,-0.011060649498597513,66.04248782556488,0.11556288318075136,0.07919768378116333,4.821337492805591,4.1243851348341805,4.472861313819886,19.87683693457248
2019-10-17,4.831823348999023,0.00041210226977399,66.10469513936741,0.1252035739404347,0.0883988618130176,4.875874544880993,4.112996075846546,4.4944353103637695,19.38932101599005
2019-10-18,4.737319469451904,-0.019752438425683777,60.44403805837039,0.12379122931317532,0.09547733531304917,4.900560554113365,4.132577101144813,4.516568827629089,19.54379050747353
2019-10-21,4.874597549438477,0.02856608411024013,65.11692755341113,0.13222492318746237,0.10282685288793182,4.949764166168365,4.136021556564178,4.542892861366272,19.383351121791872
2019-10-22,4.864649772644043,-0.00204282321310859,64.52209932025374,0.13653212652773306,0.10956790761589208,4.9844824810915025,4.1587012270994155,4.571591854095459,19.61071688558153
2019-10-23,4.851717948913574,-0.0026618653671388816,63.707384021088835,0.13731919589528374,0.11511816527177042,5.018080702099754,4.167032346453713,4.592556524276733,19.450000119697023
2019-10-24,4.895736217498779,0.009031808113283211,65.31293038833493,0.13988238339636982,0.12007100889669031,5.053804207133308,4.179853391362175,4.616828799247742,19.26233413712151
2019-10-25,5.086732864379883,0.03827108445698966,71.25507515073392,0.15553267724789155,0.12716334256693057,5.110729147627833,4.204449675843236,4.657589411735534,19.863100209815528
2019-10-28,5.1426873207092285,0.01094001681165492,72.72898376503062,0.17048545467637766,0.13582776498882,5.172797954009543,4.223752749039164,4.698275351524353,19.617000340047568
2019-10-29,5.04644250869751,-0.018892226562499042,66.4203160755107,0.17258009068150582,0.14317823012735717,5.1992762844276,4.2691958625603155,4.734236073493958,19.16848655455015
2019-10-30,5.04843282699585,0.00039432251671135557,66.485059911382,0.17241323441665646,0.14902523098521703,5.209800010825584,4.333180040215065,4.7714900255203245,19.143192537997525
2019-10-31,4.999191761016846,-0.00980161226554288,63.236582498283035,0.16638962114625055,0.15249810901742375,5.227274218414378,4.364722975875784,4.795998597145081,19.161341087948983
2019-11-01,5.03823709487915,0.007779986561888517,64.70904932621369,0.16288881548869494,0.154576250311678,5.2461062562479,4.397171102760888,4.821638679504394,19.463216389925666
2019-11-04,5.234951019287109,0.03830124975363685,71.00907551410596,0.17398201510590372,0.15845740327052316,5.301171452696363,4.407188360993822,4.854179906845093,19.747002148532125
2019-11-05,5.212817668914795,-0.004236958941952987,69.50560279061739,0.1789249439488776,0.16255091140619404,5.316413797161134,4.472472273090331,4.894443035125732,19.522182191644884
2019-11-06,5.163576602935791,-0.009491049457976481,66.1499561294327,0.17683051605318045,0.16540683233559134,5.32142442288745,4.534409489008302,4.927916955947876,19.410266549953864
2019-11-07,5.181233882904053,0.003413749752135087,66.7695031600739,0.1745829778867476,0.1672420614458226,5.326001068751111,4.59277663548778,4.959388852119446,19.451513713766282
2019-11-08,5.167305946350098,-0.0026917700841813668,65.7472920842911,0.16972147608951893,0.16773794437456188,5.328436324346701,4.644531204950175,4.986483764648438,19.057786538916893
2019-11-11,5.177254676818848,0.0019234714548975102,66.1459846898602,0.16477209020498673,0.16714477354064686,5.323401772248432,4.703407347929791,5.0134045600891115,19.310364636372384
2019-11-12,5.212817668914795,0.006845598335125091,67.59786947553775,0.16185355544606939,0.16608652992173137,5.345745779673466,4.713990090687862,5.029867935180664,19.462736793907276
2019-11-13,5.186953067779541,-0.004974081663428536,65.40102798460397,0.15565919615184232,0.16400106316775356,5.356280598031383,4.7391673237215475,5.047723960876465,19.519919506344827
2019-11-14,5.217293739318848,0.005832379432962188,66.76548283678122,0.15145251014780037,0.16149135256376293,5.366802910819713,4.7671920499652,5.066997480392456,20.06564023038375
2019-11-15,5.078027248382568,-0.027055977478650434,55.87347830393248,0.13532114137880047,0.15625731032677045,5.34055849415645,4.827507244521528,5.084032869338989,20.77550528453982
2019-11-18,5.279218673706055,0.038855259068002655,64.80596532773208,0.13718994175506172,0.15244383661242872,5.354999292103326,4.853528559001411,5.1042639255523685,20.169163821938483
2019-11-19,5.1725287437438965,-0.02041642065019092,58.090495164348226,0.12857980585053497,0.14767103046004998,5.344966894308423,4.8943488539062985,5.119657874107361,19.84273792592795
2019-11-20,5.2518630027771,0.015221183674944785,61.301750111927774,0.1266973347843896,0.1434762913249179,5.333686462361443,4.945643791239632,5.139665126800537,19.973734533059176
2019-11-21,5.226993083953857,-0.004746694737089004,59.75599038102858,0.12179469487162997,0.13913997203426032,5.316128351828324,4.996327588418259,5.156227970123291,19.479817357100384
2019-11-22,5.244650363922119,0.003372402200472044,60.51721187448014,0.11797417944033572,0.1349068135154754,5.325166945248005,5.003080744952801,5.164123845100403,19.22760294323345
2019-11-25,5.501299858093262,0.04777582335852564,69.53679855677066,0.1341099269486694,0.1347474362021142,5.402096894702753,4.962012049236456,5.182054471969605,20.042987498496885
2019-11-26,5.396600723266602,-0.019215142486919422,63.1945160904471,0.13687150837844264,0.1351722506373799,5.429664246942832,4.969460518453286,5.199562382698059,19.769387460336574
2019-11-27,5.431442260742188,0.006435448727681665,64.3594835009404,0.14025473319038095,0.1361887471479801,5.459365889875519,4.9780598188952325,5.218712854385376,19.189788469949118
2019-11-29,5.39411211013794,-0.006896699659145397,62.091799136344186,0.1383291596109011,0.1366168296405643,5.467814137960122,5.009103605722739,5.238458871841431,18.768205963537003
2019-12-02,5.207704544067383,-0.03516883660465684,52.20088564978336,0.12037399943205163,0.13336826359886178,5.456839160436727,5.037025328164957,5.246932244300842,19.73450118443656
2019-12-03,5.16813325881958,-0.007627620603967713,50.366685046973785,0.101778099050712,0.12705023068923182,5.456407975411018,5.030774737143913,5.243591356277466,19.958046766010717
2019-12-04,5.2119340896606445,0.008439461777014394,52.36199072642536,0.08954288042529424,0.1195487606364443,5.456391059915403,5.030703294714113,5.243547177314758,19.42653426552615
2019-12-05,5.195011615753174,-0.0032521528028549257,51.50057182048071,0.07758651030250174,0.1111563105696558,5.455930873178209,5.034306982733046,5.245118927955628,19.03523916476071
2019-12-06,5.280376434326172,0.01629852905947443,55.47943214286058,0.07414453621437112,0.10375395569859887,5.459218813459462,5.040933297594004,5.250076055526733,19.263264658276455
2019-12-09,5.280376434326172,0.0,55.47943213711863,0.07060288088931888,0.09712374073674288,5.461538007914866,5.049921151936209,5.2557295799255375,19.171530639360252
2019-12-10,5.325423240661621,0.008494800694562316,57.607873678897555,0.0706169659019853,0.09182238576979136,5.467715862381916,5.058560153853436,5.263138008117676,19.36220248394381
2019-12-11,5.409043788909912,0.015580138169938506,61.305973612932576,0.07649383446559632,0.08875667550895236,5.486011496039515,5.059887132195348,5.272949314117431,19.269959502493258
2019-12-12,5.576536655426025,0.030495584205283685,67.43406201905277,0.09358774836753803,0.0897228900806695,5.5407109066870825,5.044146080312429,5.292428493499756,19.817786453757023
2019-12-13,5.574545860290527,-0.00035705863602803574,67.29763641945772,0.10575507903924741,0.09292932787238509,5.5857326657186865,5.034849533377993,5.31029109954834,19.935157217964797
2019-12-16,5.603415489196777,0.005165466616911311,68.29921684990751,0.11638569222425588,0.09762060074275924,5.618861970036499,5.054259053141602,5.336560511589051,19.586876915059506
2019-12-17,5.6815619468688965,0.013849864968523943,70.89751806416776,0.1296220929986145,0.1040208991939303,5.676608897246638,5.036746453247748,5.356677675247193,19.587562089772575
2019-12-18,5.711925029754639,0.0053299143321987145,71.86251520755563,0.14093744388680562,0.11140420813250537,5.728209262663545,5.039085716431914,5.383647489547729,19.6548374007663
2019-12-19,5.860004901885986,0.02559434017969279,76.0359290128969,0.16000926194487608,0.12112521889497951,5.8127341890015085,5.0153749800048395,5.414054584503174,19.914393504084902
2019-12-20,5.957315921783447,0.0164695908578905,78.31242953554144,0.18089080460960272,0.13307833603790417,5.906747765360198,4.99439368742911,5.450570726394654,20.21750072217852
2019-12-23,5.943625926971436,-0.002300658388966776,77.20131759026953,0.19409747458004478,0.1452821637463323,5.980703675479616,4.990335333614621,5.485519504547119,19.687797350059352
2019-12-24,5.938650131225586,-0.0008375156430179904,76.77494372593024,0.20183571407482415,0.1565928738120307,6.0425209526696335,4.9722530837378365,5.507387018203735,18.749005602067452
2019-12-26,5.952835559844971,0.0023858138026915197,77.16218794253183,0.2067299163714269,0.16662028232390994,6.102914496455245,4.967483023610063,5.535198760032654,19.024187645896014
2019-12-27,5.895096778869629,-0.009746719750860557,71.90676403482794,0.20360256622547457,0.17401673910422288,6.145783060184273,4.970979911693778,5.558381485939026,19.35537705319293
2019-12-30,5.781858444213867,-0.019395789820267784,62.86373462616634,0.18979884848929096,0.1771731609812365,6.167930788763984,4.9876068165216605,5.577768802642822,19.368687177471717
2019-12-31,5.856022834777832,0.012745514887513023,65.88939553415523,0.1827372677610386,0.17828598233719695,6.185802459026209,5.03456697533048,5.6101847171783445,19.257945588682393
2020-01-02,5.970753192901611,0.019402406378858976,69.96603494807289,0.18427449356204217,0.179483684582166,6.20779786811873,5.092833559646163,5.6503157138824465,19.285829753109297
2020-01-03,5.875186443328857,-0.01613528785035091,63.191426586722606,0.17575532015176076,0.17873801169608494,6.2091615232639,5.1577951398678135,5.683478331565857,19.14039196050679
2020-01-06,5.8998236656188965,0.004184668720428911,64.15502228512484,0.16904320692009822,0.17679905074088761,6.1990687967937825,5.238369071324503,5.718718934059143,19.3862796048766
2020-01-07,5.971251487731934,0.012034071589360385,66.86342843330048,0.16755595635821052,0.17495043186435222,6.199004902084323,5.307520471374539,5.753262686729431,19.567625952587168
2020-01-08,5.982450485229492,0.00187372929313459,67.28085856136002,0.16537462929262503,0.1730352713500068,6.1852010552931525,5.391531723256042,5.788366389274597,19.439917883469047
2020-01-09,6.048154354095459,0.010922895897756203,69.69306627967441,0.16702233546937872,0.1718326841738812,6.172452045105788,5.47655384478679,5.824502944946289,19.357213226301845
2020-01-10,6.080507278442383,0.005334966389939818,70.83333410741992,0.16899074498061495,0.17126429633522797,6.164314583430477,5.551837655415349,5.858076119422913,19.572189045135566
2020-01-13,6.271146297454834,0.030871034043404993,76.45480641308006,0.18381479674134482,0.17377439641645137,6.221344946456418,5.564268256592288,5.892806601524353,19.58333143184293
2020-01-14,6.154175281524658,-0.0188284014654773,67.8178900476135,0.18400330557664368,0.17582017824848983,6.233971565729101,5.609604579443017,5.921788072586059,19.699078044547267
2020-01-15,6.111618995666504,-0.006939046205191088,64.9434109456702,0.17865929048653761,0.1763880006960994,6.231780738368966,5.6626157574501255,5.9471982479095455,19.388059953040464
2020-01-16,6.195239067077637,0.01358939183908742,67.82885646023786,0.17910692777367831,0.17693178611161517,6.2491190598923305,5.696645147947636,5.972882103919983,19.465160627559115
2020-01-17,6.203948974609375,0.0014049160211267553,68.1231671720652,0.17811134359634906,0.17716769760856196,6.26330733925078,5.7316592630746594,5.9974833011627195,19.35202559580542
2020-01-21,6.170601844787598,-0.005389643799025951,65.64697744978635,0.17264139870130446,0.17626243782711049,6.2812992046584855,5.744727091957116,6.013013148307801,19.19962022998612
2020-01-22,6.224606990814209,0.00871392946606531,67.6949355295493,0.17069650880900333,0.17514925202348905,6.309216780246663,5.7435386232720145,6.026377701759339,19.29297779432053
2020-01-23,6.293047428131104,0.010935134813242417,70.12556170841835,0.17268711134249237,0.17465682388728973,6.34756275340399,5.7401348002306545,6.043848776817322,19.31479130850063
2020-01-24,6.233814716339111,-0.009456981734487528,65.53017155391993,0.1675536393230157,0.17323618697443494,6.369400404873622,5.7478136072723744,6.058607006072998,19.73846069321238
2020-01-27,5.977972030639648,-0.04190707429528859,50.22165443635488,0.14121314199471602,0.16683157797849116,6.369055426769432,5.750672232456033,6.059863829612732,19.96938303053431
2020-01-28,6.1713480949401855,0.03183592080254561,58.17488168609504,0.13439274446523974,0.16034381127584088,6.376492017187716,5.770860773644803,6.07367639541626,19.555226299963394
2020-01-29,6.110871315002441,-0.009847938174867656,55.20426775221986,0.12269322840619701,0.1528136947019121,6.3601661981778825,5.820087879733494,6.090127038955688,19.371751578663087
2020-01-30,6.117590427398682,0.0010989302193480947,55.47629345317852,0.11266472503649094,0.14478390076882788,6.349826384829236,5.856584452344225,6.103205418586731,19.487127906966904
2020-01-31,5.884146213531494,-0.038906646209489505,45.205182428369106,0.08490137656043295,0.1328073959271489,6.358012234878572,5.839737904357879,6.0988750696182255,19.730148057658567
2020-02-03,5.981207370758057,0.016360797274751315,49.39995057672632,0.06992469868347051,0.12023085647841322,6.347927239479554,5.860424992499817,6.104176115989685,19.35898342939055
2020-02-04,6.150440692901611,0.02790128758579412,55.75933682259747,0.07089406566102419,0.11036349831493543,6.341234279418083,5.892179655289558,6.116706967353821,19.41963475050528
2020-02-05,6.240784168243408,0.014582105839967061,58.740487648478506,0.07805251855490791,0.10390130236292994,6.350262488089395,5.910104714669394,6.130183601379395,19.154105775813495
2020-02-06,6.327641487121582,0.0138217313808244,61.43134759785643,0.08970029462381834,0.10106110081510764,6.372818442899206,5.9220678600487915,6.147443151473999,19.201307529782635
2020-02-07,6.261440753936768,-0.010517262837251242,58.30993877138733,0.09252284935680954,0.09935345052344803,6.383885302690177,5.932329640241952,6.158107471466065,19.061228519638956
2020-02-10,6.54465913772583,0.044239007191159974,66.21828432159387,0.11627278069652291,0.10273731655806301,6.462201927363499,5.9004282014969744,6.181315064430237,20.08764767010135
2020-02-11,6.667106628417969,0.018536658762816186,68.95980007860007,0.14332312182192108,0.11085447761083463,6.55499303547692,5.847233126479867,6.201113080978393,20.2747199367169
2020-02-12,6.782832145690918,0.0172087583636705,71.32806343515605,0.17211476229439793,0.1231065345475473,6.670551162324024,5.794540686049389,6.232545924186707,19.741486802368268
2020-02-13,6.739030361175537,-0.006478684086898742,69.17670527513778,0.1892167341300759,0.13632857446405303,6.752416173615267,5.775416811309049,6.263916492462158,20.08463714613559
2020-02-14,7.212142467498779,0.06785000812702899,77.18212928177357,0.23820053554130638,0.1567029666795037,6.959777042552652,5.669746282413779,6.314761662483216,20.764334841917073
2020-02-18,7.380878925323486,0.023126667718502567,79.25186066779025,0.2873240798860772,0.18282718932081843,7.172460145964919,5.574756174072922,6.373608160018921,20.245494518766698
2020-02-19,7.832090854644775,0.059336778507403404,83.54906327996402,0.35853095280990654,0.21796794201863606,7.480526171073475,5.4328390499500845,6.45668261051178,20.358460791688277
2020-02-20,7.68276309967041,-0.019250244543061717,77.80574373097802,0.3983218049567183,0.2540387146062525,7.683286315331895,5.375894516577285,6.52959041595459,20.512609002335537
2020-02-21,7.318659782409668,-0.04855203968221094,65.9088423414016,0.39591241531924215,0.28241345474885043,7.780555328022395,5.381186739314641,6.580871033668518,20.459534639952196
2020-02-24,6.801249980926514,-0.07332080536189639,53.41070686006842,0.3482380385297521,0.2955783715050308,7.801182488333073,5.417303105462703,6.609242796897888,20.568850456589058
2020-02-25,6.521763801574707,-0.04196155494551644,48.1043520843984,0.28462260037283027,0.29338721727859074,7.7919942586084705,5.480870512280811,6.636432385444641,20.77727663651975
2020-02-26,6.661132335662842,0.021144629402196222,50.73288929277083,0.24265560054326585,0.2832408939315258,7.795553247703668,5.52628994725788,6.660921597480774,20.43255518430532
2020-02-27,6.290337085723877,-0.05727483045873623,44.3034273599555,0.17743105822533334,0.2620789267902873,7.788941927215395,5.550847844818297,6.669894886016846,20.62500892087618
2020-02-28,6.725381374359131,0.06687397381030043,51.991037426801924,0.15901159016679944,0.24146545946558975,7.788772798565461,5.611796068164276,6.700284433364868,20.848357213501743
2020-03-02,6.883759498596191,0.023276307629577952,54.45562378687637,0.15540243746558424,0.22425285506558865,7.770631703077138,5.729898492159068,6.750265097618103,20.607567627653474
2020-03-03,6.621289253234863,-0.03887483922011879,49.885137031451706,0.12986598842622943,0.20537548173771683,7.739254896488438,5.825283486995449,6.7822691917419435,20.296769108169
2020-03-04,7.084972381591797,0.06768587275157258,56.78554348592939,0.14536781222812856,0.1933739478357992,7.746533359633114,5.911458192719792,6.828995776176453,20.20811085669309
2020-03-05,6.805567264556885,-0.04023498238941018,52.12780295300583,0.13356777524702323,0.181412713318044,7.7323306289973015,5.982139232986951,6.857234930992126,20.107686922383515
2020-03-06,6.625025749206543,-0.026886734056036123,49.313132787363564,0.10839841997465438,0.1668098546493661,7.718961405606259,6.025246882586489,6.872104144096374,20.06047714073877
2020-03-09,6.112035751342773,-0.08059435732139743,42.32071204766076,0.04652125097184623,0.14275213391386213,7.736440535295493,5.992827252637856,6.8646338939666744,20.235766040112157
2020-03-10,6.501507759094238,0.061774211723902954,48.31306979623106,0.028580822873217393,0.11991787170573319,7.737823598976133,5.9871290510940565,6.862476325035095,20.17965528095658
2020-03-11,6.137686252593994,-0.05758627362490957,43.74147177057792,-0.01482357370975329,0.0929695826226359,7.766510892812388,5.905499719675404,6.836005306243896,20.030046655794486
2020-03-12,5.386631488800049,-0.13052760545604442,36.13910646567529,-0.10857413824453488,0.05266083844920175,7.900644486893726,5.631746059904979,6.766195273399353,20.520586459989236
2020-03-13,5.99748420715332,0.10741984863097952,44.57634106721899,-0.13205913135050373,0.015716844489260653,7.914628344038682,5.543607587357801,6.729117965698242,20.268877257358792
2020-03-16,4.8908233642578125,-0.2039794160281733,35.440848623206406,-0.23723474439840597,-0.03487347328827267,8.031160745500742,5.194943275571646,6.613052010536194,20.404398521688744
2020-03-17,5.410536289215088,0.1009875507285679,41.50386035903325,-0.27547517947469036,-0.08299381452555621,7.980986177732794,5.048083579728753,6.514534878730774,20.541302617142087
2020-03-18,5.05069637298584,-0.06882208776904539,38.787701635893534,-0.33100149452454364,-0.1325953505253537,7.843355790667465,4.90757451862819,6.375465154647827,20.58889752391597
2020-03-19,5.303456783294678,0.04883270179477041,41.6750895249385,-0.3505696972936718,-0.17619021987901734,7.66264858970674,4.850351087951341,6.256499838829041,20.4560554502742
2020-03-20,5.123661518096924,-0.03448950750229017,40.22170412310054,-0.3762484562619699,-0.21620186715560785,7.546463882612139,4.747035968614668,6.1467499256134035,20.505900560451142
2020-03-23,5.296483993530273,0.03317387925172424,42.30452841200961,-0.37829300207137173,-0.24862009413876066,7.484799082812114,4.658224169675068,6.071511626243591,20.2830167204984
2020-03-24,6.205171585083008,0.1583398680215514,51.811671406162,-0.3030959237973647,-0.2595152600704815,7.454756013490252,4.656608017347761,6.0556820154190065,20.820069447391482
2020-03-25,6.116518020629883,-0.014390087254257755,50.92991716677853,-0.24779882859550195,-0.2571719737754856,7.398813444581519,4.658089154753197,6.028451299667358,20.491878399236654
2020-03-26,6.4058837890625,0.04622392633777818,53.69966193224636,-0.17856766617097897,-0.2414511122545843,7.410202357509882,4.658254912158697,6.03422863483429,20.361015380111052
2020-03-27,6.29357385635376,-0.017687820051366706,52.46194023248418,-0.13125096470208053,-0.21941108274408355,7.356116655057285,4.669159862810757,6.012638258934021,20.275145807095242
2020-03-30,6.613819122314453,0.04963217646677796,55.604203304999416,-0.06713710655491667,-0.1889562875062502,7.310818373050711,4.687464107189158,5.999141240119934,20.21618652199421
2020-03-31,6.564262866973877,-0.007521047293710111,54.99837246822968,-0.020093561634252133,-0.1551837423318506,7.302509212663132,4.690070628950638,5.996289920806885,20.671930437461928
2020-04-01,6.053016662597656,-0.08108344950315874,49.05975410357734,-0.023790269961358135,-0.12890504785775211,7.147253766935538,4.742130502778817,5.944692134857178,20.303060626838768
2020-04-02,6.361806392669678,0.0497555913403976,52.402743032913506,-0.0017826382465209178,-0.10348056593550589,7.073454810822607,4.771553371703028,5.922504091262818,20.33135446210708
2020-04-03,6.073935508728027,-0.0463056120573158,49.16355081370612,-0.007483935898372707,-0.08428123992807926,7.000578781022124,4.78932037745566,5.894949579238892,20.312605257218742
2020-04-06,6.683794021606445,0.09567904465032542,55.44671568948348,0.036784204414817445,-0.060068151059499926,7.081146593976154,4.765928391527996,5.923537492752075,20.405652254179394
2020-04-07,6.4504594802856445,-0.035534428098508056,52.75987667250467,0.05243444547318177,-0.03756763175296359,7.07344207005912,4.76852808756417,5.920985078811645,20.48058262503225
2020-04-08,6.647685527801514,0.03011738763134094,54.75560105662341,0.07983161880537981,-0.01408778164129491,7.140934969703418,4.752035115440625,5.9464850425720215,20.111595414087795
2020-04-09,6.548076152801514,-0.015097463781061252,53.525693495162585,0.09244083160063088,0.007217941007090247,7.1973341033448595,4.811780448199331,6.004557275772095,20.079982531540946
2020-04-13,6.719903945922852,0.0259025712971245,55.387268813415986,0.11497344812396104,0.02876904243046441,7.275564149458347,4.805792375962795,6.040678262710571,19.802987166304383
2020-04-14,7.071025371551514,0.050931640057880694,59.00125783966861,0.1593266551582131,0.05488056497601415,7.341349284089343,4.958027442061169,6.149688363075256,20.090174647857424
2020-04-15,6.993579387664795,-0.011013002920733934,57.88737848448242,0.18608260320652814,0.08112097262211695,7.4240740178634805,5.0336070181320025,6.2288405179977415,19.71854818394532
2020-04-16,7.338726997375488,0.04817289617644086,61.386113498199435,0.23245778375456183,0.11138833484860594,7.501083960067672,5.185400138366776,6.343242049217224,20.429726646351398
2020-04-17,7.279459476470947,-0.008108782270420927,60.457267184225266,0.26141462971001417,0.1413935938208876,7.562940350025851,5.321144017726224,6.442042183876038,20.10544874045711
2020-04-20,7.148222923278809,-0.018192828099170427,58.35178951196186,0.2706535203924343,0.16724557913519694,7.5191457350084505,5.567394773261814,6.543270254135132,19.923397217314548
2020-04-21,6.711435317993164,-0.06305094820521684,51.87631735865503,0.2399641412132265,0.18178929155080287,7.3950132282355465,5.8330224124810055,6.614017820358276,20.415598721921796
2020-04-22,7.125810623168945,0.05991065594584231,56.776836128693695,0.24624070162857326,0.19467957356635696,7.448075753110415,5.872023791414731,6.660049772262573,19.99626400223177
2020-04-23,7.072518825531006,-0.0075068053729981585,55.987206939694914,0.24410087534322766,0.2045638339217311,7.472693872810242,5.943005752205017,6.70784981250763,19.86562130286259
2020-04-24,7.211474895477295,0.019456806873275907,57.64143388570004,0.2507274116071958,0.21379654945882406,7.530661219152557,5.9655975165041815,6.748129367828369,19.680073120709398
2020-04-27,7.397993087768555,0.025535266215651102,59.82420881817084,0.26794079397277404,0.22462539836161408,7.606424228685527,6.000276430112691,6.803350329399109,19.98802085044815
2020-04-28,7.255552291870117,-0.019441749944726732,57.39191357432008,0.26701080733313454,0.23310248015591817,7.657677825947172,6.013196149806612,6.835436987876892,19.90886360249453
2020-04-29,7.432360649108887,0.024076517728566754,59.58825575728256,0.277343697496816,0.24195072362409775,7.7318838325790455,6.02579992138824,6.878841876983643,19.753468840186525
2020-04-30,7.278461933135986,-0.02092395988936554,56.841678872188716,0.2700018341286796,0.24756094572501414,7.715947253945867,6.164281027075251,6.940114140510559,19.74487627480057
2020-05-01,7.0418901443481445,-0.03304294641943334,52.81194909728908,0.24230089438847546,0.2465089354577064,7.701318966855337,6.246917689333627,6.974118328094482,19.650601960315054
2020-05-04,7.253809452056885,0.029650151986455875,55.83261680279354,0.23474185908857326,0.24415552018387982,7.633145628399056,6.433078422122794,7.033112025260925,19.576164741846064
2020-05-05,7.314821243286133,0.008375824631983119,56.692155460878226,0.23101145456034455,0.24152670705917278,7.653617640911799,6.47570913177802,7.064663386344909,19.726025322172013
2020-05-06,7.415674209594727,0.013693299388071296,58.142259333044265,0.23350141465475094,0.23992164857828843,7.645445232351005,6.5804030132697235,7.112924122810364,19.594598385960474
2020-05-07,7.591984272003174,0.023497093098002853,60.62443464614779,0.2468558736712163,0.24130849359687404,7.686390080341829,6.633888039699064,7.160139060020446,19.73904952365001
2020-05-08,7.78198766708374,0.02471880010923826,63.15983846529678,0.2696625625518392,0.24697930738786708,7.735113764537733,6.708555506931383,7.221834635734558,19.642147633528857
2020-05-11,8.034000396728516,0.03187079555751933,66.26279203086702,0.30456155292795817,0.2584957564958853,7.862956887746428,6.712122028803254,7.287539458274841,19.966241252129628
2020-05-12,7.772026062011719,-0.03315170048759562,60.553119221404245,0.3075350423001817,0.2683036136567446,7.9271386692770704,6.718040316318632,7.322589492797851,20.016141430483756
2020-05-13,7.74961519241333,-0.0028876952899914545,60.076217686161044,0.304572264691652,0.2755573438637261,7.972815697131876,6.747966868938681,7.360391283035279,20.254624480984933
2020-05-14,7.999135494232178,0.03169028307891105,63.521037704559134,0.3186848446056558,0.2841828440121121,8.068887408651207,6.71793600710502,7.393411707878113,20.216286143101847
2020-05-15,8.457588195800781,0.05573057711589462,68.84082366453399,0.3626816985710377,0.29988261492389723,8.275323851892859,6.629312435796351,7.452318143844605,20.710849067943816
2020-05-18,8.716072082519531,0.030104637450297827,71.37545016351118,0.41363884066312107,0.322633860071742,8.51469283780043,6.546728365812851,7.530710601806641,20.467676571555337
2020-05-19,8.771108627319336,0.006294522533949068,71.89958509158663,0.45323907418752185,0.348754902894898,8.685440935543797,6.581947599002101,7.633694267272949,20.391032604438575
2020-05-20,8.934967041015625,0.01850925013448898,73.45785513336546,0.4921711069680228,0.377438143709523,8.89628691030669,6.552017266023876,7.724152088165283,20.19144808040302
2020-05-21,8.74098014831543,-0.021950131358405636,68.60732924431088,0.5015898864300192,0.40226849225362227,9.021195265829839,6.59395504277917,7.807575154304504,20.450233269258266
2020-05-22,8.990998268127441,0.028201555883877516,71.24292652968077,0.523197613384621,0.42645431647982207,9.184795334457322,6.608307311416702,7.896551322937012,20.761297382743457
2020-05-26,8.68370246887207,-0.03477589494139962,64.11770195292145,0.5096507532131866,0.443093603826495,9.272433985440728,6.649239598543648,7.960836791992188,20.46291354839726
2020-05-27,8.49195671081543,-0.022328543253319087,60.079945141680696,0.4779331726274796,0.45006151758669194,9.310624938132092,6.734689087746815,8.022657012939453,20.88529284632132
2020-05-28,8.45385456085205,-0.0044969477781506345,59.281055955841154,0.44459719669997533,0.44896865340934866,9.344032176516409,6.803431240536815,8.073731708526612,20.41523955192762
2020-05-29,8.840835571289062,0.04475889541485692,64.45124335268412,0.44428291215687743,0.4480315051588545,9.408315299906127,6.895385480962405,8.151850390434266,20.429238342821467
2020-06-01,8.771855354309082,-0.007833052878857648,62.917678820325,0.43347092932662434,0.4451193899924085,9.408287898337578,7.068409403527047,8.238348650932313,19.781339300378527
2020-06-02,8.79078197479248,0.0021553286622746047,63.17657647446796,0.4215699788363363,0.44040950776119414,9.412500254838044,7.2178942993001405,8.315197277069093,19.785036200108955
2020-06-03,8.735249519348145,-0.0063371609607782995,61.81293850535429,0.40301171657817214,0.43292994952458974,9.390856517391873,7.381580864352513,8.386218690872193,19.716612667728292
2020-06-04,8.736247062683105,0.00011419094310120683,61.82887700513923,0.383958617507151,0.423135683121102,9.356916992302514,7.547577674750707,8.45224733352661,19.865904174958477
2020-06-05,8.8892183303833,0.01735841923156088,64.29026816790821,0.37685821517394835,0.41388018953167127,9.344823641040358,7.689394431850877,8.517109036445618,19.99293171579503
2020-06-08,8.774613380432129,-0.012976409647718129,61.11088780679108,0.3578582661683658,0.40267580485901017,9.32498194944935,7.808498694776724,8.566740322113038,19.775835256209934
2020-06-09,9.014782905578612,0.02700306572743828,65.01545326296268,0.35805293187461373,0.3937512302621309,9.355587793688537,7.875971101422548,8.615779447555543,19.965021047788625
2020-06-10,9.334424018859863,0.03484329894443221,69.41654697003966,0.3796235088364224,0.39092568597698923,9.387058205181567,8.00074048561433,8.693899345397949,20.264684723268836
2020-06-11,8.765894889831543,-0.06284046258331553,55.937424966969104,0.3468445886551077,0.38210946651261296,9.276660755239188,8.212765905298532,8.74471333026886,20.18481547448164
2020-06-12,8.9016752243042,0.015370875215605068,58.03333157690255,0.328041933272635,0.3712959598646174,9.193017208158535,8.386663425386386,8.78984031677246,20.162738635549893
2020-06-15,9.142090797424316,0.026649625284191562,61.52321732415796,0.3287505887828708,0.3627868856482681,9.22469176334204,8.423439130365235,8.824065446853638,19.80698510752223
2020-06-16,9.037203788757324,-0.01153930060637373,59.20985068091856,0.31719230293531453,0.35366796910567744,9.248196063983867,8.432048000347189,8.840122032165528,20.099114729734957
2020-06-17,9.20412826538086,0.018302296752925978,61.67941620340289,0.31783785144141063,0.3465019455728241,9.299314798126828,8.42423123001038,8.861773014068604,19.82752255540907
2020-06-18,9.18619155883789,-0.001950668873843201,61.250294181017026,0.3132906909006916,0.3398596946383976,9.334560202647566,8.414108277271868,8.874334239959717,19.354449839407383
2020-06-19,9.229290962219238,0.004680787703884538,61.93558194554904,0.3095959654943581,0.3338069488095897,9.38049579101109,8.417003770298724,8.898749780654907,20.07730754109674
2020-06-22,9.493874549865724,0.02826457968286224,65.92012799508973,0.32427946152109044,0.33190145135188986,9.473610415161302,8.374176774322342,8.923893594741822,19.80313775435061
2020-06-23,9.417387008666992,-0.008089143924845162,63.83965227407133,0.32598656239773405,0.3307184735610587,9.539928654454886,8.381226989008248,8.960577821731567,19.742724545136543
2020-06-24,9.203631401062012,-0.02295953881296914,58.301838354045266,0.30655735863291156,0.3258862505754293,9.540698122825038,8.451624989662754,8.996161556243896,19.923361612703825
2020-06-25,9.457249641418455,0.027183481531287332,62.462486569801015,0.30807317133981194,0.32232363472830583,9.56475718768995,8.527905432854483,9.046331310272217,19.74529117504319
2020-06-26,9.123405456542969,-0.03593846550204392,54.72222166238586,0.2791185235692275,0.3136826124964902,9.570641452798425,8.550278156271398,9.060459804534911,20.19915907636342
2020-06-29,9.168251991271973,0.004903505843120089,55.51961905389124,0.2568299216923755,0.3023120743356673,9.573779565399164,8.58677970736695,9.080279636383057,19.651046181356097
2020-06-30,9.464973449707031,0.03185133400144706,60.47894831390228,0.2601105930122536,0.2938717780709846,9.616253364032879,8.611725056224689,9.113989210128784,19.723299977517353
2020-07-01,9.497116088867188,0.0033902033719078865,60.98639196199612,0.2622807814378998,0.2875535787443676,9.648935688520844,8.655229388688628,9.152082538604736,19.604393699532324
2020-07-02,9.579078674316406,0.008593232647719223,62.31514708910961,0.2675304426455334,0.2835489515246008,9.685514107592155,8.702934130780648,9.194224119186401,19.712818262668584
2020-07-06,9.8052978515625,0.023341421130059645,65.77943852930012,0.286640619353248,0.28416728509033023,9.779991113687052,8.70006507680367,9.24002809524536,19.570910944147514
2020-07-07,9.837684631347656,0.003297544979293891,66.2576781906267,0.30092998103755697,0.2875198242797756,9.849293487752114,8.737069827830162,9.293181657791138,19.69548473183375
2020-07-08,10.180746078491213,0.034277915406191226,70.89728150803403,0.3360626735134957,0.2972283941265197,10.018172829494791,8.684786803378746,9.351479816436768,19.716722118830823
2020-07-09,10.472735404968262,0.02827695488893016,74.15465771360346,0.38305110906388506,0.31439293711399274,10.242335119634616,8.574455651849759,9.408395385742187,20.019154774083518
2020-07-10,10.443084716796877,-0.0028352422100843384,73.25796896277305,0.41313485855477516,0.33414132140214925,10.389096160666597,8.595413593514312,9.492254877090454,20.02545982285504
2020-07-13,10.017560005187988,-0.04160045622264339,61.722808137373015,0.3980516669614076,0.34692339051400095,10.42889100728925,8.667207224980038,9.548049116134644,19.940360239189026
2020-07-14,10.341188430786133,0.03179524420839515,66.09535558986333,0.4075146628609101,0.35904164498338276,10.534550231597889,8.68145776400758,9.608003997802735,20.112023016570667
2020-07-15,10.191957473754885,-0.014535871446026328,62.54722607923951,0.39838018543653675,0.36690935307401357,10.586420335145501,8.745063028959724,9.665741682052612,19.816885833656116
2020-07-16,10.099778175354004,-0.00908546553903687,60.39068548714118,0.37933026410128434,0.3693935352794677,10.62376305317256,8.797285301929978,9.71052417755127,19.658950624623788
2020-07-17,10.166297912597656,0.006564662625627902,61.424315318986146,0.3653886778312643,0.368592563789827,10.65938907352689,8.859669916951626,9.759529495239258,19.400073970120925
2020-07-20,10.474478721618652,0.02986357712856044,65.86823504035272,0.37488603315037317,0.3698512576619363,10.739311216752332,8.904266549666124,9.821788883209228,19.467480308615873
2020-07-21,10.29285717010498,-0.017491524486503457,61.38047833411652,0.36356644664829396,0.36859429545920785,10.788672204146451,8.934803824295933,9.861738014221192,19.439658023215593
2020-07-22,10.40272617340088,0.010617727817024126,63.02179214235653,0.3593190962711432,0.36673925562159493,10.843224612593197,8.978785332322573,9.911004972457885,19.721667732714476
2020-07-23,10.094794273376465,-0.030048031358625462,55.85666478447687,0.3273322274976831,0.3588578499968126,10.828742605342537,9.082383626804681,9.955563116073609,19.83570832632432
2020-07-24,10.159318923950195,0.006371532363241175,56.960876239368524,0.3036882742024467,0.3478239348379394,10.83548441090648,9.14584874949391,9.990666580200195,19.975223094247713
2020-07-27,10.385537147521973,0.022022774532601,60.67489119656297,0.29974887251301574,0.33820892237295463,10.809702517015918,9.297843812482373,10.053773164749146,19.4927163163042
2020-07-28,10.18024730682373,-0.019964875163266758,55.95588497268365,0.2768701075722877,0.32594115941282126,10.735984047673295,9.47276181338017,10.104372930526733,19.41997349641103
2020-07-29,10.429383277893066,0.024177833399675008,60.019762198748246,0.27566402894252207,0.31588573331876146,10.722953526039701,9.58223331783237,10.152593421936036,19.466271934158062
2020-07-30,10.577370643615724,0.014089736518089709,62.24801939470535,0.28338288507152143,0.30938516366931346,10.717057598659252,9.696154700687671,10.206606149673462,19.54846341315776
2020-07-31,10.578118324279783,7.068431890232371e-05,62.25946408660119,0.2862606313785925,0.3047602572111693,10.699512279937286,9.813603984405974,10.25655813217163,19.77155516243113
2020-08-03,10.97225284576416,0.03658205898235477,67.80088788564302,0.3166939769925303,0.30714700116744154,10.811734492622941,9.818077271140487,10.314905881881714,19.838279957323618
2020-08-04,11.18900203704834,0.019561717436219747,70.37686507340547,0.35421925189800163,0.31656145131355357,10.966015320216986,9.798928184116509,10.382471752166747,19.553166142669475
2020-08-05,11.247800827026367,0.005241292615532921,71.05340158165025,0.38427321118802205,0.3301038032884473,11.126919056002441,9.74472992318457,10.435824489593506,19.33666743361037
2020-08-06,11.296380996704102,0.004309781144636224,71.62989777374321,0.40731591976631343,0.3455462265840205,11.26826573362767,9.685747804732925,10.477006769180297,19.31397303142245
2020-08-07,11.160852432250977,-0.01207007178952607,67.58589475289025,0.40991615160471007,0.35842021158815845,11.36076129601194,9.665029013894067,10.512895154953004,19.651828932823467
2020-08-10,11.126469612121582,-0.0030854175604771946,66.55924834912963,0.40453917207626944,0.36764400368578065,11.424808091966193,9.711873178633171,10.568340635299682,19.874157006742802
2020-08-11,10.812557220458984,-0.02861875498429101,57.9101443929351,0.37067486146322537,0.36825017524126963,11.447999648596932,9.73581850096972,10.591909074783326,19.686252756677973
2020-08-12,11.400772094726562,0.052972916405066475,66.65425047184468,0.38684190310154953,0.37196852081332565,11.558756133641399,9.745943478022419,10.652349805831909,19.956282649400713
2020-08-13,11.403509140014648,0.0002400466187076666,66.68892872512458,0.3953182737744836,0.3766384714055573,11.643920185484866,9.791152522645017,10.717536354064942,19.740995548808794
2020-08-14,11.524093627929688,0.010518814459347011,68.2552567679914,0.40707352876473735,0.38272548287739333,11.740289439085625,9.83056284057746,10.785426139831543,19.71933444194181
2020-08-17,12.294425010681152,0.06470596667219355,76.01442393668717,0.4730954083211536,0.4007994679661454,12.032246942158583,9.720599966410752,10.876423454284668,20.24732461664345
2020-08-18,12.218439102172852,-0.006199695926402882,74.090681035503,0.513368997513453,0.42331337387560697,12.23933678082394,9.706068320952184,10.972702550888062,20.036990989715175
2020-08-19,12.09661102294922,-0.010020879913718214,70.98869913621742,0.5293535411589438,0.4445214073322744,12.388447481048821,9.726346105682136,11.057396793365479,20.249453364859345
2020-08-20,12.099103927612305,0.00020606166645613036,71.0154406069248,0.5360433892171788,0.4628258037092553,12.485312540695064,9.829912011459475,11.15761227607727,20.641391787806953
2020-08-21,12.639728546142578,0.04371351841702892,76.14978754829609,0.5783027167898105,0.48592118632536635,12.678297987886312,9.884967526487467,11.28163275718689,20.723133829233777
2020-08-24,12.67635440826416,0.002893487728019495,76.45409363491295,0.6077432534129397,0.510285599742881,12.857648675219675,9.934698565228324,11.396173620224,20.01106630959946
2020-08-25,12.705999374389648,0.002335873170680793,76.71308078002411,0.6262481924705536,0.5334781182884155,12.978032363384681,10.06689008381991,11.522461223602296,19.482200190742482
2020-08-26,12.728922843933104,0.0018025198232073734,76.92444382001568,0.6354382853998377,0.5538701517107,13.092744356291805,10.18213204751679,11.637438201904297,19.587711520069384
2020-08-27,12.584672927856444,-0.011397154226565636,72.46708389230261,0.6238899229035617,0.5678741059492723,13.161819008603716,10.313787623628949,11.737803316116333,19.576315884864957
2020-08-28,13.102377891540527,0.04031409296924942,77.50499856226484,0.6490306055390711,0.5841054058672321,13.302637598118217,10.425394990840523,11.86401629447937,20.10180656153889
2020-08-31,13.328346252441406,0.01709933223902969,79.28656004560276,0.6793573274987121,0.6031557901935282,13.496813397163136,10.46682853246333,11.981820964813233,20.031797248761666
2020-09-01,13.777425765991213,0.03313837428799129,82.28866800067124,0.7311996226790551,0.6287645566906336,13.775912038727013,10.446572263793739,12.111242151260376,20.05249835429946
2020-09-02,14.301265716552734,0.0373166062961244,85.01665826967619,0.8052718486038444,0.6640660150732758,14.141614862592412,10.386215928880976,12.263915395736694,20.58860466464682
2020-09-03,12.974465370178224,-0.09736482140350368,59.8654241462875,0.7482871336078762,0.6809102387801959,14.193172110295885,10.502467118524917,12.347819614410401,20.666830927079037
2020-09-04,12.582704544067385,-0.030660007821985958,54.71804719684912,0.663861924806092,0.6775005759853752,14.179324514956962,10.658499925045481,12.418912220001221,21.10422238287589
2020-09-08,11.875441551208496,-0.05785068328140413,46.88101661746818,0.5337316002483607,0.6487467808379723,14.130775021134836,10.7819466127763,12.456360816955568,20.494767978126987
2020-09-09,12.674911499023438,0.06515203463821571,54.76740788525302,0.48947061131516634,0.6168915469334112,14.035529806320598,11.063427255446983,12.54947853088379,20.417012380267522
2020-09-10,12.272934913635254,-0.032228142741568704,50.692171911591714,0.4171486774326638,0.5769429730332618,13.985439573591485,11.200733770066964,12.593086671829225,20.364709125020923
2020-09-11,12.126148223876951,-0.012032293169393624,49.25099857466355,0.34402288301485484,0.5303589550295804,13.925805060283206,11.332632191761473,12.62921862602234,20.272167178890804
2020-09-14,12.831665992736816,0.05655189032472574,55.761071867579815,0.33909072498385484,0.4921053090204353,13.883988438604014,11.505206049921377,12.694597244262695,20.90703967283905
2020-09-15,12.950043678283691,0.009183139439231524,56.76327947248915,0.34080545101477355,0.461845337419303,13.906424847389916,11.54833150789573,12.727378177642823,20.405201531366906
2020-09-16,12.47504425048828,-0.03736897221567787,51.70191456672647,0.30037338228591715,0.42955094639262587,13.901385569466788,11.579031300650401,12.740208435058594,20.136969263106973
2020-09-17,12.424205780029297,-0.004083539949372739,51.17595758793418,0.26121728655249576,0.39588421442459987,13.888410433076535,11.624765912748659,12.756588172912597,20.49071820681872
2020-09-18,12.1508207321167,-0.022249931341633937,48.32876862573325,0.20575410474493694,0.35785819248866735,13.884891343645865,11.63345668262977,12.759174013137818,20.3643884708842
2020-09-21,12.477787971496582,0.026553383884090436,51.783840557707414,0.18603812550441923,0.3234941790918177,13.882725740712068,11.619428228098968,12.751076984405518,20.39621072112636
2020-09-22,12.597904205322266,0.009580365853944221,53.02647554753777,0.1780529624102858,0.2944059357555113,13.880436436338663,11.613872512178183,12.747154474258423,20.28700950902705
2020-09-23,12.085525512695312,-0.041521969293706204,47.41310860832075,0.1288941729684545,0.2613035831981,13.887487868745271,11.544773693602142,12.716130781173707,20.287875400979395
2020-09-24,12.309066772460938,0.01832762888158147,49.90471172916761,0.10674292363814253,0.23039145128610852,13.880495244698723,11.509780710501472,12.695137977600098,20.4102522825707
2020-09-25,12.833162307739258,0.04169649906763625,55.257268811902776,0.12997970348829924,0.21030910172654668,13.893253640131533,11.521871253056943,12.707562446594238,20.19226471807768
2020-09-28,12.993902206420898,0.012447560506286114,56.78245354136043,0.15952646362483947,0.20015257410620524,13.881199395056228,11.523077929620285,12.702138662338257,20.16780540529721
2020-09-29,13.184054374694824,0.014527911079371987,58.58115948477709,0.1960265032109323,0.19932735992715067,13.859528433613711,11.530319703288143,12.694924068450927,20.247582108034592
2020-09-30,13.487842559814451,0.022780631126934847,61.34884546656944,0.2466232953952101,0.20878654702076258,13.794485226041017,11.566404590243161,12.68044490814209,20.351018848477448
2020-10-01,13.571579933166504,0.00618916687344427,62.10061407616266,0.29013403933524806,0.22505604548365968,13.565697784931443,11.722223453014115,12.643960618972779,20.07891644147924
2020-10-02,13.02107048034668,-0.041409043899914115,54.5840767807697,0.27700199872901976,0.23544523613273172,13.571774192870661,11.72080755609174,12.6462908744812,20.129956753320936
2020-10-05,13.599488258361816,0.043463312419138936,60.0548367197906,0.30969823412159947,0.2502958357305053,13.715003653327072,11.67925646706477,12.69713006019592,19.988921593620244
2020-10-06,13.693192481994627,0.006866646241896031,60.87702929797585,0.33926059895975236,0.26808878837635475,13.821466000279763,11.754569213190692,12.788017606735227,20.480455150431553
2020-10-07,13.91997528076172,0.016426068883031164,62.86899424624333,0.3766467137749423,0.2898003734560723,13.99864264172764,11.701898949916648,12.850270795822144,19.85119292962955
2020-10-08,13.795119285583496,-0.009010024449646185,61.026721691708765,0.39168553672105944,0.31017740610906974,14.11471539972549,11.73804462911362,12.926380014419555,19.752782878628047
2020-10-09,13.71935749053955,-0.005507063582130096,59.8800863425614,0.3929607615132742,0.32673407718991065,14.182045871897861,11.83003508360751,13.006040477752686,19.664524053155823
2020-10-12,14.18114948272705,0.033105790414919775,64.28499426155543,0.4263197915789618,0.3466512200677209,14.357309658973126,11.789719645531267,13.073514652252197,19.890267912368557
2020-10-13,14.203329086303713,0.0015627983467723554,64.48667306958447,0.44936675169832085,0.367194326393841,14.513538337572552,11.758819507733843,13.136178922653198,19.65790649255367
2020-10-14,14.050810813903809,-0.010796276537972153,61.89821890475181,0.45013579841864093,0.383782620798801,14.613207910668622,11.816726590979327,13.214967250823975,19.43627368052226
2020-10-15,13.925954818725586,-0.008925751156967832,59.78269374850413,0.435648552804464,0.3941558071999336,14.670676422950498,11.90943298256708,13.29005470275879,19.403597819694617
2020-10-16,13.767955780029297,-0.011410505021584274,57.12212711582825,0.4067295789052814,0.39667056154100316,14.65677235451462,12.085050555794217,13.370911455154419,19.306066812440033
2020-10-19,13.455191612243652,-0.022978822063845182,52.172343274443094,0.3544873201135612,0.3882339132555148,14.63507881924551,12.204484455138033,13.419781637191772,19.512832209713178
2020-10-20,13.602478981018066,0.01088702910052608,54.185679495552606,0.32126645366770745,0.37484042133795337,14.623762759863101,12.316257992090023,13.470010375976562,19.250157901818046
2020-10-21,13.482110023498535,-0.008888430979666512,52.24989801816397,0.2819754710528173,0.3562674312809262,14.492261702302853,12.587417500730593,13.539839601516723,19.207300057051324
2020-10-22,13.318876266479492,-0.01218132599280273,49.65900216778407,0.23495704569714881,0.33200535416417076,14.356976856037836,12.823683296397466,13.59033007621765,19.48704528851293
2020-10-23,13.547401428222656,0.017012455244357346,53.16073727345675,0.21367160231598348,0.3083386037945333,14.305799352238925,12.946284712244719,13.626042032241822,19.268624114524464
2020-10-26,13.099818229675291,-0.03359639790577668,46.358998480249966,0.15885532625213372,0.2784419482860534,14.291733629834367,12.970942036974714,13.63133783340454,19.635284838315236
2020-10-27,13.35451316833496,0.01925603824543163,50.259082543205366,0.13441532927180333,0.2496366244832034,14.280041500934795,12.999680045238302,13.639860773086548,19.339049319613185
2020-10-28,12.58718967437744,-0.05917478849366218,40.66612100460803,0.05252439389434471,0.21021417836543166,14.38837408202965,12.801282175599745,13.594828128814697,19.746481727299194
2020-10-29,12.982938766479492,0.03095648866323307,46.35342285832209,0.019335988693427453,0.17203854043103084,14.404905989713974,12.72588615124672,13.565396070480347,19.584081525637473
2020-10-30,12.494482040405272,-0.03834898284975134,41.115062803565294,-0.04585188513877547,0.1284604553170696,14.47764250570063,12.600490791265923,13.539066648483276,19.848165034296237
2020-11-02,12.541086196899414,0.0037230399473397115,41.790970106164764,-0.0926847665674515,0.08423141094016538,14.524434154224881,12.44785893659543,13.486146545410156,19.518132362636926
2020-11-03,12.978449821472168,0.03428012587980875,47.841715931033974,-0.09343155243234946,0.048698818265662414,14.507718867014203,12.393099957753863,13.450409412384033,19.424615989342914
2020-11-04,13.750760078430176,0.05780382511013709,56.45039627444301,-0.031343098609822206,0.032690434890565494,14.48606271360601,12.397834590928902,13.441948652267456,19.832223663096322
2020-11-05,14.115358352661133,0.026169348440872018,59.821803507439974,0.04674365031923955,0.03550107797630031,14.534206595649593,12.381714615593083,13.457960605621338,19.580789434326373
2020-11-06,14.516088485717772,0.027994135612267337,63.194390039669024,0.1393571120850563,0.05627228479805151,14.669527146080465,12.326067164680033,13.49779715538025,19.764453753399692
2020-11-09,13.587776184082031,-0.06608700649307432,52.252204605345696,0.1362759983855053,0.07227302751554228,14.596241893808125,12.340015087087872,13.468128490447999,20.183656578801955
2020-11-10,12.729741096496582,-0.06522950427361071,44.57033293399504,0.06386177413105898,0.07059077683864562,14.512827827363086,12.276070354552196,13.394449090957641,20.283314870109134
2020-11-11,13.375699043273926,0.0494984820314597,50.47348631713402,0.057928622402478425,0.06805834595141219,14.435565763968288,12.285821240884008,13.360693502426148,19.81876532891743
2020-11-12,13.414325714111328,0.002883662703108023,50.81083495737472,0.055701316329766826,0.06558694002708312,14.377193177474407,12.29303091691646,13.335112047195434,19.71763010092799
2020-11-13,13.25507926940918,-0.011942398973797933,49.31932725203271,0.0406180830335412,0.060593168628374744,14.331754778731064,12.287181664597792,13.309468221664428,19.66285066369566
2020-11-16,13.472641944885254,0.016280286604677906,51.41753295506793,0.045693277975804136,0.05761319049786062,14.333180614048882,12.287500862544135,13.310340738296508,19.840835324977125
2020-11-17,13.379934310913086,-0.006904961478215408,50.45888503922773,0.041753368420243575,0.054441226082337216,14.313477968410908,12.284949041171611,13.29921350479126,19.558603488541625
2020-11-18,13.386412620544434,0.0004840637965603444,50.528297211516225,0.03870751106473769,0.051294483078817316,14.305959372512408,12.282897896774703,13.294428634643555,20.051731411079768
2020-11-19,13.39787769317627,0.0008561043206886576,50.660052585246156,0.03679463703815067,0.04839451387068399,14.310927914096935,12.285829497859853,13.298378705978394,20.153991557336123
2020-11-20,13.04648780822754,-0.02657734923036826,46.56665738415682,0.0068455325252489985,0.040084717601597,14.284726696579522,12.261939353377752,13.273333024978637,19.647651069402794
2020-11-23,13.09857177734375,0.003984235556603707,47.24705726714228,-0.012542030824876704,0.029559367916302263,14.284709545827576,12.261831858896544,13.27327070236206,19.705374182722935
2020-11-24,12.916897773742676,-0.013966840501333984,45.0902661578183,-0.04208130119187281,0.015231234094667248,14.274297707570124,12.228482157694767,13.251389932632446,19.663393379480233
2020-11-25,13.193025588989258,0.021151966356213702,48.90785791689065,-0.042717755092876786,0.00364143625715844,14.256524123927731,12.306839332798342,13.281681728363036,19.37586906370353
2020-11-27,13.219441413879396,0.0020002549322475824,49.27121473269273,-0.04062234399738074,-0.005211319793749395,14.258781720009114,12.32823200145695,13.293506860733032,18.935155706773074
2020-11-30,13.359249114990234,0.010520382140832693,51.24740405177595,-0.027364956366742632,-0.009642047108348043,14.22578125743483,12.447709171489729,13.33674521446228,19.474825515834635
2020-12-01,13.347784042358398,-0.0008585808291462314,51.071698780091296,-0.017580855539957696,-0.011229808794669975,14.183480773753304,12.570679439717155,13.37708010673523,19.50906760063046
2020-12-02,13.501795768737791,0.011472314772469147,53.38382335427197,0.0025709378735712107,-0.008469659461021737,14.188880640195762,12.61761416800126,13.403247404098511,19.462228735527876
2020-12-03,13.357709884643556,-0.010728958909487836,50.95769806993151,0.006836050929376114,-0.005408517382942167,14.152103661883492,12.615086126934868,13.38359489440918,19.111425044908028
2020-12-04,13.519498825073242,0.012039263181316975,53.51246979310983,0.023006000270289206,0.00027438614770410735,14.045195154863086,12.662408681196483,13.353801918029784,19.12498545215271
2020-12-07,13.567855834960938,0.0035704528453516897,54.27910935400403,0.03927012660796869,0.008073534239757024,13.746621957428685,12.866158613555202,13.306390285491943,19.22377590613924
2020-12-08,13.31184196472168,-0.019049441253818994,49.61413836657618,0.03114239404309771,0.012687306200425161,13.712521727738988,12.872665421308863,13.292593574523925,19.421018467029686
2020-12-09,12.893790245056152,-0.03190819325128699,43.10015990536018,-0.008929241803473431,0.008363996599645443,13.678743099608436,12.922848964295373,13.300796031951904,19.810219837729047
2020-12-10,12.935171127319336,0.0032042262227744115,43.88552248103274,-0.03692160131123501,-0.0006931229825306471,13.68835910991104,12.86918016239731,13.278769636154175,19.151913382930797
2020-12-11,12.976056098937988,0.0031557753087089434,44.697700044658966,-0.05517069890117021,-0.01158863816625856,13.682490746236706,12.831221564554308,13.256856155395507,19.159107175489723
2020-12-14,13.270710945129396,0.02245360162862681,50.28264216582567,-0.04533446912415684,-0.018337804357838217,13.683315997662982,12.831959480700055,13.257637739181519,19.414510131592674
2020-12-15,13.322312355041504,0.003880827997099509,51.2118702262301,-0.03299503737853193,-0.02126925096197696,13.664985968637433,12.83525655074123,13.250121259689331,19.078283650168338
2020-12-16,13.204651832580566,-0.0088710712047175,48.96462435362634,-0.03233740418578179,-0.023482881606737928,13.652060074940069,12.830654196605343,13.241357135772706,19.223202378032173
2020-12-17,13.303115844726562,0.007429102760330985,50.90613001587919,-0.023598968046645297,-0.023506098894719402,13.643366079330304,12.83101851463332,13.237192296981812,19.259589230316283
2020-12-18,13.234065055847168,-0.005204090440304519,49.48441806550616,-0.02199200587620176,-0.023203280291015878,13.628076826496503,12.82992650373421,13.229001665115357,19.650508414945755
2020-12-21,13.294143676757812,0.004529421811242777,50.77262086473367,-0.015689772241227473,-0.021700578681058198,13.631891599338626,12.850877317745113,13.24138445854187,19.52703631256587
2020-12-22,13.240297317504885,-0.004058606938729528,49.55293131497817,-0.014868760048919683,-0.020334214954630496,13.633166539322456,12.863774931777396,13.248470735549926,19.038996619277818
2020-12-23,12.97206687927246,-0.020466662165922512,43.895998157483476,-0.03545337223532208,-0.02335804641076881,13.626592277673241,12.875866103979591,13.251229190826416,19.003700515248905
2020-12-24,12.956608772277832,-0.001192356218557538,43.58717959252243,-0.05241001570588999,-0.029168440269793046,13.636736733146938,12.842079966834751,13.239408349990844,18.39929367228689
2020-12-28,12.863129615783691,-0.007240938194188619,41.677656480404195,-0.0725548968267411,-0.03784573158118266,13.653167809776466,12.790017710395652,13.22159276008606,19.17475368215927
2020-12-29,12.90625286102295,0.0033468621556428167,42.919971304729984,-0.08407105595559372,-0.04709079645606487,13.647320269995571,12.75056562477982,13.198942947387696,18.953494845478286
2020-12-30,13.108176231384276,0.015524263474589173,48.45641810065805,-0.07602776583164861,-0.05287819033118162,13.631381726285738,12.742543387392239,13.186962556838989,19.233369417620192
2020-12-31,13.01768684387207,-0.0069272160774684665,46.289582521205126,-0.07607815615338787,-0.05751818349562288,13.58726453646714,12.738249684724265,13.162757110595702,19.075211833738074
2021-01-04,13.076017379760742,0.004470858759704097,47.906692592046916,-0.07059750005362275,-0.060134046807222855,13.564549693412328,12.732795277290798,13.148672485351563,20.144589548055922
2021-01-05,13.366435050964355,0.02196689964082701,55.147391883977406,-0.04233178717227837,-0.05657359488023396,13.533116957058645,12.74892163623359,13.141019296646117,19.592419574042857
2021-01-06,12.578444480895996,-0.06076212417652404,39.218847963014454,-0.08256351871317591,-0.06177157964682235,13.50592765143512,12.677169806450623,13.091548728942872,20.17926943063482
2021-01-07,13.305858612060549,0.05621984192499859,52.77820235811237,-0.05511587320402178,-0.060440438358262245,13.50496693507176,12.677532187547868,13.091249561309814,19.949949276190303
2021-01-08,13.238802909851074,-0.005052303627337043,51.63466562775704,-0.038332379340864975,-0.0560188265547828,13.516279787382235,12.700720601716885,13.10850019454956,19.4940709499689
2021-01-11,13.582566261291504,0.025634946105427863,56.80201213841677,0.002676635388663584,-0.04427973416609352,13.591270843947562,12.690469058548775,13.140869951248169,20.066149674405114
2021-01-12,13.446206092834473,-0.010090086487771356,54.32272091165487,0.023897968130167868,-0.030644193706841242,13.627457319533008,12.701297582352979,13.164377450942993,19.49046823103453
2021-01-13,13.493070602416992,0.0034792735817357275,55.04890269567119,0.0439905063059598,-0.015717253704281037,13.659527678769358,12.69146318884539,13.175495433807374,19.16275141788825
2021-01-14,13.162518501281738,-0.024802981892229948,49.117445183219914,0.03286237850348783,-0.0060013272627272626,13.646583969190551,12.688427513048218,13.167505741119385,19.461381397533554
2021-01-15,12.822742462158203,-0.026152933844618274,43.88325927592467,-0.0033353814827030703,-0.005468138106722424,13.651116612314029,12.645703932882503,13.148410272598266,19.44233999505232
2021-01-19,12.988021850585938,0.012807187386503638,46.85030851408502,-0.018472759244225756,-0.008069062334223092,13.634696947693914,12.630614198088555,13.132655572891235,19.236877074262296
2021-01-20,13.327547073364258,0.02580556514968993,52.41613953245044,-0.0030373792147351253,-0.0070627257103254995,13.645054877916087,12.629604469618092,13.13732967376709,19.370684746978537
2021-01-21,13.82786464691162,0.0368526319209189,59.196932448583006,0.04900185464365414,0.004150190360470429,13.755620712789888,12.572410731759671,13.16401572227478,19.637905356914555
2021-01-22,13.673307418823242,-0.011240164961870185,56.517563704434615,0.07688555693997401,0.018697263676371145,13.819230492484875,12.552101962196522,13.185666227340699,19.324169888040846
2021-01-25,13.614224433898926,-0.0043304083031277685,55.48371588682257,0.09314240117315542,0.033586291175728006,13.870555459534604,12.564992750609438,13.21777410507202,19.341409616693415
2021-01-26,13.396846771240234,-0.016095796725328942,51.734096217394196,0.08747712483409131,0.044364457907400665,13.885134678368628,12.594437331671655,13.239786005020141,18.91525503323061
2021-01-27,12.88082790374756,-0.039279366835003486,44.11290754892276,0.04087772944271428,0.04366711221446339,13.883889969421286,12.597451869415384,13.240670919418335,19.732445508278126
2021-01-28,13.013696670532228,0.010262396014308898,46.306274962406064,0.014501606421552182,0.03783401105588115,13.87921818473125,12.612868035056348,13.2460431098938,19.246241196648032
2021-01-29,12.952621459960938,-0.004704195865923642,45.423784662138324,-0.01120080426933967,0.028027047990836988,13.882299504488346,12.594231238156917,13.238265371322631,19.41966421122667
2021-02-01,13.199164390563965,0.018855326843299124,49.59937851569767,-0.011543133802197403,0.020113011632230112,13.883351848196162,12.611326649118292,13.247339248657227,19.196347566664706
2021-02-02,13.518000602722168,0.023868651421394712,54.45268163836995,0.01375443273370891,0.01884129585252587,13.911076290056247,12.62780052955435,13.269438409805298,19.21113611151569
2021-02-03,13.49182415008545,-0.0019382917935707017,53.992989858023485,0.03132956775539242,0.02133895023309918,13.92375464707138,12.627661082451326,13.275707864761353,19.31843269362157
2021-02-04,13.625194549560549,0.009836735842966567,56.02974934903036,0.05538146247118725,0.028147452680716795,13.90405933610936,12.752031400279801,13.32804536819458,19.120505584232273
2021-02-05,13.552152633666992,-0.005375218653060702,54.60401790779622,0.0677677062089046,0.036071503386354356,13.924845665944448,12.755874472605358,13.340360069274903,18.94630828285794
2021-02-08,14.397480964660645,0.060507857608579664,65.53454327296961,0.14413334572702396,0.05768387185448828,14.147015717741954,12.649572226288807,13.39829397201538,19.88999184975644
2021-02-09,14.22248363494873,-0.012229191272904333,62.19585593322305,0.1883615287829823,0.0838194032401871,14.262235285661145,12.598344395735339,13.430289840698242,19.47694209555748
2021-02-10,14.722050666809082,0.034522348204838085,67.31503711368681,0.26071817014294396,0.11919915662073848,14.507116754423725,12.48104738437022,13.494082069396972,20.00038496091199
2021-02-11,15.207159042358398,0.03241989139862421,71.36938862471582,0.35313480321644164,0.16598628593987913,14.849876689624708,12.309696293163377,13.579786491394042,19.92659645222042
2021-02-12,14.918485641479492,-0.019165215536340305,66.11383544452978,0.3984885914151217,0.21248674703492768,15.053696037784004,12.281473659023856,13.66758484840393,19.741785708160997
2021-02-16,15.286431312561035,0.02436450154088696,69.22463015217576,0.4588327970540398,0.2617559570387501,15.293721625401549,12.287816956446594,13.790769290924072,19.58993787529578
2021-02-17,14.863393783569336,-0.028064195570541673,62.15926387333206,0.4671355735518148,0.30283188034136305,15.41044614331925,12.358629631827233,13.884537887573241,19.431393992683727
2021-02-18,14.786617279052734,-0.005178863235757461,60.943537551582224,0.4621924941108322,0.3347040030952569,15.510549175729782,12.40443361998555,13.957491397857666,19.270267415868076
2021-02-19,14.88383674621582,0.006553308217736271,61.95815223538038,0.4608079592329215,0.3599247943227898,15.615708718353211,12.40487128729254,14.010290002822876,19.42029740689559
2021-02-22,14.314716339111328,-0.03898771930265448,53.23900907370364,0.4090719184144511,0.36975421914112205,15.645058950213354,12.439661947461207,14.04236044883728,19.602052050856816
2021-02-23,14.10157871246338,-0.01500136617420396,50.37963473073622,0.3468737633008345,0.36517812797306454,15.65678823814863,12.476668087382377,14.066728162765504,19.78621101827198
2021-02-24,14.457558631896973,0.024930609968427324,54.750843953402395,0.32258729616320636,0.3566599616110929,15.686331196860278,12.553196314736402,14.11976375579834,19.921017823343465
2021-02-25,13.269463539123535,-0.08575194557293218,41.58407838614515,0.20510641227387083,0.3263492517436485,15.649694296621952,12.628696778512325,14.139195537567138,20.530210075362376
2021-02-26,13.675300598144531,0.03012590871434219,46.33185274947708,0.14310005596026798,0.2896994125869724,15.60601913810108,12.738532329794426,14.172275733947753,20.03198092329055
2021-03-01,13.80218505859375,0.009235587559110203,47.76137844124789,0.1030106447992889,0.25236165902943575,15.542793097832952,12.886714729925838,14.214753913879395,19.682499728386134
2021-03-02,13.367929458618164,-0.031968402812915034,43.491626128397854,0.03578617913608895,0.20904656305076638,15.525965229702724,12.920419104861484,14.223192167282104,19.391898962330952
2021-03-03,12.76815128326416,-0.04590462513159235,38.38724920645528,-0.06513593392327266,0.15421006365595857,15.61129423871563,12.760105163902779,14.185699701309204,19.749324808218866
2021-03-04,12.33489227294922,-0.03452187276619778,35.175653334224606,-0.17802564801002418,0.08776292132276203,15.752052943939605,12.503653270965179,14.127853107452392,20.166996445325914
2021-03-05,12.425881385803224,0.007349489452336216,36.379462765288636,-0.25718483211801413,0.018773370634606802,15.8510097126434,12.284765185885654,14.067887449264527,20.112325177019606
2021-03-08,11.560113906860352,-0.07222078921965781,30.56352719183097,-0.3853373270229312,-0.062048768896900815,16.067271664417124,11.869299361431263,13.968285512924194,20.1128261199806
2021-03-09,12.488774299621582,0.07726946805375556,41.38765141522025,-0.40726922387035636,-0.13109285989159192,16.06133031762881,11.684370041715672,13.872850179672241,20.072840926159497
2021-03-10,12.436903953552246,-0.004162006780204844,41.00317517095227,-0.42394889460397955,-0.18966406683406944,16.05606801461117,11.511074376593662,13.783571195602416,19.767131800749308
2021-03-11,12.960829734802246,0.04126353361797815,46.4176438044677,-0.3903910370493655,-0.22980946087712867,15.951319647715149,11.439700650289002,13.695510149002075,19.519012996747424
2021-03-12,12.823678970336914,-0.010638330132545963,45.24698589363002,-0.3705911693266106,-0.25796580256702506,15.746088579177272,11.40658371162473,13.576336145401001,19.312531235487594
2021-03-15,13.158085823059082,0.025743079653543915,48.6476875768134,-0.32417886112921757,-0.27120841427946357,15.569853511425128,11.406778797534832,13.48831615447998,19.218133888826273
2021-03-16,13.25783634185791,0.007552338495316657,49.65222351317579,-0.27616428926264547,-0.2721995892761,15.289512421924831,11.484260389964819,13.386886405944825,19.42178310547839
2021-03-17,13.307709693908691,0.003754743875914974,50.17699887346987,-0.2314203625453235,-0.26404374392994473,15.080222549267658,11.537981853655927,13.309102201461792,19.31212125491661
2021-03-18,12.69051456451416,-0.04748871379077868,44.05705772414695,-0.24296224951284984,-0.2598274450465258,14.850986704535785,11.557607426933941,13.204297065734863,19.49873652462764
2021-03-19,12.813454627990724,0.00964093195027491,45.48341023394534,-0.23942905333243658,-0.25574776670370797,14.551557591106942,11.649998328540274,13.100777959823608,19.516649545017213
2021-03-22,13.153099060058594,0.026161639150829502,49.327303598475844,-0.20683820073743853,-0.24596585351045408,14.377198041958769,11.708196149783175,13.042697095870972,19.511946113315336
2021-03-23,13.037888526916504,-0.008797780219281135,48.088684095596136,-0.18813751031409076,-0.23440018487118142,14.227631846694496,11.75139332649276,12.989512586593628,19.218404137184944
2021-03-24,12.611212730407717,-0.033273303134555454,43.711115754812376,-0.20537877069747879,-0.22859590203644092,13.933277346415105,11.861113236623224,12.897195291519164,19.32019147985419
2021-03-25,12.503735542297363,-0.008558874423310903,42.65772215756363,-0.22512006069671386,-0.2279007337684955,13.893660178763406,11.824157604592306,12.858908891677856,19.50297393418607
2021-03-26,12.806967735290527,0.023961934090822607,46.569982878817754,-0.2138319498796033,-0.22508697699071709,13.776234937281009,11.854749559789303,12.815492248535156,19.712576512396105
2021-03-29,12.915696144104004,0.008453949939568014,47.941486689904345,-0.19387766577418653,-0.218845114747411,13.614913952074534,11.927421653546805,12.77116780281067,19.42688530695136
2021-03-30,12.839387893676758,-0.00592570178419638,47.02907407350616,-0.18212180315275184,-0.2115004524284792,13.541592771657694,11.947888677469503,12.744740724563599,19.114847409660683
2021-03-31,13.314690589904783,0.0363503559934558,53.025903355946404,-0.13292002273141001,-0.1957843664890654,13.608788376814362,11.935347002976899,12.77206768989563,19.567371835896225
2021-04-01,13.77702808380127,0.034134592228968516,58.00607293093393,-0.05597523772885893,-0.1678225407370241,13.7664505466432,11.921898414233263,12.844174480438232,19.5465060468164
2021-04-05,13.952335357666016,0.012644329891838784,59.748648671902856,0.018931658267808515,-0.1304717009360576,13.944099255939145,11.8968951021236,12.920497179031372,19.359405934852543
2021-04-06,13.82664966583252,-0.009049038283776619,57.89380275192829,0.06737744286802005,-0.09090187217524207,13.915267307378972,12.152380626580989,13.03382396697998,19.071671712194206
2021-04-07,14.107940673828123,0.020139942097005512,60.824989982347894,0.1270048765360059,-0.04732052243299247,14.078987853831082,12.150576717549532,13.114782285690307,19.34209433554482
2021-04-08,14.281004905700684,0.012192518762203055,62.552256466954034,0.1860798715359575,-0.0006404436392024801,14.247893774709128,12.16608089188633,13.206987333297729,19.31438225365871
2021-04-09,14.363795280456545,0.005780498013501626,63.38397923048433,0.23684749157016682,0.04685714340267138,14.431145096185338,12.12312612497555,13.277135610580444,19.089391784155126
2021-04-12,15.170761108398438,0.05465914004974983,70.30662975363944,0.3382969181385409,0.10514509834984528,14.803521476445676,11.985457958521364,13.39448971748352,20.583226457239075
2021-04-13,15.6400785446167,0.030466793092474985,73.45043024754636,0.4513632795284561,0.17438873458556747,15.242066734973271,11.795111972149531,13.518589353561401,20.33201719578835
2021-04-14,15.238593101501465,-0.026005527316215093,66.92277481611426,0.502776965730412,0.2400663808145364,15.498474074866634,11.736780308220526,13.61762719154358,19.77005175356169
2021-04-15,16.0966796875,0.05478179030924748,72.53986652028762,0.6057800433673783,0.3132091133251048,15.931775355133858,11.582376027312431,13.757075691223145,20.209903667199324
2021-04-16,15.8724946975708,-0.01402530213338735,69.23198947462221,0.6616932811413925,0.3829059468883624,16.2238487851023,11.608500610649651,13.916174697875977,19.630261795619077
2021-04-19,15.32313060760498,-0.035224226807334495,61.79550139574038,0.6541353687318345,0.4371518312570568,16.369705713068335,11.713611280645043,14.041658496856689,19.817964502344534
2021-04-20,15.133109092712402,-0.012478492583947044,59.41807624459473,0.6256009818242898,0.47484166137050343,16.477988684413113,11.803329312565646,14.14065899848938,19.627046685439904
2021-04-21,15.321882247924805,0.012397020294361188,61.022383020071,0.6111744519641071,0.5021082194892241,16.588508506034916,11.921208863044672,14.254858684539794,19.194375124907992
2021-04-22,14.81291389465332,-0.03378265814154615,54.73908642514819,0.552305200080891,0.5121476156075575,16.576664019566774,12.153223465937378,14.364943742752075,19.442368794407113
2021-04-23,15.226872444152832,0.027562430111521104,58.48338991256495,0.5329108249178667,0.5163002574696194,16.56041358827123,12.44178758741847,14.50110058784485,19.242660800750883
2021-04-26,15.439085960388184,0.013840552515979286,60.29671246782202,0.5285714573540101,0.5187544974464975,16.568898408881786,12.696514589317674,14.632706499099731,19.102746759557206
2021-04-27,15.34307861328125,-0.00623787571465495,59.040340766141604,0.511489355848397,0.5173014691268774,16.53519770995547,12.972953535161718,14.754075622558593,18.91885872845736
2021-04-28,15.238343238830566,-0.006849634686726296,57.62961108315041,0.4839220458140474,0.5106255844643114,16.419789571232556,13.328257208400009,14.874023389816283,19.159833267043904
2021-04-29,15.286222457885742,0.0031370967762382115,58.122236459172605,0.46062836971958276,0.5006261415153657,16.34093816561131,13.604261800819355,14.972599983215332,18.969934464911507
2021-04-30,14.971763610839844,-0.02078592859454381,53.70575323260024,0.4120439762092083,0.48290970845413417,16.2798942423087,13.784779276825825,15.032336759567261,19.12334252183355
2021-05-03,14.799448013305664,-0.011576117491586978,51.40086357058249,0.3555376489979629,0.45743529656289994,16.221298605942817,13.92808617875567,15.074692392349244,19.133199091095644
2021-05-04,14.315168380737305,-0.033270182656967656,45.49179898860751,0.2685826054338669,0.4196647583370934,16.1506521594953,14.047584496693664,15.099118328094482,19.82019730770854
2021-05-05,14.42215061187744,0.00744556062399167,46.94288150889454,0.20592885919472614,0.37691757850861995,16.11199342582978,14.117664224164114,15.114828824996948,19.492346552060194
2021-05-06,14.486486434936523,0.004450983224791673,47.842122438294,0.1596266010554448,0.33345938301798494,16.08980002799998,14.1604057749175,15.12510290145874,19.08016772819084
2021-05-07,14.775010108947754,0.019721002616577842,51.78848062131245,0.14454693005769315,0.2956768924259266,16.05815743592451,14.233169849842094,15.145663642883301,19.2506638555057
2021-05-10,14.229883193969728,-0.03759304385161319,44.87934172719739,0.08759920679844235,0.2540613553004298,16.09849603071457,14.09874346360916,15.098619747161866,19.409865000265626
2021-05-11,14.270281791687012,0.0028349748006615653,45.460051089593485,0.0452064433015682,0.21229037290065747,16.06101851428673,13.99924130474403,15.03012990951538,19.470046767953022
2021-05-12,13.723910331726074,-0.03903958714247342,39.412436380453656,-0.03210762112507837,0.1634107740955103,16.13279908298015,13.775992459073072,14.954395771026611,19.530588995658217
2021-05-13,13.630891799926758,-0.006800918528279447,38.47403615713415,-0.09973570124817854,0.11078147902677254,16.022201225234767,13.64001152806113,14.831106376647949,19.46941628182956
2021-05-14,14.20719051361084,0.04140953787804678,46.90825176221101,-0.10561152815902375,0.06750287758961329,15.862808943713782,13.632873391186122,14.747841167449952,19.370854897871194
2021-05-17,14.129886627197266,-0.0054560375296825205,45.997378989635884,-0.1151782378667896,0.03096665449833271,15.801230321009768,13.575127615849361,14.688178968429565,19.1953157459673
2021-05-18,13.980513572692873,-0.010627700736298736,44.21091766249801,-0.1332767499587888,-0.001882026393091589,15.765737506435363,13.495360878421815,14.630549192428589,19.042632634839112
2021-05-19,14.030388832092283,0.003561135688325179,44.97931196934072,-0.14195901936699684,-0.02989742498787264,15.682355207185598,13.44959383608833,14.565974521636964,19.65615221824465
2021-05-20,14.575764656066896,0.03813458633507475,52.65784629977504,-0.10363783685560257,-0.04464550736141863,15.664475704592212,13.44375841482307,14.554117059707641,19.588794222447323
2021-05-21,14.954058647155762,0.02562255000895521,57.127271572534355,-0.04225576195946523,-0.044167558281027954,15.622374275242576,13.458578464473002,14.540476369857789,20.327244001951442
2021-05-24,15.572751998901367,0.040539975910069075,63.23969540499403,0.055671609815901135,-0.024199724661642136,15.653798971797348,13.440520371769546,14.547159671783447,20.13414708701285
2021-05-25,15.608409881591797,0.002287143652378108,63.56213623404126,0.13460540330391702,0.007561300931469693,15.712662968813309,13.40818950158464,14.560426235198975,19.891794082801667
2021-05-26,15.660527229309082,0.0033334932872112486,64.0583630379925,0.19907166350925287,0.04586337344702633,15.799650790613386,13.363420078832414,14.5815354347229,19.730202048965836
2021-05-27,15.449061393737791,-0.013595106973101628,60.4605233730734,0.23044172478114433,0.08277904371384993,15.82960653986678,13.349748223164227,14.589677381515504,20.18108025822008
2021-05-28,16.203657150268555,0.04768871649327297,67.47960921319844,0.31258896447774553,0.12874102786662905,16.079250256160442,13.223293860813433,14.651272058486938,20.284041237588745
2021-06-01,16.22361183166504,0.0012307347822843899,67.64318931104555,0.3749788964941434,0.17798860159213192,16.314216299432758,13.130744199377055,14.722480249404907,19.974191486372302
2021-06-02,16.736068725585938,0.031098492766895976,71.59476515299144,0.4604663858055922,0.234484158434824,16.65752404925117,13.029526484043506,14.843525266647339,20.202672667304395
2021-06-03,16.927085876464844,0.011348859209979426,72.92221305818522,0.537434118688882,0.2950741504856356,16.99389025653493,12.943653803218488,14.968772029876709,20.178552456237178
2021-06-04,17.5340518951416,0.03522975931205412,76.6554185216767,0.6400308098316128,0.36406548235483105,17.431945191507975,12.810355414265953,15.121150302886964,20.24057405404462
2021-06-07,17.57470703125,0.0023159550792033355,76.88529409217183,0.7163621791648289,0.43452482171683066,17.810526584110235,12.711743713893917,15.261135149002076,20.17119451953737
2021-06-08,17.413116455078125,-0.00923702642881827,73.77568858549323,0.7551118706667204,0.49864223150680864,18.093084771901943,12.747508852213047,15.420296812057495,19.595784830963375
2021-06-09,17.318578720092773,-0.005443901772467229,71.9424413647452,0.7693245803555033,0.5527787012765476,18.316100360870838,12.829322956084727,15.572711658477782,19.76003023991587
2021-06-10,17.385173797607422,0.003837922669842685,72.46156245891882,0.7770050903652006,0.5976239790942782,18.468166381702197,13.043383281841503,15.75577483177185,19.477679061374985
2021-06-11,17.78451156616211,0.022710179380669708,75.40072768224798,0.8060238294271294,0.6393039491608485,18.626421701279067,13.300489938888168,15.963455820083619,19.846935931293512
2021-06-14,17.977567672729492,0.01079679851202764,76.69566644610669,0.8349743391371263,0.6784380271561041,18.82525301757938,13.47869633849972,16.15197467803955,19.588122338286823
2021-06-15,17.747838973999023,-0.012860979723061461,71.84878085809922,0.8298150492489427,0.7087134315746718,18.918213357667618,13.747531233091658,16.332872295379637,19.308703683992302
2021-06-16,17.769542694091797,0.001222146553316466,72.02863037685685,0.8180476396943881,0.7305802731986151,18.931146924696694,14.113500578202473,16.522323751449584,19.542762136053074
2021-06-17,18.61460876464844,0.046460782775350214,77.93861144641235,0.866918357042838,0.7578478899674597,19.030902224721103,14.472167271433685,16.751534748077393,20.51212002530091
2021-06-18,18.59615135192871,-0.0009920471484944485,77.55318912465633,0.8938555829303034,0.7850494285600285,19.130876030329542,14.774232135411426,16.952554082870485,20.691626553032954
2021-06-21,18.3851318359375,-0.01141235717607384,73.10225222963858,0.8879403930145706,0.8056276214509369,19.176518020258,15.071697464361137,17.12410774230957,20.326340165342963
2021-06-22,18.843582153320312,0.024630101031380858,76.28646715391467,0.909758541412959,0.8264538054433413,19.340827216549584,15.234471283511454,17.28764925003052,20.178786908275168
2021-06-23,19.01369285583496,0.008987009625330986,77.35757555857873,0.930054998148897,0.8471740439844525,19.489422971570743,15.42640382591461,17.457913398742676,19.621717244554837
2021-06-24,19.161602020263672,0.007748985569353915,78.27636864782124,0.9471568847978773,0.8671706121471375,19.61512330499762,15.650810971583187,17.632967138290404,19.58671489605358
2021-06-25,18.98750305175781,-0.00912735314953915,74.44699483275218,0.9358737513822462,0.8809112399941593,19.59295425529159,16.02682418709122,17.809889221191405,19.444440171310827
2021-06-28,19.93932342529297,0.048912804784656365,80.16120147581643,0.9922971524197273,0.9031884224792729,19.852447180302605,16.140897889582646,17.996672534942626,20.02094874294839
2021-06-29,19.98097801208496,0.0020868881451124037,80.36810538038867,1.0285181641171768,0.9282543708068538,20.045290931916906,16.323790756010343,18.184540843963624,19.722592998519733
2021-06-30,19.956785202026367,-0.0012115256875086526,79.84724487326449,1.0432455341419349,0.9512526034738701,20.235744278427795,16.45540905714349,18.345576667785643,19.60414875758309
2021-07-01,20.165807723999023,0.010419287374506696,80.99337556094814,1.059569395211664,0.9729159618214289,20.44044854721789,16.574576973106815,18.507512760162353,19.98957995715098
2021-07-02,20.44017791748047,0.01351398641211752,82.40770548325963,1.0821709611114052,0.9947669616794241,20.71053541055578,16.59510271200281,18.652819061279295,19.652552724587718
2021-07-06,20.65119171142578,0.010270558062955204,83.42900454727828,1.1043793172608396,1.0166894327957072,20.981638202823348,16.631648387752826,18.806643295288087,19.91741569751184
2021-07-07,20.32519149780273,-0.01591195056268806,76.08055306672611,1.0831877921628532,1.0299891046691365,21.124339226495835,16.780154868352795,18.952247047424315,19.852015392471852
2021-07-08,19.85726547241211,-0.02329111824961318,66.96338117311709,1.0169132927852615,1.0273739422923616,21.143329772599127,17.015032997481438,19.079181385040282,20.036696973733473
2021-07-09,20.00442314147949,0.007383447250356277,68.25191093457187,0.9651391453035139,1.0149269828945922,21.150396300982344,17.26989140348543,19.210143852233887,19.50797590482578
2021-07-12,20.46561813354492,0.02279290773625624,71.94504297825557,0.9503671015403761,1.002015006623749,21.23968548497612,17.448712876229933,19.344199180603027,19.590012415938872
2021-07-13,20.203723907470703,-0.012879374641171636,67.1669058178552,0.90707132156572,0.9830262696121432,21.272933574743362,17.638080409936812,19.455506992340087,19.48782988837016
2021-07-14,19.7961483001709,-0.020379550788810687,60.43952904377216,0.8302999774526505,0.9524810111802448,21.1917468357001,17.924098081597265,19.557922458648683,19.755944936590364
2021-07-15,18.922895431518555,-0.04511480107509873,49.09377515562138,0.6910281829706868,0.9001904455383332,21.053279101312455,18.177901089727584,19.61559009552002,20.126453767133217
2021-07-16,18.119489669799805,-0.04338445110763018,41.39472882130008,0.5099477911115748,0.8221419146529816,21.115515759361106,18.06615252219407,19.590834140777588,20.34962492575586
2021-07-19,18.7368278503418,0.03350285458904651,48.12649436400355,0.41151066897332456,0.7400156655170502,21.10441858011391,18.091317351282573,19.597867965698242,20.4343296464172
2021-07-20,18.5694637298584,-0.008972494247263794,46.56487686685077,0.316347003339569,0.6552819330815539,21.084367808012416,18.12980131277616,19.607084560394288,19.890136792130264
2021-07-21,19.365636825561523,0.04198170117351339,54.18147984204504,0.3016958654963986,0.5845647195645228,21.071605398002994,18.1947691900097,19.633187294006348,19.731758444319627
2021-07-22,19.54921531677246,0.009434950561177621,55.74775755454857,0.3014233623198983,0.5279364481155979,21.069473243592565,18.25045359051388,19.659963417053223,19.595716895551604
2021-07-23,19.513301849365234,-0.0018387692412814506,55.3491378191048,0.2949099466212708,0.4813311478167325,21.06954592536288,18.28555089165372,19.6775484085083,19.091950351103588
2021-07-26,19.24990463256836,-0.013590272565853535,52.3903022936866,0.26543430225112274,0.43815177870361055,21.060043684157304,18.32129329094035,19.690668487548827,19.133351105904374
2021-07-27,19.164100646972656,-0.004467335685048301,51.42586818841177,0.2324711939677222,0.3970156617564329,21.035460435360797,18.268354261904825,19.65190734863281,19.33241310622804
2021-07-28,19.458425521850582,0.015241394165193038,54.51871607716837,0.22747505990155403,0.36310754138545714,21.002888487438128,18.248670960804063,19.625779724121095,19.12472335812009
2021-07-29,19.617061614990234,0.008119513090645519,56.13972204793852,0.23362313255143263,0.33721065961865226,20.977063783294888,18.240523306243688,19.608793544769288,19.066636736548794
2021-07-30,19.454435348510746,-0.00832459558854338,54.01435255187931,0.222804591204099,0.31432944593574164,20.917298505655605,18.229151346334138,19.57322492599487,19.027708882001093
2021-08-02,19.70486068725586,0.012790258151994652,56.73088242054244,0.23176639248481123,0.2978168352455556,20.819524587983253,18.253393540984035,19.536459064483644,19.197451908676115
2021-08-03,19.769710540771484,0.003285655035071019,57.432158809380624,0.2413197420024602,0.2865174165969365,20.67048770256364,18.314282309338218,19.49238500595093,19.52531155492594
2021-08-04,20.227663040161133,0.022900129250727274,62.103163035638076,0.2825863007838052,0.2857311934343103,20.65182359493844,18.32319357119926,19.48750858306885,19.259265041273732
2021-08-05,20.58983421325684,0.017746344209215184,65.34214441808048,0.3405884412636162,0.29670264300017146,20.77992854340228,18.268345496819887,19.524137020111084,19.16942818533988
2021-08-06,20.3194522857666,-0.013218801292099935,61.140829117134686,0.36058143527264264,0.3094784014546657,20.828518766690305,18.251258187960577,19.53988847732544,19.00008235792238
2021-08-09,20.248611450195312,-0.0034924470656154884,60.051383369117886,0.36648515098602275,0.32087975136093716,20.788165357040576,18.26991092927534,19.52903814315796,18.80214683904102
2021-08-10,19.89044189453125,-0.017846911302059006,54.74043360422192,0.33836216995651114,0.324376235080052,20.744647314027993,18.282100770993978,19.513374042510986,19.004225095175528
2021-08-11,19.653976440429688,-0.011959628315500181,51.50198602530203,0.29360917514800633,0.31822282309364286,20.732295241391128,18.280235657656725,19.506265449523926,19.04085392993215
2021-08-12,19.859506607055664,0.010403133533130075,54.04669401918082,0.27159588281922,0.3088974350387583,20.756648180904676,18.349543835696885,19.55309600830078,18.83709898686839
2021-08-13,20.14185905456543,0.014117374856282987,57.35695952176748,0.2737777335559137,0.3018734947421894,20.676849937338655,18.631579017739472,19.654214477539064,19.02534091931871
2021-08-16,19.904401779174805,-0.01185928740876036,53.84408470765794,0.2534247258847735,0.2921837409707062,20.643953765064378,18.78123258289705,19.712593173980714,19.166780845707105
2021-08-17,19.413530349731445,-0.02497063852551839,47.383515421474065,0.19543277136193282,0.2728335470489515,20.53175086106134,18.97784214888739,19.754796504974365,19.136494099899167
2021-08-18,18.996484756469727,-0.021716314446268117,42.696216541350076,0.11450173093299654,0.24116718382576052,20.567844021127488,18.904833781912064,19.736338901519776,19.47119813020057
2021-08-19,19.75275039672852,0.039038793013048516,51.974054948079385,0.11011824057845843,0.2149573951763001,20.5733468167277,18.919684494307454,19.746515655517577,20.45741700973572
2021-08-20,20.768421173095703,0.050140877977301435,61.086366536709555,0.18645114350857028,0.20925614484275415,20.744936022301474,18.87360722110673,19.809271621704102,20.331320425977033
2021-08-23,21.90781784057617,0.053409931919921556,68.34291684517983,0.33502336693079116,0.23440958926036157,21.231496120828226,18.65283844338076,19.942167282104492,20.171283094804107
2021-08-24,21.74319076538086,-0.007542911882102555,66.41578797532057,0.4344755317966573,0.27442277776762075,21.53665310284387,18.605590473205936,20.071121788024904,19.5102489277205
2021-08-25,22.16223526000977,0.019089085665904712,68.82547506530706,0.5408706573252502,0.32771235367914664,21.912881264271647,18.49974328559408,20.206312274932863,19.666853475892555
2021-08-26,22.01756477355957,-0.006549192320448764,67.0371537980563,0.606524227896351,0.3834747285225875,22.18893848068012,18.463736385042537,20.32633743286133,19.287529103215395
2021-08-27,22.58426284790039,0.02541279595560158,70.29332240197004,0.696256937517461,0.44603117032156225,22.55150830411936,18.41414931154226,20.48282880783081,19.53491044679723
2021-08-30,22.63614654541016,0.002294703695640972,70.57986598710103,0.7627646609533869,0.5093778684479272,22.87388280340167,18.38490339807538,20.629393100738525,19.3860663592786
2021-08-31,22.33777618408203,-0.013268788703140818,66.60128102285127,0.7823777526453455,0.5639778452874109,23.087422836745933,18.428169929062175,20.757796382904054,19.375615103267098
2021-09-01,22.393659591674805,0.0024986202967748556,66.97675465199052,0.7932860848883792,0.6098394932076046,23.291376975224868,18.440815445734604,20.866096210479736,19.122624129222004
2021-09-02,22.348752975463867,-0.0020073406288723165,66.33142577322894,0.7892099076045476,0.6457135760869932,23.463254559027586,18.44482973815259,20.954042148590087,19.05106915733933
2021-09-03,22.79481506347656,0.01976257638058796,69.4773542214638,0.8126057767808561,0.6790920162257659,23.69701335869731,18.458607216253863,21.077810287475586,19.45219836198126
2021-09-07,22.614192962646484,-0.0079553842413031,66.75726643640834,0.807266808385183,0.7047269746576493,23.87069389570038,18.52148483049591,21.196089363098146,19.10431785178131
2021-09-08,22.29187393188477,-0.014355501977210524,62.08601567992483,0.7681721747564652,0.7174160146774126,23.959398787873745,18.672923142057897,21.31616096496582,19.354552032229204
2021-09-09,22.13021850585937,-0.007278186629874204,59.824985999199654,0.7158927876463999,0.7171113692712101,23.985561530577197,18.89438460589741,21.439973068237304,19.09798306003033
2021-09-10,22.43058013916016,0.01348118487352242,62.55371300067968,0.6907353036765045,0.711836156152269,24.036554089302424,19.100499400382635,21.56852674484253,19.33045428902441
2021-09-13,22.10526657104492,-0.014609326112052458,57.96185223857562,0.6372024569139612,0.6969094163046075,24.05054476726957,19.28284947406344,21.666697120666505,19.510924786311303
2021-09-14,22.1950740814209,0.004054489517741091,58.859690956368894,0.5951633332762754,0.676560199698941,24.02454144578428,19.53792002577334,21.78123073577881,19.112602178592624
2021-09-15,22.293869018554688,0.004441332728875811,59.87495043916863,0.563325287425215,0.6539132172441959,23.87978782627092,19.97070751216902,21.92524766921997,18.930734075577536
2021-09-16,22.1950740814209,-0.00444133272887571,58.32489178918144,0.5240802105064439,0.6279466158966456,23.471553307657604,20.698800963277453,22.08517713546753,18.865578087713146
2021-09-17,21.853797912597656,-0.015495652085839518,53.201228499704506,0.4601359093049098,0.5943844745782985,23.051353202036697,21.329105820485278,22.190229511260988,19.500799751156798
2021-09-20,21.06846046447754,-0.036597566457250055,43.68987236515429,0.34214538219663027,0.5439366561019648,22.96675518612876,21.443707765531396,22.20523147583008,19.67184243394248
2021-09-21,21.2011775970459,0.00627956967572834,45.46429504521133,0.25639069053951147,0.48642746298947415,23.046413433972035,21.293385493335094,22.169899463653564,19.136997431424437
2021-09-22,21.894716262817383,0.03218861400922811,53.67875736492269,0.2416071568464524,0.43746340176086984,23.04098290764183,21.313968569408953,22.17747573852539,19.40920283481414
2021-09-23,22.434574127197266,0.024357915554285278,58.871900458025856,0.27033684291385995,0.4040380899914679,23.062144180047135,21.320041183722395,22.191092681884765,19.331174711002596
2021-09-24,22.0344181060791,-0.017997566495416586,54.036096730237944,0.2578438164340078,0.3747992352799759,23.062312359398266,21.32155833762322,22.191935348510743,19.19842180295567
2021-09-27,21.61430549621582,-0.019250303270483358,49.44415262527992,0.21160418502697453,0.3421602252293756,23.029717249802864,21.257157712050166,22.143437480926515,19.317645938784686
2021-09-28,20.655332565307617,-0.045381865285284956,40.900126163999566,0.09646584473503594,0.29302134913050765,23.121097297668108,20.967696266174663,22.044396781921385,19.653442153994636
2021-09-29,20.47372055053711,-0.008831382265685936,39.50776153641335,-0.009329150629056926,0.23255124917859477,23.22554140250806,20.67684659798022,21.95119400024414,19.201811333509056
2021-09-30,20.67230033874512,0.009652516852817395,41.83925108964521,-0.07626952969682321,0.17078709340351117,23.242037569886286,20.488214505309024,21.865126037597655,19.21371398715943
2021-10-01,20.698246002197266,0.001254306222595176,42.152961814015924,-0.1257767876688689,0.11147431718903515,23.23333268822266,20.331868689645994,21.782600688934327,19.300216205130784
2021-10-04,19.69037437438965,-0.0499190565899184,34.392490100382034,-0.2435311875841144,0.040473216234405245,23.27329329362978,19.98146401533018,21.62737865447998,19.66089386580777
2021-10-05,20.407861709594727,0.03579029863459081,42.50710486676975,-0.2757781671869992,-0.022777060449875652,23.180156257414485,19.853967926240298,21.51706209182739,19.447732585587865
2021-10-06,20.656330108642575,0.012101610691325402,45.04214997984199,-0.2780792827103795,-0.07383750490197642,23.0988078868633,19.771761914467266,21.435284900665284,19.50992260362505
2021-10-07,21.03054618835449,0.017954146020132275,48.710225509576226,-0.2468611613603926,-0.10844223619365967,23.019629336861453,19.740973232718627,21.38030128479004,19.364271421976387
2021-10-08,20.78705406188965,-0.011645569179186441,46.533893795352746,-0.23901316000520012,-0.13455642095596776,22.879525485687225,19.7167244761658,21.298124980926513,18.834497552649665
2021-10-11,20.65134048461914,-0.006550160255166068,45.318536734224274,-0.24096679861168013,-0.15583849648711023,22.7841115536455,19.666745799564954,21.225428676605226,18.911638304401286
2021-10-12,20.62739562988281,-0.0011601545820416185,45.09475013709618,-0.24166149762864464,-0.17300309671541714,22.657335001882,19.636754506174643,21.14704475402832,18.90393371794951
2021-10-13,20.89482688903809,0.012881533834859168,48.17296681045626,-0.21811825256540374,-0.18202612788541447,22.490202768737213,19.663982526367768,21.07709264755249,19.01208309216417
2021-10-14,21.70012855529785,0.037816573673734956,56.146032098261394,-0.13294642334054174,-0.17221018697643992,22.39878111220322,19.705909630289458,21.05234537124634,19.310992940892298
2021-10-15,21.815879821777344,0.005319952072563975,57.1660526151884,-0.05546757948975767,-0.14886166547910348,22.39223229590782,19.708666637502827,21.050449466705324,19.240434147783695
2021-10-18,22.17512321472168,0.016332947841476375,60.25579023638103,0.034524920166557393,-0.1121843483499713,22.53886114798084,19.672704060454222,21.10578260421753,19.05986792499358
2021-10-19,22.242979049682617,0.003055325837348161,60.83052092779295,0.11005141903757476,-0.0677371948724621,22.6786058845254,19.63713946917333,21.157872676849365,18.899848510180853
2021-10-20,22.056371688842773,-0.008424884856758845,58.33232736863515,0.1530843974132523,-0.023572876415319223,22.704789282273342,19.627121614027924,21.165955448150633,18.801005812889812
2021-10-21,22.644126892089844,0.026298994312161126,63.427012837011404,0.23194159728384278,0.027530018324513177,22.75400265611695,19.59886351667358,21.176433086395264,19.049769293542365
2021-10-22,22.678056716918945,0.0014972725701187875,63.70291789594827,0.2937877473422219,0.08078156412805493,22.883159354041556,19.534070679832954,21.208615016937255,19.33450443919261
2021-10-25,23.117128372192383,0.019176038222002537,67.15590530901011,0.373920358807581,0.13940932306396014,23.157923126998575,19.40958919447359,21.283756160736083,19.254611088741143
2021-10-26,24.664857864379883,0.06480564128980788,75.87003933700962,0.5559067192035769,0.2227088022918835,23.86474548368844,19.103719367690953,21.484232425689697,20.00150928535244
2021-10-27,24.39942169189453,-0.010820041158444054,72.32590209795885,0.6709791106636729,0.3123628639662414,24.341112557749774,19.019922407765364,21.68051748275757,19.32080144672909
2021-10-28,24.888383865356445,0.01984175232246542,74.67296343019987,0.7924945866346285,0.40838920849991883,24.86521777913901,18.91742553903726,21.891321659088135,19.27170309267112
2021-10-29,25.513059616088867,0.024789279683049302,77.31944411072439,0.9284994258539534,0.5124112519707258,25.457995874908192,18.806128804657234,22.132062339782713,19.49398548441261
2021-11-01,25.77251434326172,0.010118125649898264,78.3321688438718,1.045171976972867,0.618963396971154,25.930078030721226,18.94226064573141,22.436169338226318,19.398028948890513
2021-11-02,26.34530258178711,0.02198140043262531,80.41164037104232,1.170363812666654,0.7292434801102541,26.499647307420805,18.966435456251073,22.73304138183594,19.49947120854004
2021-11-03,26.541893005371094,0.007434363908294926,81.08268287482534,1.2707935318275574,0.8375534904537147,27.02343341238217,19.03120564096256,23.027319526672365,19.29577441514441
2021-11-04,29.738134384155277,0.11370585533929939,88.17527418034926,1.5899666293999069,0.9880361182429532,28.342501069386635,18.58289680353817,23.462698936462402,20.866180197400176
2021-11-05,29.689239501953125,-0.001645534373735586,87.63398856179029,1.818011297813399,1.1540311541570425,29.35144309522715,18.464173321704,23.907808208465575,20.562228163963976
2021-11-08,30.7390193939209,0.03474816377074733,89.17103239239172,2.0597038208833567,1.3351656875023052,30.424991040546555,18.399393267314775,24.412192153930665,20.03630150512365
2021-11-09,30.592323303222656,-0.004783732558185131,87.53369994350516,2.2138893992912045,1.510910429860085,31.245548086918117,18.575328988277196,24.910438537597656,20.287464195787486
2021-11-10,29.39685440063477,-0.039861429596105814,75.38565927119109,2.2140955166488467,1.6515474472178373,31.67710253901349,18.993977287341494,25.33553991317749,20.271032969803205
2021-11-11,30.325889587402344,0.03111411407139598,77.9470519745551,2.263136215897415,1.773865200953753,32.23928645829337,19.294369471272056,25.766827964782713,19.62116346802729
2021-11-12,30.325889587402344,0.0,77.94705197361485,2.275767690056295,1.8742456987742615,32.690011495229406,19.694645410898524,26.192328453063965,19.839088895404508
2021-11-15,29.96166038513184,-0.012083212338301407,74.42559611891974,2.230674148659979,1.9455313887514052,32.998456787068775,20.16485383610017,26.581655311584473,19.768517503275426
2021-11-16,30.1392879486084,0.005910990944082563,75.01833606216451,2.184093383129259,1.993243787626976,33.23910723090055,20.713834282160974,26.976470756530762,19.393291319720507
2021-11-17,29.199275970458984,-0.031685654687351815,66.26540968930414,2.047721817768437,2.0041393936552683,33.21812477276397,21.44910716845917,27.33361597061157,19.875819967939805
2021-11-18,31.60817527770996,0.07927188501820402,74.4821544286204,2.109705045283331,2.025252523980881,33.52625642354479,22.037380356240366,27.781818389892578,20.476995666265385
2021-11-19,32.91541290283203,0.04052522690702921,77.6618922493511,2.2385062443969446,2.067903268064094,33.946974685251945,22.64039771312452,28.293686199188233,20.095657304105675
2021-11-22,31.888586044311523,-0.031692883849802,70.2562976884769,2.2319967080439014,2.1007219560600556,34.04536237524477,23.419155790343606,28.73225908279419,20.441347125709406
2021-11-23,31.679031372070312,-0.006593150407806125,68.8141344292688,2.184744171998272,2.1175263992476987,34.187513700884494,23.978421815472927,29.08296775817871,20.092460393234354
2021-11-24,32.605079650878906,0.028813102643776855,71.58955129870972,2.1966983819871615,2.1333607957955913,34.324527623389734,24.661973688866127,29.49325065612793,19.891228935815253
2021-11-26,31.43654441833496,-0.03649704258388024,63.865746650155536,2.0878141304423323,2.1242514627249394,34.20480592829021,25.436511439263498,29.820658683776855,19.461201245676286
2021-11-29,33.30559158325195,0.057754247141037635,69.52862052555922,2.127810982069338,2.1249633665938195,34.36142256207754,26.05914800219248,30.21028528213501,19.935728855103857
2021-11-30,32.60707473754883,-0.02119601698593683,65.40329039681222,2.0791768469965817,2.115806062674372,34.267328586449686,26.83669801724904,30.552013301849364,20.24855675600656
2021-12-01,31.37252616882324,-0.038596734182695575,58.7667361830105,1.918896349967202,2.076424120132938,33.95832460464737,27.648424357754966,30.80337448120117,19.998355508419102
2021-12-02,32.062156677246094,0.02174386781698657,61.13893309933847,1.8264659572404014,2.026432487554431,33.55795968724288,28.600815642346966,31.079387664794922,19.974373363385492
2021-12-03,30.632007598876957,-0.045630952706653544,54.17788549977568,1.6191485896530295,1.9449757079741508,33.53205075307987,28.716111897982138,31.124081325531005,20.115057054739793
2021-12-06,29.9773063659668,-0.021604821306523164,51.29844894810906,1.3860417378962637,1.8331889139585735,33.513538230558105,28.763431106905273,31.13848466873169,20.306140007616055
2021-12-07,32.3625602722168,0.07656156654676054,59.70171584489617,1.3778894820281877,1.7421290275724965,33.64762042123618,28.791703004056792,31.219661712646484,20.20079433070835
2021-12-08,31.762752532958984,-0.018707908206615515,57.03657048100341,1.3079520319112277,1.6552936284402429,33.69888644343365,28.85747990483295,31.2781831741333,19.979984691821585
2021-12-09,30.42940139770508,-0.042885007015430146,51.529654250186766,1.1318881039997777,1.55061252355215,33.62221424499565,29.037406802977987,31.329810523986815,20.006864360971846
2021-12-10,30.137985229492188,-0.009622948363024303,50.3846499865918,0.957800396587789,1.4320500981592779,33.63160639927478,29.009224212907842,31.32041530609131,20.007515112222336
2021-12-13,28.10503387451172,-0.06983764216253663,43.17690503671877,0.6483190317328003,1.2753038848739824,33.903444242982424,28.515300797911127,31.209372520446777,20.209676399028968
2021-12-14,28.280685424804688,0.006230376083618206,43.92334171806931,0.4124717153400681,1.1027374509671997,34.075961359550426,28.174686185310414,31.12532377243042,20.318353077765487
2021-12-15,30.39846420288086,0.07221300967283456,52.09422886804354,0.39193013960437284,0.9605759886946343,34.07291947226499,28.203645698023095,31.138282585144044,20.364155073091304
2021-12-16,28.33058357238769,-0.07045017476774243,45.17282909572728,0.20641073350880745,0.809742937657469,34.172548427795675,28.017147502685283,31.09484796524048,20.377058771663766
2021-12-17,27.74574851989746,-0.020859290761247772,43.41593302377682,0.01205500393603387,0.650205350913182,34.31069886925428,27.492754385445423,30.901726627349852,20.38605452867902
2021-12-20,27.66391372680664,-0.002953811637659476,43.1629628565172,-0.14688351416880607,0.49078757789678445,34.20063490707436,27.077668430022815,30.639151668548585,19.950744227531555
2021-12-21,29.0172176361084,0.04776055507213215,48.506341477216296,-0.1617782405554351,0.36027441420634054,34.076442289335795,26.91472420694106,30.495583248138427,20.077736707232717
2021-12-22,29.34156990051269,0.011115913058894568,49.72626320404944,-0.1457300165975468,0.2590735280455631,33.94950193503824,26.80791841408285,30.378710174560545,19.79486203971892
2021-12-23,29.58109664916992,0.00813025214556227,50.6559460399067,-0.1123883339274272,0.18478115565096506,33.65456663243934,26.800455416510854,30.2275110244751,19.653305145930293
2021-12-27,30.883501052856445,0.04308656419012061,55.47712614008214,0.018910353745550168,0.15160699526988208,33.594611509373216,26.805106203029123,30.19985885620117,19.816147908481764
2021-12-28,30.26173973083496,-0.020337895329165606,52.823683287816955,0.07196499955320235,0.13567859612654615,33.113115256291344,26.982217270869302,30.04766626358032,19.857171425378688
2021-12-29,29.94137954711914,-0.010642744476778888,51.45800549532356,0.08715611765818565,0.12597410043287405,32.73315584912433,27.095607158993342,29.914381504058838,19.65364617376718
2021-12-30,29.527204513549805,-0.013929429695389151,49.67009957293362,0.06502515488979554,0.11378431132425834,32.55955684668821,27.084673995902122,29.822115421295166,19.548411611764458
2021-12-31,29.35254669189453,-0.00593271304196648,48.89852784639327,0.03301223640770701,0.09762989634094808,32.21771091737477,27.155558926680403,29.686634922027586,19.400997369343003
2022-01-03,30.061140060424805,0.023853997516787184,52.14633480852575,0.06408064891666143,0.09092004685609076,32.15694905924125,27.15923403096871,29.65809154510498,19.78561611982912
2022-01-04,29.23179244995117,-0.027976410254497007,48.27877336793121,0.021532950201656575,0.07704262752520392,32.12186469991869,27.119766998689716,29.6208158493042,20.083003285828486
2022-01-05,27.54913711547852,-0.05928568507685424,41.54610797810164,-0.14627644670052575,0.03237881268005799,31.689332454744665,27.070956928189908,29.380144691467287,20.026239142795703
2022-01-06,28.121997833251957,0.020580896684337234,44.38943411523204,-0.23038578648298724,-0.020174107152551055,31.279200406426483,27.117013506537383,29.198106956481933,19.93401736593662
2022-01-07,27.192846298217773,-0.03359817615206366,40.91327476847902,-0.36777828869153595,-0.08969494346034804,31.215281006349905,26.857277396665232,29.03627920150757,19.831518928545297
2022-01-10,27.34554481506348,0.005599685386230612,41.721002682928976,-0.45904970316705374,-0.1635658954016892,31.13546196206209,26.657852399510173,28.896657180786132,20.20353568696623
2022-01-11,27.76171875,0.015104427992693525,43.96916173181327,-0.4921282501467559,-0.22927836635070253,31.14890809201902,26.610074757102076,28.87949142456055,19.817145711168003
2022-01-12,27.94335556030273,0.006521397064142077,44.96698119555776,-0.49794664538993416,-0.28301202215854887,31.155671133692707,26.569578728978193,28.86262493133545,19.76462329775572
2022-01-13,26.522188186645508,-0.05219777268898833,39.099847786596804,-0.6102000886170416,-0.34844963545024743,31.068080989168653,26.269541271878712,28.668811130523682,20.10739631591222
2022-01-14,26.888458251953125,0.013715460546501397,41.22819339713125,-0.6619759709656812,-0.4111549025533342,31.1221387523307,26.071270976673205,28.59670486450195,19.79650043930456
2022-01-18,25.85152053833008,-0.039327712445629485,37.25826784790296,-0.7777159132547418,-0.48446710469361576,31.290206733353997,25.713780197493172,28.501993465423585,19.865880605339772
2022-01-19,25.01718521118164,-0.0328064236648607,34.38894414896174,-0.9260891600827392,-0.5727915157714405,31.549143431771256,25.190170647513412,28.369657039642334,20.00647124942833
2022-01-20,24.10200500488281,-0.03726796489906595,31.521382211932945,-1.1047881116888298,-0.6791908349549184,31.81182660956737,24.435966206594742,28.123896408081055,19.891272596762622
2022-01-21,23.327547073364254,-0.0326600922010476,29.295173221215094,-1.2939843547869465,-0.802149538921324,32.036401402837996,23.609989130609275,27.823195266723634,20.393313500905496
2022-01-24,23.325550079345703,-8.56103513657183e-05,29.28942894624346,-1.4276280734916575,-0.9272452458353908,32.0872418210344,22.933594055430447,27.510417938232422,20.63332143666435
2022-01-25,22.279634475708008,-0.04587632072021571,26.372686616612057,-1.5995002878839166,-1.061696254245096,31.93130880695773,22.229140411792272,27.080224609375,20.314719989730964
2022-01-26,22.726747512817383,0.019869526374010925,29.600170924239904,-1.6802629453405373,-1.1854095924641843,31.682880035076483,21.72406996187176,26.70347499847412,20.443497701191745
2022-01-27,21.90038681030273,-0.03703823612343886,27.224822869853682,-1.7903107478750613,-1.3063898235463598,31.474768086971757,21.12808263629484,26.3014253616333,20.167012142585058
2022-01-28,22.79460906982422,0.04001976445970319,33.44855679104657,-1.7847941650798838,-1.4020706918530645,31.130517087486794,20.79907409140725,25.96479558944702,20.114044279163153
2022-01-31,24.437339782714844,0.06958821782097245,43.07899197234402,-1.6290884759347826,-1.447474248669408,30.669325487240812,20.768745000735265,25.71903524398804,20.151769758751186
2022-02-01,24.58903312683105,0.006188254166006062,43.88648859178259,-1.4764308347555932,-1.4532655658866451,29.97199143473047,20.918868359886233,25.44542989730835,20.06726992394432
2022-02-02,25.19183158874512,0.024219262983760256,47.09814672578635,-1.2919153601205693,-1.42099552473343,29.404354410260325,21.08250929823577,25.243431854248048,20.113391221220425
2022-02-03,23.90040779113769,-0.052624277485214165,41.60424549423789,-1.2356488341031735,-1.3839261866073789,29.114839283311483,21.00715149275053,25.060995388031007,19.8321017722278
2022-02-04,24.27066993713379,0.015373101682716415,43.634342626218796,-1.1479473239063438,-1.336730414067172,28.667960296043347,21.06889769040685,24.8684289932251,19.68714654406714
2022-02-07,24.678857803344727,0.016678294847449034,45.86853608456522,-1.0335912986822393,-1.2761025909901855,28.381413413698887,21.104045723264,24.742729568481444,19.747405554129
2022-02-08,25.0580997467041,0.015250200735765593,47.93346832134661,-0.9019643854474282,-1.201274949881634,28.06050522287817,21.19620940724878,24.628357315063475,19.83254294673302
2022-02-09,26.65192985534668,0.061664444376264754,55.59925359205196,-0.6614159474891501,-1.093303149403137,27.822761694170882,21.32297404649074,24.57286787033081,20.077540267371187
2022-02-10,25.772676467895508,-0.03354668372061852,51.127202673856196,-0.5355544392844465,-0.981753407379399,27.36668714899286,21.561980682428036,24.464333915710448,20.056176192654313
2022-02-11,23.901405334472656,-0.07537762128985202,43.16896715400705,-0.5801170011716543,-0.9014261261378501,27.076748498466962,21.58984104773665,24.333294773101805,20.221518878765227
2022-02-14,24.218774795532227,0.013190892554292932,44.74001220879683,-0.5831024473386783,-0.8377613903780159,26.665531422144873,21.734089778416653,24.199810600280763,19.903248459511296
2022-02-15,26.442344665527344,0.08783853940958937,54.2769438891412,-0.40141763693046073,-0.7504926396885049,26.790696466689084,21.668007146592167,24.229351806640626,20.366403734065965
2022-02-16,26.45831298828125,0.000603709819390031,54.33789014955087,-0.25322360146866174,-0.6510388320445363,27.031592485915255,21.571223905075954,24.301408195495604,20.412214144396955
2022-02-17,24.458295822143555,-0.07860094379589051,46.057169008514556,-0.2937769533033787,-0.5795864562963048,27.04857815172123,21.589867320996056,24.319222736358643,20.513279105102704
2022-02-18,23.595014572143555,-0.035934013028993114,43.01038290741713,-0.39106737763766475,-0.5418826405645768,27.044054820374924,21.621137402220292,24.332596111297608,20.45047894642493
2022-02-22,23.3435173034668,-0.010716128747759299,42.13587766267928,-0.48289792095483364,-0.5300856966426282,27.04355986728548,21.623429077721845,24.333494472503663,20.26664742623034
2022-02-23,22.342504501342773,-0.04382841828159877,38.758017217206124,-0.6291946907208619,-0.5499074954582749,27.036800197207924,21.636475750362877,24.3366379737854,20.155007057484738
2022-02-24,23.7007999420166,0.059017904655817986,45.17998474202117,-0.628290304920025,-0.565584057350625,26.996924706384245,21.773756484106475,24.38534059524536,20.416470261058052
2022-02-25,24.108991622924805,0.017076066901204265,46.97934666794377,-0.5878594377395707,-0.5700391334284142,26.837800618403715,22.15374105334921,24.495770835876463,20.086245651496945
2022-02-28,24.33653450012207,0.009393831326864204,48.003898505494256,-0.5313320109956798,-0.5622977089418673,26.776537241765446,22.369196973017267,24.572867107391357,19.983695590527983
2022-03-01,23.43034172058105,-0.03794686146865355,44.329988482497704,-0.5532779580856939,-0.5604937587706327,26.78447090753342,22.260563501035914,24.522517204284668,19.83666982283415
2022-03-02,24.17598342895508,0.031327882937866425,47.86564670066172,-0.5046855244188535,-0.5493321119002769,26.768798420561488,22.23493101822025,24.50186471939087,19.780738929363544
2022-03-03,23.670900344848636,-0.021113259911262595,45.74620557628286,-0.5011546554699216,-0.5396966206142059,26.69733426785447,22.15430204653762,24.425818157196044,19.715668154392986
2022-03-04,22.89431571960449,-0.03335780228847614,42.62131430031752,-0.5546269116636502,-0.5426826788240948,26.738732297328056,22.012294809910713,24.375513553619385,19.882581064147406
2022-03-07,21.313196182250977,-0.07156223794362626,37.06925281640867,-0.7163297887363562,-0.5774121008065471,26.95979831061226,21.495481421138226,24.227639865875243,19.92658092511401
2022-03-08,21.474903106689453,0.007558535995031616,37.95938018071851,-0.8219570769294364,-0.6263210960311251,27.052244765699715,21.082639496385244,24.06744213104248,20.1389138685153
2022-03-09,22.972177505493164,0.06739885406103764,45.628074742736366,-0.7759057743051478,-0.6562380316859296,26.947971524099874,20.978320513863995,23.963146018981934,20.015496270481272
2022-03-10,22.6168212890625,-0.015589875762615077,44.23068927744027,-0.7593309672999027,-0.6768566188087243,26.517724821360584,21.005056359974862,23.761390590667723,19.874787949601174
2022-03-11,22.05984115600586,-0.02493512099081976,42.05659365053184,-0.7821231266444713,-0.6979099203758736,26.260924097393282,20.8905735527532,23.57574882507324,19.721441728937414
2022-03-14,21.291231155395508,-0.035463508150276296,39.193595601493236,-0.8523807657620459,-0.728804089453108,26.31139866806841,20.579081564170362,23.445240116119386,19.76967295290329
2022-03-15,22.931249618530277,0.07420528738063895,47.41876956490565,-0.7668845000256077,-0.736420171567608,26.231664383459925,20.530063331078647,23.380863857269286,20.013981146374768
2022-03-16,24.45148468017578,0.0641903447067915,53.674303911470645,-0.5698885091318857,-0.7031138390804635,25.8019281500585,20.76071356594492,23.28132085800171,20.324908410814547
2022-03-17,24.72099494934082,0.010961943346391216,54.703151194275996,-0.3875530701890888,-0.6400016853021886,25.346927664783223,21.041982247326153,23.194454956054688,19.972364537855587
2022-03-18,26.40492248535156,0.06589757001037516,60.59218540061316,-0.10595070837049292,-0.5331914899158495,25.82691835770375,20.75665422072643,23.29178628921509,20.409539540255295
2022-03-21,26.685413360595703,0.010566649488993649,61.49028886109435,0.1382606786392877,-0.39890105620482214,26.401229985662276,20.491382471613115,23.446306228637695,20.19855593952786
2022-03-22,26.475801467895508,-0.007885936378763832,60.382800588407115,0.31129758951542996,-0.25686132706077175,26.852266738207028,20.35357413551123,23.60292043685913,20.119972159207457
2022-03-23,25.5874137878418,-0.03413058198574505,55.796028302401865,0.3724517350748968,-0.13099871463363805,27.073044464461564,20.457287337906603,23.765165901184083,20.03434969490584
2022-03-24,28.09884262084961,0.09362780594720346,64.09853338551736,0.6164619641711155,0.01849342112731267,27.818007260843967,20.152128809407497,23.98506803512573,20.592449613198223
2022-03-25,27.641674041748047,-0.016403824646064814,61.82221704994465,0.7641435736580995,0.16762345163347003,28.329641895546295,19.993762416587494,24.161702156066895,20.176840670734
2022-03-28,28.16771697998047,0.01885197125459733,63.431460115802004,0.9131038887145024,0.31671953904967654,28.890809154891812,19.815713405227818,24.353261280059815,19.86876140717091
2022-03-29,28.60391998291016,0.015367236543270482,64.75800976149706,1.054201766685111,0.4642159845767634,29.503982963051925,19.719897423300615,24.61194019317627,20.007840329112497
2022-03-30,27.63967704772949,-0.03429145617747754,59.610238452040804,1.0758151774831681,0.5865358231580444,29.85421936777386,19.71603038045612,24.78512487411499,19.954288897269464
2022-03-31,27.23641014099121,-0.014697628306152217,57.5497966719613,1.048319319565394,0.6788925224395144,30.117577521886098,19.80922320595814,24.96340036392212,20.075932970436195
2022-04-01,26.663454055786133,-0.021260820449200715,54.65901858652749,0.9691244232936214,0.7369389026103358,30.26294072616673,20.04077383529567,25.1518572807312,20.064007876586114
2022-04-04,27.31027603149414,0.023969176935645233,57.26857363868021,0.9476313211623193,0.7790773863207325,30.312083374461324,20.591339171925398,25.45171127319336,19.79974906249865
2022-04-05,25.88387680053711,-0.05364278526862059,50.38215668984094,0.8062059455567478,0.7845030981679356,30.15863300639908,21.185686909372407,25.672159957885743,19.894562360170585
2022-04-06,24.362642288208008,-0.06056935223065737,44.26837057087392,0.5648630155881662,0.7405750816519818,30.09304967664107,21.390316717401898,25.741683197021484,20.372051671493875
2022-04-07,24.164005279541016,-0.008186764512329265,43.52564666984627,0.3534938017807896,0.6631588256777434,29.98767136192525,21.650413431165568,25.81904239654541,20.139855185117387
2022-04-08,23.07698631286621,-0.0460282833492337,39.609205289399824,0.09714895827353587,0.5499568521969019,29.866701501600765,21.873097807176087,25.869899654388426,20.07849159257603
2022-04-11,21.877166748046875,-0.053392378737408513,35.78205769665975,-0.2005102315057563,0.3998634354563703,29.760994858526992,22.037398009515,25.899196434020997,20.170240535715678
2022-04-12,21.46491813659668,-0.019023590817132747,34.54691729484546,-0.4643199106621303,0.2270267662326702,29.970265355822086,21.68149436402655,25.825879859924317,20.311165767583677
2022-04-13,22.16264915466309,0.031988513563948294,38.421237278911065,-0.6100575563017152,0.05960990172579314,30.132774666393228,21.290101500904132,25.71143808364868,20.063443176878337
2022-04-14,21.21936416625977,-0.04349423257734627,35.37281853483245,-0.7925350548799877,-0.11081908959536302,30.379989612544072,20.692723476445188,25.53635654449463,20.15956145383534
2022-04-18,21.7434139251709,0.024396734793788996,38.301628953171495,-0.8846654783557462,-0.2655883673474396,30.412287302306016,20.194274930665177,25.303281116485596,20.080243169915693
2022-04-19,22.157655715942383,0.018872163650300946,40.59342836286221,-0.9137208470190217,-0.39521486328175603,30.32733432124677,19.826452147259086,25.07689323425293,20.055359413352402
2022-04-20,21.44296264648437,-0.03278655749680889,37.97268465635368,-0.9830848041106108,-0.5127888514475271,30.272141455243833,19.37836113112091,24.825251293182372,19.96605788990596
2022-04-21,20.146316528320312,-0.062375040676936555,33.719306201320876,-1.1296626966813825,-0.6361636204942982,30.370722961475682,18.735669898936916,24.5531964302063,20.30198989525182
2022-04-22,19.479537963867188,-0.03365688967172729,31.749837514874883,-1.284819589772333,-0.7658948143499051,30.108407442145936,18.13605495256842,24.122231197357177,20.252802903836802
2022-04-25,19.865835189819336,0.019636852220105618,34.14952136631554,-1.3609237063371822,-0.8849005927473605,29.76703291561521,17.699845593906275,23.733439254760743,20.27942262215241
2022-04-26,18.75385284423828,-0.0576022153325909,30.793181807534353,-1.493745480998875,-1.0066695703976636,29.308581834218057,17.216910261729208,23.262746047973632,20.297306654077357
2022-04-27,18.381532669067383,-0.020052715011426366,29.739245002671254,-1.6104861391548724,-1.1274328841491053,28.622085538373323,16.881167826189664,22.751626682281493,20.029038074768383
2022-04-28,19.74604797363281,0.07160686740118508,38.10087657252249,-1.5747462756461736,-1.216895562448519,27.89572453758127,16.81816591957205,22.35694522857666,20.161720440262897
2022-04-29,18.513296127319336,-0.06446418520200776,34.14708488837894,-1.6271383102025894,-1.298944111999333,27.20991813562102,16.631660920165114,21.920789527893067,20.030988280154084
2022-05-02,19.497501373291016,0.05179713913566788,39.54134625952669,-1.5711312144048613,-1.3533815324804388,26.45486192650665,16.670121861029973,21.56249189376831,20.16473521175886
2022-05-03,19.566377639770508,0.0035263440084926504,39.9122927097979,-1.503851978896538,-1.3834756217636586,25.32110406487599,17.029489883488267,21.175296974182128,19.98040516818456
2022-05-04,20.297046661376957,0.036662724137371545,43.84826225304323,-1.3757154253770096,-1.381923582486329,24.410784777701892,17.381126156746348,20.89595546722412,20.29071983060028
2022-05-05,18.80975341796875,-0.07609985666814442,38.342614605881,-1.378290345308777,-1.3811969350508186,23.845635542935074,17.390986504489245,20.61831102371216,20.255389544913445
2022-05-06,18.64105987548828,-0.00900886622050609,37.76343395663363,-1.37805775496534,-1.3805690990337232,23.21807605450461,17.46625145251443,20.34216375350952,20.26645006596305
2022-05-09,16.919198989868164,-0.09691765588082214,32.38601241622335,-1.4995275881079557,-1.4043607968485698,22.994649755824742,17.073899018894497,20.03427438735962,20.28391555789047
2022-05-10,17.563026428222656,0.03734690917234158,36.05275598845807,-1.5262481735434577,-1.4287382721875475,22.841580156411073,16.795554586325746,19.81856737136841,20.4507665878913
2022-05-11,16.599775314331055,-0.05640676121582397,33.155699847925334,-1.6066305082715324,-1.4643167194043445,22.815682224762817,16.334938235747437,19.575310230255127,20.323037494514246
2022-05-12,16.145605087280273,-0.027741278173836547,31.855912468538122,-1.6875290449511802,-1.5089591845137118,22.619001559293487,15.929914494478487,19.274458026885988,20.378982373371073
2022-05-13,17.673826217651367,0.09043691857643983,40.33221169050957,-1.6097706112096049,-1.5291214698528903,22.383009861620117,15.811352397291015,19.097181129455567,20.323440298031535
2022-05-16,17.232624053955078,-0.02528046580368248,38.830497880537344,-1.5656994113797609,-1.5364370581582645,22.00854753643058,15.73473573535897,18.871641635894775,20.072116281502186
2022-05-17,18.14396476745605,0.051533651125981,43.5093521057308,-1.4406284211325975,-1.5172753307531313,21.41118327298687,15.930730903954046,18.67095708847046,20.18854020477135
2022-05-18,16.90721893310547,-0.07059729918551907,39.134632741023445,-1.4248786985095698,-1.498796004304419,20.960018477498675,15.92832132810435,18.444169902801512,20.11659172368009
2022-05-19,17.092884063720703,0.010921553746204687,40.10820785763093,-1.3814903447414864,-1.4753348723918325,20.742173569306967,15.840822989836102,18.291498279571535,20.24734071179798
2022-05-20,16.663658142089844,-0.02543205128395064,38.57213037640947,-1.365993385027739,-1.4534665749190139,20.63728133959741,15.66412723736792,18.150704288482665,20.420950554069663
2022-05-23,16.867286682128906,0.012145857768429217,39.75100351457457,-1.3220411440519975,-1.4271814887456107,20.41239273910984,15.589160987086451,18.000776863098146,20.27680528333874
2022-05-24,16.12464141845703,-0.04502742194019014,36.96477258784553,-1.3317819888903877,-1.4081015887745663,20.39216372324741,15.346468860370752,17.86931629180908,20.193172444521856
2022-05-25,16.944149017333984,0.04957395869716142,41.81164248956865,-1.2588628766580285,-1.3782538463512588,20.340668079877776,15.254226138567047,17.79744710922241,20.47625470888739
2022-05-26,17.81855583190918,0.050317793261509126,46.53541996027034,-1.1176332522174697,-1.326129727524501,20.073746332630478,15.328398671641986,17.70107250213623,20.719834959210388
2022-05-27,18.77681350708008,0.05238240779617123,51.20995094710932,-0.9178044925741382,-1.2444646805344284,20.10873984224461,15.319756900003924,17.714248371124267,20.419967802232826
2022-05-31,18.638063430786133,-0.007416873912346383,50.52117036695056,-0.7618525702494061,-1.147942258477424,19.959510037293683,15.383042910704361,17.671276473999022,20.31394330001674
2022-06-01,18.28670692443848,-0.01903151234084446,48.73363440526095,-0.6590143744016395,-1.0501566816622672,19.738590015241964,15.475995861222883,17.607292938232423,20.115404213505325
2022-06-02,19.556394577026367,0.06712792296743078,54.93835219318017,-0.4696473783098938,-0.9340548209917925,19.523035588628936,15.617485079400849,17.570260334014893,20.290413089460895
2022-06-03,18.68598175048828,-0.045528717559196116,50.43215589715481,-0.3853654572403684,-0.8243169482415078,19.501028037903026,15.627115463378715,17.56407175064087,20.21040314142456
2022-06-06,18.751855850219727,0.003519122467344669,50.76132188625009,-0.30968607001655,-0.7213907725965163,19.520123613743593,15.61909948501129,17.56961154937744,19.861477497168288
2022-06-07,18.891605377197266,0.007424937263962915,51.49719363545205,-0.23571580642114043,-0.6242557793614412,19.678807804731413,15.657655932756377,17.668231868743895,19.77886880002075
2022-06-08,18.618043899536133,-0.014586450860915737,49.924308242268246,-0.19689824419917556,-0.5387842723289881,19.77483128329182,15.667134201327318,17.72098274230957,19.710607369002386
2022-06-09,18.019014358520508,-0.03270365900096689,46.57003769664895,-0.21202760192168668,-0.47343293824752786,19.779691393601105,15.804197995436978,17.791944694519042,19.795848435128477
2022-06-10,16.946731567382812,-0.061352566249066445,41.22999102948586,-0.30700304670190803,-0.4401469599384039,19.709275717863026,15.954726319185317,17.83200101852417,19.95808115686268
2022-06-13,15.621866226196287,-0.08140337336587725,35.77204412041772,-0.48360266117762407,-0.4488381001862479,19.851413532938714,15.607392504964116,17.729403018951416,20.219338036734698
2022-06-14,15.81056308746338,0.01200665250861077,37.05021217128554,-0.6014002999828492,-0.47935054014556816,19.93971021892707,15.376889722326597,17.65829997062683,19.967562171849313
2022-06-15,16.500452041625977,0.04270951050095256,41.624208757860806,-0.6318044559798643,-0.5098413233124275,19.901845060331038,15.250403608339614,17.576124334335326,20.150451329619482
2022-06-16,15.575940132141112,-0.0576603525274146,37.67366036801832,-0.7221755629338098,-0.552308171236704,19.987136777831772,15.031984010742447,17.50956039428711,20.117669722884177
2022-06-17,15.854491233825684,0.017725394319788413,39.53569399970694,-0.7625286151088346,-0.5943522600111301,20.028798445677523,14.866483059907196,17.44764075279236,20.261760397181984
2022-06-21,16.539392471313477,0.04229213925928933,43.968284128395275,-0.7308184733368606,-0.6216455026762762,20.031115340219948,14.851739598287134,17.44142746925354,19.9957114617225
2022-06-22,16.333723068237305,-0.01251308756661084,42.95004783053442,-0.7140526055462395,-0.6401269232502689,20.040088661828317,14.789409915289598,17.41474928855896,19.89575263212527
2022-06-23,16.198938369750977,-0.008286163118937515,42.259350993137446,-0.7035316582328832,-0.6528078702467918,20.036316783254502,14.80061148899281,17.418464136123657,19.954705219253253
2022-06-24,17.098485946655273,0.054044211097792214,48.24170373878777,-0.6155125149353751,-0.6453487991845085,20.03905173715765,14.813310228021793,17.42618098258972,19.972813645684074
2022-06-27,16.84190559387207,-0.015119757264135633,46.753745613556134,-0.560005208415074,-0.6282800810306216,19.995842289599505,14.75885465177623,17.377348470687867,19.87455898673241
2022-06-28,15.956327438354492,-0.054014706029794544,41.944953825874194,-0.5807791634798853,-0.6187798975204744,19.841237065341964,14.631411269161212,17.23632416725159,19.949231761320334
2022-06-29,15.517034530639648,-0.02791703272204034,39.76030683525529,-0.6254797971121349,-0.6201198774388065,19.705474711600836,14.45507073288769,17.080272722244263,19.994184698012162
2022-06-30,15.134649276733398,-0.024951653230351086,37.909418165795984,-0.6838773531514377,-0.6328713725813327,19.620376460018672,14.224963219699344,16.922669839859008,20.346490222758252
2022-07-01,14.499670028686523,-0.04286087668574099,34.996066676840286,-0.772490565241224,-0.660795211113311,19.274469104710967,14.065198120173065,16.669833612442016,20.174409460143686
2022-07-05,14.939963340759276,0.029913833411937745,38.52398646822287,-0.7979904465109922,-0.6882342581928472,19.014457853901124,13.950607530010009,16.482532691955566,20.294629846865814
2022-07-06,15.105697631835938,0.011032273325525118,39.847378737480945,-0.7956541086562794,-0.7097182282855338,18.663616080820756,13.936833481251998,16.300224781036377,20.086623747635457
2022-07-07,15.832525253295898,0.04699438517338288,45.3986216744263,-0.7267758102359068,-0.7131297446756084,18.17690794565084,14.11763360403178,16.14727077484131,20.015822960113148
2022-07-08,15.812560081481934,-0.0012618183361979664,45.27502105379419,-0.66612164927934,-0.7037281255963548,17.672817254532333,14.341175913344863,16.006996583938598,19.963919025169144
2022-07-11,15.127660751342772,-0.0442796602105351,41.13737852216354,-0.6656452970962192,-0.6961115598963277,17.275754403646403,14.449103403513021,15.862428903579712,19.896178039469675
2022-07-12,15.05777072906494,-0.004630720433075499,40.72834006829424,-0.6632616577373458,-0.6895415794645313,17.12765779403897,14.408303929288667,15.767980861663819,19.943433773728124
2022-07-13,15.139642715454102,0.005422463559475175,41.46262664219133,-0.6473044979836811,-0.6810941631683614,17.131276113554755,14.356463258698664,15.74386968612671,20.073021047300685
2022-07-14,15.347307205200195,0.013623383257081829,43.378690598411715,-0.6108599320660648,-0.6670473169479021,17.118851701658425,14.322562082368673,15.720706892013549,19.938518587800047
2022-07-15,15.736679077148438,0.02505420225162089,46.88902176424129,-0.5442841264530749,-0.6424946788489367,17.031859406360727,14.333177081218619,15.682518243789673,19.771179522058006
2022-07-18,16.07513999938965,0.02127974469902988,49.80229161535238,-0.45892119519342245,-0.6057799821178339,17.066948752928127,14.348007721376069,15.707478237152099,20.323559616069254
2022-07-19,16.964704513549805,0.05386100144570176,56.548433242450386,-0.31584912318868597,-0.5477938103320044,17.23383805137383,14.292139750902782,15.762988901138305,20.36996519507039
2022-07-20,17.778396606445312,0.04684906573510293,61.62827532813073,-0.13524628872962197,-0.46528430601152787,17.520657925235355,14.129220290554438,15.824939107894897,20.449536636857054
2022-07-21,18.0210075378418,0.01355411641270782,63.01658618704602,0.027146505316707703,-0.36679814374588077,17.860279062815607,13.95832759993464,15.909303331375122,20.138163767092173
2022-07-22,17.291181564331055,-0.041341527438787364,56.40525924346963,0.09584822920039571,-0.2742688691566255,18.00795711096252,13.919873871245734,15.963915491104126,20.100895803639574
2022-07-25,16.996654510498047,-0.017180104188534082,53.94557071580081,0.12508704300064366,-0.1943976867251717,17.99144138992958,13.926206448662949,15.958823919296265,19.990853784338196
2022-07-26,16.506446838378906,-0.0292655091158722,50.03471711536768,0.10746456665799542,-0.13402523604853828,17.94936479030027,13.934737172742945,15.942050981521607,19.80162331224226
2022-07-27,17.761425018310547,0.07327794978880495,58.35789530640617,0.19254533525408135,-0.06871112178801435,18.198370235210486,13.86624148582833,16.032305860519408,20.160753860853962
2022-07-28,17.955110549926758,0.010845812851675034,59.47975512028944,0.2724605059325995,-0.00047679624389157516,18.467588518850185,13.840830804117346,16.154209661483765,19.97807982310121
2022-07-29,18.133827209472656,0.009904315925078521,60.53622492434689,0.34622374348288076,0.0688633117014629,18.725577764985015,13.882759351256443,16.30416855812073,19.89191350388487
2022-08-01,18.41138458251953,0.015190099953553254,62.18521876391411,0.42221121299202125,0.13953289195957458,18.939313175701805,14.060195395922952,16.49975428581238,19.981913223328473
2022-08-02,18.496240615844727,0.004598300887040405,62.69839037085894,0.4837031736648143,0.20836694830062252,19.15653357310653,14.198602726026769,16.67756814956665,20.008950178781284
2022-08-03,18.862648010253903,0.01961616938259325,64.91259840345205,0.5555974287469105,0.27781304438988014,19.411334744744366,14.319496592230733,16.86541566848755,19.851341214192328
2022-08-04,19.18413734436035,0.016900086715137833,66.77609477437721,0.6312391147513807,0.3484982584621803,19.729428073087824,14.336564472993722,17.032996273040773,19.830818579197803
2022-08-05,18.958498001098636,-0.011831483240211342,64.19895345640609,0.6653092161214538,0.41186044999403504,19.95317809474809,14.427408243295126,17.190293169021608,19.771524080307056
2022-08-08,17.764421463012695,-0.06505461150724558,52.624353019403394,0.58916647522652,0.44732165504053206,19.917139682060174,14.727122727150032,17.322131204605103,20.704958272506587
2022-08-09,17.058551788330078,-0.040546013682464556,47.20616779439724,0.46648764178456403,0.45115485238933845,19.794325273535335,15.050015241601386,17.42217025756836,20.320192368087728
2022-08-10,18.067934036254883,0.05748711777751666,54.43135371141472,0.44557616935783884,0.45003911578303857,19.696452628085645,15.440717019131151,17.568584823608397,20.208134290989143
2022-08-11,17.913179397583008,-0.008602045804587484,53.228581384139304,0.4117696466296543,0.44238522195236174,19.552886474005867,15.840870392449212,17.69687843322754,20.048600806353722
2022-08-12,18.67894744873047,0.0418603636647334,58.15586069718543,0.4416774332261184,0.4422436642071131,19.501629273429277,16.186354430184007,17.843991851806642,19.985317925933423
2022-08-15,19.00143051147461,0.01711718162442391,60.0638971658665,0.4858012433057759,0.4509551800268457,19.50058953102753,16.480023223794248,17.99030637741089,19.941650220583835
2022-08-16,18.84867477416992,-0.008071658744865064,58.69851430851067,0.5026493406110504,0.4612940121436867,19.560060603329738,16.608949177554052,18.084504890441895,19.92750990891711
2022-08-17,18.30554580688477,-0.02923854417135241,53.99836487159702,0.46679469192877576,0.46239414810070456,19.58222188182147,16.639502819106266,18.11086235046387,19.917619389257087
2022-08-18,18.742847442626957,0.023608146418094052,56.98490440705675,0.46826830630325134,0.46356897974121397,19.644218395257166,16.649690296149085,18.146954345703126,19.844865609370668
2022-08-19,17.820327758789062,-0.05047239528914798,49.660309004405526,0.3904951427143857,0.44895421233584837,19.62500869615479,16.721814614697262,18.173411655426026,19.905887880909454
2022-08-22,17.006637573242188,-0.046736101285576974,44.25684363189096,0.2602019069505417,0.41120375125878705,19.623809951969545,16.72401166515692,18.17391080856323,19.830674544141235
2022-08-23,17.153404235839844,0.008592938293445327,45.410626508385434,0.16686292999861863,0.3623355870067534,19.52219785701331,16.890319499859245,18.206258678436278,19.728975727751642
2022-08-24,17.1943359375,0.002383371996498268,45.74788760651047,0.0950977370205841,0.30888801700951957,19.557117331497498,16.79869111729401,18.177904224395753,20.074443630224295
2022-08-25,17.884227752685547,0.039339169660608825,51.21830996775205,0.09282181624609365,0.2656747768568344,19.556345262716945,16.79237490635044,18.174360084533692,20.462798074281974
2022-08-26,16.2338809967041,-0.09681871547295248,40.65698762007611,-0.04167070411131135,0.20420568066320524,19.711621190044923,16.4471043577456,18.079362773895262,20.460766664679273
2022-08-29,15.775619506835938,-0.028634798726718008,38.29561284175222,-0.18312392917726683,0.12673975869511084,19.867273097524993,16.02787594269717,17.947574520111083,20.022352580331003
2022-08-30,15.443156242370604,-0.021299735539532835,36.6332707410765,-0.31838350918141956,0.03771510511980476,19.99587285595072,15.593967746924038,17.79492030143738,20.088729017529477
2022-08-31,15.069754600524902,-0.024476215015709856,34.805840740190106,-0.4505148380591848,-0.059930883515993155,20.05807623501523,15.152475026886627,17.605275630950928,20.167634601876145
2022-09-01,13.914612770080566,-0.07975016217915876,29.84573334023851,-0.6410505284910677,-0.17615481251100806,20.18199546278804,14.501603341685833,17.341799402236937,20.887817948977062
2022-09-02,13.625081062316896,-0.02102727629407308,28.74019412253493,-0.8061217551924518,-0.3021482010472968,20.257147244013698,13.893109866582005,17.07512855529785,20.42641788722395
2022-09-06,13.443370819091797,-0.013426181418816525,28.038237035636328,-0.9407598951708387,-0.4298705398720052,20.409490959603875,13.308661086599738,16.859076023101807,20.099180060724986
2022-09-07,13.696041107177734,0.018620712154487126,30.577347062949542,-1.0153686725126256,-0.5469701664001293,20.509893438570494,12.872007539517888,16.69095048904419,20.055117565477907
2022-09-08,13.971678733825684,0.019925512314081895,33.340535826400185,-1.0402635030903955,-0.6456288337381826,20.431419643275213,12.54085580457025,16.48613772392273,20.253058988653084
2022-09-09,14.368158340454102,0.027982198744457468,37.211813502657705,-1.0162851424377735,-0.7197600954781007,20.30245952795881,12.315313814173756,16.308886671066283,20.0029776509771
2022-09-12,14.486002922058104,0.00816833563545774,38.357708252626885,-0.9765163731097566,-0.7711113510044318,20.008274664460775,12.19020422500456,16.099239444732667,19.997923925194655
2022-09-13,13.11380386352539,-0.0995174620257154,31.2142049545822,-1.0436932864467146,-0.8256277380928885,19.680274501576093,11.929441723094317,15.804858112335205,20.387731561701862
2022-09-14,13.110807418823242,-0.00022852157333638008,31.20054042885151,-1.0846698632943994,-0.8774361631331907,19.292853549663086,11.743075939472655,15.517964744567871,20.193099380940488
2022-09-15,12.912067413330078,-0.015274551393294549,30.254529005602762,-1.1202670123933824,-0.9260023329852292,18.954674886119324,11.54190676366095,15.248290824890137,20.076286339141237
2022-09-16,13.180715560913086,0.020592486523668123,33.202854343356094,-1.113959319573791,-0.9635937303029416,18.3966499351187,11.543718526490188,14.970184230804444,20.323908539628192
2022-09-19,13.36447525024414,0.013845266817519776,35.22006377650311,-1.0816638093032722,-0.9872077461030078,17.96675477972813,11.528028431026264,14.747391605377198,20.160594136212165
2022-09-20,13.158745765686035,-0.015513471041563741,33.982742491570534,-1.06044587484749,-1.0018553718519043,17.663887868910038,11.446106161088743,14.55499701499939,20.078562095691876
2022-09-21,13.243632316589355,0.006430242240260456,34.997470471616666,-1.024965707041158,-1.006477438889755,17.26552224108378,11.453494596989952,14.359508419036866,20.509675261560258
2022-09-22,12.544548988342283,-0.05423062937173771,30.798894413611336,-1.0412546649215315,-1.0134328840961104,16.813835122249184,11.440203020908775,14.12701907157898,20.447725752637517
2022-09-23,12.499608993530272,-0.0035888643634916194,30.545207997581883,-1.0457354757823687,-1.0198934024333621,15.978974388518793,11.73660187872364,13.857788133621217,20.312751504432356
2022-09-26,12.211984634399414,-0.023279546667438575,28.904236932775348,-1.0602732625039195,-1.0279693744474736,15.583040674707739,11.730345956304223,13.656693315505981,20.120586222368136
2022-09-27,12.39674186706543,0.015015868795457441,31.451740135334177,-1.044841911460507,-1.0313438818500804,15.213904634647143,11.761594232387768,13.487749433517456,20.132411673878735
2022-09-28,12.719321250915527,0.025688510281707513,35.77857947020614,-0.995111962940328,-1.0240974980681299,14.841810801125078,11.861304566764325,13.351557683944701,20.111540107310407
2022-09-29,12.203996658325195,-0.041358702674766726,32.27385324277276,-0.9859179597999237,-1.0164615904144887,14.546227807749938,11.870311765919494,13.208269786834716,20.09358723221164
2022-09-30,12.1231050491333,-0.006650353034118959,31.748130872709083,-0.9739320405821523,-1.0079556804480214,14.496817648998364,11.740571152576342,13.118694400787353,20.15346485734768
2022-10-03,12.495615005493164,0.030264643200876826,36.84966057102028,-0.9237265285442842,-0.991109850067274,14.445529741640911,11.678912454251424,13.062221097946168,20.12083283802574
2022-10-04,13.149755477905272,0.05102538041163735,44.670611467784745,-0.8216827816721199,-0.9572244363882433,14.420006798849519,11.675073862924163,13.047540330886841,20.185723137789058
2022-10-05,13.191699028015137,0.0031846066471948966,45.139770775382345,-0.7290241465735168,-0.911584378425298,14.362779975751481,11.68186647810594,13.02232322692871,20.044279912795286
2022-10-06,13.112804412841797,-0.005998581339694862,44.377526073730664,-0.6544139698967157,-0.8601502967195815,14.244701863402494,11.714057158356539,12.979379510879516,20.283453044729253
2022-10-07,12.060185432434082,-0.08367962191773232,35.712596947968706,-0.6724705994856315,-0.8226143572727916,14.011501513997233,11.716460216959797,12.863980865478515,20.326479956637552
2022-10-10,11.654717445373535,-0.03419853802189904,33.036704217708944,-0.7112990734933362,-0.8003513005169006,13.715590226629278,11.729242956659295,12.722416591644286,20.36473059372346
2022-10-11,11.57082748413086,-0.0072239705306120176,32.49421461572952,-0.7403063469205176,-0.7883423097976241,13.744483335023588,11.546052210325534,12.645267772674561,20.319022983081116
2022-10-12,11.484940528869627,-0.007450400481146971,31.916371280541227,-0.7614476846758098,-0.7829633847732613,13.754884345032703,11.373064511321058,12.56397442817688,20.015187745028133
2022-10-13,11.944337844848633,0.03922068760345337,38.242522143842756,-0.7326868650079739,-0.7729080808202039,13.725435376933223,11.305740522572393,12.515587949752808,20.56086807775428
2022-10-14,11.21229648590088,-0.06324626899845168,32.98328654773323,-0.7602002131044134,-0.7703665072770458,13.716167543296734,11.118166448707662,12.417166996002198,20.385597686905726
2022-10-17,11.872429847717283,0.057207816043176214,40.879116092975345,-0.7204327935694952,-0.7603797645355358,13.582530528621309,11.102598923130401,12.342564725875855,20.17987225635446
2022-10-18,11.951329231262209,0.006623612314150309,41.762288617002014,-0.6747719551488718,-0.7432582026582031,13.471374789295913,11.093013009013413,12.282193899154663,20.306783260311157
2022-10-19,12.035218238830566,0.006994699816713599,42.74168683709621,-0.6246160844987863,-0.7195297790263198,13.324958828080636,11.118587562452813,12.221773195266724,20.075342470587856
2022-10-20,12.178030967712402,0.011796383355891489,44.45427215793919,-0.5668095740273884,-0.6889857380265336,13.296184125270228,11.11071046320023,12.203447294235229,20.296165364635318
2022-10-21,12.449673652648926,0.022060821822689317,47.66094966945293,-0.49339070264856666,-0.6498667309509403,13.291063167876263,11.110837886506062,12.200950527191162,20.228139664343317
2022-10-24,12.58249855041504,0.010612434533418116,49.2051045347704,-0.4196503904627491,-0.603823462853302,13.32289050020207,11.116061945781817,12.219476222991943,20.064436989796572
2022-10-25,13.243632316589355,0.051210012574723796,56.1412169712048,-0.30435428543189147,-0.54392962736902,13.455210079986653,11.068431410949625,12.261820745468139,20.041022989460515
2022-10-26,12.879110336303713,-0.027910212014466734,51.93066525645141,-0.23963283079594966,-0.48307026805440595,13.478141723752199,11.0614786757229,12.269810199737549,20.093943800005793
2022-10-27,13.158745765686035,0.021479969774206287,54.73526154917465,-0.16388718016696657,-0.41923365047691813,13.588734983793593,11.046360326417588,12.31754765510559,20.183891552290934
2022-10-28,13.815882682800291,0.04873223461067196,60.55896090127803,-0.050253458449480704,-0.34543761207143064,13.834118021424311,10.97025505215357,12.40218653678894,20.071337374121658
2022-10-31,13.479326248168944,-0.024661726761873864,56.546322605671634,0.012500692936354696,-0.2738499510698736,13.962220492717055,10.940523705128403,12.451372098922729,20.002420583972935
2022-11-01,13.525263786315918,0.003402205506463542,56.96546655261954,0.06518912577816138,-0.20604213570026658,14.026195295751801,10.914099732934723,12.470147514343262,19.88582556614834
2022-11-02,13.201690673828123,-0.02421442541043757,53.08155197820621,0.07991424081726883,-0.14885086039675952,14.027676395704702,10.91361779756312,12.470647096633911,20.32670298738814
2022-11-03,13.403423309326172,0.015165242433758105,55.135318265455055,0.10663294015182956,-0.0977541002870417,14.072569056090146,10.897787026826116,12.48517804145813,20.030248649936937
2022-11-04,14.137460708618164,0.05331791703214133,61.70411988963518,0.18490689381727776,-0.04122190146617782,14.324296330760331,10.853787279774336,12.589041805267334,20.233183575950772
2022-11-07,14.282269477844238,0.010190809096658116,62.85941169116979,0.2556771366123183,0.018157906149521404,14.552968435842542,10.887870377939196,12.72041940689087,19.831816489522375
2022-11-08,14.582877159118652,0.020829171824907993,65.205984753791,0.33219030840112396,0.08096438659984193,14.79839730046625,10.943646480814268,12.87102189064026,20.204562601110784
2022-11-09,13.75795841217041,-0.058230592840134834,54.9465882059225,0.3225453969873513,0.12928058867734382,14.83441189564426,11.134933673966335,12.984672784805298,19.934519236956394
2022-11-10,15.729373931884766,0.13391246509220978,67.9320465623367,0.4685770275436614,0.19713987645060735,15.32540157934784,11.02244759896637,13.173924589157105,20.367760210517982
2022-11-11,16.305622100830078,0.035980047124090926,70.59951992668309,0.6236178794618361,0.2824354770528531,15.797223568314854,11.059958171492275,13.428590869903564,20.300889030307783
2022-11-14,16.273658752441406,-0.001962189330576765,70.2504556641463,0.7354320931506368,0.37303480027240987,16.217851757137105,11.079452873142438,13.64865231513977,20.084326501242465
2022-11-15,16.64417266845703,0.02251239210895999,71.97991376430247,0.8442114949747239,0.4672701392128727,16.649436774331136,11.11715219966789,13.883294486999512,20.117902403521466
2022-11-16,15.889162063598633,-0.04642291969344605,63.83607587299422,0.8595881120279714,0.5457337337758925,16.837009978029034,11.3149733784468,14.075991678237916,20.29178575635279
2022-11-17,15.656468391418455,-0.014753098249467196,61.525659360045545,0.8432769850208093,0.605242384024876,16.944976489129118,11.554850609717315,14.249913549423217,20.38203389226515
2022-11-18,15.38882064819336,-0.0172428334724121,58.88569770655903,0.7995368007548382,0.6441012673708685,16.99749012195073,11.796251676450149,14.39687089920044,20.014135607245354
2022-11-21,15.296940803527832,-0.0059884529435278375,57.96618567606141,0.7488264488266427,0.6650463036620233,17.015166617003157,12.050019406709001,14.532593011856079,19.81875297535352
2022-11-22,16.016990661621094,0.04599721423238976,62.86068705804884,0.7580023560945968,0.6836375141485381,17.160501205590638,12.182020652624692,14.671260929107666,19.974322610337232
2022-11-23,16.497364044189453,0.02955053808997734,65.72784804134747,0.7948736375368295,0.7058847388261964,17.31882561038203,12.385521618621876,14.852173614501954,19.872858817128442
2022-11-25,16.24869155883789,-0.015188227169001891,63.01577741685314,0.7948658832821938,0.7236809677173959,17.41306342436493,12.600278383954162,15.006670904159545,18.93908160899081
2022-11-28,15.80627155303955,-0.027605591065505048,58.39890384420051,0.7505087433519737,0.7290465228443115,17.469472890104456,12.742907805238563,15.10619034767151,19.531685925842716
2022-11-29,15.618517875671388,-0.01194954142335174,56.50683031979088,0.6922256908718403,0.7216823564498173,17.4570296255937,12.969270232499563,15.213149929046631,19.513891808904752
2022-11-30,16.90515899658203,0.07916158782586949,64.89950225017651,0.7413117569401404,0.725608236547882,17.599729051542337,13.164560327577536,15.382144689559937,20.152863585463784
2022-12-01,17.11693572998047,0.012449525543830301,66.06039337999992,0.7882153742511893,0.7381296640885435,17.672895697952654,13.482918186782452,15.577906942367553,19.97031982063984
2022-12-02,16.85820960998535,-0.015230611602177093,63.3057335396511,0.7953415905009606,0.7495720493710271,17.651430770773104,13.849861744027924,15.750646257400513,19.732760591473966
2022-12-05,16.59248924255371,-0.015887617650538248,60.5147497396602,0.7706640201835775,0.7537904435335372,17.648466971494884,14.098328396699696,15.87339768409729,19.679865905945334
2022-12-06,15.970147132873535,-0.038228962442278504,54.45893675326626,0.692901721069445,0.7416126990407188,17.56709753492662,14.348485598770887,15.957791566848755,19.68111138627229
2022-12-07,16.103008270263672,0.008284928357401153,55.48314703124035,0.6346791361869961,0.7202259864699744,17.507570253785435,14.560025991026574,16.033798122406004,19.73544688211769
2022-12-08,17.150901794433594,0.06304465137432962,62.62306915661422,0.665422986014164,0.7092653863788123,17.309399643861216,15.097490939177115,16.203445291519166,20.060562505693238
2022-12-09,16.983078002929688,-0.009833318282616861,60.93739374739551,0.6685392270292798,0.7011201545089059,17.40069613936404,15.131564850778783,16.266130495071412,19.958274583370468
2022-12-12,17.516515731811523,0.03092675526247391,64.23301169310625,0.7059154828119887,0.7020792201695225,17.591833930112085,15.06151642312888,16.326675176620483,19.94091141789303
2022-12-13,18.052949905395508,0.030164909112330822,67.22737354968581,0.7699467228956003,0.7156527207147381,17.896883630985684,14.934395837550698,16.41563973426819,20.302568811444612
2022-12-14,17.65536880493164,-0.02226918237952173,63.01651848770945,0.7796234559965214,0.7284468677710948,18.04603774218397,14.886361339999867,16.466199541091918,20.02387520856515
2022-12-15,16.934127807617188,-0.041708936119606084,56.146101278999325,0.7207854498824524,0.7269145841933663,18.087011265233876,14.949884391351816,16.518447828292846,19.986254541389698
2022-12-16,16.55352783203125,-0.022731741424853093,52.87032865483743,0.6361119661294516,0.7087540605805834,18.07847629751897,15.048125303128,16.563300800323486,19.985606530448347
2022-12-19,16.236865997314453,-0.019314905514063653,50.243764766073475,0.5372624297514896,0.6744557344147648,18.02704726083225,15.18435887472683,16.60570306777954,19.684917637345908
2022-12-20,16.068044662475586,-0.010451839564840965,48.85041388601116,0.44022633402945743,0.6276098543377034,17.953539267534833,15.334977253919025,16.64425826072693,19.815092075653993
2022-12-21,16.483604431152344,0.02553371996449346,52.35311953974019,0.39233414560573365,0.5805547125913095,17.946073922403432,15.38910397600355,16.66758894920349,19.599412663489193
2022-12-22,15.322829246520996,-0.07302239212145617,43.410656122809485,0.25774328073785924,0.5159924262206195,18.02117004194467,15.196554376695467,16.60886220932007,20.15241593372661
2022-12-23,15.18997287750244,-0.008708292871126103,42.515536215875564,0.13875912320470363,0.4405457656174363,18.098439159656195,15.013413390850394,16.555926275253295,19.67151614445305
2022-12-27,14.106114387512209,-0.07402718316461472,35.99476330724666,-0.04250502931428102,0.3439356066310929,18.340168920113534,14.601667913840323,16.47091841697693,19.95733719080298
2022-12-28,14.021203994750977,-0.006037593028977581,35.53495152859075,-0.1908101940515401,0.23698644649456632,18.530600453912143,14.251504991949671,16.391052722930908,19.67648480079043
2022-12-29,14.587605476379396,0.039601473323711674,40.95350206675928,-0.2596461998661965,0.13765991722241375,18.544581198642078,14.005768895199475,16.275175046920776,19.68741142532224
2022-12-30,14.59859561920166,0.0007531054353878292,41.05702926756245,-0.30974190585064676,0.04817955260780166,18.50001272518303,13.79850335758064,16.149258041381835,19.55366225592073
2023-01-03,14.299909591674805,-0.020672118636678644,39.052969602649945,-0.3692876616713683,-0.035313890248032324,18.48535596053826,13.557330120394358,16.02134304046631,19.81016252235632
2023-01-04,14.733452796936035,0.029867393786620802,43.37357338849471,-0.3771472698101128,-0.10368056616044843,18.44145648442283,13.41532595194802,15.928391218185425,19.882370108110585
2023-01-05,14.249959945678713,-0.033366512890848465,39.97048184093786,-0.4175763381694253,-0.1664597205622438,18.464797245486167,13.2199664721652,15.842381858825684,19.77952168752713
2023-01-06,14.843338012695312,0.040797050034383595,45.610607175382256,-0.39715782697189894,-0.21259934184417484,18.435746084287565,13.123050607606965,15.779398345947266,19.819506263613878
2023-01-09,15.611526489257812,0.05045837302088316,51.91001237850311,-0.3153544103594861,-0.23315035554723712,18.27947587615855,13.125383285218406,15.702429580688477,20.038545056349555
2023-01-10,15.892230987548828,0.017820853742228124,54.006295752389114,-0.22527725035378943,-0.2315757345085476,18.15606387839664,13.139710581442227,15.647887229919434,19.7664160994049
2023-01-11,15.984130859375,0.005766036091880453,54.702473328162014,-0.14480567082639517,-0.21422172177211712,17.928156662642476,13.21437930995274,15.571267986297608,19.682785657423082
2023-01-12,16.493593215942383,0.03137560678906884,58.45657332370744,-0.03946705818472651,-0.179270789054639,17.593738658556216,13.392861645093685,15.49330015182495,20.12798738032353
2023-01-13,16.88118553161621,0.023227704057658193,61.0980709565724,0.07443200605477607,-0.128530230032756,17.4108476768548,13.498334299463556,15.454590988159179,19.918711006947934
2023-01-17,17.683338165283203,0.046423130023412064,65.92674677737403,0.22681032054001804,-0.05746211991820119,17.59108311603088,13.393019896054081,15.49205150604248,20.052079738815955
2023-01-18,17.35868263244629,-0.018530028515633422,62.543086888591304,0.3177118598045414,0.01757267602634733,17.744873899059158,13.319744593067306,15.532309246063232,19.901430376364598
2023-01-19,16.747329711914062,-0.03585399574693418,56.64709882130797,0.3365414725783964,0.08136643533675715,17.815926504190024,13.2997383593964,15.557832431793212,19.93125256401218
2023-01-20,17.820194244384766,0.062093496963454724,63.20293437177284,0.4330434228110924,0.1517018328316242,18.113111305539057,13.177768516238286,15.645439910888673,20.152277882095323
2023-01-23,19.17276954650879,0.07315869723378278,69.47088237936836,0.6116131409940522,0.24368409446410982,18.692759453985587,12.8670368793274,15.779898166656494,20.300394619128436
2023-01-24,19.244691848754883,0.003744255016331857,69.76579782647853,0.7502856321599474,0.34500440200327737,19.263269714340105,12.688712879196272,15.97599129676819,20.022497692470402
2023-01-25,19.302631378173828,0.0030061528636332294,70.01707516894677,0.8550038639710884,0.44700429439683964,19.763228049643313,12.600020393960206,16.18162422180176,19.923728724394742
2023-01-26,19.781126022338867,0.02448682443640823,72.08076814094012,0.965474941830923,0.5506984238836563,20.24818475021974,12.682564856866446,16.465374803543092,20.008966520953656
2023-01-27,20.34353446960449,0.02803489303297477,74.31822923214422,1.0858882841886661,0.6577363959446583,20.756105535945,12.806877118626534,16.781491327285767,20.11103851955431
2023-01-30,19.141801834106445,-0.060888623617753816,62.746860534293404,1.0719897150082645,0.7405870597573796,20.9764166966117,13.041985593732543,17.00920114517212,20.007077231884427
2023-01-31,19.51640892028809,0.019381073506068408,64.5973149697519,1.0787673019838877,0.8082231082026813,21.20277930899193,13.30740431146095,17.25509181022644,20.026144772960436
2023-02-01,20.920921325683597,0.06949408383862492,70.51158582268586,1.1838246084267219,0.8833434082474895,21.60028681163235,13.571997982221411,17.58614239692688,20.308472860729943
2023-02-02,21.68611717224121,0.0359226155121174,73.14391070286825,1.313684849286222,0.969411696455236,22.108723864310903,13.758827367073373,17.933775615692138,20.151054053238255
2023-02-03,21.077756881713867,-0.02845398593836579,67.95048892219765,1.3519262700966301,1.045914611183515,22.29555025512874,14.254780669859048,18.275165462493895,19.877820262351534
2023-02-06,21.066770553588867,-0.0005213644115822778,67.85678773150846,1.3656045278031144,1.109852594507435,22.44858785530548,14.724086323771669,18.586337089538574,19.929628485764923
2023-02-07,22.14962387084961,0.05012357153316148,71.96089262686415,1.447140127920978,1.1773101011901437,22.82182464301608,15.004659274220252,18.913241958618165,20.31401858704847
2023-02-08,22.18159484863281,0.0014423687978567781,72.07426435476557,1.4970800621051943,1.2412640933731538,23.124906358155386,15.330513945189336,19.227710151672362,20.14282393491584
2023-02-09,22.313451766967773,0.005926830707947275,72.56692376344837,1.5296645503263235,1.298944184763788,23.359426380600087,15.728926013503918,19.544176197052003,20.07676557496884
2023-02-10,21.24258041381836,-0.049182037448606115,62.86669741230208,1.4523359981078663,1.3296225474326038,23.38257609558408,16.18067501830752,19.7816255569458,20.12676794100777
2023-02-13,21.76502990722656,0.02429687169641651,65.3035008946072,1.4168769951532312,1.3470734369767292,23.456983187532636,16.594652363919998,20.025817775726317,19.97865482324748
2023-02-14,22.9467887878418,0.05287345551758494,70.08548512851556,1.4672203423443726,1.371102818050258,23.770699557406406,16.80728105630209,20.28899030685425,20.33092522609681
2023-02-15,22.74000358581543,-0.009052358608196188,68.31133438368019,1.4734469903541942,1.3915716525110453,23.915804784563544,17.200307924481866,20.558056354522705,19.857133382947197
2023-02-16,21.978809356689453,-0.03404686789707509,62.081384649616886,1.4008119528207352,1.3934197125729832,23.70998586223039,17.929274811292558,20.819630336761474,19.8365970145458
2023-02-17,21.365455627441406,-0.028303383363569665,57.528612850504246,1.2790119882853261,1.370538167715452,23.524846645576993,18.46894016625162,20.996893405914307,19.95945582200163
2023-02-21,20.633228302001957,-0.034872594111294106,52.57196251976327,1.1105977338332345,1.3185500809390085,23.456425729410526,18.683406957967406,21.069916343688966,19.831704304798187
2023-02-22,20.73212242126465,0.004781504614356141,53.15896519290714,0.9738818490175589,1.2496164345547187,23.379193558320193,18.909382186308715,21.144287872314454,20.05614501523929
2023-02-23,23.639055252075195,0.13121592253073852,66.34477127817175,1.087561973069736,1.2172055422577222,23.68341523859651,19.038802893422535,21.361109066009522,20.834802740291863
2023-02-24,23.261451721191406,-0.016102669863254586,63.83115689508418,1.1341115097002863,1.200586735746235,23.880403956180835,19.189846745723464,21.53512535095215,20.19515162473861
2023-02-27,23.476224899291992,0.00919064469678131,64.6514927795372,1.1747904997897933,1.1954274885549467,24.1189682280896,19.26455151678345,21.691759872436524,19.931389440534016
2023-02-28,23.191526412963867,-0.012201231481566691,62.623871668770626,1.170562587135283,1.190454508271014,24.090456575855026,19.698035626903764,21.894246101379395,19.93792222602889
2023-03-01,22.674072265625,-0.022564890386540477,59.001895342078676,1.1126319818531805,1.1748900029874474,23.964215174306702,20.14004336298578,22.05212926864624,19.94679356976304
2023-03-02,23.28942108154297,0.026777145884853554,61.82919107327095,1.1036528435788533,1.1606425711057287,24.081030333278623,20.260078179599798,22.17055425643921,19.780156173529654
2023-03-03,23.86481285095215,0.024405881805553628,64.30779853514217,1.1299408639312816,1.1545022296708394,24.317837786133516,20.241140294615995,22.279489040374756,19.83748733857606
2023-03-06,23.529172897338867,-0.014164057301796732,61.787390064504834,1.1108853751564105,1.1457788587679536,24.430940226282175,20.37317945602984,22.402059841156007,19.89642496716399
2023-03-07,23.26740264892578,-0.0111876980618962,59.81826887915383,1.0624142416256923,1.1291059353395014,24.47363599276809,20.550546899077613,22.512091445922852,20.059976444995094
2023-03-08,24.15961265563965,0.037628987397605396,64.02638889241086,1.0835044453309308,1.1199856373377874,24.697994364573468,20.527187405751242,22.612590885162355,20.056902740811854
2023-03-09,23.41527557373047,-0.031293728795750445,58.52018355802024,1.0283031631205617,1.1016491424943424,24.778894309980277,20.569655532854195,22.674274921417236,20.032629503569808
2023-03-10,22.94468688964844,-0.020302210048993918,55.28318181562106,0.9357959026800167,1.0684784945314774,24.806601678846544,20.605071676255992,22.705836677551268,19.97854321904244
2023-03-13,22.94568634033203,4.355818501362993e-05,55.28883844500515,0.8527340918175383,1.0253296139886896,24.77695031515864,20.805033632595265,22.790991973876952,19.860255176884827
2023-03-14,24.041717529296875,0.04666059194813641,61.10023008497069,0.8653720944858136,0.9933381100881145,24.904126019708112,20.905526690252824,22.904826354980468,19.97863587246796
2023-03-15,24.20657157897949,0.006833597387978725,61.902321910012496,0.8785626236793895,0.9703830128063695,25.050330325871187,20.885300663203523,22.967815494537355,20.077929295263313
2023-03-16,25.518409729003903,0.052775992691512515,67.62335232782769,0.9835330317540318,0.973013016595902,25.47618071809469,20.73729088529887,23.10673580169678,20.18413161415905
2023-03-17,25.70224952697754,0.0071783764624723774,68.3408475178097,1.0692317338530977,0.9922567600473412,25.865600516059587,20.72021510436278,23.292907810211183,20.55903603415097
2023-03-20,25.877092361450195,0.00677959422361887,69.04348634779612,1.1381371911381848,1.02143284626551,26.169576670477287,20.867402623345956,23.518489646911622,19.88566382189837
2023-03-21,26.175827026367188,0.011478239771392633,70.25806205610316,1.2029834093903844,1.057742958890485,26.333125002146822,21.258114164112946,23.795619583129884,20.12070497083232
2023-03-22,26.444589614868164,0.0102152336598317,71.34725944588219,1.2615193890479937,1.0984982449219869,26.44702304631692,21.715462839303193,24.081242942810057,20.496735307542117
2023-03-23,27.16695213317871,0.026949653535208448,74.09337746527255,1.3506289826729088,1.1489243924721713,26.983309777391433,21.531965796339037,24.257637786865235,20.152139811403156
2023-03-24,26.75531578063965,-0.01526806512203335,69.97756965165982,1.3722153201232423,1.1935825780023857,27.331505878974472,21.53315610070082,24.432330989837645,19.935632139478706
2023-03-27,26.50753593444824,-0.009304106921091865,67.54532135119118,1.353723997687311,1.2256108619393706,27.58767191359236,21.580121169598556,24.583896541595458,19.704460538634233
2023-03-28,26.386638641357425,-0.004571297485609668,66.33383249199262,1.3141652117409492,1.2433217318996865,27.775358749055997,21.71194555697428,24.743652153015137,19.690733383792864
2023-03-29,26.96013641357422,0.021501575917448484,69.15964511275381,1.3139447292334197,1.2574463313664332,27.97961532505971,21.936295395765484,24.957955360412598,19.7910845183074
2023-03-30,27.35877799987793,0.014678082127762063,70.98286781150217,1.3305987258431067,1.272076810261768,28.25714170618767,22.06570470647102,25.161423206329346,19.71408100694056
2023-03-31,27.75242805480957,0.014285905825634984,72.69922519319978,1.3598854942259493,1.2896385470546046,28.59366963802307,22.117938295021364,25.355803966522217,19.888400704571506
2023-04-03,27.940263748168945,0.006745459754500071,73.50456070037289,1.3823177413554113,1.3081743859147659,28.890376333939614,22.262340684187826,25.57635850906372,19.80375994447831
2023-04-04,27.42871856689453,-0.01847820621376866,67.65166327241707,1.3433329320092433,1.3152060951336615,29.00939351063811,22.559455099286208,25.784424304962158,19.725200901933597
2023-04-05,26.857223510742188,-0.021055770546433372,61.73718285564616,1.2518912913525497,1.3025431343774394,29.08321499739204,22.75539469804253,25.919304847717285,20.059706586359134
2023-04-06,27.013086318969727,0.005786610236337167,62.695080120117225,1.178415913245349,1.2777176901510212,29.06666953726201,23.131721232696485,26.099195384979247,19.80109284092877
2023-04-10,27.55460548400879,0.019848262765448817,65.89013289712265,1.1506186026716492,1.2522978726551468,28.96279097891637,23.696591650478158,26.329691314697264,19.79510240517617
2023-04-11,27.144969940185547,-0.014977929854084474,61.59269492780219,1.0830501410035396,1.2184483263248254,28.655473424433993,24.42383756494589,26.539655494689942,19.566106644697168
2023-04-12,26.47156524658203,-0.02512061263503912,55.21703025007943,0.9640505428735082,1.167568769634562,28.42236697913042,24.89992878197798,26.6611478805542,19.91641006116283
2023-04-13,26.43959617614746,-0.0012084056923028776,54.926349980092006,0.8572806692854122,1.105511149564732,28.11120435016593,25.434393870659267,26.7727991104126,19.68371931147044
2023-04-14,26.734331130981445,0.011085807959346898,57.1652027946782,0.7873710989762479,1.0418831394470354,28.035600050017965,25.63159031100498,26.833595180511473,19.79606581709164
2023-04-17,26.978116989135746,0.009077505893071939,58.98012772362791,0.7430730585129908,0.9821211232602265,27.975635306098944,25.81914180113983,26.897388553619386,19.588417898506894
2023-04-18,27.64253234863281,0.024329558181178712,63.51710944310662,0.7529003425713086,0.936276967122443,27.99933779003806,25.971983315918973,26.985660552978516,20.22042822555601
2023-04-19,27.906295776367188,0.009496704754335835,65.1643471574427,0.7730606779625155,0.9036337092904575,28.0902146061296,26.05415337482743,27.072183990478514,19.69788542527271
2023-04-20,27.080026626586918,-0.03005588713784505,56.55053497500429,0.7141327957029304,0.8657335265729521,28.078239155016348,26.12967252711256,27.103955841064455,19.87396297021001
2023-04-21,27.095014572143555,0.0005533155345114586,56.66244140461452,0.6610215810914966,0.824791137476661,28.074194088807346,26.126523837218045,27.100358963012695,19.659353484060556
2023-04-24,27.01808357238769,-0.0028433430804525963,55.86706912367828,0.6057402752918541,0.7809809650396997,28.07474080658434,26.152253898615857,27.1134973526001,19.642342180896758
2023-04-25,26.217792510986328,-0.03006812000079094,48.27547475789081,0.4916848054476759,0.723121733121295,28.106335770887128,26.091684591966875,27.099010181427,19.751797965153436
2023-04-26,26.93216133117676,0.02688287722718999,54.251509130916176,0.45370854771660163,0.6692390960403565,28.08053813996752,26.17203449186842,27.12628631591797,19.822693424987726
2023-04-27,27.20192146301269,0.009966451848864945,56.30452811420618,0.4403039284131651,0.6234520625149182,28.089886883421165,26.18686425335862,27.138375568389893,19.748182712604258
2023-04-28,27.724454879760746,0.019027258527874184,60.044857618610806,0.46646760262070686,0.592055170536076,28.139539307160668,26.1737795176074,27.156659412384034,19.49300381621963
2023-05-01,28.884428024291992,0.0409877558550954,66.83231529049122,0.5741838078727497,0.5884808980034107,28.44057347612793,25.985945345588377,27.213259410858154,20.1617239470169
2023-05-02,28.18504905700684,-0.02451096514440436,60.19291100033216,0.5962425261885222,0.5900332236404331,28.487724608020827,25.96327274457927,27.22549867630005,19.813776922674236
2023-05-03,27.77741241455078,-0.014568474704659532,56.659756388674154,0.5742121884201836,0.5868690165963832,28.52643179657699,25.959434940788736,27.242933368682863,19.764555483462704
2023-05-04,27.53762626647949,-0.0086698899896799,54.628466691999336,0.5312799839017543,0.5757512100574576,28.553455588223667,26.000451424715788,27.276953506469727,19.589596159569936
2023-05-05,28.65463256835937,0.039761827946504416,61.54469927934479,0.5806950843987941,0.5767399849257249,28.768290679397193,25.949770958481228,27.35903081893921,19.705756004681277
2023-05-08,29.12521743774414,0.016289252211437736,64.0322204227029,0.6503325449169282,0.5914584969239656,29.052712578545236,25.822410254706714,27.437561416625975,19.658994106476516
2023-05-09,28.54572868347168,-0.0200970609067365,58.973301200227176,0.6512535886297179,0.603417515265116,29.189434612426474,25.825764095154092,27.507599353790283,19.567667240450792
2023-05-10,28.85944938659668,0.010930157765340258,60.77985630766399,0.6695796637123372,0.6166499449545603,29.33793291701763,25.9160542045644,27.626993560791014,19.72725526464648
2023-05-11,28.55272483825684,-0.010685101922715334,58.08676030311586,0.6518391071292982,0.6236877773895079,29.395149016145062,26.070150971647905,27.732649993896484,19.590524732504228
2023-05-12,28.31493759155273,-0.008362876981411973,56.014624099925825,0.6115426615550348,0.6212587542226133,29.423873442375772,26.199487191474326,27.81168031692505,19.429448558926914
2023-05-15,28.927392959594727,0.021399503976212035,59.975055143216004,0.6218590636235035,0.6213788161027913,29.54467362825143,26.273614602644564,27.909144115447997,19.498838596342967
2023-05-16,29.18716049194336,0.008939903931481235,61.55614371569514,0.6435771981537002,0.6258184925129732,29.712276962671538,26.26047408255551,27.986375522613525,19.92343504582448
2023-05-17,30.15130424499512,0.032499277384254205,66.7984816052121,0.7301703699161983,0.6466888679936182,30.076263846741835,26.12098804534801,28.098625946044923,19.88517380822941
2023-05-18,31.649980545043945,0.04850935312140261,72.96887572874883,0.9092455185098984,0.6992001980968743,30.80259686151,25.851650422425546,28.327123641967773,20.433882319190477
2023-05-19,31.236347198486328,-0.013155142829556949,69.14913322229077,1.0061883962466922,0.7605978377268379,31.256256188954758,25.81212435761507,28.534190273284914,19.97652377010401
2023-05-22,31.148426055908203,-0.002818675013218132,68.33034328135709,1.0636606065043708,0.8212103914823445,31.60164085870923,25.879773936212644,28.740707397460938,19.734404414925592
2023-05-23,30.66085624694824,-0.0157769158356931,63.817466436920085,1.0576727453760633,0.8685028622610883,31.685602916723788,26.24011825179428,28.962860584259033,19.691151713371305
2023-05-24,30.510988235473636,-0.004899911473737808,62.45211684227631,1.028972867561027,0.9005968633210761,31.771424966703812,26.512178892243945,29.14180192947388,20.39673066514978
2023-05-25,37.946407318115234,0.21808794178865917,82.47966754172765,1.5878998659786525,1.0380574638525915,34.28637957303633,25.071672871421683,29.679026222229005,21.157584645048264
2023-05-26,38.91155624389648,0.025116451648836288,83.69536895308005,2.084701846100611,1.2473863403021954,36.32535267274162,24.151409908129956,30.23838129043579,20.38694938958942
2023-05-30,40.07552337646485,0.02947447614986854,85.04325374336605,2.5430289596648556,1.5065148641747275,38.26248302998628,23.333389086102592,30.797936058044435,20.64357415207383
2023-05-31,37.80053329467773,-0.05844254748377177,72.43849123899035,2.6916560767630564,1.7435431066923934,39.255700268531086,23.301720271324868,31.278710269927977,20.725842515457288
2023-06-01,39.734825134277344,0.04990479973327562,75.7319808884873,2.931730163383399,1.9811805180305946,40.513729080595255,23.23943273123336,31.876580905914306,20.270509417402636
2023-06-02,39.29220962524414,-0.0112017397240164,73.56568435039779,3.051104006443609,2.195165215713198,41.450944257339074,23.477675890366,32.46431007385254,19.99497012272423
2023-06-05,39.13636016845703,-0.0039743084015303395,72.77629389013893,3.0974276703346106,2.3756177066374806,42.2576705450858,23.719122362629033,32.98839645385742,19.797162117312094
2023-06-06,38.61981201171875,-0.013286553110668686,70.09173097736587,3.057216697400179,2.51193750479002,42.87083492665573,24.055417438456573,33.46312618255615,19.778393003278506
2023-06-07,37.44572448730469,-0.03087287179514723,64.28701160016558,2.8972128938954427,2.5889925826111044,43.17741275554384,24.638839189951767,33.908125972747804,20.053831278699285
2023-06-08,38.479923248291016,0.0272440936557436,66.88827579307349,2.8213373034915463,2.635461526787193,43.55318678048654,25.225112551178498,34.38914966583252,19.85044638952278
2023-06-09,38.73971557617188,0.006728684878980806,67.52811776433869,2.7504627980944747,2.6584617810486493,43.82601806699981,25.97098033845674,34.898499202728274,19.873972322231776
2023-06-12,39.4511604309082,0.018198146003945277,69.27888155672584,2.720343469764117,2.670838118791743,44.03632347228956,26.87429721710253,35.455310344696045,19.77832097106997
2023-06-13,40.98995208740234,0.03826350353911522,72.70657093772142,2.788497250994695,2.6943699452323333,44.399885507385235,27.716991094787616,36.058438301086426,20.234214752822016
2023-06-14,42.963417053222656,0.0470220217519516,76.35086910643763,2.967543746371895,2.7490047054602456,44.97402107403033,28.520481184270455,36.74725112915039,20.422788926544346
2023-06-15,42.61968994140625,-0.008032635693742471,74.48536670674144,3.046584350680682,2.808520634504333,45.37967551559541,29.36166531234649,37.37067041397095,20.15872644971435
2023-06-16,42.658653259277344,0.0009137916877829414,74.5612427265316,3.076900024990046,2.862196512601476,45.78657421208267,30.055633887282568,37.92110404968262,20.30122765245395
2023-06-20,43.77378845214844,0.02580505770533011,76.69714158543164,3.1545438874843583,2.9206659875780523,46.16472038237512,30.931231842356326,38.547976112365724,19.927317088272275
2023-06-21,43.01137924194336,-0.017570486863996516,72.2317628296347,3.1186077870577407,2.96025434747399,46.155431129141974,32.12681641419299,39.14112377166748,20.128339144405242
2023-06-22,42.99139404296875,-0.000464757090289058,72.11324077695755,3.053318771853057,2.9788672323498036,45.72263528409177,33.79266603884523,39.7576506614685,19.850362608259054
2023-06-23,42.176029205322266,-0.01914792578469455,67.26391589463528,2.902327405121433,2.96355926690413,44.50981212366114,36.17199329626073,40.340902709960936,19.696434532165092
2023-06-26,40.60026168823242,-0.03807751923298736,59.00571917753759,2.6252521175140373,2.8958978370261113,44.48766512655918,36.45952573037441,40.473595428466794,20.20293181967522
2023-06-27,41.8432846069336,0.030156808555318527,62.87750972228017,2.477411459854615,2.812200561591812,44.608108871558734,36.632254821678565,40.62018184661865,19.951454167366467
2023-06-28,41.08489227294922,-0.018290851338565447,59.20353866618784,2.272850741771066,2.704330597627663,44.65510114695466,36.68619943593108,40.67065029144287,20.183078343263098
2023-06-29,40.79010772705078,-0.00720087498445464,57.79006080755208,2.06316536363655,2.5760975508294406,44.56853503736495,37.0717229887581,40.820129013061525,19.757033530909677
2023-06-30,42.26895523071289,0.03561330336405945,62.612543018531035,1.9933408327562105,2.459546207214795,44.71205652395787,37.18161451180873,40.9468355178833,20.03241202660149
2023-07-03,42.3798713684082,0.0026206199336546105,62.954403210128156,1.924766879856925,2.3525903417432215,44.83384420751286,37.368593002570144,41.1012186050415,19.1048325925525
2023-07-05,42.28395080566406,-0.002265917160885524,62.422824371011885,1.8414544003026023,2.2503631534550976,44.90687578130707,37.61032049249663,41.25859813690185,19.595074368919146
2023-07-06,42.07011413574219,-0.005069989884247266,61.18253173581465,1.7381376588881778,2.147918054541714,44.87456020570591,37.98766628050014,41.43111324310303,19.53116231648457
2023-07-07,42.46980285644531,0.00945569177110099,62.6753299946335,1.6692676579057562,2.0521879752145225,44.5934857668596,38.77114855626051,41.68231716156006,19.690106966082755
2023-07-10,42.14705657958984,-0.007628452394568019,60.6471416510229,1.570540544932129,1.955858489158044,44.35962652204767,39.371721134202325,41.865673828125,19.684547553141513
2023-07-11,42.37187194824219,0.005319894674046118,61.57979608111617,1.4932263343190044,1.8633320581902362,44.0666115895841,40.02795170387293,42.047281646728514,19.513422504741687
2023-07-12,43.867706298828125,0.034693685118241294,67.15714228049191,1.534961515403097,1.7976579496328084,44.04325017468971,40.492967705559316,42.26810894012451,19.991953547966414
2023-07-13,45.94108963012695,0.04618148576478413,73.00649711016318,1.7155656806819621,1.7812394958426392,44.83715646692285,40.19417516759863,42.51566581726074,19.985547979745633
2023-07-14,45.4334831237793,-0.011110568571044687,69.732095067284,1.7970212378079538,1.7843958442357022,45.29910104783577,39.979237193741376,42.63916912078857,20.46459225482455
2023-07-17,46.42470550537109,0.02158241681213371,72.34087547229886,1.919432690636981,1.811403213515958,45.9821423291201,39.676697468853526,42.829419898986814,20.05087769088532
2023-07-18,47.45690155029297,0.02199019960956368,74.77867933351959,2.075805647968174,1.8642837004064012,46.837527324185395,39.301137302889806,43.0693323135376,20.159679177274796
2023-07-19,47.040225982666016,-0.008818855746911429,72.01918772051782,2.1414250917876885,1.9197119786826589,47.39223165228486,39.07307672784209,43.23265419006348,19.87346952703189
2023-07-20,45.48444747924805,-0.03363265374970026,62.713532346976464,2.0443249453133774,1.9446345720088025,47.63355977554323,39.07905542831419,43.35630760192871,20.10311815912919
2023-07-21,44.27438735961914,-0.026964107471995426,56.58897839733942,1.8484231692128006,1.9253922914496022,47.7131221053581,39.127792430164355,43.42045726776123,20.686362198341367
2023-07-24,44.57715606689453,0.006815185588986848,57.70204535447172,1.6980267096663653,1.879919175092955,47.82092664026587,39.26010058141382,43.540513610839845,19.762281043035642
2023-07-25,45.64331817626953,0.023635693600399726,61.45037975778397,1.6458939627961726,1.8331141326335985,47.93574638090375,39.64958648957965,43.7926664352417,19.667945772148247
2023-07-26,45.41649627685547,-0.004981832433855672,60.227564950441554,1.5681985370865519,1.7801310135241892,48.0683765625661,39.87427747490949,43.971327018737796,19.71331531537465
2023-07-27,45.8641471862793,0.009808311624754072,61.84143058384396,1.5251648882129771,1.729137788461947,48.153086523596244,40.267493005212344,44.210289764404294,19.93795073670772
2023-07-28,46.713478088378906,0.01834902827382015,64.76293817303929,1.5418211624742355,1.691674463264405,48.25249648850772,40.76042007643369,44.5064582824707,19.618214867388634
2023-07-31,46.692501068115234,-0.0004491579833704471,64.63132191762816,1.5356269579288409,1.6604649621972922,48.43962995700545,41.015641191676195,44.72763557434082,19.341182600581178
2023-08-01,46.470664978027344,-0.004762322251752743,63.16927284224471,1.4955776000822354,1.6274874897742808,48.54907159889962,41.315278910743935,44.93217525482178,19.287184419124806
2023-08-02,44.23442459106445,-0.049317929979903564,50.714817344631285,1.2687667321531535,1.5557433382500554,48.44553688195674,41.613861006226855,45.0296989440918,20.088655455039664
2023-08-03,44.480224609375,0.005541376751289252,51.83881179757104,1.096215008231745,1.4638376722463935,48.2849034818245,42.01550545372237,45.150204467773435,19.596797139232812
2023-08-04,44.64510345458984,0.0036999366373002404,52.619389531721446,0.9616851608092389,1.3634071699589627,48.14301207956883,42.37492691579251,45.25896949768067,19.708992861232428
2023-08-07,45.38152694702149,0.016360490564756646,56.04600009757697,0.9040709417313479,1.2715399243134398,47.90504450647778,42.936341525626716,45.42069301605225,19.590540253152074
2023-08-08,44.62911605834961,-0.016718654354893607,51.91487777541193,0.7886074121126612,1.1749534218732842,47.60560163872289,43.46150880439235,45.53355522155762,19.684363872722837
2023-08-09,42.52076721191406,-0.048393875583024465,42.46855114496789,0.5209701813611431,1.0441567737708561,47.83284765219892,43.0995688822249,45.46620826721191,20.189596267460306
2023-08-10,42.354888916015625,-0.0039087416736477455,41.82374989694835,0.2921134535341636,0.8937481097235177,48.0174820679165,42.5563143950962,45.28689823150635,20.015421177655494
2023-08-11,40.82308578491211,-0.0368361057399196,36.33710536997202,-0.01271430041869337,0.7124556276950755,48.43612499670543,41.676631732420546,45.05637836456299,20.094191445962927
2023-08-14,43.71883010864258,0.06853115477624487,49.75583572174058,-0.020395024267436668,0.5658854973025731,48.28680631298315,41.55536287646998,44.921084594726565,20.352616563879486
2023-08-15,43.90568161010742,0.004264829121810976,50.48113424715108,-0.01127473059313644,0.4504534517234312,47.915058513790555,41.571988681644015,44.743523597717285,20.332460745255165
2023-08-16,43.45203399658203,-0.010386070384254473,48.64511542928873,-0.04018912801736718,0.3523249357752716,47.59128421242148,41.53694378440469,44.564113998413085,20.08356652990051
2023-08-17,43.310150146484375,-0.0032706409590240876,48.056409565271586,-0.07370323224052555,0.26711930217211216,47.49952689824036,41.411271365309446,44.455399131774904,19.9300662521894
2023-08-18,43.26517868041992,-0.0010388980491015248,47.85870856628463,-0.1027082658080758,0.19315378857607457,47.494814361518294,41.31506303411159,44.40493869781494,20.18501420330277
2023-08-21,46.93031311035156,0.08131567768622931,61.69104150090652,0.1681128534803591,0.1881456015569315,47.812799387413435,41.23239371256216,44.522596549987796,20.355924207076328
2023-08-22,45.63233184814453,-0.02804730460962237,56.02287925090233,0.27483616131113564,0.20548371350777234,47.81146581322708,41.23262865393601,44.522047233581546,20.442616312724127
2023-08-23,47.079200744628906,0.03121480867714655,60.391587551276764,0.4707389935327342,0.2585347695127647,48.0691950372697,41.14116987667072,44.60518245697021,20.47358065343944
2023-08-24,47.12615966796875,0.0009969480934750197,60.52863848387089,0.622605582536508,0.3313489321175134,48.27201711314681,41.06454904896257,44.66828308105469,20.868269669621004
2023-08-25,45.9820556640625,-0.024577027681228745,55.49076421378118,0.6432266011590642,0.39372446592582355,48.16215689886253,41.10126702081521,44.63171195983887,20.645672877271814
2023-08-28,46.79841613769531,0.0175981330162426,58.16631783283872,0.7171752250288321,0.4584146177464253,48.18076104071915,41.093254385916595,44.63700771331787,20.34520965038229
2023-08-29,48.745887756347656,0.040771481030667946,63.762541946724,0.9222931053317751,0.5511903152634953,48.66869407182621,40.83284363264157,44.75076885223389,20.368584619926963
2023-08-30,49.22552490234375,0.009791447626866597,65.0042256182738,1.110749187240252,0.6631020896588466,49.38749252245903,40.61315521313668,45.00032386779785,20.415661291377226
2023-08-31,49.31645202636719,0.0018454500845865964,65.2473377610685,1.252995299059414,0.7810807315389602,50.02397448141052,40.46029599588441,45.242135238647464,20.08568580672682
2023-09-01,48.47110748291016,-0.017289839452658034,61.004303856567944,1.2827276419005358,0.8814101136112753,50.41659308502471,40.450277795102245,45.43343544006348,19.955028665902848
2023-09-05,48.51007843017578,0.0008036806107559379,61.129797693250445,1.2945130271915417,0.9640306963273286,50.7591036470794,40.42062238136299,45.589863014221194,19.762639133865527
2023-09-06,47.02811813354492,-0.031025898053968923,54.01155643900205,1.1707752509539304,1.005379607252649,50.896491680952956,40.52313455500896,45.70981311798096,19.965409456150713
2023-09-07,46.20868682861328,-0.01757787397924847,50.50927120538908,0.9951197922438269,1.0033276442508847,50.86108013721178,40.92733806042006,45.89420909881592,19.887010122716223
2023-09-08,45.540157318115234,-0.014573291872575563,47.786787013048496,0.792827608174882,0.9612276370356843,50.738787902331914,41.36815713550988,46.0534725189209,19.97475181530943
2023-09-11,45.14643096923828,-0.008683286695551714,46.20713337832466,0.5938931386016222,0.8877607373488718,50.290743828049386,42.24853572822502,46.269639778137204,19.976646149238686
2023-09-12,44.838645935058594,-0.006840828391780304,44.9560678425618,0.4067121339176296,0.7915510166626234,50.226574678954755,42.42468645996126,46.325630569458006,19.671315738487728
2023-09-13,45.453216552734375,0.01361318931023954,47.98446665567289,0.30445102984683103,0.694131019299465,50.160601550348744,42.64541308282996,46.40300731658935,19.802854127998277
2023-09-14,45.54915618896485,0.002108509237378057,48.46117101184685,0.2285157081248883,0.6010079570645497,50.02828850998444,42.98743834243255,46.507863426208495,19.729275694108207
2023-09-15,43.86932373046875,-0.03757679884197451,41.320567387360185,0.03241432594845861,0.48728923084133147,49.95679467907872,43.114849531736716,46.53582210540772,20.043688174627263
2023-09-18,43.93527603149414,0.0015022519004106794,41.68387819959259,-0.11633459990225248,0.3665644646926147,49.866304324151265,43.27234962177159,46.56932697296143,20.030660511556434
2023-09-19,43.48958587646485,-0.010196047358501808,39.886632071995805,-0.2671036612987052,0.23983083949435074,49.9630738320267,42.831507390507475,46.39729061126709,19.737260547339563
2023-09-20,42.2094841003418,-0.029876566788323674,35.1931637491315,-0.48430003443338876,0.09500466470880284,50.246153841085125,42.206142606668784,46.226148223876955,19.721166643380737
2023-09-21,40.98833465576172,-0.029357431876123146,31.39763363893701,-0.7463626752383803,-0.07326880328063379,50.54680305247271,41.29640678639447,45.92160491943359,19.926392362438406
2023-09-22,41.58092498779297,0.014354022531627932,35.057885616313555,-0.8959046872712619,-0.23779598007875943,50.61726445229219,40.671421918557414,45.6443431854248,19.987703729239094
2023-09-25,42.1924934387207,0.014600796459204859,38.69330869895629,-0.9540714050318897,-0.3810510650693855,50.65709983713373,40.252630311181704,45.454865074157716,19.85359864046243
2023-09-26,41.88171005249024,-0.00739310725266852,37.543152875708664,-1.0135628482754697,-0.5075534217106024,50.60501323570299,39.813046304091934,45.20902976989746,19.81266389567554
2023-09-27,42.43832778930664,0.013202693841905278,40.92982388465067,-1.0042198251074552,-0.6068867023899729,50.15487411976079,39.632429423330024,44.89365177154541,19.91343876429342
2023-09-28,43.05888748168945,0.014516743924948129,44.54043423952259,-0.9359523548557362,-0.6726998328831256,49.48820953529517,39.68243026573022,44.585319900512694,19.866806473522885
2023-09-29,43.46860122680664,0.009470211451248127,46.85034122603346,-0.8391166038530926,-0.705983187077119,48.67796492544101,39.90788979562833,44.29292736053467,19.801535338835528
2023-10-02,44.750709533691406,0.02906843351091795,53.39225720208973,-0.6514091094544838,-0.695068371552592,48.037782307573046,40.17603261857442,44.10690746307373,19.886936273267693
2023-10-03,43.4865837097168,-0.02865483003966685,47.22079531526568,-0.5977633136535019,-0.6756073599727741,47.20020351322381,40.511261940877745,43.85573272705078,19.970050132044165
2023-10-04,44.01022720336914,0.011969573292320398,49.808813501599964,-0.5071488836758675,-0.6419156647133928,46.7008182620051,40.70885809907888,43.70483818054199,19.706660175122575
2023-10-05,44.65677261352539,0.014583934744415324,52.88100647841067,-0.37879892566182605,-0.5892923169030795,46.42393255502799,40.830552384547204,43.627242469787596,19.790548425396867
2023-10-06,45.73002624511719,0.02374913349073444,57.52838283701138,-0.18830737055903057,-0.5090953276342697,46.461910794173576,40.811561038101814,43.636735916137695,19.88955919838024
2023-10-09,45.24136352539063,-0.010743320972192535,54.87454549942754,-0.07589753869816462,-0.4224557698470487,46.47763494821133,40.8053301396793,43.641482543945315,19.83087472283752
2023-10-10,45.765995025634766,0.011529558053781953,57.159494740865696,0.05488871749375335,-0.3269868723788883,46.63457758465854,40.741122412289705,43.68784999847412,19.72517377129694
2023-10-11,46.77329254150391,0.021771019172119547,61.219752690135486,0.23708528737163448,-0.21417244042878375,46.91817872146887,40.589528874356326,43.7538537979126,19.750767124427554
2023-10-12,46.91219329833984,0.0029652588630456013,61.757986925997535,0.3882104633213217,-0.09369585967876266,47.200595433009944,40.44341587375275,43.822005653381346,19.99205327765727
2023-10-13,45.42923355102539,-0.032121818059988386,53.25906707047546,0.3838905448258032,0.00182142122215051,47.35436234980657,40.44563993901179,43.90000114440918,19.97696046837579
2023-10-16,46.06279373168945,0.013849738095372544,56.04229520026219,0.4266715855466643,0.08679145408705327,47.59378232931371,40.41897172952417,44.00637702941894,19.74270055175878
2023-10-17,43.90729904174805,-0.04792497528810918,46.00531240653404,0.2833788463378113,0.1261089325372049,47.6068549570134,40.447670418352814,44.027262687683105,20.515420913811727
2023-10-18,42.16651153564453,-0.04045423095235847,39.80506411791893,0.029016826854380895,0.1066905114006401,47.609349055113924,40.44087906378256,44.02511405944824,20.256925889813846
2023-10-19,42.07158660888672,-0.002253730058679288,39.49250300091617,-0.17817269056607188,0.049717871007297715,47.499266992839665,40.65928632136932,44.079276657104494,20.03258162279303
2023-10-20,41.35808181762695,-0.017104759029701818,37.13229784963814,-0.39538796316901426,-0.039303295827964685,47.52366380820397,40.61260518898842,44.068134498596194,19.983584547509405
2023-10-23,42.94497299194336,0.0376517469115003,45.004514990554426,-0.43447541397321743,-0.11833771945701524,47.490970728206186,40.72054622430846,44.10575847625732,19.986229464906472
2023-10-24,43.63248825073242,0.015882417919683017,48.040200809296515,-0.40530367627854247,-0.1757309108213207,47.423344690896286,40.96325008144258,44.193297386169434,19.810625935174578
2023-10-25,41.74980545043945,-0.04410722482263381,41.314843078627455,-0.5280150034496387,-0.2461877293469843,47.48103790403033,40.83670463442182,44.158871269226076,19.80291437395225
2023-10-26,40.29782104492188,-0.03539739228962424,37.0114043814827,-0.733966907474553,-0.34374356497249803,47.74107057231367,40.30056532246173,44.0208179473877,20.108931687086308
2023-10-27,40.4717025756836,0.004305628944966297,37.84633889673521,-0.8730900502541132,-0.4496128620288211,47.912430141503286,39.8295158881598,43.87097301483154,19.848078662349998
2023-10-30,41.13223648071289,0.016189128591066058,41.04338830947261,-0.9194477560163392,-0.5435798408263248,47.886679807668294,39.493418916696946,43.69004936218262,19.77658806250937
2023-10-31,40.751502990722656,-0.009299434448080728,39.773438888607465,-0.9756617610883467,-0.6299962248787292,47.9512669133317,39.155323739134126,43.55329532623291,20.06542595480371
2023-11-01,42.29542922973633,0.037186301964535304,46.942759872585164,-0.885423213105625,-0.6810816225241084,47.894783279599324,39.04032757550321,43.46755542755127,19.89679981488564
2023-11-02,43.4755973815918,0.027520776773958363,51.677949142819166,-0.7104887350440166,-0.68696304502809,47.80030037327947,39.016692958629704,43.40849666595459,19.829646165947068
2023-11-03,44.97355270385742,0.033874798351407054,56.93192207092699,-0.445840058603693,-0.6387384477432106,47.69073639659787,39.05060958118533,43.3706729888916,19.866681660889153
2023-11-06,45.71902847290039,0.01643998989719799,59.303404477357695,-0.1739452785788913,-0.5457798139103468,47.763173613043264,39.02593885949092,43.39455623626709,19.808805930587955
2023-11-07,45.922889709472656,0.004449090042886377,59.952819260075366,0.05732241442726149,-0.42515936824282513,47.78947293248821,39.01532900842976,43.402400970458984,19.653721941939697
2023-11-08,46.54145812988281,0.013379808819509452,61.93753700195394,0.28720629388728725,-0.28268623581680263,47.74145310801825,39.04016539173762,43.39080924987793,19.66402521446068
2023-11-09,46.91719055175781,0.008040656514919097,63.132744272616684,0.4940146969883088,-0.12734604925578036,47.74255498668914,39.03956323840852,43.39105911254883,20.107997796311263
2023-11-10,48.30121994018555,0.029072673321303005,67.21644333446831,0.7608211783011427,0.05028739625560426,48.33568489348816,38.733631970525515,43.534658432006836,19.85872517249812
2023-11-13,48.58602523803711,0.0058791251142305085,68.00190408729244,0.9839067794056078,0.23701127288560497,48.85784983319267,38.46379018145577,43.66082000732422,19.766507217119702
2023-11-14,49.62129592895508,0.021084151976866843,70.74568189964373,1.2300620287839834,0.4356214240652807,49.78878596895302,38.10425373441612,43.94651985168457,19.848486464326033
2023-11-15,48.85383987426758,-0.01558711418211006,66.2130282398509,1.3476793391334638,0.6180330070789173,50.450500958659404,38.111271578572044,44.280886268615724,19.979871132884615
2023-11-16,49.44542694091797,0.012036594538470856,67.91929279715802,1.4716636150758688,0.7887591286783076,51.13644745250857,38.162709117926006,44.64957828521729,19.64373827382703
2023-11-17,49.26355743408203,-0.0036849677623117362,66.80239094875253,1.5375230886726001,0.9385119206771662,51.64959545598356,38.440108676096514,45.044852066040036,19.599966313748467
2023-11-20,50.37377166748047,0.022286028611974127,70.04114958297052,1.660164859098714,1.0828425083614759,52.351117264992574,38.48146673464121,45.41629199981689,19.841666347276945
2023-11-21,49.90909576416016,-0.009267370208048143,67.09086953179268,1.7002642953887914,1.206326865766939,52.88950483465159,38.57073991632497,45.73012237548828,20.1536575415359
2023-11-22,48.68195343017578,-0.024894870692942588,59.913517248230214,1.6144133052083092,1.287944153655213,53.09456039826057,39.058899150689626,46.0767297744751,20.61726067021239
2023-11-24,47.74261474609375,-0.0194840053348655,55.058023369680754,1.4538202605508772,1.321119375034346,52.94666760460464,39.951271314462744,46.44896945953369,19.50128180321254
2023-11-27,48.208290100097656,0.009706610083678263,56.9218740868949,1.348579638297636,1.3266114276870042,52.72816921064239,40.9434284608664,46.835798835754396,19.796070871923924
2023-11-28,47.78758239746094,-0.008765176777080193,54.714170962021804,1.2171970019823561,1.3047285425460746,52.42175008766187,41.91538217552172,47.168566131591795,19.81069567765034
2023-11-29,48.10636138916016,0.006648598511697115,56.10343852726013,1.1258203603098522,1.2689469060988303,51.84240721087213,43.230210892155206,47.53630905151367,19.760944258108193
2023-11-30,46.73732376098633,-0.028871352310491233,49.132337507861244,0.9321881338424802,1.2015951516475605,51.32024308079818,44.196564475354165,47.75840377807617,20.081281244132274
2023-12-01,46.73232650756836,-0.00010692782969387308,49.10835095009239,0.7694601056100012,1.1151681424400486,50.91041054674765,44.93206992200235,47.921240234375,19.72716591450648
2023-12-04,45.47819900512695,-0.027203073252834636,43.38401357395699,0.533153500895672,0.9987652141311734,50.83779409279161,45.05515100608534,47.946472549438475,19.896685546931995
2023-12-05,46.53755569458008,0.023026567579011312,48.8118246723197,0.42644426159272086,0.884301023623483,50.76697883022987,45.20781899081505,47.98739891052246,19.733646062935303
2023-12-06,45.47520065307617,-0.02309249918933352,44.23213832997361,0.2532341219437342,0.7580876432875332,50.82076496599396,45.109263949411314,47.96501445770264,19.757233240804915
2023-12-07,46.56753540039063,0.0237364963433904,49.48068314849469,0.20178012773735077,0.6468261401774968,50.819354679126384,45.113281963329676,47.96631832122803,19.675792383587662
2023-12-08,47.47697448730469,0.019341212756841378,53.411945629901496,0.23171552806752516,0.5638040177555026,50.81480574166719,45.17380929434356,47.99430751800538,19.699456710088832
2023-12-11,46.598514556884766,-0.018676181714952396,49.41211978516844,0.1824519808503453,0.4875336103744711,50.79274937913809,45.02559511854258,47.909172248840335,20.049387810038333
2023-12-12,47.62788772583008,0.021849802109922205,53.779976807528456,0.22389119829291104,0.4348051279581592,50.7292894759171,44.99324127054287,47.86126537322998,19.735444196742918
2023-12-13,48.058624267578125,0.00900313831636968,55.51098176019201,0.2881671047672114,0.40547752331996967,50.531933119146544,45.03433046117573,47.783131790161136,19.919839399084168
2023-12-14,48.32046127319336,0.0054334952096181536,56.575628874152585,0.35612904784012045,0.39560782822399987,50.47166951425531,45.04125620595954,47.756462860107426,19.784811294926563
2023-12-15,48.86013412475586,0.011106711111091752,58.76587955148435,0.44836795951373887,0.4061598544819477,50.37760082188723,45.07679561671142,47.727198219299325,19.989188324747957
2023-12-18,50.0464096069336,0.023988956154031436,63.16404792755654,0.6101569691239064,0.4469592774103395,50.53285907438473,44.999822581499075,47.7663408279419,19.837957653015454
2023-12-19,49.57369613647461,-0.009490393830423018,60.39936947094297,0.6922520477377176,0.49601783147581513,50.35374489235414,45.09892921042908,47.72633705139161,19.956351551361713
2023-12-20,48.08160781860352,-0.030560643077851245,52.576790114661364,0.6296556532290438,0.5227453958264608,50.06223480433466,45.2076905038929,47.63496265411378,19.801696198631078
2023-12-21,48.96006774902344,0.018105291811253175,56.175498586663394,0.6435139066448698,0.5468990979901427,50.104417805071044,45.19331893504127,47.64886837005616,19.520708700090257
2023-12-22,48.80016708374024,-0.003271285265470616,55.352113632263276,0.6342824121572477,0.5643757608235638,50.21075979528825,45.19273217858872,47.701745986938484,19.346949533027985
2023-12-26,49.2488899230957,0.00915309103112572,57.24596414437844,0.6556170243202857,0.5826240135229082,50.3487058078204,45.15884614835637,47.753775978088385,19.313498123735883
2023-12-27,49.38681411743164,0.002796640132940233,57.83795288206327,0.6758632570523702,0.6012718622288006,50.5296480142125,45.137827113961336,47.83373756408692,19.269326271542333
2023-12-28,49.49174880981445,0.0021224971049427573,58.31091032089237,0.6923944033766816,0.6194963704583768,50.69779136753367,45.10822250270559,47.90300693511963,19.323225434409768
2023-12-29,49.49174880981445,0.0,58.31091032022107,0.69745562168346,0.6350882207033934,50.8649592697598,45.21649710536227,48.04072818756104,19.77984283399626
2024-01-02,48.13856887817383,-0.027722261386769455,49.9336913788796,0.5855267739959729,0.6251759313619094,50.867319937889484,45.35476067429314,48.11104030609131,19.83472158887191
2024-01-03,47.53993988037109,-0.012513506262829427,46.73495286770966,0.443406682404742,0.588822081570476,50.69639631613256,45.73185838357447,48.21412734985351,19.58662764417632
2024-01-04,47.96867752075195,0.008978048932605938,49.24280114862537,0.36120725794165764,0.5432991168447123,50.643864226106935,45.92750265621728,48.28568344116211,19.540842502579267
2024-01-05,49.06700897216797,0.022638647684884643,55.0778674905144,0.3803058615899033,0.5107004657937506,50.43779191931207,46.49275579492133,48.4652738571167,19.84388305209254
2024-01-08,52.2210807800293,0.062299365788037464,66.85999184870883,0.6425420529774399,0.5370687832304885,51.149177842245,46.346724409952266,48.747951126098634,20.28089294037126
2024-01-09,53.10753631591797,0.016832585305361754,69.29729703175762,0.9113897436456639,0.6119329753135236,52.044997549921916,46.01396088513668,49.0294792175293,20.465918965584198
2024-01-10,54.31679916381836,0.02251471092795929,72.29111125403841,1.2081046031909324,0.7311673008890054,53.0358320235525,45.794954872199455,49.41539344787598,20.09552430333676
2024-01-11,54.78850936889648,0.008646932959436146,73.38147515548664,1.464435240525333,0.877820888816271,54.01289958218499,45.5339494778736,49.773424530029295,20.207023906437705
2024-01-12,54.67658233642578,-0.002044982007197613,72.65094520426891,1.6396467145870943,1.0301860539704357,54.789865810241544,45.418779056701815,50.10432243347168,19.68196162041889
2024-01-16,56.34755706787109,0.030103379802339143,76.42436080641565,1.8915323584306947,1.2024553148624877,55.87336042842801,45.137994017983125,50.505677223205566,19.923824373792847
2024-01-17,56.01875686645508,-0.0058523080154568655,74.25338272492687,2.04109366037833,1.3701829839656563,56.70323795013494,45.023978770446114,50.86360836029053,19.977548760120957
2024-01-18,57.072113037109375,0.01862903052218305,76.55147279229757,2.2190394044592523,1.5399542680643754,57.661283649841124,44.768503413757514,51.21489353179932,20.013277641224406
2024-01-19,59.45465469360352,0.040898306791388984,80.73914256679423,2.5232276904599757,1.7366089525434956,59.07471164333518,44.343171275976346,51.70894145965576,20.113542106290172
2024-01-22,59.61756134033203,0.002736268019475592,80.9891434403982,2.7457925166615738,1.9384456653671114,60.23881225624031,44.33266601524407,52.28573913574219,19.931303342972367
2024-01-23,59.836421966552734,0.0036643545080315846,81.33957321463359,2.9063345527669,2.132023442847069,61.2959857125107,44.3631279807266,52.82955684661865,19.501312347978338
2024-01-24,61.32451248168945,0.0245651018258829,83.55869886243374,3.1177028038829278,2.329159315054241,62.50031084805825,44.41123738497397,53.45577411651611,20.14393115499408
2024-01-25,61.5793571472168,0.004147062765954376,83.9115610392477,3.268104822333477,2.5169484165100884,63.578639048767755,44.56595590667658,54.07229747772217,19.995065409350417
2024-01-26,60.99371337890625,-0.009555903630534693,79.6794420211397,3.301979780373003,2.6739546892826715,64.36943480783708,44.93585007375472,54.6526424407959,19.7824492936323
2024-01-29,62.42684173583984,0.02322453940773922,82.06346708570842,3.405214220069631,2.8202065954400632,65.28795660816832,45.310837566026024,55.29939708709717,19.669817147259558
2024-01-30,62.73564147949219,0.004934391876537896,82.53882974032123,3.471923641319087,2.9505500046158684,66.08413242205685,45.83905101910526,55.961591720581055,19.83345879808589
2024-01-31,61.48941421508789,-0.020064697371359807,74.01365281575508,3.3852086352649735,3.0374817307456894,66.3316304136521,46.9266375612014,56.629133987426755,19.93315611438332
2024-02-01,62.98849487304688,0.024087055238473182,77.08031646990952,3.3982764336037405,3.1096406713173,66.49815108135623,48.30497239276487,57.40156173706055,19.726702790416052
2024-02-02,66.11958312988281,0.048512879530706744,81.88805632896526,3.619561362379109,3.211624809529662,67.05829678710111,49.55991724793307,58.30910701751709,19.98214196335965
2024-02-05,69.2896499633789,0.04683057568183143,85.25941434946921,4.00456700711301,3.370213249046332,68.2446315941029,50.395846540052375,59.32023906707764,20.337718056908983
2024-02-06,68.18132019042969,-0.016124914032451993,79.6753662647231,4.172159743952875,3.5306025480276406,69.2222925065649,51.01420956863043,60.11825103759766,20.342167924095897
2024-02-07,70.05616760253906,0.027126684793507386,81.84187041989642,4.4054790920845335,3.7055778568390196,70.46854889744489,51.46281630641254,60.96568260192871,20.021229264558407
2024-02-08,69.59844207763672,-0.006555131477273046,79.61070307542518,4.50156054413754,3.8647743942987236,71.43691541503182,52.02261408020743,61.729764747619626,19.842395338716475
2024-02-09,72.08894348144531,0.03515849961186659,82.41913098139386,4.724210676458526,4.036661650730684,72.76960556361952,52.419967342874614,62.59478645324707,19.894612746542343
2024-02-12,72.203857421875,0.001592788607675265,82.53864246617441,4.853981428636487,4.200125606311845,73.79260464919719,53.14969576584187,63.47115020751953,20.235033063462488
2024-02-13,72.08394622802734,-0.0016621116743077485,81.91290332980562,4.890772077373413,4.338254900524159,74.69153879186547,53.824400539189206,64.25796966552734,20.21673099625711
2024-02-14,73.8548583984375,0.02427043450615915,83.8590959892628,5.00513071231542,4.4716300628824115,75.66684159660399,54.63270788764894,65.14977474212647,20.039904619276516
2024-02-15,72.61360931396484,-0.01694943382097526,77.55968948945035,4.938672385804196,4.565038527466768,76.22528689140235,55.62841222053613,65.92684955596924,19.856055705632386
2024-02-16,72.56863403320312,-0.0006195700130198229,77.33300907744578,4.826734957897827,4.617377813552981,76.81561954288895,56.34947750300949,66.58254852294922,20.020728710508305
2024-02-20,69.40957641601562,-0.04450794366865804,63.33173218447511,4.432024571040017,4.580307165050388,76.82797494966394,57.31632360380286,67.0721492767334,20.37347145470233
2024-02-21,67.43079376220703,-0.028923052371644463,56.43877550555318,3.914419531220375,4.447129638284386,76.59374134920448,58.309994383827735,67.45186786651611,20.32837710279444
2024-02-22,78.49002075195312,0.15186969820351426,73.6803195360162,4.346497285173655,4.42700316766224,78.22068410732948,58.399602452729106,68.3101432800293,20.57835566630654
2024-02-23,78.76885223388672,0.00354614997342593,73.9601635658904,4.657729976599867,4.473148529449766,79.59071572909144,58.748520339634155,69.1696180343628,20.536198638587265
2024-02-26,79.04368591308594,0.0034830433661829493,74.2507748190912,4.870417763646557,4.552602376289125,80.63728575717445,59.506947564969096,70.07211666107177,20.038033255156304
2024-02-27,78.65292358398438,-0.00495588497601332,73.00326525898784,4.950378234211826,4.632157547873665,81.46865399107234,60.29818751588566,70.883420753479,19.786019565978606
2024-02-28,77.61555480957031,-0.013276945213075507,69.65734949672944,4.873857695137772,4.680497577326487,81.88811049329242,61.3667223466734,71.62741641998291,19.789600031431984
2024-02-29,79.06367492675781,0.018485683866137,71.61324043853585,4.873882721506249,4.71917460616244,82.09960172645832,62.9126571846745,72.50612945556641,20.044591420851056
2024-03-01,82.2287368774414,0.03925129847137455,75.35280423630408,5.0708430804362905,4.78950830101721,82.90044054353542,64.03584256803684,73.46814155578613,19.987492954914405
2024-03-04,85.18492126464844,0.03531959969401716,78.23660797149796,5.403190343187887,4.912244709451346,84.55427852740004,64.28853839764878,74.42140846252441,20.238133952118815
2024-03-05,85.91551971435547,0.008540046838914734,78.89387023768637,5.6602829143438385,5.061852350429844,86.29963708823848,64.205766811908,75.25270195007325,20.07056746320085
2024-03-06,88.64997100830078,0.03133122093521724,81.18426072177203,6.015336936113002,5.252549267566476,88.31291392262335,64.23935505931024,76.2761344909668,20.182874079295335
2024-03-07,92.6167221069336,0.0437740041722491,83.91172918051873,6.5413983007961605,5.510319074212413,91.10070165791815,63.70762277445489,77.40416221618652,20.225881146107685
2024-03-08,87.47862243652344,-0.0570752611542546,69.798218784592,6.4691318942810625,5.702081638226143,92.18233566773002,64.41400680053171,78.29817123413086,20.85628247298149
2024-03-11,85.72562408447266,-0.02024267010464444,65.73585898638493,6.198950289648025,5.80145536851052,92.91951517228094,65.04049535628351,78.98000526428223,20.335194576470315
2024-03-12,91.86115264892578,0.06912644830821668,71.90026724125897,6.4060701112207,5.922378317052556,94.64303576281583,65.28270428845371,79.96287002563477,20.319911002144444
2024-03-13,90.83674621582033,-0.011214328958659554,69.6472700970096,6.413620796008857,6.020626812843816,95.85475520057392,65.94626484947491,80.90051002502442,20.270257763168328
2024-03-14,87.8943862915039,-0.03292795981139425,63.493159997453624,6.111728708407298,6.038847191956513,96.48205604329395,66.72291679606151,81.60248641967773,20.216296104666792
2024-03-15,87.7874526977539,-0.0012173552778261348,63.274337575772286,5.797023923367249,5.990482538238661,96.85327576710625,67.86908141062813,82.36117858886719,20.280232810626597
2024-03-18,88.40511322021484,0.0070112271701299415,64.04513960537383,5.533669459120603,5.899119922415049,97.11305605635715,69.19294904007839,83.15300254821777,20.32125874450436
2024-03-19,89.34758758544922,0.010604431809230826,65.24383662896938,5.339458993941818,5.787187736720403,96.75992087641367,71.53988533696523,84.14990310668945,20.32602333189031
2024-03-20,90.32102966308594,0.010836078305766118,66.48661963946458,5.20410476110392,5.670571141597107,95.42686038457418,75.16196941889262,85.2944149017334,19.987342672822425
2024-03-21,91.3834228515625,0.011693772828339695,67.83826510378563,5.123501274501365,5.561157168177958,95.8876886287031,75.99048138472463,85.93908500671387,19.990071363790502
2024-03-22,94.2358169555664,0.03073623900252556,71.19710728474313,5.229504325778862,5.494826599698139,96.71866356258437,76.70620292301135,86.71243324279786,20.19005655959972
2024-03-25,94.94840240478516,0.007533279695084848,71.9842694040511,5.309804081836759,5.457822096125863,97.4756764896164,77.53966164514921,87.5076690673828,20.12930495251833
2024-03-26,92.50880432128906,-0.026029789628754907,65.39498102518058,5.117594595371486,5.389776595974988,97.47942778739727,78.92149842109882,88.20046310424804,20.057048765863886
2024-03-27,90.1990966796875,-0.025284409459827777,59.81262903950236,4.7244327688065795,5.256707830541306,96.68367848616467,80.97560190934314,88.8296401977539,20.188944677182878
2024-03-28,90.3050308227539,0.0011737588131017758,59.98136153773692,4.3710108959441385,5.079568443621873,95.77412468585905,83.00929129924836,89.3917079925537,19.89134382895301
2024-04-01,90.31202697753906,7.746948016831075e-05,59.99330829134209,4.0448594250411105,4.87262663990572,95.2202668400634,84.37147815505378,89.79587249755859,19.930167928073068
2024-04-02,89.40154266357422,-0.01013270289882245,57.58402767038664,3.6706011544157207,4.63222154280772,94.98602684352588,85.0273802914839,90.00670356750489,19.886396083358278
2024-04-03,88.913818359375,-0.005470370221175813,56.28018055319143,3.296641867927903,4.365105607831756,94.78552104977518,85.52771594973655,90.15661849975587,19.729194630992637
2024-04-04,85.85653686523438,-0.034989840241135516,48.818229874439766,2.722199551427053,4.036524396550815,94.99283731999755,85.04105626520753,90.01694679260254,19.890776128344818
2024-04-05,87.9583740234375,0.024185952793896032,53.39325982581218,2.408783611786717,3.710976239597996,94.6830398338466,84.88501894300887,89.78402938842774,19.80616978338778
2024-04-08,87.08384704589844,-0.009992266421684305,51.3370456862894,2.066016451617685,3.381984282001934,94.70541199117628,84.82316924661669,89.76429061889648,19.46173454229001
2024-04-09,85.30584716796875,-0.020628413260556238,47.344968451568,1.632087587130556,3.0320049430276583,94.75965003534472,84.72695351079787,89.7433017730713,20.033512891447703
2024-04-10,86.98990631103516,0.019549092085809943,51.214588554864925,1.4078564416131059,2.707175242744748,94.55599673984854,84.44348217250497,89.49973945617675,19.883771783164484
2024-04-11,90.56488800048828,0.040274495758247715,58.23194961983885,1.5013165456613393,2.4660035033280665,94.52871300068611,84.44358009013419,89.48614654541015,19.883095517516107
2024-04-12,88.13626098632812,-0.02718255105792657,52.687445890948766,1.3636946255306839,2.24554172776859,94.52587084719534,84.4706097131074,89.49824028015136,19.871837794755276
2024-04-15,85.95249938964844,-0.02508922622762616,48.23974625907363,1.0661273000461051,2.009658842224093,94.62877705018659,84.18420817930561,89.4064926147461,19.909254130060713
2024-04-16,87.36569213867188,0.01630785615585237,51.11567916209818,0.9335742324227851,1.7944419202638318,94.63908290828033,84.06996021305756,89.35452156066894,19.730237141752422
2024-04-17,83.98759460449219,-0.03943356248176011,44.71931781426526,0.5496052253483299,1.5454745812807313,94.89067063943556,83.28237318380663,89.08652191162109,20.020876077038103
2024-04-18,84.62323760986328,0.00753980047787498,46.08642558492685,0.2932180638198929,1.2950232777885637,94.90240589778686,82.70085872013307,88.80163230895997,19.91865064119868
2024-04-19,76.15702819824219,-0.10541153591956817,34.01906789946466,-0.5863637173794984,0.9187458787549513,96.22785829581704,79.85276685677084,88.04031257629394,20.589960705580022
2024-04-22,79.47315216064453,0.042621886737217236,40.58180555925286,-1.0042784296673943,0.5341410170704821,95.7941036464048,78.8102550266909,87.30217933654785,20.20632321074346
2024-04-23,82.37651824951172,0.035881167650156434,45.67641340016378,-1.0886521666252804,0.20958238033132964,94.62647926170713,78.72069099586123,86.67358512878418,19.89900491260663
2024-04-24,79.63206481933594,-0.03388358750098776,42.00967924620063,-1.3612814117587249,-0.10459037808668126,94.07793459090095,77.9815617164721,86.02974815368653,20.054241352458924
2024-04-25,82.58539581298828,0.036416022654826,46.94540866450897,-1.323773289087498,-0.3484269602868446,93.58638165902768,77.71174456167545,85.64906311035156,19.86675466639622
2024-04-26,87.6855239868164,0.05992396413291237,54.195703974144735,-0.8724530162723312,-0.45323217148394196,93.21471613549514,77.82145940161425,85.5180877685547,20.127265332435123
2024-04-29,87.70751190185547,0.00025072734550537633,54.22474761852,-0.5071580057015268,-0.46401733832745895,92.82678481449632,77.94893921504469,85.3878620147705,19.779015351246073
2024-04-30,86.35327911376953,-0.015560771681723347,52.03625594385672,-0.32320859868336527,-0.43585559039864025,92.44963473492356,78.02126293963698,85.23544883728027,19.711864658070006
2024-05-01,82.99414825439453,-0.039676676201377055,46.97211529328129,-0.44337025890493464,-0.4373585240998991,92.00237322492335,77.87655743913915,84.93946533203125,20.14320267069253
2024-05-02,85.76860046386719,0.03288287520186136,51.196699049955264,-0.3111375342897844,-0.41211432613787624,91.99568173672218,77.87445528720362,84.9350685119629,19.750134878546532
2024-05-03,88.7389144897461,0.03404553584227919,55.302281502303025,0.03295745753624146,-0.3230999694030527,92.11326306166805,77.8349280088886,84.97409553527832,19.802818982848894
2024-05-06,92.08802795410156,0.03704643177509847,59.4449717988538,0.5693377137298796,-0.14461243277646624,92.99742328422789,77.45118587714907,85.22430458068848,19.745639451939205
2024-05-07,90.50292205810548,-0.017362807051781008,56.763463759902585,0.8566432821357068,0.055638710205968375,93.60830300516862,77.360013645222,85.48415832519531,19.896226057963553
2024-05-08,90.36101531982422,-0.0015692101969917937,56.51766617125819,1.060657725187511,0.25664251320227693,94.04389260960146,77.26153494166807,85.65271377563477,19.601551747750182
2024-05-09,88.69695281982422,-0.01858739297583987,53.58729992429399,1.075665106778672,0.42044703191755595,93.75970105398916,77.35893297921398,85.55931701660157,19.75043914717229
2024-05-10,89.82730865478516,0.012663499417981386,55.283344368394665,1.165335570850928,0.5694247397042305,93.98971043805919,77.29802836198964,85.64386940002441,19.63061077173461
2024-05-13,90.34801483154295,0.005780010451487794,56.07955749542179,1.2638478451691242,0.7083093607972093,94.47110523483065,77.25618510940762,85.86364517211913,19.484287426873745
2024-05-14,91.3044662475586,0.010530659962452726,57.57389284892816,1.4029251206826814,0.8472325127743038,94.98707246973439,77.13409528539256,86.06058387756347,19.507581388264946
2024-05-15,94.57662963867188,0.03521069677017653,62.29976696740996,1.7569283264794677,1.0291716755153366,96.22669601405761,76.95337524448732,86.59003562927246,19.85035782054625
2024-05-16,94.30577850341795,-0.002867935913833698,61.6872407642053,1.9926529318956767,1.2218679267914048,97.25243286881575,76.89589247908465,87.0741626739502,19.596105917720312
2024-05-17,92.42682647705078,-0.02012519928663797,57.466191866103365,2.004741245353202,1.3784425905037643,96.92929301410103,78.84601216168022,87.88765258789063,19.70075589028228
2024-05-20,94.72654724121094,0.024577024455281024,60.98503835212515,2.1748196003842253,1.5377179924798565,97.26673082744766,80.03391385639024,88.65032234191895,19.579961578178132
2024-05-21,95.33220672607422,0.006373413719673431,61.8795020465791,2.331602320635426,1.6964948581109707,97.87649233448663,80.7197211970075,89.29810676574706,19.61140416455964
2024-05-22,94.89645385742188,-0.004581366755994511,60.79949174580458,2.3931059060037256,1.8358170676895216,97.68131882300881,82.44133361229393,90.06132621765137,20.122967629905883
2024-05-23,103.74046325683594,0.08910589670256983,71.62431954137398,3.1195256368751103,2.0925587815266393,100.11800087602629,82.12015830366121,91.11907958984375,20.54302012529431
2024-05-24,106.40895080566406,0.025397463012865037,73.96077754227827,3.8659785565597957,2.447242736533271,103.19191676104977,80.91858510052249,92.05525093078613,19.87811833188708
2024-05-28,113.83676147460938,0.06747580784970869,79.11560297580017,4.99928151216524,2.957650491659665,107.94732117054662,78.77610564830104,93.36171340942383,20.296671062945713
2024-05-29,114.7602310180664,0.008079498832643243,79.65485668239751,5.903892150226881,3.546898823373108,111.82037967084096,77.74374233843639,94.78206100463868,20.13886902180591
2024-05-30,110.43767547607422,-0.03839366516891213,70.48111226513548,6.200532610882902,4.0776255808750665,113.61053743348594,78.69793729795936,96.15423736572265,19.99873737650095
2024-05-31,109.5711669921875,-0.007877073981286769,68.7712611931118,6.293158704011233,4.5207322055023,115.06296071391753,79.6257706703598,97.34436569213867,20.234304441041218
2024-06-03,114.93513488769533,0.047793659760665644,73.11870310063645,6.721906971442763,4.9609671586903925,117.52953055426991,79.77882286980235,98.65417671203613,19.89862404753746
2024-06-04,116.37132263183594,0.012418211025659926,74.15610500234857,7.0957856110263435,5.387930849157582,120.0445348049661,79.6921480868796,99.86834144592285,19.815250769602734
2024-06-05,122.37095642089844,0.05027092197773089,77.97929776993105,7.7864500826364065,5.867634695853347,123.47371224017631,79.44977408794868,101.4617431640625,20.085367917509135
2024-06-06,120.92975616455078,-0.01184720831922824,75.10506634115315,8.123866954956867,6.318881147674052,125.98014228616834,80.00021812642932,102.99018020629883,20.31484035274578
2024-06-07,120.81982421875,-0.0009094696520578248,74.87834993553705,8.28687572300781,6.712480062740804,127.868458033445,81.32418951904523,104.59632377624511,19.83747036433209
2024-06-10,121.72129821777344,0.007433610772011068,75.53065394686885,8.39206427085577,7.0483969043637975,129.57271973805805,82.80932677073102,106.19102325439454,19.56309969179453
2024-06-11,120.85174560546876,-0.007169439136699296,73.54687421028821,8.3094748703721,7.300612497565458,130.7230952799212,84.70932430626043,107.71620979309083,19.22066774995168
2024-06-12,125.13965606689452,0.034865810736861534,76.78486720206695,8.492128740188122,7.538915746089991,132.30933607579428,86.50660249232095,109.40796928405761,19.51794212388736
2024-06-13,129.5475311279297,0.03461748735557268,79.55530157919375,8.890082589041796,7.809149114680352,134.6230862044628,87.68994251257823,111.15651435852051,19.37889814381031
2024-06-14,131.8164520263672,0.01736259043619188,80.82386596403056,9.281554848970117,8.103630261538306,136.82175463947044,89.2423414298655,113.03204803466797,19.549888194096354
2024-06-17,130.91688537597656,-0.006847780905889778,78.73786682430244,9.410730877099667,8.36505038465058,137.94158586486398,91.97151609436456,114.95655097961426,19.480220898562106
2024-06-18,135.5146484375,0.034517081960814766,81.38265116632931,9.771465492341505,8.646333406188766,139.65907259049314,94.33283948836427,116.9959560394287,19.500229475544604
2024-06-20,130.71697998046875,-0.036045213146254314,71.40193426361924,9.560016604664185,8.82907004588385,139.77158170504953,97.75880769924734,118.76519470214843,20.065038597927114
2024-06-21,126.50900268554688,-0.03272105477025559,63.98941428218732,8.949726363103693,8.853201309327819,138.3300638494707,102.3615804376387,120.34582214355468,20.291629943325884
2024-06-24,118.05308532714844,-0.06917907415421651,52.250710891386916,7.695041440264092,8.621569335515074,137.31978003400457,104.80312646013607,121.06145324707032,19.981056347288963
2024-06-25,126.02922821044922,0.0653794510190625,59.75108681239445,7.260606913741228,8.349376851160304,136.88421370267764,107.20072053194151,122.04246711730957,19.84184164341517
2024-06-26,126.33909606933594,0.0024556807237129507,60.01386771998942,6.862214827131751,8.051944446354595,137.1016797740054,108.23348792008643,122.6675838470459,19.709847001595563
2024-06-27,123.93023681640624,-0.01925072973511604,56.903591865987515,6.279722684088554,7.697500093901387,137.0770769956368,109.17509127828899,123.12608413696289,19.34720573072588
2024-06-28,123.48046875,-0.003635805175337371,56.31671568061418,5.715911470605334,7.301182369242177,136.38663878153253,111.16980881978583,123.77822380065918,19.569722173568305
2024-07-01,124.2401123046875,0.006133086985363393,57.12108685380212,5.269638792374394,6.894873653868621,135.20088441500792,113.82245771756045,124.51167106628418,19.46759790663223
2024-07-02,122.6108856201172,-0.013200273489270031,54.79082155434727,4.729975291374487,6.461893981369795,134.6469893570863,115.14392784872425,124.89545860290528,19.201719751708545
2024-07-03,128.21817016601562,0.04471745812347426,60.72880267258504,4.700563904892093,6.109627966074255,134.46790531014994,116.5076966490786,125.48780097961426,19.18962625755788
2024-07-05,125.76937103271484,-0.01928342629361985,57.195664987835144,4.428607316189385,5.773423836097281,134.51730351199777,116.7981399084124,125.65772171020508,19.182311937886265
2024-07-08,128.13819885253906,0.018659518907375754,59.64170559580396,4.3540337771497235,5.48954582430777,134.65148103483537,117.3848066543736,126.0181438446045,19.286424433449977
2024-07-09,131.3166961669922,0.02450257365244056,62.720096224989476,4.499543938004933,5.291545447047203,135.12180886992488,117.9641660141083,126.5429874420166,19.469285230931273
2024-07-10,134.84500122070312,0.026514046042048243,65.83537255143492,4.843731003495179,5.201982558336798,136.2213092041749,118.17703598015126,127.19917259216308,19.332877510976914
2024-07-11,127.33860778808594,-0.05727623821578353,55.25617983478805,4.459393404869971,5.0534647276434335,136.0369187779441,119.0101126246438,127.52351570129395,19.741856951980537
2024-07-12,129.17774963378906,0.014339618560699888,57.07613479113253,4.254167075634285,4.893605197241604,136.19218568386884,119.2586550754085,127.72542037963868,19.34763640673778
2024-07-15,128.3780975341797,-0.006209563307229135,56.009393784573525,3.981106768992092,4.711105511591702,136.09680249212605,119.23709490777631,127.66694869995118,19.15461568324653
2024-07-16,126.29910278320312,-0.016326871276651972,53.224229529324774,3.5559561580806474,4.480075640889491,135.60758751941052,119.17457495617542,127.39108123779297,19.18507592262203
2024-07-17,117.9331283569336,-0.06853517049095172,43.78810051299918,2.514966053896842,4.087053723490961,135.7946023628393,117.68918441084233,126.74189338684081,19.78187830086996
2024-07-18,121.0316390991211,0.025934236588817473,47.500548755493725,1.9178895807205265,3.6532208949368745,134.40856132234202,117.62692451750172,126.01774291992187,19.58688781924208
2024-07-19,117.87317657470705,-0.02644271988433967,44.28954529436915,1.1762812071308986,3.1578329573756796,134.20648733271295,116.54461816655461,125.37555274963378,19.1964387210518
2024-07-22,123.48046875,0.04647372409762619,50.665627356477344,1.0291494502720013,2.732096255954944,134.0770614610042,116.3711906447087,125.22412605285645,19.368737165371748
2024-07-23,122.53092193603516,-0.007719573689228605,49.62975275545956,0.8263997587383898,2.3509569565116335,133.74647281443455,117.14956295216702,125.44801788330078,18.974054237818187
2024-07-24,114.19493103027344,-0.07045651263724718,41.5905348586167,-0.0068467072673854545,1.87939622375583,134.55054777866732,115.16205826991666,124.85630302429199,19.60784375504309
2024-07-25,112.22588348388672,-0.017393252390759315,39.944597174618714,-0.8166721278410165,1.3401825534364606,135.33114229465545,112.97014249538363,124.15064239501953,19.946882691188677
2024-07-26,113.0055160522461,0.006922975071752878,40.94119964044256,-1.3796510173917937,0.7962158392708096,135.8472541672114,111.36155854641167,123.60440635681152,19.497044359592113
2024-07-29,111.53621673583984,-0.013087280208644492,39.60721994258875,-1.9222178875236153,0.25252909391192463,136.38791330488058,109.62647420732644,123.00719375610352,19.329552426615116
2024-07-30,103.68000793457033,-0.07304004280056588,33.35011527598296,-2.9521063894373043,-0.3883980027579212,137.88245859756694,106.07591847762838,121.97918853759765,20.003432324708346
2024-07-31,116.96359252929688,0.12055340227612443,48.23970561513951,-2.6656976823608716,-0.8438579386785113,137.75267416625468,105.6409735998586,121.69682388305664,19.974974168294818
2024-08-01,109.1573715209961,-0.06907209500002273,42.264301491054155,-3.033643560016017,-1.2818150629460126,137.42057693703947,104.06699096457186,120.74378395080566,20.07597557231024
2024-08-02,107.21829223632812,-0.01792374579662795,40.90874325831984,-3.442033195588124,-1.713858689474435,137.35730085285326,102.27515916911939,119.81623001098633,19.99351172640384
2024-08-05,100.40159606933594,-0.0656887663766452,36.479255523343745,-4.266553166174319,-2.2243975848144117,137.51772878778382,99.34107095586853,118.42939987182618,20.130583529719395
2024-08-06,104.19976043701172,0.037131726011427384,40.354503725095384,-4.560935436691665,-2.6917051551898625,136.15986259761323,97.98724357304108,117.07355308532715,19.829255300366462
2024-08-07,98.86233520507812,-0.052581501313815615,36.94362567881453,-5.1653778558929275,-3.1864396953304754,134.08903183541943,96.45980773367236,115.2744197845459,19.835174734056164
2024-08-08,104.9194107055664,0.0594642094418183,42.84735430828235,-5.096893638921713,-3.5685304840487233,132.60967433052696,95.6972455303129,114.15345993041993,19.78654278210937
2024-08-09,104.69952392578124,-0.0020979675411853293,42.691091557279044,-5.002694481118908,-3.8553632834627605,130.4115076802279,95.44758960981116,112.92954864501954,19.488298290009848
2024-08-12,108.96746063232422,0.03995474051788752,46.75039380821129,-4.531418771422452,-3.9905743810546985,127.9187791844469,95.99925441540661,111.95901679992676,19.601057030331656
2024-08-13,116.08402252197266,0.06326494963811401,52.75914162043496,-3.5428426228117047,-3.9010280294061,126.07377608219319,96.82274949153727,111.44826278686523,19.560584360186745
2024-08-14,118.0230941772461,0.016566057692337724,54.27321375631312,-2.573259096581353,-3.6354742428411506,126.08672523217659,96.81879692358514,111.45276107788087,19.642237247927326
2024-08-15,122.80079650878906,0.03968318323713583,57.85716770099928,-1.4031617422141807,-3.1890117427157567,126.43800642067447,96.64443147605405,111.54121894836426,19.57783454823774
2024-08-16,124.5199737548828,0.013902632883159094,59.09941347037666,-0.33328600913597484,-2.617866595999801,127.6365281311448,96.11058948360129,111.87355880737304,19.527888984670394
2024-08-19,129.93734741210938,0.04258625649687192,62.81871214514216,0.9408890137569017,-1.9061154740484605,129.17771597016716,95.21508951078987,112.19640274047852,19.57861045061424
2024-08-20,127.18869018554688,-0.02138065798262926,59.84515041823097,1.7091858026365685,-1.1830552187114547,130.12029630634214,94.73828599956606,112.42929115295411,19.519584326856855
2024-08-21,128.4380645751953,0.009775067082842502,60.75450741460175,2.3913150238374783,-0.4681811702016681,132.2237372244668,94.0591584359336,113.14144783020019,19.36801888216836
2024-08-22,123.6803741455078,-0.037746190456422954,55.59160532730846,2.5189644360985852,0.12924795105838255,133.36001479203068,94.06832993453182,113.71417236328125,19.745602503119663
2024-08-23,129.30764770507812,0.04449382106930881,59.92902843241716,3.0391678272535216,0.7112319262974104,135.3678673774548,93.69069051439092,114.52927894592285,19.593875633310727
2024-08-26,126.3990478515625,-0.022750482148592467,56.838856255394596,3.18007513597189,1.2050005682323064,136.71296228679367,93.83187871662429,115.27242050170898,19.620539198938992
2024-08-27,128.23817443847656,0.014445323827678682,58.30293115736555,3.400943380380042,1.6441891306618537,137.9583982014859,95.04225945232271,116.5003288269043,19.52968749255649
2024-08-28,125.54946899414062,-0.0211894165348478,55.34708781529368,3.3207474865034357,1.9795008018301703,138.76690598742877,95.0923393128642,116.92962265014648,19.92052943679419
2024-08-29,117.5333251953125,-0.06597794410175065,47.598980449322546,2.5806082069328795,2.0997222828507125,138.87718552702603,95.81965514069859,117.34842033386231,19.93145411921056
2024-08-30,119.31248474121094,0.015024061541135123,49.29558531598836,2.1132456216779474,2.1024269506161595,138.95684542056355,96.94941449764936,117.95312995910645,19.625907564670975
2024-09-03,107.9479522705078,-0.10009678605610255,40.31627919648275,0.816423392015551,1.8452262388960379,138.24971199270246,98.41118354562761,118.33044776916503,19.98335215532892
2024-09-04,106.15880584716795,-0.01671304619361086,39.10850712638636,-0.35163332188398044,1.4058543267400343,138.07245264913632,98.78434743020938,118.42840003967285,19.735667863746315
2024-09-05,107.15833282470705,0.009371345394929603,40.186551651200446,-1.1830359078205674,0.888076279827914,137.04507464757555,100.64132519373305,118.8431999206543,19.5418718713006
2024-09-06,102.78044891357422,-0.04171233747404265,37.08925639823421,-2.1701707141254047,0.27642688103725027,137.3040534066227,100.16845025548668,118.73625183105469,19.84050199732186
2024-09-09,106.41869354248048,0.03478610339652364,41.148732816166316,-2.6286052989343887,-0.30457955495707756,137.1305069506333,100.51391367314598,118.82221031188965,19.42831744853449
2024-09-10,108.04788970947266,0.01519329941266658,42.924797709588766,-2.82785771190008,-0.8092351863456781,137.19303079198377,100.35943273951035,118.77623176574707,19.40755556438916
2024-09-11,116.85365295410156,0.07834777032847498,51.452769904328186,-2.2492868055420985,-1.0972455101849623,137.21103163982136,100.41839493488567,118.81471328735351,19.905512800385903
2024-09-12,119.0927734375,0.018980475687471195,53.36105042991486,-1.5917383154971674,-1.1961440712474034,137.26104459206266,100.47534990866977,118.86819725036621,19.718287872803096
2024-09-13,119.05278778076172,-0.00033580854423223116,53.32074297196283,-1.061615268102102,-1.1692383106183433,136.98107760908587,100.38051601884382,118.68079681396485,19.289285565943846
2024-09-16,116.73370361328124,-0.019671686354605845,50.918411949475846,-0.8191766857186309,-1.0992259856384008,136.3989996354863,100.18396697828327,118.29148330688477,19.332048582245758
2024-09-17,115.54417419433594,-0.010242385794682113,49.68195584908636,-0.7147878162945318,-1.022338351769627,134.855851868559,100.28779742343319,117.57182464599609,19.26192848637264
2024-09-18,113.32505798339844,-0.019392608916848107,47.370927457024145,-0.8018794503385323,-0.9782465714834081,133.64291893362233,100.11436713815502,116.87864303588867,19.553111039584174
2024-09-19,117.82327270507812,0.038925504385875616,52.22242199342094,-0.50214346559126,-0.8830259503049785,132.2196453217108,100.47616156305483,116.34790344238282,19.497410006193928
2024-09-20,115.95401763916016,-0.015992100011663485,50.153408373275845,-0.41069951168198315,-0.7885606625803796,131.45343810402875,100.46973313010209,115.96158561706542,19.76214090836008
2024-09-23,116.21392059326172,0.0022389229507733975,50.44737655389793,-0.31364205274572043,-0.6935769406134479,129.47403773285038,101.13976079009886,115.30689926147461,19.14449534017019
2024-09-24,120.82209014892578,0.038886498446491335,55.4626139906004,0.1335776537415967,-0.528146021742439,128.4772818887744,101.57882086391116,115.02805137634277,19.68753482475672
2024-09-25,123.4610366821289,0.021606479583318294,58.0792352607888,0.6929554645641929,-0.28392572448111264,127.39375000696026,102.18463897009053,114.7891944885254,19.466921616918064
2024-09-26,123.9908218383789,0.004281931595762699,58.605031622549745,1.1655795685327348,0.00597533412165685,127.05221119885391,102.37031306262071,114.71126213073731,19.5278658507821
2024-09-27,121.35187530517578,-0.021513159690851165,54.91050096448154,1.3120718972721477,0.267194646751755,127.54151840487361,102.26286086758734,114.90218963623047,19.417663330297138
2024-09-30,121.39186096191406,0.00032944748824290657,54.956836222062,1.4150824420097905,0.4967722058033621,127.83108435375364,102.1812325407776,115.00615844726562,19.238492565293576
2024-10-01,116.95360565185548,-0.037246509962898966,48.94462894948472,1.1256135569760914,0.6225404760379081,127.86351149404064,103.04937073862538,115.45644111633301,19.526250443609303
2024-10-02,118.80288696289062,0.015688384400036143,51.333631138161245,1.0335152068245463,0.7047354221952358,127.76815639828442,104.40913394595387,116.08864517211914,19.21749355917045
2024-10-03,122.80130004882812,0.03310189470613244,56.11508267395633,1.2685421563609793,0.8174967690283845,128.1194313688265,105.6221556978239,116.8707935333252,19.439953969830803
2024-10-04,124.8704833984375,0.016709464959278143,58.39327480476111,1.6032868181448379,0.9746547788516753,127.6226024656124,108.32798804952432,117.97529525756836,19.311358654073537
2024-10-07,127.66937255859376,0.022166827930733605,61.31844034143897,2.0705532888068348,1.1938344808427073,127.98122514086415,110.09443327588389,119.03782920837402,19.66267219597107
2024-10-08,132.83731079101562,0.03968125706970553,66.06281547463773,2.825306385059335,1.520128861686033,129.66762813304936,110.88697239185299,120.27730026245118,19.47053162153767
2024-10-09,132.597412109375,-0.0018075912927999847,65.66021657302483,3.365302717946136,1.889163632938054,131.79091618913554,110.33806025129415,121.06448822021484,19.32162065659169
2024-10-10,134.75656127929688,0.01615233980259614,67.57548006916929,3.9222655596267515,2.2957840182757936,134.14089108977248,109.5544641348369,121.8476776123047,19.30573382522739
2024-10-11,134.74656677246094,-7.416987634069705e-05,67.55669716261801,4.313136992767085,2.699254613174052,136.11990397557054,109.14482914820879,122.63236656188965,18.95254059510722
2024-10-14,138.01527404785156,0.02396862957161232,70.44961525251252,4.830974314286905,3.125598553396623,138.51666077341972,108.8762293938166,123.69644508361816,19.263745518890683
2024-10-15,131.54783630371094,-0.04799380089788591,59.20139247409663,4.665712517491642,3.433621346215627,139.19115442081724,109.80210195735661,124.49662818908692,19.749957566308947
2024-10-16,135.66619873046875,0.030826887966629458,63.227667619196694,4.811593724786675,3.709215821929837,140.12801373534248,111.09935671753837,125.61368522644042,19.39478632238958
2024-10-17,136.87570190429688,0.008875781018166216,64.34067578488957,4.967539724713106,3.960880602486491,141.42461973639607,111.70799363640664,126.56630668640136,19.540519159332334
2024-10-18,137.94529724121094,0.007783981142865537,65.3397685274461,5.118433344412566,4.192391150871706,142.472234128367,112.8595072046408,127.6658706665039,18.98650692739806
2024-10-21,143.6530303955078,0.04054367112187221,70.14656609259075,5.633642861107745,4.480641492918914,144.44890742928925,113.62674488394315,129.0378261566162,19.393557840966697
2024-10-22,143.5330810546875,-0.0008353422607355994,69.92708924530365,5.963527374223929,4.777218669179917,146.36275763141114,113.98399377239744,130.1733757019043,19.237423373098924
2024-10-23,139.50466918945312,-0.028467467036121647,62.81839526179468,5.832668683008819,4.988308671945697,147.35336034371045,114.59775431083055,130.9755573272705,19.47125758707928
2024-10-24,140.35433959960938,0.006072150576929348,63.65758367402221,5.731454884342668,5.136937914425092,148.33644248049916,115.2510239501649,131.79373321533203,18.965066286844284
2024-10-25,141.48388671875,0.00801561364956664,64.79513898951342,5.676946921850856,5.244939715910244,149.1162454632169,116.4844221088046,132.80033378601075,19.139115974428833
2024-10-28,140.4643096923828,-0.007232402857319112,62.88183360232352,5.488212921534824,5.293594357035161,149.48115683209724,118.02675561297113,133.75395622253419,18.97218775011319
2024-10-29,141.19400024414062,0.00518140000496346,63.707792839938946,5.336009598674906,5.302077405363111,148.8725107625785,121.05944114171835,134.96597595214843,18.87553013177186
2024-10-30,139.28475952148438,-0.013614365766067709,59.94889980660103,5.003648651622029,5.242391654614895,147.73330248228822,124.24683667786802,135.9900695800781,19.005229399935065
2024-10-31,132.70738220214844,-0.048373896648429816,49.18282019761385,4.161539192968377,5.026221162285592,146.61056464599778,126.36018272949046,136.48537368774413,19.41407917657797
2024-11-01,135.34632873535156,0.019690320908507957,52.84208222237238,3.664856130370282,4.75394815590253,145.56698376442438,128.4513481447553,137.00916595458983,19.148846556854323
2024-11-04,135.99607849121094,0.00478915923530701,53.72561730804269,3.2857841258919223,4.460315349900409,144.7982829280753,130.0527195743661,137.4255012512207,19.049439797398325
2024-11-05,139.8545379638672,0.027976817218828647,58.67686795138343,3.259142893696094,4.220080858659546,144.89323248142708,130.65949273829946,137.77636260986327,18.89403750142491
2024-11-06,145.5522918701172,0.039932548425518556,64.68580928519111,3.6556505830019432,4.107194803528026,145.9051539034849,130.9430592923159,138.4241065979004,19.30462967675923
2024-11-07,148.82098388671875,0.022208716859354036,67.59684189750666,4.185395280129995,4.122834898848421,147.7185422894943,130.53611316704868,139.1273277282715,19.149789973404825
2024-11-08,147.57147216796875,-0.008431517709596978,65.37822679579291,4.453064460941107,4.188880811266959,148.88167744478983,130.6554685513039,139.76857299804686,18.984093889931646
2024-11-11,145.20240783691406,-0.016183930338923576,61.27203645385648,4.423044419943295,4.235713533002226,149.51269847150826,130.74316090349174,140.1279296875,19.02130466314067
2024-11-12,148.23118591308594,0.020644436834764152,64.35442150275887,4.590731306492103,4.306717087700202,150.09824867419795,131.82594566173955,140.96209716796875,19.106978022408846
2024-11-13,146.21202087402344,-0.01371535593065403,60.8758850004966,4.508720900455671,4.347117850251296,150.55561764355227,132.42315890674072,141.4893882751465,19.072502162497518
2024-11-14,146.7018280029297,0.0033443798394656925,61.420652289027565,4.432159231930086,4.364126126587054,151.05917386781044,132.90221529234583,141.98069458007814,19.08575401941512
2024-11-15,141.9237060546875,-0.03311251398671112,53.582616797110276,3.9405053563658896,4.279401972542821,151.05793472331786,133.30129531818605,142.17961502075195,19.33750293857517
2024-11-18,140.09442138671875,-0.012972998154476969,50.904334718321465,3.3644745646030856,4.096416490954875,150.898290170683,133.105078969942,142.0016845703125,19.2146017920631
2024-11-19,146.95172119140625,0.04778747181089832,59.147714058837806,3.421847865281336,3.961502765820167,151.32091398076892,133.02431917352794,142.17261657714843,19.244131806197288
2024-11-20,145.83216857910156,-0.007647675353840602,57.4516559001697,3.338493999414851,3.836901012539104,151.68631845513917,133.29166463812257,142.48899154663087,19.55166890203464
2024-11-21,146.6118621826172,0.005332271265106755,58.347450644921295,3.2973405287239643,3.7289889157760765,152.11840531644077,133.4853300351217,142.80186767578124,19.809338811815124
2024-11-22,141.89373779296875,-0.03271024941219493,51.307967732978156,2.8511466556041967,3.553420463741701,152.12848867807782,133.51623178090654,142.82236022949218,19.281062074116658
2024-11-25,135.96607971191406,-0.04267301132016331,44.10794112335585,1.9962112481970848,3.2419786206327776,152.35024161936158,132.84465584157593,142.59744873046876,19.65888655791572
2024-11-26,136.86572265625,0.006594877849001818,45.36114744153391,1.375407602646277,2.8686644170354776,152.45185690686327,132.31021279528517,142.38103485107422,19.06404770064548
2024-11-27,135.2863311767578,-0.011606814560208522,43.516429309857415,0.7473574762564112,2.4444030288796643,152.66117418120433,131.70105268647143,142.18111343383788,19.23768536688078
2024-11-29,138.19520568847656,0.021273715587895096,47.73240754005634,0.4788254867005435,2.0512875204438403,152.14902403635958,132.761985179949,142.45550460815429,18.770373777983853
2024-12-02,138.57504272460938,0.0027447839988576197,48.2753215158785,0.293280865438561,1.6996861894427846,151.91127234314692,133.32260827208748,142.6169403076172,18.96115915195122
2024-12-03,140.20440673828125,0.011689402286161436,50.64367662931144,0.2745466719172782,1.4146582859376835,151.67014615408232,133.9845672858591,142.8273567199707,18.917898201193662
2024-12-04,145.08245849609375,0.03420085416123337,56.99266486097449,0.6458724819250108,1.260901125135149,151.87039830207104,134.30710719109302,143.08875274658203,19.258898797370513
2024-12-05,145.0124969482422,-0.00048233551045915354,56.87965499392875,0.9238559135050366,1.1934920828091267,151.81479996467496,134.30872603630158,143.06176300048827,18.966610162210436
2024-12-06,142.3933563232422,-0.01822658170064964,52.66911756608411,0.922186632965122,1.1392309928403257,151.06456059460635,134.41620265002257,142.74038162231446,19.054638277938754
2024-12-09,138.7645263671875,-0.025814901171342337,47.430347148097574,0.6208902299740657,1.0355628402670738,150.47865425646367,134.12141440808713,142.3000343322754,19.05888905096354
2024-12-10,135.0257568359375,-0.027312890067357407,42.71610652975952,0.07950670114942682,0.8443516124435444,150.46105023848827,133.12135332596483,141.79120178222655,19.162717612300533
2024-12-11,139.2643585205078,0.030908435127401213,48.9151688111638,-0.007438170826077339,0.6739936557896201,149.52411156898202,133.16160925621327,141.34286041259764,19.035353824679973
2024-12-12,137.29501342773438,-0.014241993437873687,46.40259053660439,-0.23257136087624986,0.4926806524564462,148.93156469433043,132.86245538623595,140.8970100402832,18.885743443131982
2024-12-13,134.20602416992188,-0.022755880284121854,42.69782245154858,-0.6527224749475806,0.2636000269756409,148.34945165673201,132.1949880405336,140.2722198486328,19.260154796589713
2024-12-16,131.95675659179688,-0.01690184568683462,40.18211028653226,-1.1538910181308495,-0.019898182045657187,148.61576391395587,130.9319808370207,139.77387237548828,19.287575752543173
2024-12-17,130.3472900390625,-0.012271917053166837,38.4369717709083,-1.6617851741976608,-0.3482755804760579,149.07757341236342,129.4954582038475,139.28651580810546,19.373921539929402
2024-12-18,128.86778259277344,-0.011415412673756687,36.85250177046391,-2.1587936092907682,-0.710379186239,148.5265527008063,128.23808505554138,138.38231887817383,19.44113147475242
2024-12-19,130.63717651367188,0.013636898095124089,40.03608977941081,-2.38243781279013,-1.044790911549226,147.69330446748376,127.55183408232092,137.62256927490233,19.161280055819656
2024-12-20,134.65586853027344,0.03029856619282355,46.618654039293524,-2.2099279217540015,-1.277818313590181,146.23106317053586,127.81847601403449,137.02476959228517,19.540821623832006
2024-12-23,139.62423706054688,0.03623239127367423,53.42578994255966,-1.653249145202409,-1.3529044799126266,145.91869613183025,127.90389297949788,136.91129455566406,18.986298489763513
2024-12-24,140.174072265625,0.0039302304160751846,54.12301532875345,-1.154402860659161,-1.3132041560619334,146.23212801899786,128.01126034770135,137.1216941833496,18.470965038971215
2024-12-26,139.88417053222656,-0.0020702967643343503,53.66683492107998,-0.773539353089717,-1.2052711954674902,146.46483554042166,128.0803976138752,137.27261657714843,18.57087160259737
2024-12-27,136.96510314941406,-0.021088554978434003,49.17259963661761,-0.6991868309381175,-1.1040543225616157,146.50294987563552,128.21016047592695,137.35655517578124,18.954730200716476
2024-12-30,137.4449462890625,0.0034972744599369963,49.9150996895695,-0.5946874040845671,-1.002180938866206,146.45710465015347,128.18097976146763,137.31904220581055,18.937894128464734
