Date,Close,log_return,rsi_14,macd,macd_signal,bb_upper,bb_lower,sma_20,volume_log
2018-01-30,23.05466651916504,-0.01067099478570611,59.814414990208746,0.4185730054748795,0.41282344450470415,24.11901144470019,20.920588546144536,22.519799995422364,18.07488216589609
2018-01-31,23.62066650390625,0.024253827172148544,65.99462142924824,0.44621929132977556,0.41950261386971843,24.207284618881957,21.057515262099486,22.63239994049072,18.350381673330062
2018-02-01,23.28333282470703,-0.014384252958894273,60.06555708251802,0.43588455750413146,0.42277900259660106,24.17396184292308,21.30417135867604,22.73906660079956,17.958097531191825
2018-02-02,22.916667938232425,-0.015873271824704643,54.349846311786834,0.39357057786493144,0.41693731765026715,24.006839626523373,21.665493709353093,22.836166667938233,17.833190053245563
2018-02-05,22.208667755126957,-0.031381851268344675,45.3718408300263,0.2994548176393117,0.3934408176480761,23.791258600062225,21.99140817850223,22.891333389282227,18.01962840026223
2018-02-06,22.264667510986328,0.0025183533063413747,46.12983746568633,0.22677202513635208,0.36010705914573127,23.80349202872569,21.962908117758683,22.883200073242186,18.1505242114681
2018-02-07,23.0,0.032493210526077794,54.96616744591184,0.22590152272473674,0.3332659518615324,23.791730875197775,22.0500692422949,22.920900058746337,18.465061209198996
2018-02-08,21.01533317565918,-0.09024189341458241,37.22044347510355,0.06432412860611336,0.2794775872104486,24.051020997733247,21.660312467842928,22.855666732788087,18.85712113282318
2018-02-09,20.69466781616211,-0.015376248848248276,35.24077340699904,-0.08858102798352618,0.20586586417165365,24.29824903370476,21.229551144823073,22.763900089263917,19.08339707229569
2018-02-12,21.048667907714844,0.016961202165830976,39.09218809079122,-0.17912972139303918,0.1288667470587151,24.406822333958278,20.98437792238938,22.69560012817383,18.3525839101894
2018-02-13,21.577333450317383,0.024806110575996826,44.409381394619416,-0.2058583157211693,0.06192173450273821,24.423862208024868,20.85800462852298,22.640933418273924,18.040927255899337
2018-02-14,21.48733329772949,-0.004179773833776598,43.709804844422095,-0.23163305774342646,0.003210776053505275,24.395716298998742,20.72048395734891,22.558100128173827,17.89745355434328
2018-02-15,22.271333694458008,0.03583675439422329,50.95736800786763,-0.18664590878829657,-0.03476056091485509,24.354230505956615,20.69196986483196,22.523100185394288,18.300697175147896
2018-02-16,22.36599922180176,0.004241546843597737,51.76494199017323,-0.1417208821118301,-0.056152625154250096,24.2662292029666,20.683104369421095,22.474666786193847,18.253905723074553
2018-02-20,22.31800079345703,-0.0021483504963464924,51.30364921783125,-0.10873709330606474,-0.06666951878461302,24.152647948987088,20.68475248741428,22.418700218200684,17.912202379882313
2018-02-21,22.21999931335449,-0.0044008100064994865,50.31770566967308,-0.08947370626350448,-0.07123035628039132,24.009657919772636,20.697809159389962,22.3537335395813,17.692817908010433
2018-02-22,23.077999114990234,0.03788699111449636,57.938909181912464,-0.004917237011202502,-0.05796773242655356,24.012285760342316,20.697047850192355,22.354666805267335,18.46514729858771
2018-02-23,23.46999931335449,0.016843236182783695,60.890701032978,0.09265741696779628,-0.02784270254768359,24.13326006620569,20.67214020997839,22.40270013809204,18.28441419705853
2018-02-26,23.827999114990234,0.015138342018226796,63.41580836940082,0.1966072591961563,0.017047289801084387,24.28680461698512,20.615728914203846,22.451266765594482,17.99143512253978
2018-02-27,23.39933204650879,-0.018153845689605118,58.54178309129772,0.2416132411293006,0.061960480066727636,24.301657293831703,20.610609437430504,22.456133365631104,18.091634877455693
2018-02-28,22.87066650390625,-0.022852326172335676,53.11941387447355,0.23194816099888982,0.09595801625316008,24.281697436434907,20.612169293301424,22.446933364868165,18.326869950506293
2018-03-01,22.062000274658203,-0.03599846676634224,46.087419464316994,0.15722353393677224,0.10821111978988252,24.124548141372973,20.613451965438554,22.369000053405763,18.452993043101653
2018-03-02,22.341333389282227,0.012581794044277577,48.61774391398005,0.11916986052264633,0.11040286793643529,24.02388969471103,20.61991046855801,22.32190008163452,18.151388549702553
2018-03-05,22.22333335876465,-0.0052956889346357445,47.60137821716151,0.07858455999425473,0.10403920634799918,23.96630465035472,20.608162054967547,22.287233352661133,17.864805469067313
2018-03-06,21.8799991607666,-0.015569849908619472,44.67494352565307,0.018502926292743638,0.08693195033694807,23.959514662475655,20.582085183410577,22.270799922943116,17.978844673890045
2018-03-07,22.15333366394043,0.012415049984329452,47.44504121467936,-0.006975976511302662,0.06815036496729793,23.954766890568994,20.575699570612645,22.26523323059082,18.134457620050725
2018-03-08,21.940000534057617,-0.0096765099931042,45.52897876229853,-0.04387660899502421,0.0457449701748335,23.87093935429079,20.55352716029661,22.2122332572937,17.795061380878327
2018-03-09,21.81133270263672,-0.005881795723518265,44.36523340168978,-0.08255144311704044,0.020085687516458714,23.82584348027889,20.678222987006265,22.252033233642578,18.22954446337938
2018-03-12,23.03400039672852,0.054541719005022145,55.90048361476915,-0.01437673706723075,0.013193202599720823,23.796374010017473,20.94162571532432,22.368999862670897,18.63546949895094
2018-03-13,22.78933334350586,-0.010678811790388843,53.509569670300486,0.019682731940555698,0.014491108467887799,23.75051888883335,21.161547380087544,22.456033134460448,18.309603932473237
2018-03-14,21.775333404541016,-0.04551475671341543,44.932215654945324,-0.034745687551289706,0.004643749264052298,23.734900577119973,21.19696568722329,22.46593313217163,18.598918983676114
2018-03-15,21.706666946411133,-0.003158388052850371,44.413028821427716,-0.08247074008031774,-0.01277914860482171,23.713639537893975,21.24016009131745,22.476899814605712,18.40528281192744
2018-03-16,21.42333221435547,-0.013138827430316807,42.24397435729644,-0.1415245263558731,-0.03852822415503199,23.756144359052,21.11285512214917,22.434499740600586,18.334681592671213
2018-03-19,20.90399932861328,-0.024540122382657712,38.5296032290774,-0.22760718709984928,-0.07634401674399545,23.850157855639946,20.87264163624238,22.361399745941164,18.536368261098225
2018-03-20,20.703332901000977,-0.009645799079847998,37.169654223060455,-0.30846463134297863,-0.1227681396637921,23.94419765814336,20.61713504449336,22.28066635131836,18.08471139486202
2018-03-21,21.101999282836918,0.019073091713506164,41.58128979571539,-0.3364967679529016,-0.165513865321614,23.970011155854053,20.47952154373091,22.224766349792482,18.308362758915727
2018-03-22,20.606666564941406,-0.023753145635010835,38.010187611646074,-0.3941382682292307,-0.21123874590313735,23.93955103403565,20.262848410544432,22.10119972229004,18.120885617112606
2018-03-23,20.1026668548584,-0.024762157489245647,34.74082973649203,-0.47501248870044677,-0.26399349446259923,23.85808735451067,20.007578844219797,21.932833099365233,18.418914194522326
2018-03-26,20.27866744995117,0.008716983357954528,36.78561131787593,-0.5189223007009787,-0.31497925571027513,23.597624327292312,19.91310870493425,21.75536651611328,18.6488357250495
2018-03-27,18.61199951171875,-0.0857629612204003,27.877605793114554,-0.680364498330178,-0.38805630423425574,23.675595201014758,19.356404577732803,21.51599988937378,19.153433183910515
2018-03-28,17.185333251953125,-0.07975020560866929,22.790082696084156,-0.9129052437095098,-0.4930260921293066,24.03986794207228,18.423598511479963,21.23173322677612,19.56814986440884
2018-03-29,17.742000579833984,0.0318784406408496,28.289206233757028,-1.0402852973386132,-0.6024779331711679,24.19502374413772,17.836442739932103,21.015733242034912,19.242926699461453
2018-04-02,16.832000732421875,-0.05265286271087222,25.137325804343178,-1.2008219619716307,-0.7221467389312606,24.360130901647562,17.12040231673623,20.740266609191895,19.303249222558676
2018-04-03,17.8353328704834,0.057899602458025494,33.884012100938946,-1.2328760789530229,-0.8242926069356131,24.291044822456698,16.750688347098965,20.52086658477783,19.459776550132464
2018-04-04,19.12933349609375,0.07004145954947365,43.11504098162865,-1.1407147123917163,-0.8875770280268338,24.14542884388893,16.621237759199452,20.38333330154419,19.51411465125067
2018-04-05,20.381332397460938,0.0633964612779032,50.339551105483565,-0.955634359422465,-0.90118849430596,23.963623129914325,16.625843346526104,20.294733238220214,19.474353199902176
2018-04-06,19.953332901000977,-0.021223211265089487,48.09101981769569,-0.8338803747975234,-0.8877268704042727,23.783417465772015,16.607382247362754,20.195399856567384,19.12775302371509
2018-04-09,19.310667037963867,-0.032738552591198074,44.85141245054471,-0.7802529585410802,-0.8662320880316343,23.595008577933765,16.545724568733714,20.07036657333374,18.850818958769604
2018-04-10,20.31333351135254,0.05061985415504579,50.45868732032599,-0.6493606150665272,-0.8228577934386129,23.17602015399667,16.69264630413321,19.93433322906494,18.920528335020506
2018-04-11,20.062000274658203,-0.012450001501353107,49.11074264436408,-0.5594588877493578,-0.7701780123007619,22.750535234450783,16.845397916794337,19.79796657562256,18.536181185360398
2018-04-12,19.60533332824707,-0.02302585434608351,46.67114122306819,-0.5190767337216968,-0.7199577565849489,22.49174293894157,16.887190204674155,19.689466571807863,18.552866240014307
2018-04-13,20.022666931152344,0.021063340553558362,49.15681201740576,-0.44823132012101397,-0.665612469292162,22.249056048495785,16.96147709359406,19.605266571044922,18.515154219271643
2018-04-16,19.41399955749512,-0.030870545862284802,45.80359085776312,-0.43617226724844826,-0.6197244288834194,22.006591204092867,17.003008672310944,19.504799938201906,18.370202916980865
2018-04-17,19.179332733154297,-0.012161153367676808,44.542039476075225,-0.4404735278541274,-0.583874248677561,21.834718574287447,17.00241464257046,19.418566608428954,18.46947091764561
2018-04-18,19.55666732788086,0.019482988950550416,47.06665010860446,-0.40872305464273495,-0.5488440098705958,21.702272654312097,17.020194005233805,19.36123332977295,18.40420070095458
2018-04-19,20.005332946777344,0.022682617268948137,49.98229814339415,-0.3433985256375962,-0.5077549130239959,21.52387480608986,17.08892521985008,19.30640001296997,18.330307369048615
2018-04-20,19.34933280944824,-0.033340946599311444,45.99328075366644,-0.3406354608690805,-0.47433102259301285,21.375435336683136,17.111631313707488,19.243533325195312,18.251297141705162
2018-04-23,18.891332626342773,-0.023954713067764803,43.38963378054527,-0.3711244080831406,-0.45368969969103845,21.280651942943717,17.085281284595343,19.18296661376953,18.111448131093933
2018-04-24,18.8973331451416,0.0003175829962110711,43.43481362775812,-0.3903037480408784,-0.44101250936100644,21.14973515703904,17.078064640019065,19.113899898529052,18.261444667051368
2018-04-25,18.71266746520996,-0.009820109595590503,42.315553840141376,-0.4156135558309053,-0.4359327186549863,21.15003600238062,17.08783059002661,19.118933296203615,17.913249369864584
2018-04-26,19.03199958801269,0.016921052271252953,44.956967344942754,-0.40523305292623135,-0.42979278550923533,21.028945061502185,17.393588164511,19.211266613006593,17.99511497944176
2018-04-27,19.60533332824707,0.029679886452107593,49.43395814829809,-0.3467461149289264,-0.4131834513931736,20.99133208234559,17.6175344185089,19.304433250427245,17.99708732140365
2018-04-30,19.59333229064941,-0.0006123186992794156,49.34348709029941,-0.29792884040972467,-0.39013252919648383,20.66561267582272,18.219386980854523,19.442499828338622,17.96533714541253
2018-05-01,19.994667053222656,0.020276271552001207,52.4758447952758,-0.2242711788528311,-0.3569602591277533,20.53399303214563,18.56694004280554,19.550466537475586,18.055166865758974
2018-05-02,20.07666778564453,0.0040927434643586716,53.113780503875304,-0.1574650188774207,-0.3170612110776868,20.587192783152698,18.608473720753555,19.597833251953126,18.717491034662867
2018-05-03,18.96333312988281,-0.05705105475694038,44.3994709559618,-0.1921425581725167,-0.2920774804966528,20.48254130523295,18.57132527191549,19.52693328857422,19.37727429944088
2018-05-04,19.606000900268555,0.03332840839172635,49.54548836581253,-0.16585496701200952,-0.26683297779972415,20.44495738303699,18.574175994038203,19.509566688537596,18.671758485336248
2018-05-07,20.184667587280277,0.029087598107581752,53.700702176769845,-0.09720774571993829,-0.23290793138376698,20.530270311688852,18.576263120317982,19.553266716003417,18.684374900644126
2018-05-08,20.131332397460938,-0.0026458587634806915,53.26528289727387,-0.04657118867362442,-0.1956405828417385,20.494385283555154,18.593948037062525,19.54416666030884,18.303584983318387
2018-05-09,20.456666946411133,0.016031414306226816,55.628650876842315,0.019584666919076454,-0.1525955328895755,20.573909408415044,18.553890579377924,19.563899993896484,18.26882244627491
2018-05-10,20.334667205810547,-0.00598166776851226,54.515321391047465,0.06146081758431876,-0.10978426279479665,20.66771305894549,18.533020316603828,19.60036668777466,18.255499461772068
2018-05-11,20.070667266845703,-0.013067764405920593,52.08604906973824,0.0725095351671925,-0.07332550320239883,20.674318874249945,18.531214534868706,19.602766704559325,18.066773409504027
2018-05-14,19.46466636657715,-0.030658568488625318,46.9177361563212,0.031997666184576445,-0.052260869325003775,20.67521145895721,18.535388631069647,19.60530004501343,18.509625260389985
2018-05-15,18.94533348083496,-0.027043193851452124,42.98162417906868,-0.04153531226481988,-0.050115757912967,20.687963102372372,18.49923706242255,19.59360008239746,18.77687157772868
2018-05-16,19.09866714477539,0.008060902728221242,44.463079516444076,-0.08644153800326038,-0.05738091393102568,20.68725972055848,18.454140425925893,19.570700073242186,18.259455107202644
2018-05-17,18.96933364868164,-0.006794892876662789,43.43789813259474,-0.13095659161204765,-0.07209604946723008,20.64662926424229,18.391170952432514,19.5189001083374,18.0098362076306
2018-05-18,18.454666137695312,-0.027506411041860752,39.53175881339067,-0.20539677304676474,-0.09875619418313702,20.697169243728545,18.251164305770963,19.474166774749754,18.504824271757506
2018-05-21,18.965999603271484,0.02733063584059411,44.8390488225621,-0.22058801454598864,-0.12312255825570737,20.69384687689766,18.261953370294727,19.477900123596193,18.740871155259402
2018-05-22,18.333999633789062,-0.033890641978487256,40.14860956690804,-0.2803921128354716,-0.15457646917166024,20.745766585150758,18.15370031090637,19.449733448028564,18.714744914919134
2018-05-23,18.60466766357422,0.0146552593259178,42.90329951395724,-0.3024600722208888,-0.18415318978150597,20.754124177158594,18.134542738734957,19.444333457946776,18.31283381751337
2018-05-24,18.523332595825195,-0.00438134008245393,42.273657271267744,-0.32279121307296776,-0.21188079443979835,20.781108607018133,18.056691609656674,19.418900108337404,17.95308223608204
2018-05-25,18.59000015258789,0.0035926511327837147,43.01191603039765,-0.3297234275820138,-0.23544932106824146,20.77600079447138,17.960266104637505,19.368133449554442,17.878132245194283
2018-05-29,18.917333602905277,0.017454813671737686,46.62153358218661,-0.30528504772666665,-0.2494164663999265,20.7518619024529,17.916805127881574,19.334333515167238,18.258150061444347
2018-05-30,19.447999954223636,0.027665611046886498,51.93658648424939,-0.24032677852996542,-0.2475985288259343,20.69161672455588,17.92238359587869,19.307000160217285,18.537089511290027
2018-05-31,18.98200035095215,-0.024253054463058022,47.46686249731564,-0.22386853849688748,-0.24285253076012495,20.59467986918603,17.9098537077793,19.252266788482665,18.3018465422645
2018-06-01,19.454666137695312,0.024595765346737457,51.980989880260644,-0.1707171647308101,-0.22842545755426197,20.6149592773164,17.938707600430178,19.27683343887329,18.21446806558828
2018-06-04,19.78266716003418,0.016719212816101784,54.87852978471776,-0.10096353205251418,-0.20293307245391243,20.635225322585875,17.93610818113727,19.285666751861573,18.091718252475427
2018-06-05,19.408666610717773,-0.019086459534572997,51.09273474462633,-0.07499747013262592,-0.17734595198965514,20.530613864771677,17.963119541295217,19.246866703033447,18.31451991924378
2018-06-06,21.299999237060547,0.09298733807137727,64.44903964202975,0.09707651974229847,-0.12246145764326441,20.840351335848567,17.77024875417829,19.30530004501343,19.455676756306605
2018-06-07,21.07266616821289,-0.010730278490089475,62.2485390365556,0.21265120694714668,-0.0554389247251822,20.988643897125723,17.683556115081306,19.336100006103514,19.186983126138596
2018-06-08,21.17733383178711,0.004954692435399038,62.87700625867374,0.30912735718538187,0.01747433165693061,21.17467909308182,17.581787581722864,19.378233337402342,18.62832886681726
2018-06-11,22.13999938964844,0.04445444887073472,68.1317825165576,0.45798509937025855,0.10557648519959621,21.646638869929905,17.316761017155056,19.48169994354248,19.102526811813984
2018-06-12,22.851333618164062,0.031623579957868575,71.35802599303243,0.6261369429651218,0.20968857675270136,22.288565160394583,17.013501451849066,19.651033306121825,19.630270745246072
2018-06-13,22.985332489013672,0.005846814961109414,71.93442786374067,0.761433745245796,0.3200376104513203,22.85644139218566,16.849625120875864,19.85303325653076,18.7716685537572
2018-06-14,23.847999572753903,0.036844043828737995,75.37079530864085,0.927574953197162,0.44154507900048867,23.557944462570347,16.623055293289028,20.090499877929688,18.919727271753153
2018-06-15,23.87800025939941,0.0012572053263429782,75.48322001766958,1.0495651286954804,0.563149088939487,24.14709304801018,16.52477336892097,20.335933208465576,18.907569150894748
2018-06-18,24.722000122070312,0.03473599661662311,78.46184453721241,1.2005082452255174,0.6906209201966931,24.822596098255424,16.47600371711323,20.649299907684327,19.014548884692225
2018-06-19,23.503332138061523,-0.05055133619592977,65.99416627043644,1.2078718364295362,0.7940711034432617,25.15612068883273,16.596212380014926,20.876166534423827,19.0700249339434
2018-06-20,24.14800071716309,0.027059386425411523,68.81697290696721,1.2513026639230702,0.8855174155392236,25.50913598960331,16.82459718758175,21.16686658859253,18.649850111514155
2018-06-21,23.167333602905277,-0.04145833852996418,60.5790127651654,1.1928399508342125,0.9469819225982214,25.649008540867268,17.140991230250894,21.39499988555908,18.598881329529764
2018-06-22,22.242000579833984,-0.04076083263689132,54.00919992020795,1.0596264734872953,0.9695108327760362,25.62641974595721,17.53544682356183,21.58093328475952,18.852407970543283
2018-06-25,22.200666427612305,-0.0018601117764972604,53.72889265530744,0.9398841132976692,0.9635854888803629,25.559661626387285,17.963271570634202,21.761466598510744,18.459608154481252
2018-06-26,22.799999237060547,0.02663819480865757,57.19767958815919,0.8831679684521241,0.9475019847947153,25.532148022147446,18.37905173828957,21.955599880218507,18.532110314582116
2018-06-27,22.96666717529297,0.007283408999648192,58.137535371424946,0.8419630982645856,0.9263942074886893,25.53047139250256,18.73259509004139,22.131533241271974,18.64386830229825
2018-06-28,23.32866668701172,0.015639022752901306,60.1826016591774,0.8289625131748188,0.9069078686259153,25.441969353458045,19.25576376269186,22.348866558074953,18.651554349266885
2018-06-29,22.86333274841309,-0.020148496990899354,56.370405970317734,0.7722093472684186,0.879968164354416,25.30089096199827,19.737708815223407,22.51929988861084,18.39419303138368
2018-07-02,22.33799934387207,-0.02324520251387864,52.33961976800617,0.6770375713696097,0.8393820457574548,25.116635279286395,20.17749771631907,22.647066497802733,19.45527704516062
2018-07-03,20.724000930786133,-0.0749967408799285,42.32586013356257,0.4660052516429509,0.764706686934554,24.86951680177754,20.556149625834767,22.712833213806153,19.03174439118671
2018-07-05,20.61066627502441,-0.00548377173144179,41.722219709895604,0.2863149972477075,0.6690283489971848,24.949134878273654,20.407598253135035,22.678366565704344,19.384412162241247
2018-07-06,20.59333229064941,-0.0008413739443247261,41.62444167598423,0.140886417446616,0.563399962687071,25.005231866890796,20.303567876761548,22.654399871826172,18.705728106101176
2018-07-09,21.233999252319336,0.030636287189681716,46.605158018222006,0.07644843970208726,0.46600965809007433,25.00069463401258,20.313771651692985,22.657233142852782,18.551287873835268
2018-07-10,21.49799919128418,0.012356234552786241,48.55310058777534,0.0461514615039782,0.38203801877285515,25.01554337074502,20.234722895124122,22.62513313293457,18.77184805569134
2018-07-11,21.263999938964844,-0.010944370832144498,46.91921039953192,0.003221963169391273,0.3062748076521624,25.00885504283139,20.082677855117833,22.54576644897461,18.109545803775543
2018-07-12,21.11400032043457,-0.007079156356632034,45.853980600665096,-0.0424147582366885,0.23653689447439225,24.986136552656127,19.91826312843518,22.452199840545653,18.267739344317658
2018-07-13,21.257999420166016,0.006796925091447165,47.09574029434071,-0.06619955755647666,0.17598960406821848,24.82075887742274,19.82464078840978,22.32269983291626,18.293381332133354
2018-07-16,20.67333221435547,-0.027888696957791365,42.80350070950001,-0.13072007990807677,0.11464766727295943,24.651574470540144,19.67335839078798,22.16246643066406,18.580079067921595
2018-07-17,21.512666702270508,0.039797339718765146,49.86724424053262,-0.11282520146203012,0.06915309352596152,24.192189147396622,19.81181037195152,22.00199975967407,18.46892791310764
2018-07-18,21.59000015258789,0.003588340997915393,50.474140549637184,-0.09135019010192025,0.03705243680038517,23.984698823149653,19.827967497651127,21.90633316040039,18.250639486673744
2018-07-19,21.34866714477539,-0.011240942684509224,48.500914377341346,-0.09273564689483038,0.011094820061342062,23.567665586720658,19.965067376841354,21.766366481781006,18.30110298499316
2018-07-20,20.905332565307617,-0.02098503581790621,45.01910972375378,-0.12813002369132676,-0.016750148689191703,23.36607027506627,19.940462584735975,21.653266429901123,18.16492361719935
2018-07-23,20.21333312988281,-0.03366183049098469,40.171463225535305,-0.20960272373737965,-0.05532066369882929,23.355693609555054,19.747972505252072,21.551833057403563,18.920810374988456
2018-07-24,19.82866668701172,-0.019213739494976158,37.738782205809045,-0.3017316183758574,-0.10460285463423491,23.36485822167527,19.5016079190718,21.433233070373536,18.784365071663068
2018-07-25,20.582666397094727,0.037320581448582704,44.79565570193222,-0.3103257143010829,-0.14574742656760453,23.176674093732036,19.46805876301845,21.322366428375243,18.480184747522415
2018-07-26,20.44333267211914,-0.006792485928422633,43.80752767462061,-0.32463744598640787,-0.1815254304513652,22.91808880699535,19.474310599437757,21.196199703216553,18.056225627091965
2018-07-27,19.812000274658203,-0.03136897003681015,39.55041737856245,-0.38251346752038273,-0.22172303786516873,22.530579361332162,19.51015340386559,21.020366382598876,18.26460572543918
2018-07-30,19.344667434692383,-0.023871031864305167,36.706833837285366,-0.4607789135910494,-0.26953421301034486,22.26798849208646,19.420877741739226,20.844433116912843,18.44255476364895
2018-07-31,19.875999450683597,0.02709614937799272,41.827831121113434,-0.4744614935549123,-0.3105196691192584,22.021533396077825,19.421132848429014,20.72133312225342,18.14826161129787
2018-08-01,20.05599975585937,0.009015402580141905,43.49573453240215,-0.4654154963210715,-0.34149883455962105,22.021730465072032,19.35413566194213,20.68793306350708,18.83900285214454
2018-08-02,23.30266761779785,0.1500394953693686,63.7080255107137,-0.1940308485750073,-0.3120052373626983,22.59476613993846,19.050300121353043,20.822533130645752,19.668359383410074
2018-08-03,23.211332321166992,-0.00392722251966948,63.02500668527195,0.013517622133836227,-0.2469006654633914,23.017153792375186,18.88971247196808,20.953433132171632,19.137776362712618
2018-08-06,22.79933357238769,-0.017909315280774534,59.90508185099553,0.1431067788021423,-0.16889917661028467,23.25294163395037,18.810458062399725,21.031699848175048,18.67116316732427
2018-08-07,25.30466651916504,0.10425751987100265,69.72093285395518,0.4428615180566773,-0.04654703767689229,24.151102399333663,18.29296402980452,21.22203321456909,19.953533466769304
2018-08-08,24.689332962036133,-0.02461753965428242,65.48077274517766,0.6235788047323503,0.08747813080495623,24.707896956115206,18.078702775330107,21.393299865722657,19.72513578716898
2018-08-09,23.49666786193848,-0.04951266848117073,58.104734163747395,0.6629187358267821,0.20256625180932142,24.95362105336633,18.07124543222937,21.51243324279785,19.367527842471127
2018-08-10,23.69933319091797,0.008588294353453393,58.9509060451188,0.7023530244851521,0.3025236063444876,25.208329180491983,18.060670682178912,21.634499931335448,18.97041934698796
2018-08-13,23.76066780090332,0.002584687857127241,59.21935306229848,0.7301376010170628,0.3880464052790027,25.453444750946744,18.124288670378938,21.78886671066284,18.87149200353185
2018-08-14,23.176000595092773,-0.024914314053937747,55.49382789822534,0.6969453684800584,0.44982619791921385,25.585391879503472,18.15867493110444,21.872033405303956,18.46752617072622
2018-08-15,22.57933235168457,-0.026082295987135885,51.90508287043584,0.6154001940155993,0.482940997138491,25.645382769192818,18.197617261324762,21.92150001525879,18.731978026853998
2018-08-16,22.36333274841309,-0.009612303405664177,50.628647128739914,0.5272676793563704,0.4918063335820669,25.690899991595845,18.253566599285502,21.972233295440674,18.325930418400397
2018-08-17,20.36666679382324,-0.09352310299855524,40.671841178804826,0.2929310440936064,0.4520312756843748,25.70408895149333,18.18651106223958,21.945300006866454,19.465818417021065
2018-08-20,20.562667846679688,0.009577607495927778,41.880171624837125,0.12163113129117065,0.38595124680573395,25.690788900955337,18.234744584457264,21.9627667427063,19.380163144290403
2018-08-21,21.459999084472656,0.04271350329177862,47.18377757848455,0.057617667223851754,0.32028453088935754,25.644963095798683,18.443703629360005,22.044333362579344,19.101669312249545
2018-08-22,21.44266700744629,-0.0008079720701797333,47.09438559549576,0.00542544088724739,0.2573127128889355,25.634610801037297,18.54005598515655,22.087333393096923,18.306279494854408
2018-08-23,21.34000015258789,-0.0047994694464031625,46.532015707855955,-0.043717681455056834,0.197106634020137,25.614019231284185,18.650314302956534,22.13216676712036,18.162033077370705
2018-08-24,21.521333694458008,0.008461454998839912,47.71949291761735,-0.06725656677115666,0.1442339938618783,25.539950708627213,18.89531616759349,22.21763343811035,17.805216584578957
2018-08-27,21.284666061401367,-0.011057797782740283,46.274974555224745,-0.10381172608861533,0.09462484987177958,25.38770236361898,19.24156437527262,22.3146333694458,19.094591591941
2018-08-28,20.790666580200195,-0.0234827463444085,43.32678108261684,-0.17067613458314312,0.041564652980795036,25.30517609482467,19.41555735701859,22.36036672592163,18.55814876164077
2018-08-29,20.333999633789062,-0.02220982005243565,40.74263716458283,-0.2575470243186828,-0.018257682479100534,25.27558140562444,19.472952034011794,22.374266719818117,18.5314257462087
2018-08-30,20.209999084472656,-0.006116857728366764,40.04422960847511,-0.3325650356031815,-0.08111915310391674,25.239832800017567,19.199433786286143,22.219633293151855,18.499958553011684
2018-08-31,20.11066627502441,-0.004927151351277619,39.46067951114362,-0.3954739006327408,-0.14399010260968154,25.187054911203298,18.942145070486156,22.064599990844727,18.20533794996118
2018-09-04,19.26333236694336,-0.0430469232692942,34.80175287283578,-0.5078482359799388,-0.216761729283733,25.2279321090023,18.54766775214272,21.88779993057251,18.64588218435957
2018-09-05,18.715999603271484,-0.028824659687569285,32.160411956685934,-0.6337652350094913,-0.3001624304288847,24.77700008201045,18.339733087545216,21.558366584777833,18.567478753311956
2018-09-06,18.729999542236328,0.0007477402091871391,32.30194534615437,-0.7240789543886166,-0.3849457352208311,24.3597762341247,18.161023593450988,21.260399913787843,18.535900506117287
2018-09-07,17.549333572387695,-0.06511051590830808,27.15637927286643,-0.8807701343529111,-0.4841106150472471,24.29175080534108,17.634315593279524,20.963033199310303,19.63671600642533
2018-09-10,19.03333282470703,0.08117582516337454,40.0771461194117,-0.8751149061131045,-0.5623114732604186,23.901302349296145,17.558164012703365,20.729733180999755,19.182665788652912
2018-09-11,18.62933349609375,-0.021454393137783412,38.09603781186508,-0.8929392189643082,-0.6284370224011966,23.435673468743015,17.51065946277554,20.473166465759277,18.73949805260494
2018-09-12,19.369333267211918,0.038953647795662634,43.5959683435837,-0.8376968701521008,-0.6702889919513775,22.992532106546815,17.573134092183654,20.282833099365234,18.827684674132964
2018-09-13,19.297332763671875,-0.0037241683417792272,43.193854201436906,-0.7906130544687819,-0.6943538044548585,22.633341068948276,17.60412517098092,20.1187331199646,18.370486855522866
2018-09-14,19.68000030517578,0.019636019543975154,46.042420009981775,-0.7141880040616648,-0.6983206443762198,22.270896480059122,17.69823651554635,19.984566497802735,18.43541171840613
2018-09-17,19.6560001373291,-0.0012202649255036756,45.88700320853062,-0.6480864764876024,-0.6882738107984964,22.232447072823014,17.665619257133038,19.949033164978026,18.45328346217561
2018-09-18,18.997333526611328,-0.034084013592407654,41.72439162186075,-0.6414551349242998,-0.678910075623657,22.17285116580552,17.568681732143702,19.87076644897461,19.329795796106232
2018-09-19,19.934667587280277,0.048161677252015485,48.83724057327155,-0.5541765219090955,-0.6539633648807447,21.972628616305542,17.61637113192444,19.79449987411499,18.639201635218196
2018-09-20,19.8886661529541,-0.002310276436765527,48.52421705700263,-0.4831500703259515,-0.6198007059697861,21.753661676654087,17.679937986126678,19.716799831390382,18.518179445377076
2018-09-21,19.940000534057617,0.0025777618885772795,48.917692824899234,-0.4179015314724843,-0.5794208710703257,21.539938078443157,17.75366162248458,19.646799850463868,18.1430480205536
2018-09-24,19.978666305541992,0.001937228201131435,49.23247062220674,-0.3589340217512387,-0.5353235012065083,21.255591855011705,17.88374110702443,19.569666481018068,18.10109513625315
2018-09-25,20.06599998474121,0.004361820224937156,49.98218878338384,-0.3016772004466084,-0.4885942410545283,21.011852864795642,18.005613489574472,19.508733177185057,18.023563212676034
2018-09-26,20.6386661529541,0.028139474409747497,54.70565132346475,-0.20769717944797605,-0.4324148287332179,20.97827419609454,18.023992115550968,19.501133155822753,18.583207681918072
2018-09-27,20.501333236694336,-0.006676394186811727,53.40320183903191,-0.1426545217923021,-0.37446276734503475,21.008241445381145,18.01075822655489,19.50949983596802,18.664696945961907
2018-09-28,17.65133285522461,-0.14967862356105288,34.85647936180159,-0.31741993985119876,-0.3630542018462676,21.05515844757152,17.70797460143971,19.381566524505615,20.03956490179407
2018-10-01,20.71333312988281,0.15996630906971668,53.52973420138324,-0.2064649612653362,-0.3317363537300813,21.160574851292097,17.662824883204976,19.411699867248537,19.604442680723405
2018-10-02,20.06800079345703,-0.0316510593141639,50.259846473809944,-0.1686610480566415,-0.29912129259539333,21.223315208127865,17.68055136902057,19.451933288574217,18.986860660777324
2018-10-03,19.65333366394043,-0.020879570125520365,48.22149401067165,-0.17019939364594805,-0.27333691280550426,21.237496116103344,17.760103867111987,19.498799991607665,18.602377113690945
2018-10-04,18.788667678833008,-0.04499307098653701,44.19637927571813,-0.2384412598723955,-0.2663577822188825,21.235158161064966,17.768308635810037,19.5017333984375,18.80739108236976
2018-10-05,17.463333129882812,-0.07315047194650469,38.8442545885622,-0.3949145235287759,-0.2920691304808612,21.251553786078738,17.743312966545773,19.497433376312255,19.410844424078576
2018-10-08,16.70400047302246,-0.0444551930837214,36.143639702655356,-0.5735806312309997,-0.3483714306308889,21.529750799688394,17.232182717767664,19.38096675872803,19.12422617978483
2018-10-09,17.520000457763672,0.04769487161816516,40.8988988906834,-0.6419306526567325,-0.4070832750360576,21.609022689511953,17.041977524111097,19.325500106811525,19.013504705899393
2018-10-10,17.125333786010742,-0.0227842365240576,39.3717555636916,-0.7196491714331756,-0.46959645431548125,21.699294242569703,16.727306022933224,19.213300132751463,19.07420053387695
2018-10-11,16.815332412719727,-0.018267761294738935,38.1662599490254,-0.7970680729429702,-0.535090778040979,21.795565450478634,16.382834779929084,19.08920011520386,18.62374811871921
2018-10-12,17.25200080871582,0.025637011844725322,40.91075300661246,-0.8138065644971881,-0.590833935332221,21.778398902489414,16.157201378272305,18.96780014038086,18.497836219888526
2018-10-15,17.305999755859375,0.0031251224150275823,41.257972236128694,-0.8133390100795275,-0.6353349502816823,21.73526283565149,15.965337406963258,18.850300121307374,18.34811006187022
2018-10-16,18.439332962036133,0.0634327959715364,48.145155718605196,-0.713295524956667,-0.6509270652166792,21.712164381488773,15.932635804668452,18.822400093078613,18.7776276579039
2018-10-17,18.118667602539062,-0.017543278006273536,46.484498543553066,-0.6523652957752013,-0.6512147113283836,21.588142407256406,15.875057780426701,18.731600093841553,18.681755723803363
2018-10-18,17.5939998626709,-0.029384839017495768,43.82114910794521,-0.6390474111834763,-0.6487812512994022,21.462038837622345,15.77169472103244,18.616866779327392,18.213877964523608
2018-10-19,17.333332061767578,-0.014926570471279743,42.51774835643636,-0.6421245921459722,-0.6474499194687162,21.31526978957535,15.65779692185043,18.48653335571289,18.761660669944852
2018-10-22,17.39666748046875,0.0036473072126550357,42.96166860808532,-0.6321654316686747,-0.644393021908708,21.13464604955944,15.58022077935902,18.35743341445923,18.246380938705386
2018-10-23,19.60933303833008,0.11972696455952778,55.80317727940249,-0.440649572756854,-0.6036443320783371,21.05968619058029,15.609513943697056,18.334600067138673,19.469461830258776
2018-10-24,19.233333587646484,-0.019360730257469993,53.595021028649505,-0.3155741457692862,-0.546030294816527,20.80553919238358,15.723127685363002,18.26433343887329,19.522203795570082
2018-10-25,20.99066734313965,0.0874330286431297,61.302398747694305,-0.07379812252578688,-0.451583860358379,20.928216260116287,15.649384028274824,18.288800144195555,19.56046856783785
2018-10-26,22.059999465942383,0.049688062904440625,65.10079794579681,0.20177138835894937,-0.32091281061491334,21.61897100037156,15.39949594909133,18.509233474731445,19.83503399903298
2018-10-29,22.32333374023437,0.011866497865424763,65.98622115598398,0.436380760495819,-0.16945409639276687,22.00777914473005,15.171687865767993,18.589733505249022,19.196743429441764
2018-10-30,21.99333381652832,-0.014893088379068472,63.80168766819588,0.5888937417832452,-0.017784528757564477,22.376907804309692,14.995092508495487,18.68600015640259,18.73476494985753
2018-10-31,22.488000869750977,0.022242473178064662,65.6380849344318,0.7411335491255322,0.13399908681905487,22.875501060249164,14.779965973137067,18.827733516693115,18.554901282811063
2018-11-01,22.95199966430664,0.020423191772720273,67.31318028175721,0.888977933940879,0.2849948562434197,23.483664388574645,14.588135843358948,19.035900115966797,18.603014809001426
2018-11-02,23.0939998626709,0.006167773529960309,67.83003623829983,1.0060072776521487,0.42919734052516556,24.0497939318898,14.585072973322607,19.317433452606203,18.57870961671553
2018-11-05,22.76000022888184,-0.01456821826868683,65.21784466736227,1.059588618574935,0.5552755961351195,24.422970533286886,14.817496347511453,19.62023344039917,18.58165098334846
2018-11-06,22.73733329772949,-0.0009964070977677931,65.03479868759474,1.0876850294216602,0.6617574827924276,24.769521458459526,14.992678706335393,19.88110008239746,18.43501256107025
2018-11-07,23.21066665649414,0.020603730470361386,67.11070336503123,1.1350614023862526,0.7564182667111926,25.108980156085543,15.261753295757721,20.185366725921632,18.521588871424065
2018-11-08,23.426666259765625,0.009263014594603545,68.04311219142153,1.176475208219074,0.8404296550127689,25.374192980582315,15.657673855965534,20.515933418273924,18.48234483474545
2018-11-09,23.367332458496094,-0.0025359590842054585,67.47720814499613,1.1907816165826155,0.9105000473267383,25.58383385965695,16.059566141868928,20.821700000762938,18.152565990068084
2018-11-12,22.0853328704834,-0.05642528101968433,56.53623590719708,1.0861524068085053,0.9456305192230917,25.5519361592192,16.569397153769085,21.060666656494142,18.461078658163277
2018-11-13,22.582000732421875,0.022239444014452457,59.290214031039454,1.0314203778032756,0.9627884909391285,25.630310561100345,16.90528952892651,21.267800045013427,18.218919466243744
2018-11-14,22.933332443237305,0.015438256266650938,61.16475598412053,1.0048115413792864,0.9711931010271602,25.665899069088667,17.351167505008014,21.50853328704834,18.14102637641454
2018-11-15,23.22933387756348,0.012824453818193814,62.722183901533285,0.9961259686699364,0.9761796745557154,25.578015920446234,18.002584055139707,21.79029998779297,18.055188484341997
2018-11-16,23.62066650390625,0.016706156871619596,64.73569563033246,1.0091865873817483,0.9827810571209221,25.337928439455204,18.8714049803446,22.104666709899902,18.49850253490743
2018-11-19,23.564666748046875,-0.0023736096914838216,64.20128854536114,1.0034513470175312,0.986915115100244,24.828828265075746,19.997305081481873,22.41306667327881,18.796603756546094
2018-11-20,23.166000366210938,-0.017062716138914937,60.37983591753369,0.9557201356795382,0.9806761192161029,24.632263724800755,20.54953635454495,22.590900039672853,18.603589636564198
2018-11-21,22.54599952697754,-0.02712805667626346,54.90622793332774,0.857973733516566,0.9561356420761955,24.052203278857267,21.46086339442154,22.756533336639404,18.068310820102695
2018-11-23,21.722000122070312,-0.037232068164504986,48.600415505290755,0.705882169794954,0.9060849476199473,23.907536035890917,21.67866391528096,22.79309997558594,17.959264156307114
2018-11-26,23.06666755676269,0.06006303506598446,57.23233946952434,0.6859447893640827,0.8620569159687743,23.908286279421,21.778580480832908,22.843433380126953,18.602014321188538
2018-11-27,22.92799949645996,-0.00602976341947075,56.18446209718183,0.6514454604056112,0.8199346248561418,23.910305702731225,21.837027633145237,22.87366666793823,18.37332181557618
2018-11-28,23.191333770751957,0.011419815399028825,57.76588488830729,0.637998914465367,0.7835474827779868,23.89148255961608,21.97565077168275,22.933566665649415,17.94125689947734
2018-11-29,22.744667053222656,-0.019447961848597727,54.19296215760762,0.5845616954276238,0.7437503253079143,23.885881790921612,22.006918158724385,22.946399974823,17.64871762459681
2018-11-30,23.365333557128903,0.02692274930708413,58.07356770091973,0.5855451144939607,0.7121092831451237,23.925069596359798,22.009063742568422,22.96706666946411,18.25151034237858
2018-12-03,23.89933204650879,0.022597058720560136,61.125002332446705,0.6222408908127761,0.6941356046786542,24.051614380064073,21.96305217724794,23.007333278656006,18.640599107936723
2018-12-04,23.979999542236328,0.003369619807877731,61.57990431947897,0.6503350925358298,0.6853755022500894,24.191343339012228,21.945323149635236,23.068333244323732,18.65913450163576
2018-12-06,24.20400047302246,0.009297797793253366,62.878889943408716,0.6828040132358559,0.6848612044472427,24.361079223139015,21.92225398303774,23.141666603088378,18.583118428649872
2018-12-07,23.86466789245605,-0.014118894034547757,59.59193457005957,0.6733921183176328,0.6825673872213208,24.435917747060152,21.912815582712796,23.174366664886474,18.966881239325016
2018-12-10,24.34333229064941,0.01985894986280649,62.564699161284814,0.6965281968749935,0.6853595491520554,24.5828977241285,21.857502208732825,23.220199966430663,18.41267378363084
2018-12-11,24.450666427612305,0.0043994881709961495,63.21815670350717,0.7152793782161169,0.6913435149648678,24.743645665793448,21.805087663979503,23.274366664886475,18.36550625377496
2018-12-12,24.440000534057617,-0.00043631614730297,63.10028449267553,0.7209683022514852,0.6972684724221913,24.837374502375308,21.94682559375506,23.392100048065185,18.138384157038644
2018-12-13,25.119333267211918,0.027416643182222627,67.28432141873223,0.7714010584595776,0.7120949896296686,25.103567408301927,21.934365941307448,23.518966674804688,18.5204220101587
2018-12-14,24.38066673278809,-0.029847328127938662,59.39767288469383,0.7431980406804328,0.7183155998398214,25.19539916174325,21.987267616821203,23.591333389282227,18.37006091747123
2018-12-17,23.22800064086914,-0.04843199610928875,49.62301557482516,0.6206815944533126,0.6987887987625198,25.195395952588445,21.987137502306577,23.59126672744751,18.561398759578587
2018-12-18,22.46866607666016,-0.03323675529970292,44.435317068191786,0.45704593380339276,0.6504402257706944,25.214259197916082,21.85307421425433,23.533666706085206,18.483655552503425
2018-12-19,22.197999954223636,-0.012119527132867663,42.72089657298315,0.3020412561903889,0.5807604318546333,25.248619133277405,21.68204759951068,23.46533336639404,18.636703006976127
2018-12-20,21.025333404541016,-0.05427412940561646,36.20361705197706,0.08361072981019291,0.48133049144574525,25.447892797427617,21.26870723919348,23.358300018310548,18.728742490412138
2018-12-21,21.31800079345703,0.01382376022500745,38.716398674570094,-0.06513044051501637,0.372038305053593,25.552558706949412,21.041241456319632,23.296900081634522,18.605100107144334
2018-12-24,19.69266700744629,-0.07930549016355178,31.334963669259764,-0.31057957466223485,0.2355147291104274,25.889374258185605,20.501492593621037,23.19543342590332,18.239140893546345
2018-12-26,21.73933219909668,0.09887683028497694,45.440901258303526,-0.33607692003438316,0.12119639928146529,25.9006448105228,20.35748850551724,23.12906665802002,18.623184766025638
2018-12-27,21.07533264160156,-0.03101987613917527,42.39780724367005,-0.40519216193485974,0.01591868703820029,25.95618790468599,20.116678725868212,23.0364333152771,18.672423421632516
2018-12-28,22.257999420166016,0.054598181031400884,48.954772306647264,-0.3603809171345347,-0.05934123379634671,25.928867861157205,20.0506653343384,22.989766597747803,18.820027177759936
2018-12-31,22.18666648864746,-0.003209968679503924,48.595460149915525,-0.3268558632709784,-0.11284415969127304,25.921287917323273,20.00244522171481,22.961866569519042,18.364475415781943
2019-01-02,20.67466735839844,-0.07058234811465275,41.62203232711354,-0.41748025752001183,-0.1737713792570208,25.949675170201846,19.704991348963194,22.82733325958252,18.979604869887623
2019-01-03,20.02400016784668,-0.031977589194740155,39.02663547446872,-0.5356297410637545,-0.24614305161836755,25.950712726502516,19.316420604796313,22.633566665649415,18.464487090460967
2019-01-04,21.179332733154297,0.0560942725927254,45.52241302712788,-0.5299296760542411,-0.30290037650554225,25.807813545803644,19.17925310458698,22.493533325195312,18.524243152984976
2019-01-07,22.33066749572754,0.05293512263076508,51.111917102220865,-0.4275803600032866,-0.3278363732050911,25.615012155590296,19.18472119707084,22.399866676330568,18.5452672589237
2019-01-08,22.356666564941406,0.001163599158188828,51.23359648734695,-0.34044543894342283,-0.3303581863527575,25.464833078596158,19.184100141313507,22.324466609954833,18.47068446669972
2019-01-09,22.568666458129883,0.009437947481978803,52.276652016832195,-0.25138594590492147,-0.3145637382631903,25.23293817007424,19.238528466583475,22.235733318328858,18.216033832700216
2019-01-10,22.99799919128418,0.018844716086450743,54.403616051635126,-0.14449642767834447,-0.28055027614622113,25.000444299130844,19.325755613894056,22.16309995651245,18.324676334226204
2019-01-11,23.15066719055176,0.006616379981298151,55.16876960110189,-0.04692575188770931,-0.23382537129451877,24.772005992260112,19.425260586414204,22.098633289337158,18.14078826700529
2019-01-14,22.293333053588867,-0.037735932883165346,50.08577785578696,-0.038338050990230244,-0.19472790723366107,24.22666396704394,19.68800259026807,21.957333278656005,18.181274430370422
2019-01-15,22.96199989318848,0.029553003459965647,53.67105605079079,0.0221680500341499,-0.15134871578009887,23.912442104852186,19.860357768499863,21.886399936676025,18.3247093565985
2019-01-16,23.06999969482422,0.004692387937454119,54.24274054382883,0.07793585637993061,-0.10549180134809298,23.883640143944895,19.87335963480266,21.878499889373778,18.06935576340412
2019-01-17,23.15399932861328,0.003634463829550445,54.71083920904476,0.12744124972940085,-0.05890519113259422,23.9827479375961,19.842785166346776,21.912766551971437,17.82557638793803
2019-01-18,20.15066719055176,-0.13893012374879604,39.25013664571513,-0.0748068462635807,-0.062085522158791526,24.018850975812498,19.601948851763183,21.81039991378784,19.707878267670832
2019-01-22,19.92799949645996,-0.011111646346251997,38.384081525652746,-0.2501734971114047,-0.09970311714931417,24.096646820491422,19.414419616276156,21.75553321838379,19.01401035718207
2019-01-23,19.172666549682617,-0.03864010516794837,35.52086742971565,-0.4449725213406701,-0.16875699798758537,24.255281492925377,19.04125151946476,21.648266506195068,19.051686533295026
2019-01-24,19.43400001525879,0.01353846267844261,37.26450915493332,-0.5716748134818452,-0.24934056108643735,24.28540823725625,18.98525807591514,21.635333156585695,18.60452614743531
2019-01-25,19.80266761779785,0.01879254659466642,39.74016699591227,-0.6350187969969525,-0.3264762082685404,24.311265177472002,18.765734677569505,21.538499927520753,18.50450706319313
2019-01-28,19.7586669921875,-0.002224426662412959,39.53961898365973,-0.6809206140788753,-0.39736508943060733,24.35220168775127,18.593131602348826,21.472666645050047,18.38349277377647
2019-01-29,19.83066749572754,0.0036373727345903615,40.0725558867015,-0.7033801671902538,-0.45856810498253664,24.29535727153859,18.40724282611766,21.351300048828126,18.05432337627015
2019-01-30,20.584667205810547,0.03731688539222895,45.49121402667632,-0.65281282973881,-0.4974170499337913,24.206719949429186,18.33568021994337,21.271200084686278,18.9439555599538
2019-01-31,20.468000411987305,-0.005683777190272844,44.81597181582791,-0.6150618357472091,-0.5209460070964749,24.206665101915707,18.31506837281574,21.260866737365724,19.054810141351407
2019-02-01,20.81399917602539,0.016763086556941698,47.31368105365428,-0.5508745534573336,-0.5269317163686467,24.19711095120736,18.403622424341957,21.30036668777466,18.509158554369396
2019-02-04,20.85933303833008,0.002175678198907091,47.64802572185483,-0.49069122300697643,-0.5196836176963127,24.1874538539727,18.3812795520942,21.28436670303345,18.518546754836095
2019-02-05,21.42333221435547,0.026679142656293394,51.75036007982772,-0.39295573099960635,-0.4943380403569714,24.101314036891804,18.376685841037887,21.238999938964845,18.43203603787759
2019-02-06,21.14800071716309,-0.012935246198518718,49.702780519273844,-0.3338679779949345,-0.462244027884564,23.99214492613108,18.364988367020775,21.178566646575927,18.140669191036256
2019-02-07,20.500667572021484,-0.03108792218182639,45.176924786455,-0.3354085024271356,-0.4368769227930783,23.824918717565076,18.32541468697594,21.075166702270508,18.398527165534933
2019-02-08,20.386667251586918,-0.005576329018938685,44.4099810237841,-0.34188718955338615,-0.4178789761451399,23.55434664185922,18.334853568712077,20.944600105285648,18.2890104869115
2019-02-11,20.856000900268555,0.022760598713060444,48.30121624072863,-0.305627212454862,-0.39542862340708435,23.224115770690094,18.43561781085288,20.829866790771487,18.48782992622171
2019-02-12,20.78733253479004,-0.0032979313639255247,47.774296266294954,-0.2792132856214913,-0.37218555584996577,23.047609222130863,18.461524307532226,20.754566764831544,18.231503754283978
2019-02-13,20.544666290283203,-0.011742429097439224,45.86992353702525,-0.2746946868309692,-0.35268738204616645,22.678196148334813,18.58920402103775,20.633700084686282,18.160925087107557
2019-02-14,20.251333236694336,-0.01438072910139189,43.607097567297636,-0.2914238380724825,-0.3404346732514297,22.189093090786002,18.796440432773572,20.492766761779787,18.172373231793145
2019-02-15,20.525333404541016,0.013439268798795676,46.27326895815921,-0.27935209032153807,-0.3282181566654514,21.507644886769796,19.21502204438255,20.361333465576173,17.885792950908183
2019-02-19,20.375999450683597,-0.007302188315000433,45.02387638868022,-0.2786233487694396,-0.31829919508624904,21.514614732698234,19.2305854244673,20.372600078582767,17.951093044195964
2019-02-20,20.17066764831543,-0.010128258243083122,43.29298963724255,-0.2912569474714459,-0.31289074556328844,21.51191914040163,19.257547831949452,20.38473348617554,18.489567619155242
2019-02-21,19.415332794189453,-0.03816634835211206,37.57100632280282,-0.358090530858032,-0.32193070262223716,21.47319464108636,19.320538955715406,20.396866798400882,18.71064521724458
2019-02-22,19.6473331451416,0.011878507177307875,40.1859712281688,-0.38786507069056597,-0.33511757623590294,21.447290554316695,19.367776355473353,20.407533454895024,18.271124505165034
2019-02-25,19.917999267578125,0.013682197437311696,43.176431105518,-0.3851809873371792,-0.3451302584561582,21.44013127885944,19.386468795908634,20.413300037384037,18.414637530465697
2019-02-26,19.857332229614254,-0.0030504879645208128,42.661587279937244,-0.3835280818997404,-0.3528098231448747,21.432695607516447,19.4037709909943,20.418233299255373,18.67328601318394
2019-02-27,20.982667922973636,0.055123439170999516,53.69214389051973,-0.28809201142408014,-0.3398662608007158,21.48059912757542,19.471067513659936,20.475833320617678,18.938036009134137
2019-02-28,21.32533264160156,0.016198931980320443,56.44010490382663,-0.18270198422155914,-0.30843340548488446,21.58674378521414,19.438989399600317,20.512866592407228,18.876905510423033
2019-03-01,19.652666091918945,-0.08168268383461422,43.020116553358065,-0.23148146562763827,-0.2930430175134352,21.612963030157623,19.331236722649997,20.47209987640381,19.655195365260752
2019-03-04,19.02400016784668,-0.03251165931845648,39.2433064394279,-0.3172110308646303,-0.2978766201836742,21.680561429474327,19.08463842251542,20.382599925994874,19.362452074459693
2019-03-05,18.43600082397461,-0.03139602921927177,36.05499584859733,-0.42766905919834386,-0.3238351079866082,21.80181542501324,18.721051205540967,20.261433315277102,19.45553820786821
2019-03-06,18.416000366210938,-0.001085447687041993,35.94801212995273,-0.5109320061281437,-0.3612544876149153,21.75737694717231,18.46475649856744,20.111066722869875,18.8591453367739
2019-03-07,18.439332962036133,0.0012661721837979227,36.185902397255305,-0.568482632048589,-0.40270011650165005,21.706268754943633,18.244997915283417,19.975633335113525,18.768781541731236
2019-03-08,18.94266700744629,0.02693084728297493,41.25459439132369,-0.5669417156054131,-0.4355484363224027,21.668651013610077,18.126815600159457,19.897733306884767,18.700537284141774
2019-03-11,19.39466667175293,0.023581223114604224,45.44521734814633,-0.5232166173578854,-0.4530820725294992,21.616958437712526,18.079308118073605,19.848133277893066,18.52399968601632
2019-03-12,18.89066696166992,-0.026330125897717833,41.85950362716476,-0.5232015842947035,-0.46710597488254013,21.50121759910269,17.99851556282358,19.749866580963136,18.53901030579166
2019-03-13,19.263999938964844,0.01957007740939458,45.302269473123644,-0.48744584699039706,-0.4711739493041115,21.36659830824686,17.980801594096892,19.673699951171876,18.44703539897494
2019-03-14,19.33066749572754,0.0034547582607831564,45.91813133176615,-0.44855894460862444,-0.4666509483650141,21.26086608118418,17.965133941704007,19.613000011444093,18.48413431111517
2019-03-15,18.36199951171875,-0.05140953908927527,39.040021053578776,-0.490252875146588,-0.4713713337213289,21.227796085365142,17.809270565025486,19.518533325195314,19.217207734366873
2019-03-18,17.965999603271484,-0.021802224404734522,36.624757594719554,-0.5489218689752988,-0.4868814407721229,21.164453607340487,17.616679662923186,19.390566635131837,18.85385829711152
2019-03-19,17.83133316040039,-0.0075238610111810385,35.81333294882536,-0.5993747072299556,-0.5093800940636894,21.103417476108877,17.423249165126474,19.263333320617676,18.99171114235247
2019-03-20,18.239999771118164,0.02265977238418918,40.14698387722979,-0.5994726177456613,-0.5273985988000838,21.009032732226377,17.324567121289245,19.16679992675781,18.456269880521965
2019-03-21,18.26799964904785,0.001533904013606828,40.44367779025357,-0.5904841229844244,-0.540015703636952,20.99013346419628,17.228733074805188,19.109433269500734,18.306464476060455
2019-03-22,17.635332107543945,-0.035246480304529995,36.090382013045044,-0.6271818968044549,-0.5574489422704526,20.981389046022187,17.036277389219514,19.00883321762085,18.69211148344098
2019-03-25,17.3613338470459,-0.0156588550190791,34.36516813862352,-0.6706437529504257,-0.5800879044064472,20.93516043449667,16.826839458691804,18.880999946594237,18.84741799386242
2019-03-26,17.851333618164062,0.02783267714915969,39.898299463364665,-0.6579641000644791,-0.5956631435380536,20.83002695160771,16.73137308043575,18.78070001602173,18.51838352284374
2019-03-27,18.32200050354004,0.0260243331388298,44.719048881241584,-0.6029856563766671,-0.5971276461057763,20.422137907798735,16.87319538230136,18.647666645050048,18.695946053982766
2019-03-28,18.57466697692871,0.01369611080354769,47.1688806800622,-0.53288401565149,-0.5842789200149191,19.759443059928998,17.260823663703817,18.510133361816408,18.43666728552105
2019-03-29,18.65733337402344,0.0044406173269008605,47.98112703993391,-0.4652938550227681,-0.5604819070164889,19.591777803136715,17.328955648706547,18.46036672592163,18.31386918715447
2019-04-01,19.27866744995117,0.03275989192109375,53.73819529873985,-0.35747099542457406,-0.519879724698106,19.63650009985974,17.309700080193966,18.473100090026854,18.61670795602233
2019-04-02,19.058666229248047,-0.011477252828966774,51.562207074934854,-0.2864706074145609,-0.473197901241397,19.696422744415,17.312043976166056,18.504233360290527,18.224465122118346
2019-04-03,19.45400047302246,0.0205308104637668,55.082005915569425,-0.1960422656536025,-0.4177667741238381,19.82034929091624,17.29191744034597,18.556133365631105,18.592876212865455
2019-04-04,17.851999282836914,-0.08593722216784855,41.82019956482071,-0.25075471658897897,-0.3843643626168663,19.82911787385945,17.224415489482833,18.52676668167114,19.68990884653227
2019-04-05,18.33066749572754,0.026459970073128034,46.00346357846949,-0.2525786344805354,-0.35800721698960014,19.786072302113034,17.206261110057376,18.496166706085205,19.091451944081314
2019-04-08,18.21333312988281,-0.006421561243439995,45.14653854243919,-0.26048924737485635,-0.3385036230666514,19.66023089674299,17.213969161240403,18.437100028991697,18.866366071950747
2019-04-09,18.15399932861328,-0.003263030302426529,44.69316617285886,-0.2684516633064433,-0.3244932311146098,19.610183773894022,17.190349520783712,18.400266647338867,18.299190857656434
2019-04-10,18.40399932861328,0.01367711069116183,47.103515132119504,-0.2516877252094609,-0.30993212993358005,19.49702846486635,17.217504768776227,18.35726661682129,18.478189939039154
2019-04-11,17.89466667175293,-0.0280652786610601,42.99257821080501,-0.2763158748236556,-0.3032088789115952,19.345149309029075,17.22578384221604,18.285466575622557,18.809599723412195
2019-04-12,17.84666633605957,-0.0026859862524520168,42.615111583077415,-0.2962916213878266,-0.3018254274068415,19.33647048316191,17.18292935051729,18.2596999168396,18.432510505588343
2019-04-15,17.7586669921875,-0.004943052898305119,41.88899746662003,-0.315585483063078,-0.3045774385380888,19.341886098563556,17.156780474007242,18.2493332862854,18.829998428017053
2019-04-16,18.224000930786133,0.025865779778642663,47.02884967548547,-0.2899846846234233,-0.3016588877551557,19.34386187657829,17.194071473031084,18.268966674804688,18.507715879826417
2019-04-17,18.082000732421875,-0.007822448958816279,45.700471146643565,-0.27795006138923384,-0.29691712248197133,19.339175939832224,17.182957505907524,18.261066722869874,18.157983937198818
2019-04-18,18.21733283996582,0.007456485905066215,47.230285778452874,-0.254557979776159,-0.28844529394080887,19.336812106107757,17.180254658723783,18.25853338241577,18.294488082559404
2019-04-22,17.516666412353516,-0.039220700589321714,40.818296692492964,-0.2892235228258606,-0.2886009397178192,19.346510175096864,17.158690020215634,18.25260009765625,19.020651222724396
2019-04-23,17.593332290649414,0.004367189004715511,41.7501393368612,-0.30697134520500313,-0.292275020815256,19.32266204423896,17.205737995433893,18.264200019836426,18.916342988569706
2019-04-24,17.243999481201172,-0.020055756342084126,38.75571835475538,-0.34524509004259585,-0.302869034660724,19.373873160578263,17.0937934653983,18.23383331298828,18.896371303164585
2019-04-25,16.5086669921875,-0.043578711545985846,33.335777168822474,-0.4299562272578399,-0.3282864731801472,19.517943022430416,16.768390252410896,18.143166637420656,19.60773422332801
2019-04-26,15.675999641418455,-0.051754657790314504,28.47892543398595,-0.5578491721202106,-0.3741990129681599,19.74288855819451,16.25357798309577,17.99823327064514,19.630865715748183
2019-04-29,16.097999572753906,0.026564156668391885,33.74726321260131,-0.6180291295882441,-0.42296503629217674,19.779089338684198,15.96144382247913,17.870266580581664,19.339837369228118
2019-04-30,15.912667274475098,-0.011579538159972131,32.611131042284214,-0.6729199447938328,-0.47295601799250797,19.680228685469135,15.723704458146589,17.701966571807862,18.771119288917106
2019-05-01,15.600666999816896,-0.01980180623126662,30.735208059608837,-0.7331458766821299,-0.5249939897304323,19.60986416498816,15.448269055684447,17.529066610336304,18.894215637189888
2019-05-02,16.273332595825195,0.0422140612366804,38.89625530104248,-0.7183165635035564,-0.5636585044850572,19.313000444501213,15.427065988451664,17.37003321647644,19.42274358891241
2019-05-03,17.00200080871582,0.0438033007844267,46.280119304115516,-0.6403848331928472,-0.5790037702266152,19.263283359680965,15.39178322585981,17.327533292770386,19.689322688697303
2019-05-06,17.022666931152344,0.0012147730661703946,46.477663730217,-0.5703807973055568,-0.5772791756424035,19.142781614266998,15.381484914816252,17.262133264541625,18.9062408722119
2019-05-07,16.470666885375977,-0.03296477054208545,42.03164832293118,-0.5530684560619967,-0.5724370317263222,19.031412740256332,15.318587164376238,17.174999952316284,18.839200277714443
2019-05-08,16.32266616821289,-0.009026329942036213,40.901905465629056,-0.5450082065301984,-0.5669512666870975,18.91704457892701,15.24982200966552,17.083433294296263,18.344296347324832
2019-05-09,16.131999969482422,-0.01174982922375762,39.43148712650911,-0.5476921156956926,-0.5630994364888166,18.739362005545427,15.200304647134015,16.96983332633972,18.42736834203553
2019-05-10,15.968000411987305,-0.010218129749463936,38.16071544067013,-0.5566359737230222,-0.5618067439356578,18.640811448908444,15.106188577794434,16.87350001335144,18.470655929516038
2019-05-13,15.133999824523926,-0.053642888692410726,32.43593137974618,-0.6238298013913877,-0.5742113554268038,18.604300459144813,14.871432916404505,16.73786668777466,18.906323941338794
2019-05-14,15.487333297729492,0.023078626554257343,36.76414890050347,-0.6411792206320719,-0.5876049284678575,18.505555687813324,14.74304431829019,16.624300003051758,18.50489321682836
2019-05-15,15.463333129882812,-0.0015508662931841915,36.592673586087194,-0.649379728063316,-0.5999598883869492,18.276213434117896,14.696319791895288,16.486266613006592,18.51088702097594
2019-05-16,15.222000122070312,-0.015729859074043964,34.833297020929635,-0.6676559242174154,-0.6134990955530425,18.051549371361986,14.634983793616044,16.343266582489015,18.536234639142457
2019-05-17,14.0686674118042,-0.07879160253819237,27.923604697172323,-0.7663700157643056,-0.6440732795952951,17.89278633865504,14.378880283506826,16.135833311080933,19.402011749815074
2019-05-20,13.690667152404783,-0.02723578438615981,26.096479834073648,-0.8651304213925712,-0.6882847079547504,17.89134843639363,13.997718259773361,15.944533348083496,19.545262881230066
2019-05-21,13.67199993133545,-0.0013644301491679894,26.005981153370257,-0.9341368944756052,-0.7374551452589213,17.78393902741014,13.712994432825457,15.748466730117798,19.414149163863385
2019-05-22,12.84866714477539,-0.06210985897149923,22.328137687856668,-1.0432353290727931,-0.7986111820216957,17.81763103383188,13.239769192761138,15.528700113296509,19.451292529287613
2019-05-23,13.03266716003418,0.014218982156523499,24.884809041469822,-1.1021445250006838,-0.8593178506174933,17.84918577128917,12.860614472088512,15.354900121688843,19.802481275427954
2019-05-24,12.708666801452637,-0.025174877946532524,23.42276117039377,-1.1615845843182058,-0.9197711973576359,17.959947894288916,12.453119065092189,15.206533479690552,19.172327942720745
2019-05-28,12.579999923706056,-0.010175940821913055,22.84865285814317,-1.2051810246371524,-0.9768531628135393,17.986316074278932,12.074950920197386,15.03063349723816,18.85695630431824
2019-05-29,12.657333374023438,0.006128515358594707,24.053546057302924,-1.2194344730140028,-1.025369424853632,17.973752303800858,11.761981300630298,14.867866802215577,19.005847318301925
2019-05-30,12.54800033569336,-0.008675443485018194,23.494886661046664,-1.2254267393525229,-1.0653808877534103,17.966139032316686,11.464327905702113,14.7152334690094,18.593772343778234
2019-05-31,12.343999862670898,-0.016391213145480147,22.447284816247503,-1.2324300998377424,-1.0987907301702768,17.847206685077964,11.190326979625405,14.518766832351684,18.86601059496161
2019-06-03,11.9313325881958,-0.034002173460743926,20.459908434050377,-1.2567916024570778,-1.130390904627637,17.569639171838645,10.960827670812723,14.265233421325684,19.09345173786241
2019-06-04,12.90666675567627,0.0785760501617263,35.087772391872875,-1.1837514033717103,-1.1410630043764518,17.146278282088698,10.97258854301506,14.05943341255188,19.148772686687984
2019-06-05,13.105999946594238,0.0153261559057241,37.61299588270303,-1.0971349084780737,-1.1322773851967762,16.78547182253565,10.996928308689935,13.891200065612793,19.127050129615757
2019-06-06,13.729999542236328,0.04651304989708485,44.846308948749495,-0.9669922748380735,-1.0992203631250357,16.41992811930867,11.103205349319262,13.761566734313964,19.531330296524427
2019-06-07,13.633333206176758,-0.0070654213857223955,43.995317451994254,-0.8617200926708808,-1.0517203090342049,16.049451285256406,11.223815507040957,13.636633396148682,19.29636821154973
2019-06-10,14.19200038909912,0.04016068793025768,49.910982978482245,-0.7248556721908574,-0.9863473816655355,15.717891838007967,11.377774952000577,13.547833395004272,18.882998669951533
2019-06-11,14.473333358764648,0.01962942455513551,52.62481133698459,-0.5869227335258866,-0.9064624520376057,15.601715804036768,11.427884339395849,13.514800071716309,18.979167328863674
2019-06-12,13.95066738128662,-0.0367805294636728,47.47818904373323,-0.5138611902279226,-0.8279421996756692,15.322435592715646,11.553497959072683,13.437966775894164,19.24469170409391
2019-06-13,14.260666847229004,0.021977829297588538,50.56618866616751,-0.42603397024433853,-0.747560553789403,15.055596016795505,11.700070906727444,13.377833461761474,18.623821576113354
2019-06-14,14.32800006866455,0.004710492177676777,51.236818255995146,-0.34699707116553746,-0.6674478572646299,14.843282860045141,11.822984058137232,13.333133459091187,18.529544126402623
2019-06-17,15.001999855041504,0.045967846334089235,57.458233453767114,-0.22735282743366447,-0.5794288512984368,15.036249527137784,11.72335063536832,13.379800081253052,19.034524948586434
2019-06-18,14.982666969299316,-0.0012895183084361763,57.23267308700284,-0.13256576892876915,-0.4900562348245033,15.24628495601311,11.642515188182447,13.444400072097778,19.066406079017753
2019-06-19,15.095333099365234,0.007491632206456829,58.26100631728021,-0.047804071474617515,-0.4016058021545261,15.461938939720099,11.569194521278437,13.515566730499268,18.406850556279394
2019-06-20,14.641332626342772,-0.03053709900280504,52.75619037347234,-0.01706712036020086,-0.3246980657956611,15.58704624686336,11.623353762291911,13.605200004577636,18.997027224331404
2019-06-21,14.790666580200195,0.010147814582239045,54.286216782104326,0.01912171367374249,-0.25593410990178034,15.72337882882478,11.662821122347095,13.693099975585938,18.627950986238286
2019-06-24,14.90933322906494,0.007991062700448779,55.51899072567542,0.056723162884146916,-0.1934026553445949,15.847258180901,11.759008413032108,13.803133296966553,18.272899746225374
2019-06-25,14.650667190551758,-0.017501531619481456,52.21365344527283,0.0649022420948473,-0.14174167585670647,15.89904669041898,11.914286630198696,13.906666660308838,18.345218789424223
2019-06-26,14.618000030517578,-0.002232228297383763,51.794268749457075,0.06796479860084759,-0.09980038096519565,15.930067883735816,12.079332102531275,14.004699993133546,18.66447363067092
2019-06-27,14.855999946594238,0.016150172309638413,54.6520950525107,0.08857545813045853,-0.062125213146064825,15.952259573762355,12.287940373594822,14.120099973678588,18.370392218299816
2019-06-28,14.897333145141602,0.0027783929288936193,55.14938813563994,0.10701123903486476,-0.02829792270987891,15.906455153136374,12.589078122467875,14.247766637802124,18.448013779750376
2019-07-01,15.14466667175293,0.016466221724361078,58.109699083047516,0.13996603543853858,0.005354868919804589,15.70545123536639,13.111415448593572,14.40843334197998,18.629327734030685
2019-07-02,14.970000267028809,-0.011600218839631889,55.33217535048417,0.15025676346412453,0.03433524782866858,15.6202170315267,13.402983003568515,14.511600017547607,18.749156817732597
2019-07-03,15.65999984741211,0.04506146454972541,62.88028085964209,0.21164967344678054,0.06979813295229098,15.650278208261401,13.628321816915602,14.639300012588501,19.176880190156663
2019-07-05,15.539999961853027,-0.007692338334116885,60.95123583485404,0.24776492916128134,0.10539149219408905,15.72192622565651,13.737673841482163,14.729800033569337,18.478812859701822
2019-07-08,15.355999946594238,-0.01191106882403326,58.01243150778259,0.2585587615760847,0.13602494607048818,15.700538676861264,13.931328064319157,14.81593337059021,18.295202562712344
2019-07-09,15.337332725524902,-0.0012163699243967914,57.70843127175615,0.26257980624225397,0.16133591810484135,15.735751492062516,14.010648482760484,14.8731999874115,18.34662508889162
2019-07-10,15.928000450134276,0.03778869128614836,64.11610863544966,0.3098566277445052,0.19104006003277413,15.906293427348617,13.985573256611344,14.94593334197998,18.736844589829197
2019-07-11,15.90666675567627,-0.0013402808651118302,63.74047054662377,0.3416639096741818,0.2211648299610557,15.975290272994437,14.112176348404487,15.043733310699462,18.540381947636508
2019-07-12,16.338666915893555,0.02679618785170417,67.84827081972423,0.3971520902384196,0.25636228201652844,16.170508314766913,14.124758313498468,15.14763331413269,18.74281859671676
2019-07-15,16.899999618530273,0.033779097347802406,72.2477955371812,0.48087846336673934,0.3012655182865706,16.493480223402578,14.058986359849376,15.276233291625976,18.921465128793173
2019-07-16,16.825332641601562,-0.004427953346815866,70.85883990667554,0.5350396126625157,0.3480203371617596,16.758825223476922,13.975974638431039,15.36739993095398,18.62145598758553
2019-07-17,16.99066734313965,0.009778567486270942,72.13623066072604,0.5845653370179456,0.3953293371329968,17.022533299727073,13.913066599564921,15.467799949645997,18.802334607784303
2019-07-18,16.902666091918945,-0.005192847091315009,70.36814798656486,0.6096857866347314,0.4382006270333437,17.227611301543067,13.888721897004297,15.558166599273681,18.0835142804114
2019-07-19,17.211999893188477,0.018135442365715914,72.88406822930585,0.6470952650781001,0.479979554642295,17.452016703927917,13.921383221304016,15.686699962615966,18.476361409237334
2019-07-22,17.045333862304688,-0.009730316261804303,69.46199180577555,0.6557350845848475,0.5151306606308055,17.611176552969713,13.987690100472669,15.799433326721191,18.44669931609409
2019-07-23,17.344667434692383,0.01740861417421435,72.00437111047069,0.6789098710602683,0.5478865027166981,17.80690201935948,14.035498054645648,15.921200037002563,18.1376080453295
2019-07-24,17.658666610717773,0.01794158228530698,74.41100804783224,0.7143782577417781,0.5811848537217141,18.00972309329015,14.133476922731578,16.071600008010865,18.9280524156876
2019-07-25,15.254667282104492,-0.14634118145360764,43.54630189569153,0.5422537908052423,0.5733986411384198,17.960237876336894,14.246628864843526,16.10343337059021,19.633438351653275
2019-07-26,15.202667236328123,-0.003414618982496043,43.12957245825207,0.39707075703741523,0.538133064318219,17.934513348291965,14.307020121861845,16.120766735076906,18.82891202932874
2019-07-29,15.718000411987305,0.03333569012283758,48.3997336928263,0.3199075422344393,0.49448795990146305,17.894320071078294,14.429280125760084,16.16180009841919,18.750700069540006
2019-07-30,16.150667190551758,0.02715478226865056,52.38901537995904,0.29032109083856916,0.4536545860888843,17.877391791317997,14.546808457400267,16.212100124359132,18.616535323250222
2019-07-31,16.107332229614258,-0.0026867746162287836,51.955757979845664,0.26037540023039263,0.414998748917186,17.83008444978213,14.707848995194679,16.268966722488404,18.74039187330521
2019-08-01,15.59000015258789,-0.032644893450348864,46.96261808827994,0.19267778007396075,0.370534555148541,17.832635193608674,14.698298281885714,16.265466737747193,18.634924820151056
2019-08-02,15.62266731262207,0.002093199627884857,47.306983689335034,0.1400485032011467,0.32443734475906216,17.829129586719755,14.710070623851532,16.269600105285644,18.337815316985868
2019-08-05,15.221332550048828,-0.026024991318455336,43.56457470457016,0.06520343623567726,0.2725905630543852,17.84006750821082,14.685665962705931,16.262866735458374,18.473505624363025
2019-08-06,15.383333206176758,0.010586762848221487,45.440815342482956,0.01874420891697426,0.22182129222690306,17.836808947364116,14.693524571617816,16.265166759490967,18.239913989826068
2019-08-07,15.56133270263672,0.01150450033738322,47.50588194549076,-0.003669689793657227,0.176723095822791,17.843392833445208,14.650273910786971,16.24683337211609,18.087268833751633
2019-08-08,15.886667251586914,0.020691055468529226,51.14558617907231,0.004763996771462331,0.14233127601252527,17.843314726863404,14.648352066959838,16.24583339691162,18.186406740841107
2019-08-09,15.667332649230955,-0.013902398156972823,48.694293495888786,-0.00617948199675844,0.11262912441066852,17.829623651355316,14.594909715801666,16.21226668357849,17.884075684300797
2019-08-12,15.267333030700684,-0.025862371865182993,44.50506933821797,-0.04659181262958256,0.08078493700261831,17.76653966503864,14.494727043335386,16.13063335418701,18.06341278135568
2019-08-13,15.666666984558104,0.0258198835342497,49.20347862802656,-0.04586723418371719,0.055454502765351216,17.686941448441253,14.458458694228424,16.07270007133484,18.10214764843456
2019-08-14,14.641332626342772,-0.06768680255284285,39.86975292887986,-0.1265698952112988,0.01904962317002121,17.62903219669429,14.281434474295702,15.955233335494995,18.781420422652403
2019-08-15,14.37600040435791,-0.018288353171501865,37.8678673993755,-0.2095221869985231,-0.02666473886368765,17.58117726601729,14.076622836216597,15.828900051116943,18.62275591540349
2019-08-16,14.662667274475098,0.019744444624820005,41.29732756503032,-0.24925756913587804,-0.07118330491812573,17.400159704998547,14.002707135364,15.701433420181274,18.152507150964368
2019-08-19,15.121999740600586,0.030845997748934404,46.40226325223501,-0.24090683055956852,-0.10512801004641428,17.198122573003875,14.012410855188264,15.60526671409607,18.193077274471936
2019-08-20,15.057332992553713,-0.004285505421123528,45.79842378323632,-0.23677745310825316,-0.13145789865878205,16.872338833300898,14.109461150677372,15.490899991989135,17.94067527868709
2019-08-21,14.722000122070312,-0.022522132632969878,42.69567905896777,-0.25759406781478056,-0.15668513248998175,16.320156335219707,14.367976999893822,15.344066667556763,18.57695346494253
2019-08-22,14.8100004196167,0.005959674684834935,43.77224091147451,-0.2639478696430899,-0.1781376799206034,16.326340589125593,14.31732605973915,15.321833324432372,18.404398921542235
2019-08-23,14.09333324432373,-0.04960079059483937,37.580261903728726,-0.32308799765567286,-0.2071277434676173,16.4112772219287,14.121456027735606,15.266366624832154,18.668157826809697
2019-08-26,14.333333015441896,0.01688593882877696,40.61011237198645,-0.34659566039506906,-0.23502132685310767,16.39336503649582,14.000901473513947,15.197133255004882,18.143325182414245
2019-08-27,14.272000312805176,-0.0042882070919238085,40.07476436558895,-0.36595617402920766,-0.2612082962883277,16.279034153741996,13.927365668493112,15.103199911117553,18.212955233925264
2019-08-28,14.37266731262207,0.007028701855971563,41.439309462311115,-0.368923810947722,-0.2827513992202066,16.134945645124688,13.897987685411202,15.016466665267945,17.69464875672527
2019-08-29,14.780667304992676,0.027991764077430346,46.73339410495025,-0.3344976147153087,-0.293100642319227,16.06529115203019,13.886708893746174,14.976000022888183,18.168269298453758
2019-08-30,15.040666580200195,0.01743757434314575,49.84507425048697,-0.28297290209825476,-0.29107509427503253,15.993720130325052,13.900079842209127,14.94689998626709,18.755787770526847
2019-09-03,15.000666618347168,-0.002662996693731353,49.36726874570466,-0.24257065524299115,-0.28137420646862427,15.97513231223194,13.896601067132073,14.935866689682006,18.201423394065944
2019-09-04,14.711999893188477,-0.01943116129601614,45.94445082596698,-0.2311796803092978,-0.271335301236759,15.923929532616937,13.88067051544825,14.902300024032593,18.274671841388795
2019-09-05,15.305333137512209,0.03953785869897764,53.136692521491895,-0.1722891741296202,-0.2515260758153312,15.88237332237521,13.896626769177525,14.889500045776368,18.524405431372443
2019-09-06,15.16333293914795,-0.009321131822989943,51.37491894669824,-0.1355141304209848,-0.22832368673646192,15.740317430391094,13.966349229917743,14.853333330154419,17.95611830056919
2019-09-09,15.452667236328123,0.018901418181459656,54.67262393643923,-0.08207665502895267,-0.19907428039496008,15.692531443675101,13.992668675343452,14.842600059509277,18.092739032717585
2019-09-10,15.702667236328123,0.016048960489895236,57.363290712884286,-0.0193313206901351,-0.16312568845399508,15.779866358200376,13.948867181380923,14.86436676979065,18.109463902017772
2019-09-11,16.47333335876465,0.047912327846942035,64.38230452088163,0.09152606863794865,-0.11219533703560636,16.018604074314396,13.79079610268756,14.904700088500977,18.83041672554943
2019-09-12,16.391332626342773,-0.0049902167042224325,63.19029709006632,0.17079574750649407,-0.05559712012718628,16.28030794669321,13.70409223030874,14.992200088500976,18.67313453069562
2019-09-13,16.34666633605957,-0.002728713996813491,62.511377484492236,0.22739210810733113,0.0010007255197172008,16.478044632554035,13.703422137618086,15.09073338508606,18.193736240663718
2019-09-16,16.187332153320312,-0.009795012235959525,60.03352442067483,0.2564322038797009,0.05208702119171394,16.62118463022116,13.712748627835479,15.16696662902832,18.077084203638925
2019-09-17,16.319332122802734,0.008121454351540124,61.3986376301605,0.2867920234449173,0.09902802164235461,16.76916957876987,13.684496917506987,15.226833248138428,17.875625945882742
2019-09-18,16.232667922973633,-0.005324674641613693,59.95080480107718,0.30039653823534174,0.13930172496095203,16.889096758561188,13.682103230757662,15.285599994659425,17.95152477134421
2019-09-19,16.440000534057617,0.012691671904217687,62.24458351714585,0.3241713773372723,0.1762756554362161,17.030962731698718,13.71203729881886,15.371500015258789,18.091301307845427
2019-09-20,16.041332244873047,-0.02454876546360357,55.645052952597055,0.30730152875183947,0.2024808300993408,17.096178016923133,13.76995519612008,15.433066606521606,18.372487911844612
2019-09-23,16.082000732421875,0.002532023019229352,56.15574045512667,0.2938266090235402,0.22074998588418068,17.092979193776344,13.972020768076682,15.532499980926513,17.991481204426595
2019-09-24,14.880666732788086,-0.07763784395676024,41.101438604801714,0.18408797269555244,0.21341758324645504,17.049381563990398,14.070351769597249,15.559866666793823,19.080128943697076
2019-09-25,15.24666690826416,0.024298080060291966,45.863135718252934,0.12520913518088506,0.19577589363334108,16.979777368639628,14.237422624493918,15.608599996566772,18.767149286324624
2019-09-26,16.17066764831543,0.058838046284869626,55.61833930572305,0.151361567842363,0.18689302847514547,16.959857282957557,14.437142743745325,15.69850001335144,18.9987957947673
2019-09-27,16.142000198364258,-0.0017743788664326618,55.2854837704664,0.16783958525519438,0.18308233983115524,16.96472045174984,14.568412864290199,15.76656665802002,18.93198226046344
2019-09-30,16.058000564575195,-0.005217380269892639,54.2607835278102,0.17213618554412413,0.18089310897374902,16.971394390596352,14.663472323881187,15.81743335723877,18.295083518131356
2019-10-01,16.312667846679688,0.015734771560612624,56.870767826492916,0.19385614063302725,0.1834857153056047,16.989693234072142,14.77637360323865,15.883033418655396,18.342059536302106
2019-10-02,16.208667755126953,-0.006395828716893808,55.4785114171282,0.2003677090758753,0.18686211405965883,16.92468723457088,14.991046388933759,15.95786681175232,18.25191884999454
2019-10-03,15.535332679748535,-0.04242918829553246,47.38951571984798,0.14947263322084403,0.17938421789189588,16.908584058119427,15.030149519608843,15.969366788864136,19.237228490038948
2019-10-04,15.428667068481444,-0.0068896805364283085,46.23935264211114,0.09938524430775075,0.16338442317506685,16.880497467602805,15.084769523058819,15.982633495330811,18.602377113690945
2019-10-07,15.847999572753906,0.026816005504508238,51.24871034322731,0.09246141864193014,0.1491998222684395,16.86796427985584,15.13683594444836,16.0024001121521,18.610995279942234
2019-10-08,16.003332138061523,0.009753676748550492,52.995907432739074,0.09837427931413956,0.13903471367757952,16.871445240876792,15.163421473600748,16.01743335723877,18.684374900644126
2019-10-09,16.302000045776367,0.018490843294478566,56.24313493597041,0.12571114821333218,0.13637000058473006,16.84691116299482,15.170822220183886,16.008866691589354,18.454270256615604
2019-10-10,16.31599998474121,0.000858418039820759,56.395201450076726,0.14681312156216464,0.13845862478021698,16.83655787429814,15.173642244720414,16.005100059509278,18.36145608984867
2019-10-11,16.525999069213867,0.012788621436352825,58.71300493920655,0.17842498637673643,0.1464518970995209,16.864681360611694,15.16345203172229,16.014066696166992,18.660728616725244
2019-10-14,17.130666732788086,0.03593539155955349,64.55523269398424,0.2493943808456205,0.1670403938487408,17.046292432370915,15.076174417909844,16.06123342514038,18.84643856186104
2019-10-15,17.19266700744629,0.0036127226196520047,65.10054513141952,0.3071009724296374,0.19505250956492012,17.20843632756646,15.001364011178659,16.10490016937256,18.384970671681838
2019-10-16,17.316667556762695,0.007186524142577059,66.21990272313916,0.35870474501295746,0.22778295665452758,17.388375940517857,14.92982436160617,16.159100151062013,18.42329234076277
2019-10-17,17.46466636657715,0.008510294825121641,67.55737707304937,0.4068534206686998,0.26359704945736206,17.567646283762066,14.853020601613915,16.21033344268799,18.085760316652006
2019-10-18,17.1299991607666,-0.019348511759363377,61.61636719671015,0.4132431367939411,0.29352626692467787,17.67964115902958,14.849892417935756,16.264766788482667,18.272725842256726
2019-10-21,16.899999618530273,-0.01351766398714735,57.85108524605558,0.395192459314309,0.3138595054026041,17.745370010644404,14.865963454931768,16.305666732788087,18.137050465220103
2019-10-22,17.038667678833008,0.008171731125572387,59.459594818205886,0.38760841243203004,0.3286092868084893,17.720983537390573,15.106150022790091,16.41356678009033,18.049790974974126
2019-10-23,16.978666305541992,-0.003527697705131321,58.420695620284654,0.37246287113714516,0.3373800036742205,17.707778513047803,15.292554986860647,16.500166749954225,18.183900902099325
2019-10-24,19.978666305541992,0.1627073867407585,78.57617721512021,0.5956683544971426,0.38903767383880494,18.64765346091424,14.73347990471686,16.69056668281555,19.915411263338576
2019-10-25,21.875333786010746,0.09069467139827285,83.89238389996996,0.915057311645679,0.4942416014001798,19.990562528137698,13.963904196258053,16.977233362197875,19.924961455614323
2019-10-28,21.84733390808105,-0.001280794756315601,83.56272325813802,1.1526292130338085,0.6259191237269056,20.94673997505504,13.5866600836913,17.26670002937317,19.461150020104647
2019-10-29,21.08133316040039,-0.03569093158335326,74.8923148261382,1.2645201962091406,0.7536393382233526,21.526969392732937,13.48329719738547,17.505133295059203,19.063925772563568
2019-10-30,21.000667572021484,-0.00383373821461874,74.02129617827921,1.3313387235987975,0.8691792152984417,22.005245003540193,13.484221568267667,17.74473328590393,18.789668579164598
2019-10-31,20.994667053222656,-0.00028577073587868494,73.9523948449495,1.368038796565731,0.9689511315518997,22.380514458814357,13.654885550340918,18.017700004577637,18.146309698717285
2019-11-01,20.88733291625977,-0.005125560958197279,72.6497123300907,1.3726399619351994,1.0496888976285597,22.654457360709728,13.92680923322338,18.290633296966554,18.377339965373842
2019-11-04,21.1646671295166,0.013190251778298889,73.92766994472413,1.382725769912561,1.11629627208536,22.941472836865277,14.171460512744101,18.55646667480469,18.696834123167157
2019-11-05,21.14800071716309,-0.0007877741614316514,73.70478865288605,1.3735406832123545,1.1677451543107589,23.17159668562902,14.455803521890507,18.813700103759764,18.46135233676285
2019-11-06,21.77199935913086,0.029079338851648758,76.55480089529483,1.4004691743795625,1.2142899583245197,23.467907777583733,14.706492361271243,19.08720006942749,18.595587386423187
2019-11-07,22.369333267211918,0.027066259147669598,78.9111574722118,1.4532578005896326,1.2620835267775423,23.800763678799797,14.978969788302251,19.389866733551024,19.195451693956407
2019-11-08,22.47599983215332,0.004757095497984895,79.31103019008887,1.4865640821388304,1.3069796378498,24.087567972651087,15.287165570744909,19.687366771698,18.32678757071986
2019-11-11,23.006000518798828,0.023307008242272685,81.21680389622408,1.5379971030036472,1.3531831308805695,24.44665159314969,15.51561532884738,19.981133460998535,18.82481497350108
2019-11-12,23.32866668701172,0.013927860226281246,82.28658853691985,1.5865063481198014,1.399847774328416,24.789791700572493,15.786075189381124,20.287933444976808,18.51953917580377
2019-11-13,23.073999404907227,-0.010976517536210168,78.48706315363737,1.5861169837765985,1.4371016162180525,25.013517703106082,16.138082371661987,20.575800037384035,18.654182471652316
2019-11-14,23.290000915527344,0.009317706491661899,79.35768009599028,1.584967408756306,1.4666747747257032,25.208649387794566,16.525484141868517,20.86706676483154,18.38994831357867
2019-11-15,23.47800064086914,0.008039716546772512,80.11208043753764,1.5810015670012199,1.4895401331808067,25.297880294713337,17.071053382960002,21.18446683883667,18.094049935224906
2019-11-18,23.332666397094727,-0.006209469761818026,77.74659554979195,1.5482836992623668,1.5012888463971188,25.19277463461358,17.819425720916204,21.506100177764893,18.005256220099767
2019-11-19,23.968000411987305,0.02686525453277175,80.46247533248633,1.5556876992388808,1.5121686169654713,25.040113887862322,18.665019740982896,21.85256681442261,18.567996700177716
2019-11-20,23.481332778930664,-0.020513868869493704,73.10273108233866,1.5049374299254907,1.5107223795574751,24.473962844229494,19.88143743195459,22.177700138092042,18.42940756424542
2019-11-21,23.655332565307617,0.0073828123156505394,74.0177845026035,1.461905863651051,1.5009590763761904,24.49978952988373,20.223277372276915,22.361533451080323,18.333487543161063
2019-11-22,22.202667236328125,-0.06337614052816848,56.68073231289649,1.2956496431624416,1.4598971897334407,24.50547108987155,20.250329157320834,22.37790012359619,19.349133225037207
2019-11-25,22.422666549682617,0.009859919333317325,58.27469846841329,1.1681764852334098,1.4015530488334347,24.519539814357955,20.293793696994584,22.40666675567627,19.036366263486954
2019-11-26,21.92799949645996,-0.02230801073802288,53.507240352488054,1.015531180784258,1.3243486752235993,24.48250240159866,20.415497743359836,22.449000072479247,18.596405598605497
2019-11-27,22.086000442504883,0.007179607623328355,54.77977881627734,0.8969683404497992,1.2388726082688395,24.42910651966686,20.577426912339973,22.503266716003417,18.238367199126316
2019-11-29,21.996000289916992,-0.00408331183446667,53.87520754254481,0.7866758654462771,1.148433259704327,24.362572408420974,20.7440943472553,22.553333377838136,17.425995971688916
2019-12-02,22.32466697692871,0.014831577778426516,56.687940345682385,0.7175178402285383,1.0622501758091694,24.26174504262892,20.988655119114245,22.625200080871583,18.327660451353985
2019-12-03,22.413333892822266,0.0039638352301946105,57.44193202867616,0.6622305050411512,0.9822462416555658,24.178348510715956,21.19691832735777,22.687633419036864,18.40663760909165
2019-12-04,22.20199966430664,-0.009473685044135857,54.98499062781577,0.5945088594709738,0.9046987652186476,24.06741367171685,21.413253061071238,22.740333366394044,18.234290935031375
2019-12-05,22.024667739868164,-0.008019273672589195,52.93882028117825,0.5205294239896041,0.8278648969728389,24.045596876493438,21.460336694368376,22.752966785430907,17.838520240480765
2019-12-06,22.392667770385746,0.016570487479172825,56.552180256801705,0.485992496357575,0.7594904168497862,24.045346983299513,21.462920037879687,22.7541335105896,18.553339264484862
2019-12-09,22.635332107543945,0.010778479484683797,58.798660186520245,0.47275311275697973,0.7021429560312249,24.048043496616256,21.476156752102003,22.76210012435913,18.723348722194306
2019-12-10,23.256000518798828,0.02705113248298345,63.93505293985358,0.5065048864719195,0.6630153421193639,24.075301505300406,21.47389874341786,22.774600124359132,18.701523237217103
2019-12-11,23.51333236694336,0.011004409475391042,65.83668076883797,0.5477043450866432,0.6399531427128198,24.10357779277931,21.464089023932114,22.78383340835571,18.45476328891444
2019-12-12,23.978666305541992,0.01959693606267636,69.01798868654346,0.6108621343158873,0.6341349410334334,24.24890389212981,21.409229614645092,22.82906675338745,18.573045552918266
2019-12-13,23.892667770385746,-0.0035929070843364005,67.7621216766232,0.646523058864048,0.6366125645995563,24.344307186527875,21.37409300573287,22.859200096130373,18.40621157862835
2019-12-16,25.433332443237305,0.062488990606601645,76.13885067034232,0.7899967707020288,0.6672894058200508,24.82235258878975,21.09158078370781,22.95696668624878,19.423563768679326
2019-12-17,25.266000747680664,-0.006600966624869255,73.89307423882033,0.8800537399243957,0.7098422726409198,25.182730352163205,20.924536455392946,23.053633403778075,18.66325038893777
2019-12-18,26.209999084472656,0.036681334404645764,77.86047600676147,1.0158868026213455,0.7710511786370049,25.69585732048479,20.635609354319897,23.165733337402344,19.1712238148747
2019-12-19,26.93600082397461,0.0273227300440061,80.33552560607133,1.1686463289382374,0.8505702086972515,26.379444157114843,20.29748932219424,23.338466739654542,19.419864889297553
2019-12-20,27.03933334350586,0.0038288839658321035,80.66681165594377,1.2832548616113648,0.9371071392800743,26.970226493689573,20.045107063439332,23.507666778564452,19.214986880466956
2019-12-23,27.947999954223636,0.03305304263759932,83.3268648019957,1.4309101098699486,1.0358677333980493,27.72356948318902,19.86629734572944,23.79493341445923,19.11279739870294
2019-12-24,28.350000381469727,0.014281404577191001,84.35260085458557,1.5623561634155898,1.1411654194015575,28.454331786708668,19.728268425388503,24.091300106048585,18.60981653933073
2019-12-26,28.72933387756348,0.013291643487755205,85.27327089111547,1.6777965564697688,1.2484916468151996,29.131642206525456,19.73109144368206,24.43136682510376,18.887607776574537
2019-12-27,28.691999435424805,-0.0013003685301451115,84.7447673546124,1.7461428740883882,1.3480218922698373,29.690851222665504,19.832482326834008,24.761666774749756,18.820701062727636
2019-12-30,27.64666748046875,-0.0371131230011561,71.40125754605978,1.6964031906410852,1.4176981519440868,29.953651765338915,20.13474850321577,25.044200134277343,19.056177630307282
2019-12-31,27.8886661529541,0.008715179630272204,72.48150991680615,1.6574058604958424,1.4656396936544378,30.213533203754892,20.431266982402335,25.322400093078613,18.854315346618865
2020-01-02,28.68400001525879,0.02811910133608081,75.72662188397643,1.6714100169420085,1.506793758311952,30.545789114811335,20.726077683589544,25.63593339920044,18.77822581621962
2020-01-03,29.53400039672852,0.02920267893223429,78.62741330922523,1.7311408250220097,1.5516631716539635,30.927696722200885,21.07737014944218,26.002533435821533,19.401550624888767
2020-01-06,30.1026668548584,0.019071612174755247,80.32173640567976,1.8035740721717204,1.602045351757515,31.282731247675724,21.530135535466368,26.406433391571046,18.839358190111827
2020-01-07,31.270666122436523,0.03806670586808656,83.2575460789084,1.932943947298991,1.6682250708658102,31.803935646933915,21.896730971413255,26.850333309173585,19.407360975307732
2020-01-08,32.80933380126953,0.048032568493066904,86.18215824415626,2.1350169811398096,1.7615834529206102,32.57286666971609,22.14520011800364,27.359033393859864,19.96219200414285
2020-01-09,32.089332580566406,-0.022189385476863444,79.20948306656611,2.2115696369858995,1.8515806897336682,33.04752834500316,22.553871648893328,27.800699996948243,19.87137143094431
2020-01-10,31.87666702270508,-0.006649355680979514,77.2221414838673,2.229378942369415,1.9271403402608178,33.35897638069261,23.078757078780043,28.218866729736327,19.085389874143694
2020-01-13,34.990665435791016,0.09320702322102203,83.67928492450801,2.466336203843479,2.0349795129773502,34.338425885030674,23.200507487466886,28.76946668624878,19.801369425065477
2020-01-14,35.861331939697266,0.024578286172624794,84.96283179917287,2.6933349622462366,2.166650602831128,35.29130832241584,23.444491467012874,29.367899894714355,19.890725548283584
2020-01-15,34.56666564941406,-0.03676981311758122,75.45947534674832,2.737211493824141,2.280762781029731,35.87762321175713,23.771509898289253,29.824566555023193,19.378236256142674
2020-01-16,34.232666015625,-0.00970946227670784,73.18519444168209,2.7137505549709537,2.367360335817976,36.23185354253332,24.313946094307497,30.27289981842041,19.60256283837645
2020-01-17,34.03333282470703,-0.005839913304383257,71.79447458025695,2.648542322064369,2.4235967330672548,36.52637845352132,24.80175455734294,30.664066505432128,19.13576797667191
2020-01-21,36.47999954223633,0.06942373110021945,77.45697760301948,2.762446124780187,2.491366611409841,37.273391329797576,25.009141552892853,31.141266441345216,19.402955829993598
2020-01-22,37.97066879272461,0.04004983514491321,80.08081533126713,2.9391199146987006,2.5809172720676132,38.216381306262534,25.159285121349765,31.68783321380615,19.969380905296156
2020-01-23,38.14666748046875,0.004624413044606698,80.37130393532347,3.0580850879911097,2.6763508352523124,39.07999025521376,25.315542925023056,32.197766590118405,19.501688990064647
2020-01-24,37.654666900634766,-0.012981499419033645,76.99112958061988,3.077193538327567,2.7565193758673634,39.706135842767345,25.619863989385973,32.66299991607666,19.187561545533963
2020-01-27,37.20133209228516,-0.01211233185789717,73.90680106843669,3.0209333533002862,2.809402171353948,40.15262484263825,26.02057481098724,33.086599826812744,19.134225967650547
2020-01-28,37.79333114624024,0.01578809278786119,75.29845328031814,2.9896532655938515,2.845452390201929,40.58828509245474,26.495047732252285,33.541666412353514,18.990685244713916
2020-01-29,38.732666015625,0.024550664730790914,77.36161358123651,3.006008647819286,2.8775636417254002,40.93103014285987,27.260902535362785,34.09596633911133,19.402843486221958
2020-01-30,42.72066879272461,0.09799952270077929,83.61770678883241,3.3026974605814132,2.962590405496603,42.04525919489709,27.629873747302618,34.837566471099855,19.891053123761736
2020-01-31,43.37133407592773,0.015115867923964002,84.37633256360746,3.5494133055869526,3.079954985514673,43.12440762008394,28.01945872818266,35.5719331741333,19.27845002005507
2020-02-03,52.0,0.18144500086765877,90.59573328968875,4.390586667490659,3.34208132190987,46.73859256522873,26.65187374336502,36.69523315429687,20.37509038548215
2020-02-04,59.137332916259766,0.1286186970285338,93.05754825298621,5.5689503413049835,3.787455125788893,51.890201301196036,24.40373161353785,38.14696645736694,20.633430842024325
2020-02-05,48.97999954223633,-0.18845037343186985,66.412840520783,5.618434314128528,4.153650963456821,53.18612685404722,24.87873940266665,39.032433128356935,20.403552188840695
2020-02-06,49.93066787719727,0.019223358515689692,67.35496966006329,5.66901285728769,4.456723342222995,54.520411749977775,25.25658791432887,39.88849983215332,20.209455765811107
2020-02-07,49.87133407592773,-0.0011890304222132414,67.22822005896091,5.639302605162541,4.6932391948109045,55.574192765972796,25.98100704786998,40.77759990692139,19.36050244225986
2020-02-10,51.41866683959961,0.030554904345579816,68.87326136322599,5.675193738005127,4.88963010344975,56.6569937695004,26.852406026031826,41.754699897766116,19.729926662816762
2020-02-11,51.62533187866211,0.0040112052857509935,69.09638931400748,5.655125098898118,5.042729102539424,57.75366819432938,27.41919824548995,42.586433219909665,18.98293590852394
2020-02-12,51.15266799926758,-0.009197828567077742,67.89759456751534,5.537250555385107,5.1416333931085605,58.632057941594844,28.06994210418153,43.351000022888186,19.010340658781324
2020-02-13,53.59999847412109,0.04673438827304483,70.72929642338265,5.577024776491314,5.2287116697851115,59.65083661327516,28.95449671497191,44.302666664123535,19.792722773896106
2020-02-14,53.33533477783203,-0.004949986662921372,70.01008431605412,5.5235183041327645,5.287672996654643,60.34267301479041,30.172927189677363,45.25780010223389,19.276820121251475
2020-02-18,57.22666549682617,0.0704209168261074,74.16905945002796,5.7290707457758,5.375952546478874,61.43498033893206,31.399953132747633,46.417466735839845,19.319725621279474
2020-02-19,61.16133117675781,0.06649517653196184,77.55802077789886,6.138704015025986,5.528502840188297,63.27484264592859,32.028223989203255,47.65153331756592,19.7592150377958
2020-02-20,59.96066665649414,-0.019826354777620056,74.35234506091305,6.293905514787575,5.681583375108153,64.59922519503782,32.90284122647097,48.75103321075439,19.39344065597727
2020-02-21,60.06666564941406,0.0017662480443414094,74.45273772525726,6.352232472556935,5.81571319459791,65.63911172989303,34.05495450851029,49.84703311920166,19.18485473081743
2020-02-24,55.58599853515625,-0.07752369493467591,63.19254575072252,5.968107983374956,5.84619215235332,65.63129575009057,35.85590365176489,50.74359970092773,19.24434290170162
2020-02-25,53.32733154296875,-0.041482357972054684,58.397899625757766,5.4189645581903605,5.7607466335207285,65.02960652785329,38.07019281907055,51.549899673461915,19.373717980649207
2020-02-26,51.91999816894531,-0.026744949535016983,55.56878171642813,4.814703490865043,5.571538004989592,64.07951531332725,40.43295073586708,52.256233024597165,19.168706663255296
2020-02-27,45.26666641235352,-0.1371331162906117,44.574493588548656,3.7556610502311685,5.208362614037908,63.12443037238121,42.04143571648598,52.582933044433595,19.713098400101778
2020-02-28,44.53266525268555,-0.01634795032742122,43.55078930727798,2.8245745891316076,4.731605009056648,62.88408908596945,42.46297664889383,52.67353286743164,19.71085922853147
2020-03-02,49.574668884277344,0.1072570247859105,51.74845844495563,2.465113126241768,4.278306632493672,62.34612635555031,43.621272860147926,52.98369960784912,19.52899581138301
2020-03-03,49.70066833496094,0.0025383850988232293,51.93630354074438,2.165442555926859,3.85573381718031,62.33788179414093,43.39958425505341,52.86873302459717,19.773314906165204
2020-03-04,49.96666717529297,0.005337746224066965,52.35797543221154,1.927199793730253,3.4700270124902985,61.48102380014401,43.33937567495365,52.41019973754883,19.23487230730104
2020-03-05,48.30266571044922,-0.033869376791647296,49.43610867974861,1.5858391105547227,3.0931894321031836,61.505948324958325,43.246717766960614,52.37633304595947,18.907974662164577
2020-03-06,46.89866638183594,-0.029497510135476336,47.05028837429584,1.1883190948377305,2.7122153646500933,61.622110088341245,42.82735585404157,52.22473297119141,19.062237222745676
2020-03-09,40.53333282470703,-0.14586457137702016,38.07794469263684,0.3555537948345062,2.240883050686976,62.481797679138964,41.033868138121775,51.75783290863037,19.361100030829732
2020-03-10,43.02199935913086,0.059586929551683376,42.680276464009914,-0.10242344082463006,1.7722217523846548,62.75304777287161,39.92295129634226,51.337999534606936,19.270472638791322
2020-03-11,42.28200149536133,-0.01735009892797303,41.68809066641396,-0.5191014642676848,1.313957109054187,62.98002438587464,38.76164164500915,50.870833015441896,19.11301509925935
2020-03-12,37.369998931884766,-0.12349328402408655,35.747562980180504,-1.231483579273707,0.8048689713886082,63.709055401104244,36.65434372304126,50.18169956207275,19.463204050264185
2020-03-13,36.44133377075195,-0.02516454136147571,34.73964848450497,-1.8496652653742274,0.27396212403604114,64.06069692846306,34.58683572534554,49.3237663269043,19.643292266141668
2020-03-16,29.67133331298828,-0.20552230217550044,28.4435053010305,-2.852973856352932,-0.35142507204175355,65.14655609966125,31.134576407662962,48.14056625366211,19.543473322125866
2020-03-17,28.68000030517578,-0.03398134500612111,27.65317305820723,-3.6856100139383514,-1.0182620604210733,65.23280075902042,28.19366522913875,46.71323299407959,19.701389566876536
2020-03-18,24.08133316040039,-0.17476304366003273,24.28249697640723,-4.662804268451026,-1.747170502027064,64.66798921028091,25.050476976242532,44.85923309326172,19.69266634244634
2020-03-19,28.50933265686035,0.16879451260286096,32.77894911716636,-5.022044202970406,-2.402145242215733,63.041180962650714,23.53215182390934,43.28666639328003,19.931253667930036
2020-03-20,28.50200080871582,-0.00025720668994270134,32.772391590652376,-5.246853595930503,-2.971086912958687,60.85246108343809,22.564405219052144,41.70843315124512,19.865910067276353
2020-03-23,28.952667236328125,0.015688043665694176,33.651020920214805,-5.327242509626117,-3.442318032292173,59.15806524810834,21.595467924499076,40.37676658630371,19.32415975915076
2020-03-24,33.66666793823242,0.15084593365171223,42.165603510401326,-4.953470320379594,-3.7445484899096573,57.36144016168036,21.42602665045342,39.39373340606689,19.654488043580983
2020-03-25,35.95000076293945,0.06562083944686455,45.79420360649733,-4.422032849108632,-3.8800453617494526,55.61338331159729,21.577083759935917,38.5952335357666,19.578632125753774
2020-03-26,35.21066665649414,-0.0207800386755252,44.813764706712604,-4.014249142511815,-3.9068861179019256,54.87321123081093,21.311655865136338,38.092433547973634,19.378921158107854
2020-03-27,34.29066848754883,-0.026475805312348537,43.56388691806436,-3.7224042218459985,-3.8699897386907405,54.15746305025407,21.00320436917952,37.5803337097168,19.189218292972857
2020-03-30,33.47533416748047,-0.024064387275638185,42.43433305430818,-3.516371147462607,-3.799266020445114,52.438486899809355,21.112247047944557,36.775366973876956,19.00830906854154
2020-03-31,34.93333435058594,0.04263263821287683,45.172051954779064,-3.198568910504669,-3.679126598457025,50.47933030155294,21.594670247763467,36.037000274658205,19.401156813352102
2020-04-01,32.104000091552734,-0.08446087652228773,41.08833853731967,-3.138829504372133,-3.571067179640047,48.09103393908738,22.196699901855,35.14386692047119,19.11531682055629
2020-04-02,30.29800033569336,-0.057898921000518445,38.6843163236975,-3.200323346138873,-3.4969184129398125,45.76348767298702,22.723779630479775,34.2436336517334,19.51218785384753
2020-04-03,32.000667572021484,0.05467504939194526,42.12248027784645,-3.076206054070809,-3.412775941166012,43.383777695332725,23.613689727152632,33.49873371124268,19.639832269425384
2020-04-06,34.41600036621094,0.07276481895829454,46.68917803060359,-2.7512305618420214,-3.2804668653012143,42.524495871557654,23.861238305078082,33.19286708831787,19.225042774564375
2020-04-07,36.36333465576172,0.05503939414254686,50.10722652504708,-2.3099241723328845,-3.0863583267075487,41.12972399140665,24.59014371489218,32.859933853149414,19.40946700955698
2020-04-08,36.589332580566406,0.006195761068727163,50.50385404861992,-1.9198190563816695,-2.853050472642373,39.806264813735204,25.34433600108414,32.57530040740967,19.061692175359376
2020-04-09,38.20000076293945,0.043078797207400474,53.35016056419568,-1.4638165144484603,-2.57520368100359,39.9720878154481,25.261513182476712,32.616800498962405,19.137300285581457
2020-04-13,43.39666748046875,0.12754711640906993,61.118925936729454,-0.6753189840204072,-2.1952267416069535,41.62343350995874,24.305700858937747,32.96456718444824,19.635982139784836
2020-04-14,47.32600021362305,0.0866771798728856,65.76184234094885,0.26359672347849283,-1.7034620485898644,44.469589358613206,23.225011700346755,33.84730052947998,19.943792501305946
2020-04-15,48.65533447265625,0.02770162075738181,67.18931557927723,1.102254250319568,-1.142318788807978,47.05980431632261,22.63233015938539,34.846067237854,19.683832422446248
2020-04-16,49.68066787719727,0.020854428493631533,68.28756936862635,1.8285537893713055,-0.5481442731721213,48.940520867975835,23.311547079411866,36.12603397369385,19.55165857512672
2020-04-17,50.25933456420898,0.011580411041559125,68.91986242320243,2.422915115063823,0.046067604475067525,50.96382991821316,23.463238219909407,37.21353406906128,19.098323352429396
2020-04-20,49.75733184814453,-0.010038465581097729,67.65954419399743,2.8209254514039372,0.6010391738608415,52.47008811903682,24.082513123028615,38.27630062103272,19.214573311327392
2020-04-21,45.78133392333984,-0.08328137479063692,58.530181660101704,2.783435989276832,1.0375185369440396,52.97556321549244,25.25990469527416,39.1177339553833,19.529693760379562
2020-04-22,48.80733489990234,0.06400415510269586,62.65967763341211,2.9637342266035844,1.4227616748759486,54.12737228789042,25.622162319043177,39.8747673034668,19.17437019470265
2020-04-23,47.04199981689453,-0.036839791089286145,58.97039663830969,2.930394329265191,1.7242882057537972,54.90048814791836,25.958246364410748,40.429367256164554,19.106554038832233
2020-04-24,48.34333419799805,0.02728753098899391,60.80253389709911,2.974688669965424,1.9743682985961226,55.75057343425621,26.421427832223287,41.08600063323975,19.104686271640944
2020-04-27,53.25,0.09666945779957149,66.81889378478937,3.366907563038801,2.2528761514846583,57.288299345060054,26.77963507266456,42.03396720886231,19.552795507897986
2020-04-28,51.27466583251953,-0.037801017814305886,62.64986643893025,3.478255735840989,2.4979520683559246,58.1527090720827,27.69515851214581,42.923933792114255,19.24630251329131
2020-04-29,53.367332458496094,0.040002020280935593,65.1319013410303,3.6927924597856645,2.736920146641873,59.26826481623206,28.423002578787475,43.84563369750977,19.30955917232735
2020-04-30,52.12533187866211,-0.023547759980736722,62.478208065410975,3.7197167133762434,2.9334794599887473,59.64690029527783,30.046500278452637,44.846700286865236,19.872478397387162
2020-05-01,46.75466537475586,-0.10873700220740792,52.51437893311331,3.2699920432182097,3.00078197663464,58.79967315943182,32.539393918204894,45.66953353881836,20.00577883360845
2020-05-04,50.74599838256836,0.0819187203405193,57.88921810022066,3.198775723424525,3.0403807259926174,58.21683129378808,34.99676886490332,46.6068000793457,19.480401468758288
2020-05-05,51.2140007019043,0.009180180665024101,58.48261876385214,3.1438596952320594,3.0610765198405057,57.69383553121295,37.199564661047795,47.44670009613037,19.356285752526407
2020-05-06,52.172000885009766,0.018533023597782732,59.73345753013429,3.1414285231326176,3.0771469204989286,57.24893571149151,39.22533110369403,48.23713340759277,18.93259378226879
2020-05-07,52.00266647338867,-0.003250973870209664,59.39283782252223,3.0902158452258774,3.0797607054443183,56.29714619536088,41.71845400910689,49.00780010223389,18.96831359961353
2020-05-08,54.62799835205078,0.04925154604829151,62.92289401549546,3.2243040013434907,3.108669364624153,55.51710658540831,44.141293377970605,49.829199981689456,19.301541174138816
2020-05-11,54.08599853515625,-0.009971196406895207,61.72980325428996,3.2493781667392767,3.1368111250471777,55.48746255537895,45.23987051346871,50.36366653442383,19.328108317826725
2020-05-12,53.96066665649414,-0.0023199593370761967,61.439694433167794,3.2219952328770134,3.153847946613145,55.850125030045625,45.540674683089144,50.695399856567384,19.290313740613485
2020-05-13,52.73066711425781,-0.02305818093053759,58.532390817002835,3.0657038513207553,3.1362191275546674,56.036505332825726,45.76182764446919,50.89916648864746,19.471441181597545
2020-05-14,53.55533218383789,0.015518160889563192,59.90238040259992,2.9741017903947977,3.1037956601226937,56.32806451934676,45.85773488861222,51.09289970397949,19.139656481916905
2020-05-15,53.27799987792969,-0.005191880165631997,59.194117707881524,2.8463175212163137,3.0523000323414182,56.55136942809551,45.93629651123554,51.243832969665526,18.876686869892346
2020-05-18,54.242000579833984,0.017932041099594866,60.92363921904386,2.7906653147900187,2.9999730888311387,56.888902256077046,46.04723055642296,51.46806640625,18.980222249128893
2020-05-19,53.867332458496094,-0.0069313094591098995,59.86168400470088,2.685372649764801,2.9370530010178713,56.67870696679361,47.06602569922201,51.87236633300781,18.789118738141596
2020-05-20,54.37066650390625,0.00930057241369536,60.84900287791259,2.61242786284312,2.8721279733829213,56.85280284656192,47.4482629798541,52.15053291320801,18.51270827812984
2020-05-21,55.17333221435547,0.014654934735012084,62.4358494940228,2.5895364441472353,2.8156096675357842,56.78141894609596,48.332780120066154,52.55709953308106,19.029462141215124
2020-05-22,54.45866775512695,-0.01303770035606306,60.10013514304971,2.4850809148698687,2.749503917002601,56.667390721466646,49.05834170040835,52.8628662109375,18.824895076833887
2020-05-26,54.5913314819336,0.0024330819473817387,60.39631532081448,2.3855053882027235,2.676704211242626,56.80973726148225,49.05012830858612,52.92993278503418,18.61415241487194
2020-05-27,54.68199920654297,0.0016594670418678843,60.61151373276482,2.2875378808032494,2.5988709451547507,56.97329707447392,49.22730183299679,53.10029945373535,18.97020291082621
2020-05-28,53.72066879272461,-0.017736751939729612,57.0705600024046,2.1080265769713975,2.5007020715180803,56.99930717741623,49.23662536347733,53.11796627044678,18.505334352756467
2020-05-29,55.66666793823242,0.035583725409644835,61.92024878821607,2.09859712173656,2.4202810815617766,57.306630431423685,49.283435715426904,53.295033073425294,18.988647287071945
2020-06-01,59.87333297729492,0.07284966703702293,69.8495138545981,2.4028681542642545,2.416798496102272,57.74386803638421,50.15806487072029,53.95096645355225,19.227569475471416
2020-06-02,58.77066802978516,-0.018588326218028313,65.97170108352967,2.5259121508391473,2.4386212270496475,58.406357601207304,50.298042270618865,54.352199935913085,19.131097940591655
2020-06-03,58.86399841308594,0.0015867839932886055,66.1430319751394,2.6009739775831946,2.471091777156357,58.98115546052946,50.48824418241488,54.73469982147217,18.59666980105938
2020-06-04,57.62533187866211,-0.02126741082055923,61.702698067806125,2.531331366416289,2.4831396950083433,59.261286371480935,50.75344637082864,55.00736637115479,18.70822906495982
2020-06-05,59.04399871826172,0.024320646383694,64.63130610361267,2.5610909902687737,2.4987299540604297,59.7302062317288,50.98865973506807,55.359432983398435,18.579208979713723
2020-06-08,63.32799911499024,0.07004464847857836,71.6752115052226,2.896964334162668,2.5783768300808774,61.41246654441449,50.176399498676325,55.79443302154541,19.17501944913839
2020-06-09,62.711334228515625,-0.00978535494822059,69.5286530986841,3.0779064863361114,2.678282761331924,62.56896612862474,49.88243348380202,56.22569980621338,18.9561384965284
2020-06-10,68.336669921875,0.08590431690632504,76.45564194010444,3.633339151055253,2.86929403927659,65.18225170357698,48.70674823538787,56.94449996948242,19.44475266289383
2020-06-11,64.85600280761719,-0.052277046427824686,66.3977909631763,3.7494415641444903,3.0453235442501705,66.25432841224197,48.8472050960588,57.55076675415039,19.29091707025463
2020-06-12,62.35200119018555,-0.03937370329089697,60.25654255355681,3.597926897634167,3.15584421492697,66.73301004592118,49.24819036301437,57.990600204467775,19.342758701485042
2020-06-15,66.05999755859375,0.05776761532071402,65.36518271439115,3.7340113917497106,3.2714776502915184,67.78081523833683,49.47858493866512,58.629700088500975,19.27704311581357
2020-06-16,65.47533416748047,-0.008889888882897297,63.9689425593032,3.751437646346872,3.3674696495025893,68.58431176984315,49.79842176592345,59.1913667678833,19.166261448341128
2020-06-17,66.11933135986328,0.009787666254598352,64.85934482166218,3.7737122640549856,3.448718172413069,69.33205265651867,50.27588076938465,59.80396671295166,18.815165797957636
2020-06-18,66.9306640625,0.012196058432993926,65.99932290913992,3.812880316725469,3.5215506012755493,70.10675629695822,50.75717688480447,60.431966590881345,18.801022903722345
2020-06-19,66.72666931152344,-0.003052506049991116,65.4246342232793,3.783842824389687,3.574009045898377,70.74187457078489,51.2773923206946,61.009633445739745,18.68454773261023
2020-06-22,66.28800201416016,-0.006595797039905825,64.13143605312251,3.6829785337456045,3.5958029434678225,71.09184715458171,52.11035316280111,61.60110015869141,18.3739664342055
2020-06-23,66.78533172607422,0.007474555771254048,64.97666641470042,3.6016555647184987,3.596973467717958,71.36627067833876,53.05532966345812,62.21080017089844,18.37442213319586
2020-06-24,64.0566635131836,-0.04171541244464825,57.035290301726626,3.2792249416351353,3.5334237625013936,71.14603321585993,54.213033556601005,62.67953338623047,18.917776549652928
2020-06-25,65.73200225830078,0.025817844628587844,60.247742813387816,3.1228835278140963,3.4513157155639345,70.71161753312938,55.848582585889176,63.28010005950928,18.74867068598482
2020-06-26,63.982666015625,-0.02697370050614223,55.57512135273363,2.8252572095606325,3.326104014363274,70.20745820310955,57.18434172364826,63.695899963378906,18.70453174471153
2020-06-29,67.29000091552734,0.05039944763683731,61.63356205554676,2.8237105167951597,3.225625314849651,70.50603785028348,57.62742887029758,64.06673336029053,18.723714383294325
2020-06-30,71.98733520507812,0.06747855280845434,68.25519689277657,3.1650358089026724,3.2135074136602557,71.57800907178046,57.8771243663299,64.72756671905518,19.351968460772888
2020-07-01,74.64199829101562,0.036213124954005624,71.27272173625012,3.608155120869071,3.292436955102019,73.11671488261149,57.91621854329182,65.51646671295165,19.11334531307414
2020-07-02,80.57733154296875,0.07651403502187115,76.62311032067582,4.387683671757884,3.5114862984331925,75.98408300705832,57.34405038527568,66.664066696167,19.37137870349321
2020-07-06,91.43866729736328,0.12645108117682743,82.89963285743099,5.814854663012696,3.9721599713490936,82.16936639495398,54.39823385529015,68.28380012512207,19.547389604511803
2020-07-07,92.65733337402344,0.01323965619758905,83.43698373168104,6.96395795101698,4.5705195672826715,87.1758450282266,52.32468864792085,69.75026683807373,19.591134512744336
2020-07-08,91.05867004394533,-0.017404076436543313,79.89044787004667,7.657362507013914,5.18788815522892,90.67020611773466,51.66506113995575,71.16763362884521,19.315418882312244
2020-07-09,92.9520034790039,0.02057924378039391,80.92457686363538,8.264399940212613,5.803190512225659,94.12838331322362,50.6684173001797,72.39840030670166,18.98465274977789
2020-07-10,102.97666931152344,0.10241918272489342,85.24971676337222,9.445506315367425,6.531653672854012,99.63756684146303,48.97130042233091,74.30443363189697,19.67362655573088
2020-07-13,99.8040008544922,-0.03129417979716158,79.13424569461368,10.01014309915439,7.227351558114088,103.26609124220172,49.08797598802289,76.17703361511231,20.186747977842
2020-07-14,101.12000274658205,0.013099686323903579,79.78211759415967,10.443426848793465,7.870566616249963,106.74511781613539,49.11494993288805,77.93003387451172,19.67706998955019
2020-07-15,103.06732940673828,0.019074500672006712,80.73531728809537,10.819223060303287,8.460297905060628,110.07190552305468,49.54736174989454,79.80963363647462,19.31887675331031
2020-07-16,100.04266357421876,-0.02978572748503654,74.83372924498615,10.749070418176345,8.918052407683772,112.33465113778219,50.67694935660258,81.50580024719238,19.183876243485223
2020-07-17,100.05599975585938,0.0001332960594379358,74.84246121549583,10.57267484788666,9.24897689572435,114.25207774145096,52.072056322269724,83.16206703186035,18.756795781071144
2020-07-20,109.53333282470705,0.09049888548491702,80.12113010799516,11.070013436794127,9.613184203938307,117.50242465133653,53.10237576370253,85.30240020751953,19.36388990603133
2020-07-21,104.55733489990234,-0.046493332015906566,71.62362737420554,10.936566474708215,9.877860658092288,119.2059164782724,55.225817225340876,87.21586685180664,19.302827140198442
2020-07-22,106.15533447265624,0.01516786071044045,72.62763658164205,10.834856524749966,10.069259831423825,120.72305624256879,57.64567773570269,89.18436698913574,19.174059532638392
2020-07-23,100.87133026123048,-0.05105769412846362,64.50087360174876,10.210179088119077,10.097443682762876,120.62662949516948,61.42357115790667,91.02510032653808,19.715209264420473
2020-07-24,94.46666717529295,-0.06559870288489461,56.2805018150012,9.093490832186816,9.896653112647664,119.57954787374133,65.34411927103405,92.46183357238769,19.488658555481404
2020-07-27,102.63999938964844,0.08298067038819532,62.796707522554534,8.766966810226236,9.67071585216338,118.28401580448056,70.50538467769718,94.39470024108887,19.299188612631372
2020-07-28,98.43267059326172,-0.04185494718429495,58.00411600825437,8.075607324246505,9.351694146580005,116.18192765101522,75.72173979893596,95.95183372497559,19.284121184685212
2020-07-29,99.94066619873048,0.01520390470417965,59.205853735669216,7.562210141943666,8.993797345652737,114.18626134415832,80.51273920515807,97.3495002746582,18.767128070667617
2020-07-30,99.16600036621094,-0.007781454581928379,58.28318615264657,7.012000144759625,8.597437905474115,111.58671739506553,85.56468336177039,98.57570037841796,18.554468362498223
2020-07-31,95.38400268554688,-0.038884339639871014,53.86937177106965,6.199317281901386,8.117813780759569,109.36219011060815,89.26987776048558,99.31603393554687,19.02566862163507
2020-08-03,99.0,0.03720897247565101,57.206266332198794,5.7804080750383235,7.65033263961532,109.03651365554386,90.35168748581357,99.69410057067871,18.69936874826102
2020-08-04,99.13333129882812,0.0013458747004375454,57.32883411148875,5.396965374695569,7.19965918663137,108.76324127541395,91.27255965842394,100.01790046691895,18.653576594631616
2020-08-05,99.00133514404295,-0.0013323884879126878,57.15430858067616,5.02451381792342,6.7646301128897806,108.10502696890714,92.72504047494053,100.41503372192383,18.122503805881934
2020-08-06,99.30533599853516,0.0030659693985973365,57.47539677317426,4.699698406361449,6.351643771584115,107.60617872242392,93.85922197337686,100.73270034790039,18.31403608190917
2020-08-07,96.84733581542967,-0.025063424630081314,53.95462671543559,4.195575794019732,5.920430176071239,107.42389603418553,93.42857131200589,100.42623367309571,18.709207467086305
2020-08-10,94.5713348388672,-0.023781465364230175,50.84856822736834,3.5712337743222946,5.450590895721451,107.6355011136971,92.6936996309318,100.16460037231445,18.5414327101917
2020-08-11,91.6259994506836,-0.03163934754750358,47.07205435406012,2.8064235709512673,4.921757430767414,108.05783785243982,91.32196256259924,99.68990020751953,18.678318479034495
2020-08-12,103.65066528320312,0.12331118921207428,60.10072948597357,3.134463864682644,4.564298717550461,108.14046737233788,91.29766663034768,99.71906700134278,19.606818447192367
2020-08-13,108.06666564941406,0.04172205380429948,63.64049094337916,3.7080286383900614,4.393044701718381,109.33385413128583,90.90668007891925,100.12026710510254,19.54033509085111
2020-08-14,110.04733276367188,0.018162259872136134,65.13456195710961,4.273147947265272,4.369065350827759,110.84652276546498,90.39314474552134,100.61983375549316,19.055478218424266
2020-08-17,122.3759994506836,0.10618769683979797,72.66420301805562,5.650691780279388,4.625390636718085,114.89175740300071,87.63217677058329,101.261967086792,19.531335236686697
2020-08-18,125.80599975585938,0.02764276800974182,74.32548777409795,6.939186924161675,5.088149894206803,119.80454200691318,84.84425865226652,102.32440032958985,19.325374494027514
2020-08-19,125.23533630371094,-0.0045463782503080055,73.52488465901163,7.824089602824984,5.635337835930439,123.50563861927934,83.05116222300582,103.27840042114258,19.025431048161558
2020-08-20,133.45533752441406,0.0635722137952821,77.31531684611022,9.083952601117858,6.325060788967924,129.16580917934974,80.6493923892538,104.90760078430176,19.549424489634198
2020-08-21,136.6653289794922,0.023768211540485355,78.60359140645238,10.22357161783654,7.104762954741648,134.56917746534364,79.46589028367978,107.01753387451171,19.591129859341432
2020-08-24,134.27999877929688,-0.017607920006301417,75.18658805990759,10.809644830146581,7.845739329822635,138.61607932737968,78.5829883606086,108.59953384399414,19.522467990436887
2020-08-25,134.8893280029297,0.004527486632740915,75.47982238783464,11.194239623099264,8.515439388477962,142.21462177324287,78.63011165571221,110.42236671447753,18.889955989240903
2020-08-26,143.54466247558594,0.0621915738853809,79.23387474386881,12.058444679520846,9.224040446686539,147.222930308818,77.98220274782261,112.60256652832031,19.179573534013002
2020-08-27,149.25,0.03897652873348478,81.26954407049038,13.053236880322657,9.989879733413762,152.74850779548635,77.46502522453318,115.10676651000976,19.688740407744593
2020-08-28,147.55999755859375,-0.01138789608941323,78.80522218137136,13.54906263342761,10.701716313416533,156.8062471563791,78.6248853509451,117.7155662536621,19.523344816380426
2020-08-31,166.10667419433594,0.11839534141276628,84.39691719680322,15.262631799726535,11.613899410678535,164.65903923685852,77.4827606898993,121.0708999633789,19.6879753323039
2020-09-01,158.35000610351562,-0.04782238606695396,75.43351757640565,15.812473073203265,12.453614143183481,169.35581133463737,78.7076560725892,124.03173370361328,19.412165404687183
2020-09-02,149.1233367919922,-0.060034084286439256,66.39978409043005,15.327030672036983,13.028297448954183,171.5764114097924,81.49925616222907,126.53783378601074,19.480303736154955
2020-09-03,135.6666717529297,-0.0945727929773044,55.8875473133132,13.698565133283054,13.162350985819957,171.66839643265126,85.0434047148097,128.35590057373048,19.38685932684106
2020-09-04,139.44000244140625,0.02743348445504921,57.90025206391039,12.567599251764193,13.043400639008805,171.3968096942483,89.57425811581027,130.48553390502929,19.617525305615676
2020-09-08,110.06999969482422,-0.23651789445767657,41.88213452019313,9.19538816535669,12.273798144278384,169.82738294973825,92.69355134591603,131.26046714782714,19.66309636567989
2020-09-09,122.09333038330078,0.10366923114657202,48.19994677804165,7.407677788871922,11.300574073197092,166.9102725200536,98.65739486886238,132.783833694458,19.289449591250406
2020-09-10,123.77999877929688,0.013720031040026988,49.03690248639421,6.057181066362233,10.251895471830121,165.3930441409085,102.18755659761689,133.7903003692627,19.35595730296559
2020-09-11,124.23999786376952,0.003709375196707332,49.27760684201278,4.966766967814138,9.194869771026925,164.1941578304436,105.00377612951735,134.59896697998047,19.020354811766527
2020-09-14,139.8733367919922,0.11852211424147725,56.75343353509866,5.302956554760726,8.416487127773685,163.39349423344805,108.78704012934492,136.09026718139648,19.333211620420403
2020-09-15,149.9199981689453,0.06936453038904387,60.75640905004123,6.307363474264861,7.99466239707192,164.63637818916428,110.29855604545489,137.46746711730958,19.491903339592994
2020-09-16,147.25332641601562,-0.017947393738460667,59.19032697232202,6.809687234619702,7.7576673645814775,165.4626668121692,111.61700008846557,138.5398334503174,19.194660632361213
2020-09-17,141.14332580566406,-0.04237854336559032,55.65076180734253,6.638235006896821,7.533780893044546,165.53326565072626,113.13720020010378,139.33523292541503,19.25505662111216
2020-09-18,147.38333129882812,0.04326101937694436,58.38760719987716,6.926035152643834,7.412231744964403,166.31190190173186,113.75136332653962,140.03163261413573,19.373189226906845
2020-09-21,149.79666137695312,0.016241895082045352,59.43036076409872,7.265106781297277,7.382806752230978,167.26876919636288,114.10762927165467,140.68819923400878,19.609835504339532
2020-09-22,141.41000366210938,-0.05761528541471742,54.33477899905098,6.778946823288379,7.26203476644246,167.45409151890212,114.63530743739673,141.04469947814943,19.290895708546334
2020-09-23,126.7866668701172,-0.10915761260898606,46.7999553200638,5.154265324936887,6.840480878141346,167.68742335695765,113.59170948605994,140.6395664215088,19.46878048950766
2020-09-24,129.26333618164062,0.019345803747202597,48.11235281003034,4.020197710624188,6.276424244637915,167.4011061301218,112.44989408350122,139.9255001068115,19.484298818689513
2020-09-25,135.77999877929688,0.0491842305281949,51.502471456374145,3.605716707649492,5.74228273724023,166.42390595691472,112.08009413463799,139.25200004577636,19.121922579217472
2020-09-28,140.39999389648438,0.033459528236176775,53.806726886553236,3.608436709451837,5.315513531682552,165.7923113772547,111.99568834808713,138.8939998626709,18.820522074894505
2020-09-29,139.69000244140625,-0.005069748902601041,53.386927088808825,3.5128084841402654,4.954972522174096,161.2460598103609,113.90027273968794,137.57316627502442,18.83052226823238
2020-09-30,143.00332641601562,0.023442192423042928,55.14568219326602,3.6621648242879132,4.696410982596859,158.56025836961467,115.05140621168417,136.80583229064942,18.788352606523727
2020-10-01,149.3866729736328,0.043670173422939704,58.40208696893681,4.24666065863758,4.606460917805004,158.60511092148522,115.03288727797768,136.81899909973146,18.840866969411167
2020-10-02,138.3633270263672,-0.07665503512528221,51.45487779221242,3.776848764871687,4.44053848721834,158.74329415197863,115.16436957482799,136.9538318634033,19.18284080046584
2020-10-05,141.89332580566406,0.025192518630920653,53.3678694168529,3.6473168559691374,4.2818941609685,158.95234284011457,115.20065322311787,137.0764980316162,18.714606292779308
2020-10-06,137.9933319091797,-0.02787018407731412,50.97773639190421,3.1931562534801117,4.0641465794708225,156.27644183915902,120.66888744550897,138.472664642334,18.808924417418517
2020-10-07,141.76666259765625,0.026977120398229415,53.1633512976426,3.101949611254895,3.871707185827637,155.54061337136514,123.37204913473838,139.45633125305176,18.678288336448702
2020-10-08,141.97332763671875,0.0014567215247855486,53.286194847442104,3.0116276626417857,3.699691281190467,154.67744055020512,126.05455484164061,140.36599769592286,18.613474780734446
2020-10-09,144.6666717529297,0.018793074176697643,54.94471885767381,3.121395721715089,3.5840321692953916,153.6173041507188,129.15735863004292,141.38733139038087,18.278853331461658
2020-10-12,147.43333435058594,0.018943822515122916,56.647427834113934,3.3925273060247036,3.5457311966412544,154.26267754796825,129.26798498865284,141.76533126831055,18.572313694099403
2020-10-13,148.88333129882812,0.009786884708723409,57.552824908706526,3.681960328850437,3.5729770230830913,154.07631145591793,129.35068439369147,141.7134979248047,18.45402945250511
2020-10-14,153.76666259765625,0.032273287618783654,60.541627107242576,4.256317925228927,3.7096452035122587,155.32512015132465,128.75320931644876,142.0391647338867,18.782814468600257
2020-10-15,149.6266632080078,-0.02729299577407529,56.88472910697569,4.327551783898514,3.83322651958951,156.16406657443585,128.76259663357197,142.4633316040039,18.4885001365155
2020-10-16,146.55667114257812,-0.020731092265373598,54.26704870958716,4.089145305740402,3.8844102768196884,156.0651038315368,128.778893360846,142.4219985961914,18.403816346029437
2020-10-19,143.61000061035156,-0.020310891071385614,51.80296989008974,3.6206976202168164,3.8316677454991144,155.32549808641807,128.8998330293046,142.11266555786133,18.505604452444462
2020-10-20,140.64666748046875,-0.020850455371877373,49.37491589148411,2.9760274446140045,3.6605396853220924,155.30028109593727,128.84871640162132,142.0744987487793,18.369060038076785
2020-10-21,140.8800048828125,0.0016576578966101716,49.575333227247825,2.4556429409000486,3.419560336437684,153.9114247668758,131.64690653195234,142.77916564941407,18.391370371149673
2020-10-22,141.92999267578125,0.007425427859397711,50.524503789053185,2.1037094591854952,3.1563901609872467,152.5739210966659,134.25107585157627,143.4124984741211,18.602832294629433
2020-10-23,140.2100067138672,-0.01219258008931434,48.900670743412014,1.6667973445363486,2.858471597697067,152.21420938961586,135.05378835208336,143.6339988708496,18.432125017722832
2020-10-26,140.0933380126953,-0.0008324460631960825,48.78613267488002,1.2961855367316275,2.546014385503979,152.22426827696324,135.01306387635708,143.61866607666016,18.254833942048187
2020-10-27,141.55999755859375,0.010414737676610572,50.36020488842463,1.1080472973924032,2.258420967881664,152.17753457647913,135.24679708855993,143.71216583251953,18.035892895244068
2020-10-28,135.33999633789062,-0.04493353448533056,44.16117737200895,0.45183578973555427,1.897103932252442,152.58615769898668,134.0718409582399,143.3289993286133,18.15089361103597
2020-10-29,136.94332885742188,0.011777078527549948,46.0061839259059,0.06046200848857097,1.5297755474996677,151.92227336288488,133.49139088272057,142.70683212280272,18.03451668148698
2020-10-30,129.34666442871094,-0.05707106115006527,39.36878792354831,-0.8528606179524161,1.053248314409251,153.10378538856355,131.4082125972763,142.25599899291993,18.6638927774163
2020-11-02,133.50332641601562,0.03163027338080621,44.11939456514582,-1.227121997311201,0.5971742520651606,153.37053900507902,130.302459041796,141.8364990234375,18.282146009749127
2020-11-03,141.3000030517578,0.05675891678442002,51.755169243191894,-0.8844053179198568,0.30085833806815715,153.39788972580428,130.60577543532852,142.0018325805664,18.450774364318246
2020-11-04,140.32666015625,-0.0069123197353376745,50.82152648826079,-0.6834619930477857,0.1039942718449686,153.35031525824553,130.50934965874666,141.9298324584961,18.384320665678796
2020-11-05,146.02999877929688,0.03983908014025376,55.84760473002557,-0.06327183989307628,0.07054104949735962,153.69955999931165,130.56577203193837,142.132666015625,18.26102243661779
2020-11-06,143.31666564941406,-0.018755444602258167,53.06883598062366,0.2069049459770156,0.09781382879329081,153.5854587190942,130.54487270180422,142.0651657104492,17.991711582012943
2020-11-09,140.4199981689453,-0.020418708541599162,50.19733652425864,0.18515083451617897,0.11528122993786845,152.9707155673022,130.4582822354322,141.7144989013672,18.464688069514832
2020-11-10,136.7866668701172,-0.026215382510501505,46.77829331825084,-0.12384136023305814,0.06745671190368314,152.03921395214965,130.18011740771365,141.10966567993165,18.324748982005882
2020-11-11,139.0433349609375,0.016363110813065695,49.09735160847705,-0.18449885758957407,0.017065598005031705,149.55749801033073,131.18950058586069,140.3734992980957,17.768159077811724
2020-11-12,137.25332641601562,-0.012957330573612593,47.3354506829023,-0.37271269120924444,-0.06089005983782353,147.92541083069358,131.58425408629859,139.75483245849608,17.902583764505945
2020-11-13,136.1666717529297,-0.007948653293047676,46.25037555593872,-0.6026109363573084,-0.1692342351417205,146.8899073212493,131.58075765677805,139.23533248901367,17.898344138985067
2020-11-16,136.02999877929688,-0.0010042223136041864,46.107216779337236,-0.7867659703516381,-0.292740582183704,146.34777413877669,131.36489065614518,138.85633239746093,18.203964008841556
2020-11-17,147.20333862304688,0.07893944622909929,57.64855138651961,-0.030760428591065647,-0.24034455146517636,147.5305586626144,130.8377732465653,139.18416595458984,19.02807884685119
2020-11-18,162.2133331298828,0.09709745318946535,67.66617502212912,1.7592806309244224,0.15958048501274338,153.51421222345402,126.9874525104327,140.25083236694337,19.271395621111132
2020-11-19,166.42333984375,0.025622441945055478,69.82227954699964,3.477526661782946,0.8231697203667839,159.17350008989166,123.77749936079192,141.4754997253418,19.048894130598082
2020-11-20,163.20333862304688,-0.019537882465358328,66.18695601910875,4.527234689302247,1.5639827141538767,162.79212275051464,122.45820989108694,142.6251663208008,18.407957151260973
2020-11-23,173.9499969482422,0.06377098448424992,71.51706274643618,6.155346375672821,2.482255446457666,168.8102120657746,119.82578646938165,144.31799926757813,18.831338354323556
2020-11-24,185.1266632080078,0.0622723727366544,75.79119965646797,8.25237196975445,3.6362787511170227,176.97397950373207,116.0186855963656,146.49633255004883,18.89657636253804
2020-11-25,191.3333282470703,0.03297682427747412,77.7848273491758,10.29641519364958,4.968306039623535,185.25311618570004,113.33888210531559,149.2959991455078,18.804517646209387
2020-11-27,195.2533264160156,0.02028074420821668,78.96314874752574,12.093241901703777,6.393293212039584,193.07282403631524,111.35017401055978,152.2114990234375,18.54009179589301
2020-11-30,189.1999969482422,-0.031493184788437205,72.56256168430585,12.880310710850296,7.690696711801727,197.74715860475783,112.66117269407029,155.20416564941405,19.057306783453274
2020-12-01,194.9199981689453,0.029784568093447848,74.65331596718144,13.806472288775012,8.913851827196385,203.03135776542547,113.5186407086956,158.27499923706054,18.60558646724341
2020-12-02,189.60667419433597,-0.027637417933142765,69.36570949004455,13.950903837165725,9.921262229190255,206.78342366292986,114.59724192544907,160.69033279418946,18.78063999564308
2020-12-03,197.7933349609375,0.04227093212295036,72.58741071861732,14.55814475432706,10.848638734217616,211.44192122612566,115.68541184272199,163.56366653442382,18.66484971190595
2020-12-04,199.67999267578125,0.009493325730045684,73.28469296923606,15.018501133864618,11.682611214147018,215.96452662115655,116.52780583733954,166.24616622924805,18.29516174902389
2020-12-07,213.9199981689453,0.068886056292822,77.86190055988695,16.34398305308386,12.614885581934388,222.5706481136216,116.98201759682763,169.7763328552246,18.944989664153855
2020-12-08,216.6266632080078,0.012573321033348567,78.61200135779497,17.412126120510408,13.574333689649594,228.4207219200959,118.75261029425955,173.58666610717773,19.077138011381336
2020-12-09,201.4933319091797,-0.07241913725041024,65.29149800326226,16.843344247841088,14.228135801287893,230.12820397984464,123.5157947384171,176.82199935913087,19.180895748951265
2020-12-10,209.02333068847656,0.03668958724599977,68.18063625299497,16.806454144835072,14.74379946999733,232.35784369997072,128.2841545910449,180.3209991455078,19.120056491652285
2020-12-11,203.3300018310547,-0.027615591895456065,63.8528221431923,16.131856415735882,15.02141085914504,232.43917739275884,134.81048843976072,183.62483291625978,18.753037387412206
2020-12-14,213.27667236328125,0.04775997018342951,67.7092231548661,16.212953207009747,15.259719328717983,232.54904770795275,142.41161818560192,187.48033294677734,18.8661470362081
2020-12-15,211.0833282470703,-0.010337277993335172,66.03619384163252,15.916759957774332,15.391127454529254,230.37232511845693,152.0936737218751,191.232999420166,18.722372971738793
2020-12-16,207.58999633789065,-0.01668801318404443,63.35128877859062,15.224641790173564,15.357830321658117,228.04138463857595,160.46327997324045,194.2523323059082,18.65407082779225
2020-12-17,218.63333129882807,0.05183107739238684,67.80732797999224,15.389833572667413,15.364230971859977,228.96740065261588,165.17926377609507,197.07333221435547,18.944286163145705
2020-12-18,231.6666717529297,0.05790353852575283,72.11636188832173,16.383571289505,15.568099035388983,232.37590946990179,168.29508814972712,200.33549880981445,20.31736853695679
2020-12-21,216.6199951171875,-0.06715493498509616,61.82736256742483,15.775128671760086,15.609504962663204,230.61263578799475,175.4000274810482,203.00633163452147,18.975346592555493
2020-12-22,213.44667053222656,-0.01475762913420309,59.88679403190395,14.865512367071176,15.4607064435448,229.28946524996613,180.6728653774753,204.9811653137207,18.85989006447015
2020-12-23,215.32666015625,0.00876920991536227,60.67429379942182,14.13341315400831,15.195247785637502,229.3129916777863,183.66933864447932,206.4911651611328,18.41585914872148
2020-12-24,220.58999633789065,0.024149533626973363,62.87192988516486,13.81863388585333,14.919925005680668,230.43294439055705,185.4750527407906,207.95399856567383,18.043756458955716
2020-12-28,221.22999572753903,0.002897106734780491,63.14165304200026,13.46558872523832,14.629057749592198,231.64359580282334,186.86206825967665,209.25283203125,18.38852732891231
2020-12-29,221.9966735839844,0.0034595328945029335,63.48388336529171,13.096691875980156,14.32258457486979,231.85831766502696,189.92701406104726,210.8926658630371,18.045731276286542
2020-12-30,231.5933380126953,0.042320582323576904,67.54592143437708,13.423965958470149,14.142860851589862,234.21830521191154,191.23436049853765,212.7263328552246,18.67173514620721
2020-12-31,235.22332763671875,0.015552413007484785,68.95278446804612,13.816969429477354,14.077682567167361,235.84033929569637,194.17399175899112,215.00716552734374,18.819119229736522
2021-01-04,243.2566680908203,0.03358173995604568,71.8600295517363,14.608256066297628,14.183797266993416,240.03750832605397,194.5231560416218,217.28033218383788,18.798532083879913
2021-01-05,245.0366668701172,0.007290726849836652,72.47505579900684,15.203728336043213,14.387783480803376,243.90409603956192,195.19223574754744,219.54816589355468,18.387492051924962
2021-01-06,251.9933319091797,0.027994766442436515,74.79375414884987,16.05195221618453,14.72061722787961,249.6103590888421,193.29330607229073,221.45183258056642,18.714096355709028
2021-01-07,272.0133361816406,0.07644846869014829,80.01209877219401,18.130624232717395,15.402618628847168,260.19216809282574,188.25016436567034,224.22116622924804,18.855683301323293
2021-01-08,293.3399963378906,0.07548123816080572,83.8481916087125,21.25386865434325,16.572868633946385,274.6625753547112,182.964423546656,228.8134994506836,19.232350690944852
2021-01-11,270.39666748046875,-0.08144231364811663,68.59580697164645,21.628408635317356,17.58397663422058,280.29775561582056,183.46657696474588,231.8821662902832,18.996759139343308
2021-01-12,283.14666748046875,0.046075003355075396,71.67893825117991,22.692468066162434,18.60567492060895,287.4351584991417,184.3108406463661,235.8729995727539,18.74863178523388
2021-01-13,284.8033447265625,0.00583390055163722,72.06273446042273,23.39968582715494,19.56447710191815,294.23388448627173,184.66478189556418,239.44933319091797,18.4200555585647
2021-01-14,281.6666564941406,-0.011074621019438693,70.12505256935134,23.436890586290275,20.338959798792576,299.14548817935065,186.8115110271923,242.97849960327147,18.356663697489903
2021-01-15,275.3866577148437,-0.02254816438492574,66.28230184534698,22.697983978303796,20.81076463469482,301.7200189227198,191.0166464215185,246.36833267211915,18.57196561555689
2021-01-19,281.51666259765625,0.022015499815695363,68.11879648614891,22.349405299127852,21.11849276758143,305.3723853975425,193.65261307657863,249.51249923706055,18.147571976490475
2021-01-20,283.4833374023437,0.0069617088412489295,68.7076753822564,21.97849400727989,21.290493015521122,309.2694775134308,194.9371875256317,252.10333251953125,18.159286122229368
2021-01-21,281.663330078125,-0.006440854103183004,67.46573765177271,21.29224105467182,21.290842623351264,311.41194278708673,199.29905574806955,255.35549926757812,17.93557648797945
2021-01-22,282.2133178710937,0.0019507385857469443,67.65600001735591,20.55580553335335,21.14383520535168,312.409605020864,205.178058248179,258.7938316345215,17.91317462120815
2021-01-25,293.6000061035156,0.039555086200732434,71.38684145702658,20.652911744213213,21.04565051312399,314.35474768049687,211.0602501832726,262.70749893188474,18.631915271506255
2021-01-26,294.36334228515625,0.002596544878530684,71.62315050050988,20.55452420602387,20.94742525170397,315.870061537718,216.92227092077806,266.396166229248,18.055322509126203
2021-01-27,288.0533447265625,-0.021669174678462418,66.7179658105457,19.739838731759562,20.70590794771509,315.23388630700936,224.24078105138906,269.7373336791992,18.22225420736982
2021-01-28,278.4766540527344,-0.033811459334112025,60.001580737954704,18.112644431996273,20.18725524457133,312.2174946699611,232.9051707353123,272.5613327026367,18.18665318867287
2021-01-29,264.510009765625,-0.051455133708131096,51.81000059968237,15.517216938543356,19.253247583365738,309.1572810030086,239.25705157755783,274.2071662902832,18.46920802595226
2021-02-01,279.9366760253906,0.05668432585298431,58.54245296867194,14.537545220081029,18.310107110708795,306.2326178717107,246.6530495477229,276.4428337097168,18.14853339377546
2021-02-02,290.92999267578125,0.03851924269165984,62.55693148427335,14.481285854706357,17.54434285950831,304.8233308574094,252.82966902052027,278.82649993896484,18.106498640179268
2021-02-03,284.89666748046875,-0.020956118951172036,59.17049142898201,13.79088820694102,16.79365192899485,301.4713530393335,260.16764689963134,280.8194999694824,17.823398153119523
2021-02-04,283.3299865722656,-0.005514295631595512,58.288109861708826,12.967839855394288,16.02848951427474,297.9604387356592,266.81222666961423,282.3863327026367,17.67493628234158
2021-02-05,284.07666015625,0.002631883215661463,58.60494593652529,12.234783457259311,15.269748302871655,297.78713498403937,268.19186281869503,282.9894989013672,17.83548713218018
2021-02-08,287.8066711425781,0.013044842106937113,60.23009540765928,11.818574523644031,14.579513547026131,296.8895305467769,268.5361347364262,282.71283264160155,17.917907628210187
2021-02-09,283.1533203125,-0.016300455142510474,57.21240006560226,10.986592819709642,13.860929401562835,296.2879115706716,270.4134189957346,283.3506652832031,17.632631522288165
2021-02-10,268.2733459472656,-0.053982110546516617,48.793673121398385,9.022545463335405,12.89325261391735,297.19785272741075,268.0161456856752,282.606999206543,18.503626627176754
2021-02-11,270.5533447265625,0.008462878423046197,50.00755860483326,7.562821135597687,11.827166318253418,297.3969968552221,266.3920015578638,281.89449920654295,17.987871175586843
2021-02-12,272.0400085449219,0.005479859012751231,50.82612028327315,6.451570743129878,10.752047203228711,297.5310272179652,265.2953064001989,281.41316680908204,18.082475620750106
2021-02-16,265.4066772460937,-0.024685864957400563,47.118920469332195,4.9782561640177505,9.597288995386519,298.37925874489315,263.44907682639587,280.9141677856445,17.899920956035857
2021-02-17,266.04998779296875,0.002420934399335105,47.51871528575468,3.818535826127686,8.441538361534752,298.8210211621384,261.4606469286819,280.14083404541014,18.172084773030026
2021-02-18,262.4599914550781,-0.01358555824881115,45.453514267173624,2.580025473748208,7.269235783977444,299.28268491703926,258.89664857905444,279.08966674804685,17.802108445098337
2021-02-19,260.4333190917969,-0.007751801260508434,44.283440564356404,1.4186087359383919,6.099110374369634,299.8202474006778,256.2360849967831,278.02816619873045,17.856364694574534
2021-02-22,238.1666717529297,-0.08937612559287707,33.944589447776025,-1.2837564017531236,4.622537019145083,303.8490130505434,247.80265473510116,275.8258338928223,18.532303519665504
2021-02-23,232.94667053222656,-0.022161184525391956,32.05516553797102,-3.802774696447841,2.9374746760264983,305.46031882724037,240.12601540127525,272.7931671142578,19.112931027420334
2021-02-24,247.33999633789065,0.059954347975619854,41.69252991776459,-4.5848425303414615,1.4330112347529065,303.3404400211582,237.54355961263082,270.4419998168945,18.518723559431873
2021-02-25,227.4066619873047,-0.08402401628244044,34.412660859124955,-6.735448359446309,-0.20068068408693684,304.398824329503,230.4205070303603,267.40966567993166,18.578297134118813
2021-02-26,225.1666717529297,-0.009898985904473094,33.70054107846312,-8.522327379755495,-1.8650100232206486,305.83158150904546,223.6567516208373,264.7441665649414,18.629868167993312
2021-03-01,239.47666931152344,0.061615106636751404,41.96314247355343,-8.683645013446068,-3.228737021265733,306.10678575207805,220.87821333239458,263.4924995422363,18.21499148878145
2021-03-02,228.81333923339844,-0.04554943930628858,38.14795362183026,-9.5617105729863,-4.495331731609847,305.4865906376394,216.38607476763403,260.9363327026367,18.080955636478627
2021-03-03,217.73333740234372,-0.049635467535242055,34.62527568368361,-11.024563102476748,-5.8011780057832265,303.4488035237105,211.10419635421914,257.27649993896483,18.322229647630078
2021-03-04,207.14666748046875,-0.0498440101928223,31.620736334264535,-12.88955726490542,-7.218853857607665,302.7519116702919,204.02608820763777,253.38899993896484,19.10255715231005
2021-03-05,199.3166656494141,-0.038532236280416896,29.576555002359697,-14.828461016694007,-8.740775289424935,302.00131826049727,196.37534952514727,249.18833389282227,19.40720438188604
2021-03-08,187.6666717529297,-0.06022747806878108,26.8004375229429,-17.107904084433784,-10.414201048426705,301.218014437083,187.51765450822953,244.36783447265626,18.86126200558643
2021-03-09,224.52667236328125,0.17932714140524914,44.53819079064903,-15.758431748823654,-11.483047188506095,294.8267878667961,187.5808812005867,241.2038345336914,19.12659557506992
2021-03-10,222.6866607666016,-0.008228833280182578,43.96545854282593,-14.668351137481665,-12.12010797830121,288.5654739634079,187.79552914938506,238.18050155639648,19.018511800190318
2021-03-11,233.1999969482422,0.046130766690605556,48.07418354229596,-12.808467987182752,-12.257779980077519,284.80317676597065,188.05049144691998,236.4268341064453,18.504669817547395
2021-03-12,231.2433319091797,-0.008425900400429927,47.377897557661036,-11.361416371264852,-12.078507258314986,280.1174188403823,188.80524809077005,234.46133346557616,18.42816666440158
2021-03-15,235.97999572753903,0.02027649657712319,49.292542851842896,-9.720358118340272,-11.606877430320043,274.77697331345627,190.5396923359578,232.65833282470703,18.29292465354713
2021-03-16,225.6266632080078,-0.04486533694757759,45.40383799742865,-9.149762273665772,-11.11545439898919,269.93702944947387,191.4016347961316,230.66933212280273,18.385955760246116
2021-03-17,233.9366607666016,0.03616869761350537,48.88915464494451,-7.935537663919945,-10.479471051975342,264.6980477657595,193.42928377720924,229.06366577148438,18.612271715009914
2021-03-18,217.72000122070312,-0.07184055905976212,43.10602075664875,-8.187425267764354,-10.021061895133144,259.09160380571313,194.56172871381813,226.82666625976563,18.41741944168266
2021-03-19,218.2899932861328,0.002614584056873359,43.359632218910484,-8.245999661365829,-9.666049448379683,253.00205587607928,196.43694406288557,224.71949996948243,18.672854810416247
2021-03-22,223.3333282470703,0.02284097771296026,45.667423636547134,-7.795602455350718,-9.291960049773891,251.54452795525108,196.41113763312782,223.97783279418945,18.590732340047502
2021-03-23,220.72000122070312,-0.011770465503008509,44.65217197764734,-7.562358909090676,-8.94603982163725,250.6364233207721,196.09657533645446,223.3664993286133,18.331583932136166
2021-03-24,210.08999633789065,-0.049358942535190804,40.68961795395139,-8.141415108124477,-8.785114878934696,246.90391823385013,196.10408042337642,221.50399932861328,18.434441637065735
2021-03-25,213.4633331298828,0.015929083234572167,42.435435107128086,-8.233213866318266,-8.674734676411411,246.28987367488654,195.32379209659783,220.80683288574218,18.583434604351716
2021-03-26,206.23666381835935,-0.03444071328935919,39.7369168265496,-8.78779661207517,-8.697347063544164,246.05774043240743,193.66292454561992,219.86033248901367,18.436144570289255
2021-03-29,203.76333618164065,-0.012065159218404021,38.826883311405204,-9.319455422511027,-8.821768735337537,243.49941705791497,192.64991460712412,218.07466583251954,18.26882244627491
2021-03-30,211.8733367919922,0.03902942452340498,43.403813699467314,-8.98284098971888,-8.853983186213807,242.27194049256605,192.18339092833241,217.22766571044923,18.58871066848274
2021-03-31,222.6433258056641,0.04958242699342918,48.874369281435975,-7.757598752227352,-8.634706299416516,242.6342999183084,192.31203034292207,217.47316513061523,18.420799746871236
2021-04-01,220.5833282470703,-0.009295525767170772,47.920256895399724,-6.873575736049418,-8.282480186743097,242.85873699165322,193.4312593462374,218.1449981689453,18.477960493208652
2021-04-05,230.3500061035156,0.043324388497766333,52.64075649671302,-5.32352555834683,-7.690689261063844,243.30511556798245,196.08821481531834,219.6966651916504,18.648042593722344
2021-04-06,230.5399932861328,0.0008244361718844317,52.73051221992708,-4.033276150327254,-6.959206638916527,240.46236752466342,203.21829501195765,221.84033126831054,18.25598769983806
2021-04-07,223.6566619873047,-0.03031223705748461,49.09976618192298,-3.525531376995332,-6.272471586532289,240.39649625856345,203.19716524045998,221.7968307495117,18.184049149077186
2021-04-08,227.93333435058597,0.018941076007001657,51.34150269383953,-2.746389598231417,-5.567255188872115,240.85860112678213,203.25972773063975,222.05916442871094,18.089017539377988
2021-04-09,225.67333984375,-0.009964638245883606,50.08614220076669,-2.28493745760008,-4.910791642617707,239.8333773511394,203.53228579583327,221.68283157348634,17.979245928041703
2021-04-12,233.9933319091797,0.03620406408291566,54.49715802238474,-1.23365863612986,-4.175365041320138,240.31424584404994,203.32641730292272,221.82033157348633,18.28608708446498
2021-04-13,254.10667419433597,0.0824615371588127,63.007980551194954,1.2085347953037626,-3.098585073995358,245.4381331137138,200.01519787993854,222.72666549682617,18.713039869420115
2021-04-14,244.07666015625,-0.04027179907894106,57.2567390798818,2.3080466511346174,-2.017258728969363,248.2747544404759,199.02357624800064,223.64916534423827,18.806298190550326
2021-04-15,246.2833404541016,0.009000306677510112,58.16156296004566,3.3192165146354284,-0.9499636802484049,250.54174113920087,197.99125751802572,224.2664993286133,18.24091632688799
2021-04-16,246.5933380126953,0.001257911412789418,58.29512614091519,4.09834693641551,0.059698443084377995,253.59448429354896,197.8258480428768,225.71016616821288,18.24559495771646
2021-04-19,238.2100067138672,-0.034587909254449344,53.33631730547495,3.9933161725313653,0.8464219889737755,254.89589579617552,198.51643788302368,226.7061668395996,18.595126375242522
2021-04-20,239.663330078125,0.006082481415169929,54.06579436665533,3.981453863246344,1.4734283638282895,256.24206246647583,198.80327139582886,227.52266693115234,18.486721270889255
2021-04-21,248.0399932861328,0.03435484924604316,58.1287496440801,4.595011183240217,2.097744927710675,258.81905173341204,198.95828133543566,228.88866653442383,18.355037623636353
2021-04-22,239.89666748046875,-0.03338171795091616,53.20211694805072,4.373743649641227,2.5529446720967854,259.3201272754324,201.43787290767307,230.37900009155274,18.486195984818888
2021-04-23,243.13333129882807,0.01340170287553056,54.84040297407408,4.408738067236044,2.9241033511246375,260.18792000959047,203.53707999040955,231.8625,18.259455107202644
2021-04-26,246.0666656494141,0.011992516455123831,56.332411771540045,4.619911498535345,3.2632649806067793,260.1191185585804,207.58888162452507,233.85400009155273,18.349351226776808
2021-04-27,234.913330078125,-0.046385859854230806,49.61962723387868,3.8429874290682733,3.3792094702990783,257.5306800695937,213.29231950316023,235.41149978637696,18.296375244450385
2021-04-28,231.46665954589844,-0.014780794025162398,47.72690317122088,2.915543429860122,3.286476262211287,255.67463514925169,217.10769669889282,236.39116592407225,18.017408245318244
2021-04-29,225.6666717529297,-0.02537683713134589,44.64101716162961,1.6930108609005572,2.967783181949141,255.41505102266115,217.66961542020994,236.54233322143554,18.2760733930223
2021-04-30,236.47999572753903,0.04680461290993818,51.001838892554,1.5784939702497809,2.6899253396092693,254.6548263441507,220.01950684676729,237.337166595459,18.621792168642756
2021-05-03,228.3000030517578,-0.035203052789871056,46.63639438565985,0.8182491960849916,2.315590110904414,254.74959931149695,219.71973357424523,237.2346664428711,18.211554748532333
2021-05-04,224.5333404541016,-0.01663636092942177,44.737491502421115,-0.08718346036522462,1.8350353966504864,255.1255531284727,218.74311447406637,236.93433380126953,18.306592261272428
2021-05-05,223.64666748046875,-0.003956776807325929,44.28042332366459,-0.8663062237386612,1.294767072572657,255.12658966338486,218.7410784884706,236.93383407592773,18.00069625290183
2021-05-06,221.17999267578125,-0.011090612633393284,42.965318110340405,-1.663629384889589,0.7030877810802079,255.71921361537454,217.47312036900047,236.5961669921875,18.238604769000723
2021-05-07,224.1233367919922,0.013219694470214068,45.06201330815352,-2.0345573521917117,0.15555875442582395,255.8396401589856,217.19769352021362,236.5186668395996,18.069811784050064
2021-05-10,209.67999267578125,-0.0666139869184463,37.73181992784657,-3.4541601922293808,-0.566385034905217,258.04898963976825,212.55701011609113,235.3029998779297,18.360688682652334
2021-05-11,205.73333740234372,-0.019001672485714622,36.00815884894226,-4.841853889943621,-1.4214788059128978,257.42792701085995,208.3407390658002,232.88433303833008,18.753659033844322
2021-05-12,196.6300048828125,-0.04525703659502094,32.338544030077,-6.600092242816885,-2.457201493293695,259.3048791202541,201.7191214290623,230.5120002746582,18.435281640182914
2021-05-13,190.56333923339844,-0.03133918628539079,30.134511226338816,-8.386365223593174,-3.6430342393535913,260.58876530266537,194.86323512458074,227.72600021362305,18.70250595593235
2021-05-14,196.5800018310547,0.031084853734470938,34.87512704132938,-9.210334044347377,-4.756494200352348,259.618865244379,190.83180156470306,225.225333404541,18.42180711935335
2021-05-17,192.27667236328125,-0.02213414578006038,33.14293269335302,-10.094218131605686,-5.824038986603016,259.7221597250591,186.1351736489643,222.9286666870117,18.391984939521066
2021-05-18,192.6233367919922,0.0018013224952045327,33.42977960635652,-10.644031942049338,-6.788037577692281,258.8501740891455,182.3031599562646,220.57666702270507,18.52045187707417
2021-05-19,187.82000732421875,-0.025252562795766022,31.418353602228905,-11.336669820116157,-7.697764026177056,256.2153317381866,178.91600371103218,217.56566772460937,18.592406369955018
2021-05-20,195.5933380126953,0.040553601408475165,37.92743482128108,-11.130047250060784,-8.384220670953802,253.68834563643355,177.01265686600783,215.3505012512207,18.342322377812213
2021-05-21,193.6266632080078,-0.010105809239520404,36.97136982153478,-10.998211064208306,-8.907018749604703,250.03484595728642,175.71548973607295,212.8751678466797,18.17339562850519
2021-05-24,202.14666748046875,0.04306162202970284,43.60384162317599,-10.089926406102421,-9.143600280904247,244.63261857710256,176.72571729936226,210.6791679382324,18.456764821850697
2021-05-25,201.56333923339844,-0.002889839951081735,43.268132170922044,-9.30985576312358,-9.176851377348115,241.18281425437607,176.8405225376161,209.01166839599608,18.246538060798418
2021-05-26,206.3766632080078,0.023599290742317446,46.90093995443169,-8.208625218506114,-8.983206145579715,238.14902587408065,177.3653112841225,207.75716857910157,18.26890275872437
2021-05-27,210.2833404541016,0.01875290020606545,49.71541455298817,-6.940648399319656,-8.574694596327703,236.22823240438387,177.74777162393642,206.98800201416014,18.186372612507625
2021-05-28,208.4066619873047,-0.008964584890580655,48.388569217183985,-6.017830103583918,-8.063321697778946,231.35268350701054,179.81598714728634,205.58433532714844,18.038116414790778
2021-06-01,207.96665954589844,-0.002113500469111133,48.06467355418869,-5.261344965742637,-7.502926351371685,228.0670010123315,181.0683352913794,204.56766815185546,17.809200201008448
2021-06-02,201.7066650390625,-0.030563287475861584,43.593816421131656,-5.1080716136688125,-7.023955403831112,224.97941683751395,181.87325192469308,203.42633438110352,18.062696385962255
2021-06-03,190.94667053222656,-0.05482031154624074,37.190315973884736,-5.788121151892227,-6.776788553443335,221.79111677004198,181.79155229734084,201.7913345336914,18.319043300164484
2021-06-04,199.68333435058597,0.04473860632554938,44.33952098555015,-5.558020158985698,-6.5330348745518085,218.5187895212258,182.91421371363748,200.71650161743165,18.093713010104878
2021-06-07,201.7100067138672,0.01009827208586457,45.878468553346984,-5.152730472783105,-6.256973994198068,213.61361450537768,185.5780557216731,199.5958351135254,18.029578509176112
2021-06-08,201.19667053222656,-0.002548165559892259,45.53504846057665,-4.817425137994206,-5.9690642229572966,212.39557290633385,185.94776510636146,199.17166900634766,18.174271137343396
2021-06-09,199.5933380126953,-0.008000903407653626,44.41671923554332,-4.627723265994064,-5.70079603156465,211.72732486623576,186.00201320749468,198.86466903686522,17.722597420660442
2021-06-10,203.3733367919922,0.018761400839628444,47.67922141911039,-4.124820491964613,-5.385600923644643,212.17093519089713,186.2327360737513,199.20183563232422,18.08882106710254
2021-06-11,203.29666137695312,-0.00037708912038201647,47.61816540445261,-3.6899184030618812,-5.046464419528091,212.26068422564032,187.4163192533636,199.83850173950196,17.699461216428627
2021-06-14,205.89666748046875,0.012708130416930218,49.95826618385785,-3.099724901754371,-4.657116515973347,212.90942147830705,187.69924856563827,200.30433502197266,17.930833542892234
2021-06-15,199.7866668701172,-0.03012429716067012,44.88375085329323,-3.0894055417066966,-4.343574321120017,212.71245342711865,188.64721606751027,200.67983474731446,17.791302432173588
2021-06-16,201.6233367919922,0.009151155788618984,46.63840120601291,-2.899598692725391,-4.054779195441092,212.5514819711164,189.7081875235125,201.12983474731445,18.01169395700632
2021-06-17,205.5333404541016,0.0192069740346885,50.268147760713745,-2.4059366392216077,-3.725010684197195,211.70768890495205,192.32331390266515,202.0155014038086,18.03654945791017
2021-06-18,207.7700042724609,0.010823457790849946,52.26829800946677,-1.8133229691803479,-3.342673141193826,212.14621454812124,193.10245488547253,202.62433471679688,18.11527860776276
2021-06-21,206.94332885742188,-0.003986737073227453,51.444751645601805,-1.3943054776789836,-2.9529996084908574,211.98975501107606,194.59058098745908,203.29016799926757,18.12547847893469
2021-06-22,207.90333557128903,0.004628256702323365,52.3830378096911,-0.9735441669614318,-2.5571085201849724,212.49646395212042,194.65953885549678,203.5780014038086,17.866890223651875
2021-06-23,218.85667419433597,0.0513438209840323,61.51981800356006,0.24097725343884235,-1.9974913654602096,215.6087458635052,193.27659044020572,204.44266815185546,18.351304952732438
2021-06-24,226.60667419433597,0.03479874196476401,66.42827529599043,1.8080128135423195,-1.2363905296597038,220.38753856936268,190.5207988329811,205.45416870117188,18.742381568461596
2021-06-25,223.9566650390625,-0.011763228305736263,63.44800125551623,2.803746350370318,-0.4283631536536995,223.11428781669727,189.16138204414258,206.13783493041993,18.39526140260861
2021-06-28,229.5733337402344,0.02476994196174659,66.84338968944752,3.999981281592625,0.4573057333955654,227.14675697236584,187.24558006376697,207.1961685180664,17.988120880793417
2021-06-29,226.9199981689453,-0.011624991064810086,63.82704394188933,4.6799564524292805,1.3018358772023086,229.96173129484754,186.32593960358997,208.14383544921876,17.769517781469155
2021-06-30,226.5666656494141,-0.0015582931945794674,63.41664894333918,5.131181625145757,2.0677050267909984,232.4572552694486,186.31641569002406,209.38683547973633,17.854601379539563
2021-07-01,225.97332763671875,-0.0026222581937176714,62.68772356127306,5.37889880930814,2.729943783294427,233.62507204373208,188.6512646261898,211.13816833496094,17.839137565860057
2021-07-02,226.3000030517578,0.001444593124038416,62.940292958420315,5.537740809389362,3.2915031885134143,235.2500402388788,189.68796330116027,212.46900177001953,18.21197620900482
2021-07-06,219.8600006103516,-0.02887058319813403,55.0317485534652,5.085349123991648,3.6502723756090614,235.79610949693864,190.95689343274887,213.37650146484376,18.061910764100528
2021-07-07,214.88333129882807,-0.022895747206025715,49.82189544458025,4.275959235948932,3.7754097476770356,235.73832919207626,192.38333981427138,214.06083450317382,17.84755411172704
2021-07-08,217.60333251953125,0.012578594031283601,52.47034570169906,3.810073133453642,3.782342424832357,235.5787171770819,194.34395127994935,214.96133422851562,18.039711658380305
2021-07-09,218.98333740234372,0.006321812249023811,53.802612462716034,3.5117288770397295,3.728219715273832,235.68292907834567,195.80073943972073,215.7418342590332,17.812269872710413
2021-07-12,228.5666656494141,0.042832279170544864,61.80856388881384,4.002445700105227,3.7830649122401114,236.82818048238732,197.18248846292516,217.00533447265624,18.16940775624136
2021-07-13,222.8466644287109,-0.02534398967789309,55.61357170313844,3.8850021370365937,3.803452357199408,237.1174369680726,198.5882316720641,217.85283432006835,17.957029710177085
2021-07-14,217.7933349609375,-0.022937323111711275,50.772038781711956,3.3455998194021674,3.71188184963996,236.04477491415597,201.46156053506277,218.75316772460937,17.988721767340994
2021-07-15,216.86666870117188,-0.004263873629526309,49.913906806395865,2.8109425775203647,3.5316939952160413,234.86225781488073,204.16841082525596,219.51533432006835,17.920280602163768
2021-07-16,214.7400054931641,-0.009854715165981513,47.91248676427735,2.1903696953214933,3.263429135237132,234.0568440141207,205.89449112992224,219.97566757202148,17.709634343865797
2021-07-19,215.4066619873047,0.003099673103658058,48.608149936073836,1.7323849672587244,2.957220301641451,233.42259606937444,207.29240484615292,220.35750045776368,17.97269377549532
2021-07-20,220.1666717529297,0.021857165705963834,53.39438520906093,1.7335386235299666,2.712483966019154,232.4633906970448,209.57394450803335,221.01866760253907,17.65413028749734
2021-07-21,218.42999267578125,-0.007919294852611359,51.5095057344509,1.576148557490967,2.485216884313517,231.29246209731292,211.79753881821443,221.54500045776368,17.549838909953053
2021-07-22,216.4199981689453,-0.00924460786068585,49.338629528016476,1.2745340031260355,2.2430803080760207,231.37096166028556,211.47537165270273,221.42316665649415,17.629195024734745
2021-07-23,214.4600067138672,-0.009097683584931696,47.24754810981022,0.8673491051059443,1.9679340674820056,230.91318301579034,210.71848354915105,220.8158332824707,17.595479958301823
2021-07-26,219.2066650390625,0.02189168871378688,52.498191052640024,0.917096084392341,1.7577664708640728,230.5876943072208,210.56897225772062,220.5783332824707,18.146372850462228
2021-07-27,214.9266662597656,-0.019718078031379663,47.871337487980746,0.6041959964888406,1.5270523759890264,229.2065529406269,210.48544687626762,219.84599990844725,18.404956777797878
2021-07-28,215.66000366210935,0.0034062276545409947,48.7055121378966,0.4106607802672215,1.3037740568446654,228.19587102362888,210.37012934258203,219.28300018310546,17.687124004642172
2021-07-29,225.7833404541016,0.04587275846182953,58.56312822458544,1.061910360306456,1.2554013175370236,228.0278921814615,210.4597756652182,219.24383392333985,18.328387818654114
2021-07-30,229.0666656494141,0.014437208664382839,61.16957152584241,1.8219647720965213,1.368714008448923,228.77071033729175,210.02629131065748,219.39850082397462,18.303800811625383
2021-08-02,236.55667114257807,0.032174725947111446,66.36691009630155,2.994179182246029,1.6938070432083445,231.6877074677651,208.13496098926612,219.9113342285156,18.42911905108547
2021-08-03,236.5800018310547,9.862134908680057e-05,66.38200431859433,3.880320223099204,2.1311096791865167,234.68409381735765,206.81057476174394,220.7473342895508,17.987755550205488
2021-08-04,236.97332763671875,0.001661168327351945,66.65371145796479,4.56174651341496,2.6172370460322054,237.2559070214577,206.44776119143296,221.85183410644532,17.747489139775606
2021-08-05,238.2100067138672,0.005205072568156722,67.54197249553152,5.142294256843229,3.12224848819441,239.77448460292055,205.98985102940367,222.8821678161621,17.472868410555847
2021-08-06,233.0333404541016,-0.02197113034608947,60.301021396578726,5.12558427719074,3.522915645993676,240.95608756081361,206.2132483766864,223.58466796875,17.662867055398213
2021-08-09,237.9199981689453,0.020752939609055845,64.20243341061388,5.443900045003886,3.907112525795718,242.461123617789,205.64354557166413,224.05233459472657,17.603010638121997
2021-08-10,236.663330078125,-0.005295892009324611,62.50135143491721,5.531006966444437,4.231891413925462,243.9798392284084,205.50649652598614,224.74316787719727,17.51178512569706
2021-08-11,235.94000244140625,-0.003061037245157465,61.49143020297721,5.478520361607536,4.481217203461877,245.21598693051084,206.08501557193057,225.6505012512207,17.196566488936085
2021-08-12,240.75,0.020181504916966016,65.48532287677338,5.758668606234465,4.736707484016395,247.05752232103248,206.63181331129175,226.84466781616212,17.773983868415765
2021-08-13,239.05667114257807,-0.007058409103322423,63.0078176715968,5.77745175392576,4.944856337998268,248.13249115674662,207.988511040519,228.0605010986328,17.731416036829142
2021-08-16,228.72332763671875,-0.044187544712866594,50.46152963204515,4.902015686790008,4.936288207756617,247.89404705690646,209.5586217053006,228.72633438110353,18.035491695171395
2021-08-17,221.90333557128903,-0.030271235169467253,44.20517173880718,3.6162243504893468,4.672275436303162,247.83277204073426,209.7935631033087,228.81316757202148,18.080496239383006
2021-08-18,229.663330078125,0.03437259258571844,51.563750002486536,3.1866583428163437,4.375152017605799,247.75613783843013,210.99353104584722,229.37483444213868,17.92717429043734
2021-08-19,224.4900054931641,-0.022783267048393733,47.10362250832355,2.401101722131841,3.980341958511008,247.29627156610132,212.26039805059787,229.7783348083496,17.575326017789788
2021-08-20,226.7533264160156,0.010031571629142373,49.174917546508404,1.9388239678956154,3.5720383603879298,246.4495733377247,214.33642824918934,230.39300079345702,17.61157713098013
2021-08-23,235.43333435058597,0.03756503320848816,56.25029803745945,2.246967967557822,3.3070242818219087,246.5029055290235,215.9057629890429,231.2043342590332,17.92301318853295
2021-08-24,236.163330078125,0.0030958501857260845,56.79503921172754,2.521018133962258,3.1498230522499786,245.63383632771908,218.89849857218329,232.26616744995118,17.485444193116912
2021-08-25,237.0666656494141,0.003817748987326931,57.500243625013304,2.7790612086672866,3.07567068353344,244.32134236993733,222.3516587286955,233.3365005493164,17.451432201573063
2021-08-26,233.72000122070312,-0.014217568331421201,53.984644170756454,2.6825911138106164,2.9970547695888756,244.12679689573838,223.3398702795546,233.73333358764648,17.495422448401143
2021-08-27,237.30667114257807,0.015229452832627464,57.01771876622098,2.862554410880932,2.970154697847287,244.41240380673833,223.87826391787104,234.14533386230468,17.54123774366725
2021-08-30,243.6366729736328,0.026324794631828158,61.80299219692271,3.475887004386209,3.0713011591550714,245.57301155587808,223.42565635183675,234.49933395385742,17.837510226229814
2021-08-31,245.2400054931641,0.006559274920001271,62.92878524671968,4.044708160349927,3.265982559394043,246.98273843144966,222.8819298424761,234.93233413696288,17.951735770133173
2021-09-01,244.69667053222656,-0.0022179812627514755,62.259115164888115,4.40092926104046,3.4929718997233263,248.116134836732,222.5208677267446,235.3185012817383,17.49466540599729
2021-09-02,244.1300048828125,-0.00231847373209337,61.52375800811888,4.5846627295935605,3.7113100656973734,248.9560211858053,222.27298119456577,235.61450119018554,17.461793031743927
2021-09-03,244.52333068847656,0.0016098361025145228,61.86048719176042,4.707743001651465,3.910596652888192,250.04225871523855,222.33574268857004,236.1890007019043,17.63844660113794
2021-09-07,250.97332763671875,0.026035942688487673,66.96601686279281,5.265053592420969,4.181488040794747,252.18782115051914,221.4955132000668,236.84166717529297,17.91184315939289
2021-09-08,251.2899932861328,0.0012609548743898497,67.19817812628395,5.66695341086978,4.478581114809754,254.22214419327003,220.9238564781167,237.57300033569337,17.84760732444395
2021-09-09,251.6199951171875,0.001312369553312357,67.45487163262098,5.9435764527486015,4.771580182397524,256.121717988527,220.59228195043784,238.35699996948242,17.558714855424228
2021-09-10,245.42333984375,-0.024935356375548032,58.2386321160625,5.598250763430798,4.9369142986041785,256.6090460856565,220.57228783768335,238.5906669616699,17.6343782821256
2021-09-13,247.6666717529297,0.009099139444443169,60.35064904878886,5.4428539709547294,5.038102233074289,257.4921657812621,220.5501682031129,239.0211669921875,18.047549724190848
2021-09-14,248.163330078125,0.002003341828722264,60.823040765951525,5.2986969888770545,5.090221184234843,258.2269270003143,221.7594072282013,239.9931671142578,17.833238637683102
2021-09-15,251.94332885742188,0.015117058319369686,64.30842401808152,5.426907837291395,5.157558514846154,258.35169322738807,224.63864032974084,241.49516677856445,17.645739845261126
2021-09-16,252.3300018310547,0.0015335851645735571,64.65483106555386,5.496358535942392,5.225318519065402,259.18074104207386,226.07625969034802,242.62850036621094,17.547693748527855
2021-09-17,253.163330078125,0.003297091966914553,65.4334658462339,5.5546112393703595,5.291177063126393,258.8750973106522,229.2492358802658,244.062166595459,18.253593761475344
2021-09-20,243.38999938964844,-0.03936976129858423,51.19040121790498,4.757311493523815,5.184403949205878,257.28479282561034,232.50320766267092,244.8940002441406,18.123259411836994
2021-09-21,246.4600067138672,0.012534643183807646,54.53800113571917,4.323332943655544,5.012189748095811,257.01793827034913,233.87272945426028,245.4453338623047,17.707169638998494
2021-09-22,250.64666748046875,0.016844512360145867,58.69816730818598,4.268031144443171,4.863358027365283,257.09079326024244,235.24820820460133,246.16950073242188,17.63055781930566
2021-09-23,251.2133331298828,0.002258262820491851,59.241818998655226,4.221269089806185,4.734940239853463,257.1276540832665,236.62601412962408,246.8768341064453,17.3946449260024
2021-09-24,258.1300048828125,0.027160841972020323,65.25375394573058,4.6882838125914645,4.725608954401064,257.5326086468283,238.66205993227328,248.0973342895508,17.976251305422057
2021-09-27,263.78668212890625,0.021677401377557137,69.24870779456938,5.4519957111846225,4.870886305757776,259.8593583038853,238.98331137384906,249.42133483886718,18.248849186225875
2021-09-28,259.1866760253906,-0.017592195347548873,62.913916796301535,5.621262430187329,5.020961530643687,261.127628748421,239.27004123448916,250.19883499145507,18.148139482074782
2021-09-29,260.4366760253906,0.0048111864344248965,63.880845561699466,5.789533934475088,5.174676011409968,262.5300441897803,239.38729284635252,250.95866851806642,17.95592254932854
2021-09-30,258.49334716796875,-0.0074897880450971975,61.208950393759444,5.700369603801079,5.27981472988819,263.29279926174854,240.00420543795846,251.64850234985352,17.802047186115967
2021-10-01,258.4066772460937,-0.0003353450129375683,61.08623503920149,5.558636193080076,5.335579022526567,263.8147987718414,240.90987316419375,252.3623359680176,17.74918156536826
2021-10-04,260.510009765625,0.008106673348889787,63.02369060265296,5.552032426203425,5.378869703261939,264.5418066747335,241.78153316901648,253.161669921875,18.331301850241786
2021-10-05,260.1966552734375,-0.0012035741082394261,62.5242433643772,5.458590570428072,5.394813876695165,265.3711564321857,241.87451617523612,253.62283630371093,17.828243700783293
2021-10-06,260.9166564941406,0.002763320999873195,63.24499276190343,5.380610973732217,5.391973296102576,266.2327212234061,241.97561770481656,254.10416946411132,17.597388453691835
2021-10-07,264.53668212890625,0.01377889392912291,66.71149341680109,5.546975317855129,5.422973700453087,267.67128414145196,241.82872348794254,254.75000381469727,17.86881436910176
2021-10-08,261.8299865722656,-0.010284539562274665,62.002819051827665,5.398185624910553,5.418016085344581,268.0749723209942,243.06569998125192,255.57033615112306,17.731840296091296
2021-10-11,263.9800109863281,0.008177997401230774,64.16641856725883,5.391606637828886,5.412734195841442,268.84804328822133,243.92396293736462,256.386003112793,17.56738596125068
2021-10-12,268.5733337402344,0.01725061613832015,68.31709389262724,5.691428259226626,5.468473008518479,270.36617254809136,244.44683404370556,257.40650329589846,18.00607399306467
2021-10-13,270.3599853515625,0.006630349593761303,69.78322965337723,6.003996572516257,5.575577721318035,272.2350366717742,244.4196355694368,258.3273361206055,17.561722184432384
2021-10-14,272.7733459472656,0.008886865672994949,71.68900348088047,6.37298345725776,5.73505886850598,274.3623911572331,244.33661549559898,259.349503326416,17.419420213285225
2021-10-15,281.010009765625,0.02974907491710917,77.01679987508163,7.246504956941351,6.037348086193054,278.2901119365051,243.1935626850769,260.741837310791,17.854585527282875
2021-10-18,290.03668212890625,0.03161711443997285,81.19372167609268,8.568383073058499,6.543555083566144,283.1321412734448,243.01620162206297,263.0741714477539,18.100772969975694
2021-10-19,288.0899963378906,-0.006734486474692475,77.9054582979935,9.351106000384789,7.105065266929873,286.54990749955374,243.76143435835647,265.1556709289551,17.76950627478399
2021-10-20,288.6000061035156,0.0017687488821671587,78.1550683969469,9.89846968827851,7.6637461511996,289.7237049207775,244.38297079943737,267.05333786010743,17.55547043255972
2021-10-21,298.0,0.03205181901693134,82.15631611041701,10.964369872093982,8.323870895378477,294.6849910929126,244.100351314314,269.3926712036133,18.363522928935765
2021-10-22,303.2266540527344,0.017387072543931938,83.91996674705385,12.091467833739046,9.07739028305059,300.50208359605347,242.7929237281653,271.6475036621094,18.04442099213594
2021-10-25,341.6199951171875,0.11921843486746743,90.97584810954183,15.899443953175364,10.441801017075544,317.8070942783306,233.27124434471625,275.53916931152344,19.054907199301727
2021-10-26,339.4766540527344,-0.006293814959297077,88.63753817888033,18.53073200795484,12.059587215251405,329.78370100839174,229.32363541738948,279.5536682128906,19.047928483075996
2021-10-27,345.9533386230469,0.018898727534898532,89.51455695580846,20.89776464328611,13.827222700858346,341.2518860953835,226.40711659016335,283.8295013427734,18.565469171488644
2021-10-28,359.0133361816406,0.03705562944417333,91.01977289138111,23.555949394806362,15.772968039647951,354.0156980224208,223.69530356449332,288.85550079345705,18.217825008583834
2021-10-29,371.3333435058594,0.03374062327713504,92.16272873977083,26.352921514940135,17.88895873470639,367.6356491296853,221.3680190832053,294.5018341064453,18.31259653351436
2021-11-01,402.86334228515625,0.08149724419582528,94.19798345081063,30.759176822054997,20.46300235217611,387.4334789129895,215.8055225518543,301.6195007324219,18.940343808251622
2021-11-02,390.6666564941406,-0.030742747979580244,85.00224039699617,32.88788422951927,22.947978727644745,400.3003117299745,215.9856898569395,308.143000793457,18.669206628969036
2021-11-03,404.6199951171875,0.03509368755165895,86.61240001636517,35.29397107162731,25.41717719644126,414.1491730207672,216.50716242845155,315.3281677246094,18.458799898689815
2021-11-04,409.9700012207031,0.01313564628546233,87.18068751677187,37.203652462486616,27.77447224965033,426.93362675160745,218.26604060679097,322.5998336791992,18.148769666337486
2021-11-05,407.36334228515625,-0.006378469186125081,85.28121347012335,38.06792973439843,29.833163746599954,436.63663297735457,223.1163699523329,329.8765014648437,17.98814862196783
2021-11-08,387.6466674804688,-0.04961124617557858,72.42694445631538,36.73840733071444,31.214212463422854,441.0606558506141,231.05901272848746,336.0598342895508,18.424046084835016
2021-11-09,341.1666564941406,-0.12772318728902385,52.382385076738515,31.570280271018817,31.285426024942048,439.7712899917718,239.6077108627204,339.6895004272461,18.993451910616635
2021-11-10,355.9833374023437,0.04251283809069096,56.51395972175938,28.34336005144428,30.697012830242496,438.75026988088473,249.19106617868556,343.97066802978514,18.670724039130235
2021-11-11,354.5033264160156,-0.004166195376866496,55.99136178617927,25.374081395586757,29.632426543311347,436.76480054554565,259.34953356089966,348.05716705322266,18.023032023141685
2021-11-12,344.47332763671875,-0.028701065279561472,52.45146805605753,21.95844629084752,28.09763049281858,434.1939941205512,268.2666717730035,351.23033294677737,18.15566387744477
2021-11-15,337.7966613769531,-0.01957254315692035,50.177313028972264,18.499528643439817,26.17801012294283,431.77586911985674,275.46079469850264,353.6183319091797,18.463038847652573
2021-11-16,351.57666015625,0.03998366090579434,54.556637020471534,16.67798875229863,24.27800584881399,428.6470951289249,284.93823507127047,356.7926651000977,18.19286631354678
2021-11-17,363.0033264160156,0.031984216103858806,57.86404535152231,15.97232274147359,22.616869227345912,424.8083194806918,296.21734275075346,360.51283111572263,18.362375565770638
2021-11-18,365.4599914550781,0.006744812791821567,58.56231619852245,15.433403018256968,21.180175985528127,421.05621220565075,306.7154491713024,363.8858306884766,17.953819388588915
2021-11-19,379.0199890136719,0.03643213445735007,62.278197704010054,15.917002436157304,20.12754127565396,417.490787924173,317.86020694887384,367.6754974365234,17.988772595022827
2021-11-22,385.6233215332031,0.017272096909531555,63.972491993348925,16.641262096342018,19.430285439791575,418.72310745957367,321.02822005507477,369.8756637573242,18.41282497806565
2021-11-23,369.6766662597656,-0.04223229344871564,57.28134264438507,15.7469601319807,18.6936203782294,418.0968336941703,324.6744950411812,371.38566436767576,18.50239990098369
2021-11-24,372.0,0.006265105659810634,57.97107783494403,15.052180827135373,17.965332468010594,417.83998906089334,327.5360058121536,372.68799743652346,18.030310153246454
2021-11-26,360.6400146484375,-0.031013582803841335,53.42863255420411,13.43009358501348,17.058284691411174,417.8233606230036,327.7153020967229,372.76933135986326,17.37207790439503
2021-11-29,378.9966735839844,0.04964715675134432,59.01697364007643,13.47052687353704,16.340733127836348,418.2853841690691,328.01961155847,373.15249786376955,17.88271515735933
2021-11-30,381.586669921875,0.006810578672784683,59.75082996117512,13.555304492656035,15.783647400800286,415.2320211591495,328.9453073320614,372.08866424560546,18.213361340288795
2021-12-01,365.0,-0.044440653310942796,53.18296391367216,12.144096143580839,15.055737149356398,413.14127464058066,328.4693882012162,370.8053314208984,18.041619967972295
2021-12-02,361.5333251953125,-0.009543130353379798,51.8989275778338,10.623510459531644,14.169291811391448,408.0231574226345,329.2788384269749,368.6509979248047,18.107541380284687
2021-12-03,338.3233337402344,-0.0663521763056877,44.20387368829116,7.459593463252929,12.827352141763745,401.5425569157819,328.5947721857806,365.06866455078125,18.340793035099225
2021-12-06,336.336669921875,-0.005889394805839068,43.60786554043323,4.7372511990257635,11.20933195321615,394.29597050027553,328.73869136495887,361.5173309326172,18.21811159311921
2021-12-07,350.5833435058594,0.04148581070093519,48.92606877618451,3.6868629736496814,9.704838157302857,390.34661852298564,328.9817109447878,359.6641647338867,17.842373623853526
2021-12-08,356.32000732421875,0.016230761245708623,50.93270710866392,3.2795193070999176,8.419774387262269,389.90601531648326,330.93764923429796,360.4218322753906,17.550949141720867
2021-12-09,334.6000061035156,-0.06289341727027524,43.90004277705277,1.1903522993812317,6.973889969686061,390.9869579391244,327.71837348177405,359.35266571044923,17.90045105693522
2021-12-10,339.010009765625,0.013093827482800639,45.54415485582459,-0.10822956324301458,5.557466063100246,391.44700793014647,325.7089918257129,358.5779998779297,17.90424442630622
2021-12-13,322.1366577148437,-0.05105377592462954,40.6369206899298,-2.4704260059511967,3.9518876492899575,393.69389025798347,321.2284425056884,357.46116638183594,18.17982501657546
2021-12-14,319.5033264160156,-0.00820817327099987,39.914118444244394,-4.503063026145298,2.260897514202907,395.67710787186536,317.4158913957127,356.54649963378904,18.075458551879077
2021-12-15,325.3299865722656,0.018072325435531507,42.35722523512966,-5.57946315171165,0.6928253810199956,396.7540999615223,313.7142319476574,355.23416595458986,18.13525214385677
2021-12-16,308.97332763671875,-0.051585055672323236,37.72054101280884,-7.664017659173794,-0.9785432270187623,398.6955165134633,306.3698155177867,352.532666015625,18.231594369286977
2021-12-17,310.8566589355469,0.006076947341899706,38.55457998390664,-9.059639147915163,-2.5947624111980425,399.09857431809354,300.5064244612034,349.80249938964846,18.42504422012837
2021-12-20,299.9800109863281,-0.03561605979548491,35.59025607700519,-10.91748386412695,-4.259306701783824,397.88134561197495,293.8196553645875,345.8505004882812,17.84939893939129
2021-12-21,312.84332275390625,0.04198665654283043,41.335005883325266,-11.222511305749663,-5.6519476225769925,392.68711652242825,291.7358845762045,342.2115005493164,18.085458339964855
2021-12-22,336.2900085449219,0.07227140942458773,50.07568218380396,-9.4632101635126,-6.414200130764114,389.3748301188706,291.70950520827785,340.5421676635742,18.35490627000636
2021-12-23,355.6666564941406,0.05602002567418564,55.92066107122075,-6.431281965941707,-6.417616497799633,386.8598067413962,292.59119423516626,339.7255004882812,18.34502142600686
2021-12-27,364.6466674804688,0.02493491640225309,58.35412917360436,-3.266194530577195,-5.787332104355146,387.4667261571058,292.38494010265975,339.9258331298828,18.080243270158917
2021-12-28,362.8233337402344,-0.0050128185500082694,57.65810403311929,-0.8946547068707105,-4.808796624858259,384.3541666804485,293.8801655949422,339.11716613769534,17.915240609039863
2021-12-29,362.0633239746094,-0.002096907250306926,57.35103763012373,0.9129572501357757,-3.6644458498594528,380.25398944006395,296.0280082406001,338.14099884033203,17.84360849217562
2021-12-30,356.7799987792969,-0.014699782732613053,55.15212950719977,1.8973115342026858,-2.552094373047025,378.8889252815337,296.57107227706,337.72999877929686,17.666528015282775
2021-12-31,352.260009765625,-0.012749774874751605,53.270361136629816,2.2863385700966887,-1.5844077844182824,377.49461580073796,297.038050214887,337.2663330078125,17.522566342179502
2022-01-03,399.9266662597656,0.1269116289226746,66.32085464791932,6.367545015755923,0.005982775616558689,389.38450118584626,291.30849808173184,340.34649963378905,18.459241633700824
2022-01-04,383.1966552734375,-0.04273287830059682,59.98845380536826,8.157919046741938,1.6363700298416346,395.27068580056357,290.1083120021708,342.6894989013672,18.423160676376416
2022-01-05,362.7066650390625,-0.054953895352910696,53.27876138109376,7.833136869453199,2.875723397763948,396.53541306158536,290.0559168944693,343.29566497802733,18.19903358498447
2022-01-06,354.8999938964844,-0.021758379841487693,50.94094314217794,6.866656988472073,3.673910115905573,396.39502074941134,290.05430786386995,343.22466430664065,18.319053262953357
2022-01-07,342.32000732421875,-0.03609004895021842,47.33639539686108,5.027659212839183,3.944659935292295,396.6292630395944,290.5920656957572,343.6106643676758,18.248286163283414
2022-01-10,352.7066650390625,0.029890740749494566,50.45367375797758,4.358119015874024,4.027351751408641,397.4176153547074,291.1733789079879,344.29549713134764,18.335286251826883
2022-01-11,354.79998779296875,0.005917481776156395,51.08213365092343,3.9508740212314706,4.012056205373208,398.18369182893804,293.67363544156973,345.9286636352539,18.006123946402965
2022-01-12,368.739990234375,0.03853754612843837,55.160947412659404,4.69880621139589,4.149406206577744,400.0393895856823,296.7416040666615,348.3904968261719,18.24321538870145
2022-01-13,343.85333251953125,-0.06987655465675016,47.53992452551237,3.245984876450109,3.9687219405522174,399.8772720377623,298.756056209308,349.31666412353513,18.392383126382988
2022-01-14,349.8699951171875,0.017346435457551865,49.36145537561301,2.550704950861757,3.6851185426141257,398.2249634629321,304.4980315321851,351.3614974975586,18.104932488481857
2022-01-18,343.5033264160156,-0.018364847454341894,47.48264146245827,1.4690197002262835,3.2418987741365575,396.03529132860706,309.952370414557,352.993830871582,18.0163659889343
2022-01-19,331.8833312988281,-0.03441330009854252,44.177604278788266,-0.32214664167372575,2.529089690974501,391.2495787955782,317.92841497883586,354.58899688720703,18.13888134791387
2022-01-20,332.0899963378906,0.000622510083264904,44.25192622904819,-1.7053248079474201,1.682206791190117,388.4113967402476,322.6912643925649,355.55133056640625,18.07096156676633
2022-01-21,314.6333312988281,-0.0539980722931419,39.4714549911555,-4.162131980560616,0.5133390368399705,391.20026213973665,317.73673126846643,354.46849670410154,18.454270256615604
2022-01-24,310.0,-0.014835635717323473,38.28914606063725,-6.409159675471074,-0.8711607056222385,393.93768475774317,310.43264300104585,352.1851638793945,18.836529758873052
2022-01-25,306.1333312988281,-0.012551567227813773,37.2854200781862,-8.405064806614405,-2.3779415258206718,395.3140149583754,303.20497918224953,349.2594970703125,18.276763039848934
2022-01-26,312.4700012207031,0.02048773822340817,40.05858246186868,-9.367534590162677,-3.775860138689073,395.1209361341687,298.36272475450323,346.74183044433596,18.468207262438735
2022-01-27,276.3666687011719,-0.12277997465910719,31.509504985204828,-12.89489174874393,-5.599666460700044,399.5225634062832,285.39143195504494,342.4569976806641,18.806687772201066
2022-01-28,282.1166687011719,0.02059221036289143,33.92800628127398,-15.052850870153861,-7.490303342590808,401.3427295482687,276.1049328052469,338.7238311767578,18.719221900057963
2022-01-31,312.239990234375,0.10145138741776683,44.90425154298893,-14.169017115103713,-8.82604609709339,400.0738758196145,273.3717845807761,336.7228302001953,18.464085011134895
2022-02-01,310.4166564941406,-0.005856643341232021,44.42319713683815,-13.46053561546654,-9.75294400076802,389.11305141913766,275.38160800469046,332.24732971191406,18.107861373719075
2022-02-02,301.8866577148437,-0.02786380690498876,42.14833718879992,-13.432516843267763,-10.488858569267968,381.20713619333014,275.15652347463856,328.18182983398435,18.017107360404466
2022-02-03,297.0466613769531,-0.016162405874435272,40.86947239550357,-13.643584272707074,-11.11980370995579,377.04713528768485,272.75052401407294,324.8988296508789,18.18312890245867
2022-02-04,307.7733459472656,0.035474386816493036,44.8624494535955,-12.797778113266133,-11.455398590617857,373.2211208948366,271.8638736119994,322.542497253418,18.114500646440717
2022-02-07,302.4466552734375,-0.017458706575610557,43.298806342459244,-12.414187037960914,-11.64715628008647,371.0885118140664,270.00914748769145,320.54882965087893,17.926294270533067
2022-02-08,307.3333435058594,0.016028052271245364,45.18630045937508,-11.582359219246996,-11.634196867918575,366.77393589134255,269.786391257095,318.28016357421876,17.742010288116383
2022-02-09,310.6666564941406,0.010787525285489406,46.49468815227301,-10.532744260001436,-11.413906346335148,361.4890025039575,270.65799151459714,316.07349700927733,17.771730356069888
2022-02-10,301.51666259765625,-0.0298952129692807,43.430130058061685,-10.320279126864762,-11.19518090244107,351.12666948645733,274.2979917684255,312.7123306274414,18.007086196311736
2022-02-11,286.6666564941406,-0.050505215210130634,38.94378021941472,-11.220823693184968,-11.20030946058985,346.99990613688163,272.7060875154621,309.8529968261719,18.19309987478881
2022-02-14,291.9200134277344,0.018159773032297852,41.25564847120769,-11.37943470977956,-11.236134510427792,339.74449737752377,274.16649810587467,306.9554977416992,18.031430968840187
2022-02-15,307.4766540527344,0.05191932445845771,47.58491073532121,-10.13303685571799,-11.015514979485832,333.0880885216413,277.22023972542905,305.15416412353517,17.863570332438787
2022-02-16,307.7966613769531,0.0010402120327626255,47.709717105256395,-9.015510467205388,-10.615514077029744,328.9549697151487,278.94469153973415,303.94983062744143,17.753090212351932
2022-02-17,292.1166687011719,-0.05228610180162916,42.38427354483387,-9.28804037094352,-10.3500193358125,323.6584616245887,280.2438668666222,301.95116424560547,17.826082148443007
2022-02-18,285.6600036621094,-0.022350967561475237,40.38524607172381,-9.91077593543912,-10.262170655737822,322.51122328131015,278.4937724462289,300.5024978637695,18.04236913504093
2022-02-22,273.84332275390625,-0.04224617718140919,36.95041578514364,-11.228372066277359,-10.45541093784573,323.21519365631804,274.17413434661165,298.69466400146484,18.237816251795678
2022-02-23,254.67999267578125,-0.07254830168258311,32.17164717155116,-13.661416766855382,-11.096612103647661,327.2602389065877,264.9837552340373,296.1219970703125,18.372088020790176
2022-02-24,266.92333984375,0.04695367409397792,37.714079833404554,-14.435285441751205,-11.764346771268372,326.5704221587778,261.11890584415187,293.8446640014648,18.723169166893783
2022-02-25,269.9566650390625,0.011299945777284081,39.04305192622551,-14.635113471268596,-12.338500111268417,327.0855269124237,259.9628007242951,293.5241638183594,18.14713430435299
2022-02-28,290.1433410644531,0.07211363413565586,47.128080807476174,-13.014558843124064,-12.473711857639547,327.1022547878554,260.74874008519146,293.9254974365234,18.410700112740145
2022-03-01,288.1233215332031,-0.006986492144572377,46.46395557814833,-11.757720634470957,-12.330513613005829,324.82959277572047,260.60973522720917,292.7196640014648,18.12988584501269
2022-03-02,293.2966613769531,0.01779600470296842,48.46684547545134,-10.22633913719892,-11.909678717844447,322.88138556070896,260.845942930502,291.8636642456055,18.12823133914173
2022-03-03,279.7633361816406,-0.04724057511561311,43.8456388148925,-9.989580838538302,-11.525659141983219,321.8480480697884,259.6669482681022,290.7574981689453,17.93655548824388
2022-03-04,279.42999267578125,-0.0011922300504741562,43.73502428623633,-9.71683657266442,-11.16389462811946,321.21420686850195,258.53912259927154,289.87666473388674,18.020197222113627
2022-03-07,268.1933288574219,-0.04104369101185902,40.06568078257078,-10.288786907445285,-10.988873083984625,319.47461855763675,256.32070920115234,287.89766387939454,18.09901575099731
2022-03-08,274.79998779296875,0.024335419149005895,43.089002597310824,-10.092618087615165,-10.809622084710734,317.8300432882857,255.20061772245646,286.5153305053711,18.20251355249464
2022-03-09,286.3233337402344,0.04107819387010212,48.01473132370885,-8.904667704916676,-10.428631208751924,315.20928388726026,255.72037614691948,285.46483001708987,17.89616180995083
2022-03-10,279.4333190917969,-0.024358017786858904,45.4800605565609,-8.422090451624626,-10.027323057326464,311.260258037995,256.5460682559503,283.90316314697264,17.887072574339864
2022-03-11,265.1166687011719,-0.05259370365966602,40.675181006596254,-9.090093598278997,-9.839877165516972,309.3494896171321,254.81683728716473,282.0831634521484,18.020756770363008
2022-03-14,255.4566650390625,-0.03711720154932235,37.775239412946235,-10.280465659463914,-9.927994864306362,310.15429139207026,250.89103636671882,280.52266387939454,18.080331816666785
2022-03-15,267.2966613769531,0.04530634609366675,43.12731737616111,-10.151435906549523,-9.972683072754995,308.975340899971,249.6076516537399,279.29149627685547,18.017830229812503
2022-03-16,280.07666015625,0.046704219074345354,48.29672931354239,-8.915171258407213,-9.761180709885439,304.4943195817723,251.34867358229016,277.92149658203124,18.246670167089047
2022-03-17,290.5333251953125,0.03665493442277862,52.13064101750022,-7.010840533716248,-9.211112674651602,300.4797661573924,253.63689338850602,277.0583297729492,18.013958360805074
2022-03-18,301.7966613769531,0.03803519751155836,55.92207714606285,-4.540448156192554,-8.276979770959793,302.6157955972721,252.4688632162045,277.5423294067383,18.424814199442718
2022-03-21,307.0533447265625,0.017268009913468576,57.6095754754394,-2.133875990287038,-7.048359014825243,306.7782080025086,250.4457849174133,278.61199645996095,18.222005402003226
2022-03-22,331.32666015625,0.0760832835953988,64.3892037417512,1.7122655527797406,-5.296234101304246,318.0755558420741,244.89677081808213,281.4861633300781,18.477708325345233
2022-03-23,333.03668212890625,0.005147863044765912,64.8161165297051,4.842523323054991,-3.2684826164323986,326.4203462123078,244.3876493931609,285.40399780273435,18.608621491812663
2022-03-24,337.97332763671875,0.014714339594958641,66.0803401572844,7.633625510383297,-1.0880609910692596,335.2068767809064,242.70611760385924,288.9564971923828,18.048468591727097
2022-03-25,336.8800048828125,-0.003240181703986614,65.5188431095971,9.646176970110844,1.0587866011667613,342.29728695668814,242.30804141245247,292.3026641845703,17.943154506708115
2022-03-28,363.9466552734375,0.07728050710253655,71.88747170906262,13.272197353250874,3.501468751583584,355.33713885374004,236.64852093629904,295.99282989501955,18.445432876722595
2022-03-29,366.5233459472656,0.007054913567225325,72.40990370368945,16.167394375523486,6.034653876371564,366.92986684282494,232.8957953886204,299.91283111572267,18.11435802244613
2022-03-30,364.663330078125,-0.005087674440050588,71.3787162022189,18.103089986027555,8.448341098302762,376.3585496252217,230.6037794763408,303.4811645507813,17.907602601837333
2022-03-31,359.20001220703125,-0.01509517416561853,68.30193114915099,18.977537372220922,10.554180353086394,383.4783864790146,231.42761022508694,307.45299835205077,17.707181885795706
2022-04-01,361.5299987792969,0.006465651918934319,68.91729066869141,19.63224536577576,12.369793355624267,390.0387651475013,233.0772321669518,311.55799865722656,17.80935501431764
2022-04-04,381.8166809082031,0.05459557817973847,73.70391648652321,21.539774757154248,14.203789635930264,398.88876471240224,235.58956780712904,317.2391662597656,18.22266752648777
2022-04-05,363.7533264160156,-0.048464637280470575,64.220661072216,21.347858967465413,15.632603502237295,403.2936812124053,240.07998516943064,321.686833190918,18.198475514776216
2022-04-06,348.586669921875,-0.042589069768463106,57.5276762207915,19.744341417977523,16.454951085385343,405.4717282769339,244.12827172306612,324.8,18.308053903494635
2022-04-07,352.4200134277344,0.01093679078037125,58.69926557196746,18.568811293712542,16.877723127050782,407.05699914525024,249.84167028834355,328.4493347167969,18.1906032206222
2022-04-08,341.8299865722656,-0.030510186068030958,54.247302563620345,16.59141305638815,16.820461112918256,405.1580725415108,259.41192867919233,332.2850006103516,17.823092821265135
2022-04-11,325.3099975585937,-0.0495349318175134,48.116588217893444,13.535259609457853,16.163420812226178,399.23405097717523,272.321283495481,335.7776672363281,17.899082318029727
2022-04-12,328.9833374023437,0.01122853693277581,49.48368920990178,11.279619379490043,15.186660525678953,393.7170972023115,284.00690487288387,338.8620010375977,18.004801612652354
2022-04-13,340.7900085449219,0.035259373586186894,53.70597881583148,10.325679924313647,14.214464405405893,389.2637297227316,294.5316071913309,341.8976684570313,17.825043159071058
2022-04-14,328.3333435058594,-0.03723709338922126,49.04800794662319,8.466925819001688,13.064956688125053,385.16166563676023,302.41367310835693,343.7876693725586,17.88320824134438
2022-04-18,334.7633361816406,0.01939443951963136,51.391583610680016,7.427081695597337,11.93738168961951,382.1280062492951,308.7439999762908,345.43600311279295,17.761262319473136
2022-04-19,342.7166748046875,0.023480261839117743,54.19784062365782,7.162204261770341,10.982346204049676,379.22414397790976,315.2141952554887,347.2191696166992,17.72448293495357
2022-04-20,325.7333374023437,-0.05082502163771987,47.84573837812019,5.518262499334014,9.889529463106545,379.61982812264296,314.2591788353649,346.9395034790039,18.074114548303953
2022-04-21,336.260009765625,0.03180563608534816,51.62986409193117,5.007122304190375,8.913048031323312,379.5230819981042,314.6782577235755,347.10066986083984,18.473428789176616
2022-04-22,335.01666259765625,-0.003704429607069112,51.1577217639471,4.450410727026849,8.020520570464019,379.5768142418979,314.32885897587556,346.95283660888674,18.059662108401042
2022-04-25,332.67333984375,-0.007019222592886596,50.22549711349152,3.7765920269201843,7.171734861755253,379.6925321603471,313.79247455352004,346.7425033569336,18.04002337839223
2022-04-26,292.1400146484375,-0.1299278575282087,37.49714029472809,-0.027794343751565975,5.7318290206538896,383.11198044828586,303.1923622030813,343.1521713256836,18.729148056366572
2022-04-27,293.836669921875,0.005790878918745771,38.20310150377402,-2.872776471681675,4.010907922186777,383.5426495984464,295.4930254503817,339.51783752441406,18.158748299237303
2022-04-28,292.5033264160156,-0.004548029513557434,37.84137446381084,-5.1753764644398075,2.17365104486146,382.979974312469,288.83970037014825,335.9098373413086,18.643412218374554
2022-04-29,290.2533264160156,-0.007721957937068309,37.201249114031704,-7.0999163281171604,0.31893757026573577,382.3644954058559,282.56051069765977,332.46250305175784,18.294358741112884
2022-05-02,300.9800109863281,0.03628977282780161,42.21944391526856,-7.671146041023235,-1.2790791519920586,379.25870324797665,279.61130407624205,329.43500366210935,18.143364770695595
2022-05-03,303.0833435058594,0.006963974902024329,43.17826616240094,-7.863483010647769,-2.5959599237232007,370.0594194183544,280.93725416562995,325.4983367919922,17.969844261696593
2022-05-04,317.5400085449219,0.04659599279666411,49.394138330633545,-6.771323789879659,-3.4310326969544924,364.0343292630301,282.3410125338449,323.1876708984375,18.2178764528819
2022-05-05,291.09332275390625,-0.08695990905101429,40.63642198248379,-7.948184534260577,-4.33446306441571,361.72187344132124,278.9041336387569,320.31300354003906,18.34292567846232
2022-05-06,288.54998779296875,-0.008775573655860788,39.903689403612304,-8.982535945867312,-5.264077640706031,357.94998360321347,276.2890209133881,317.11950225830077,18.104640362112388
2022-05-09,262.3699951171875,-0.0951126361970946,33.25625545752,-11.778992610625835,-6.567060634689992,359.0068512683202,267.28615410277354,313.14650268554686,18.324283284273445
2022-05-10,266.67999267578125,0.016293707630266798,35.17096423460053,-13.491897683917784,-7.952028044535551,360.118861671914,260.3111432108985,310.2150024414062,18.25109811339153
2022-05-11,244.6666717529297,-0.08615264955046516,30.377615137099284,-16.436211901181196,-9.64886481586468,362.9723766986855,249.02596161918564,305.99916915893556,18.392534334114917
2022-05-12,242.6666717529297,-0.008207980246495447,29.977868654404915,-18.715247690761544,-11.462141390844053,362.2010835384448,239.9849211002271,301.09300231933594,18.759386206495808
2022-05-13,256.5299987792969,0.05555683158900242,36.2410408225805,-19.1816314361555,-13.006039399906342,360.2864696162052,234.71920054981047,297.5028350830078,18.338935849213406
2022-05-16,241.4566650390625,-0.06055559591829793,32.80523430847089,-20.530868897594985,-14.511005299444072,357.79254529127104,227.88245776048674,292.8375015258789,18.27100255925802
2022-05-17,253.8699951171875,0.050132289582274676,38.016772174850836,-20.36375660163486,-15.68155555988223,351.1005725454014,225.6897625376064,288.3951675415039,18.200485355033514
2022-05-18,236.60333251953125,-0.07043726926027942,34.059682997667196,-21.37816014846902,-16.82087647759959,348.1224404347244,219.75489416000215,283.9386672973633,18.290706457318308
2022-05-19,236.47332763671875,-0.0005496144580126333,34.03096125682535,-21.93966576529033,-17.84463433513774,341.5011407412385,216.39752564059748,278.94933319091797,18.31861148394354
2022-05-20,221.3000030517578,-0.06631616117599509,30.769607688608943,-23.33997479646868,-18.943702427403927,335.02498861927126,211.50201180797484,273.26350021362305,18.792059462613746
2022-05-23,224.96665954589844,0.016432950581559483,32.45420516017887,-23.878603578668788,-19.9306826576569,326.5329209527401,209.22341144472085,267.87816619873047,18.303062081036042
2022-05-24,209.3866729736328,-0.07176955888757142,29.20256898015444,-25.271333278992984,-20.998812781924116,326.7058495263822,200.7751487035983,263.74049911499026,18.305185725038232
2022-05-25,219.6000061035156,0.04762508488803092,33.8794118592658,-25.2597720449088,-21.851004634521054,324.2635432143392,195.79378863380526,260.02866592407224,18.338812131161525
2022-05-26,235.91000366210935,0.07164265445291097,40.624862810391114,-23.661771021565812,-22.213157911930004,320.3879953699313,194.01000420282259,257.19899978637693,18.478979849733594
2022-05-27,253.2100067138672,0.07076881859385181,46.82189951125189,-20.760068882093407,-21.922540105962685,316.59825132066646,194.09541628187262,255.34683380126953,18.307456064436572
2022-05-31,252.7533264160156,-0.001805191767721895,46.68338586285345,-18.286503880545126,-21.195332860879173,310.2963985398079,195.57460060569994,252.9354995727539,18.43964479425092
2022-06-01,246.7899932861328,-0.023876273341224562,44.81887066455947,-16.6158398825074,-20.27943426520482,302.4222044929853,197.81945963054983,250.12083206176757,18.16253030185194
2022-06-02,258.3333435058594,0.04571303469577831,49.06007652963479,-14.196723742499586,-19.062892160663775,289.0629869376665,205.2580106819624,247.16049880981444,18.353184263028684
2022-06-03,234.51666259765625,-0.09672413884722543,41.903812492551495,-14.03952497314782,-18.058218723160586,281.0664638161988,207.59686778780514,244.33166580200196,18.537519342657426
2022-06-06,238.27999877929688,0.01591980642197778,43.31094125971457,-13.456159803488958,-17.13780693922626,272.1318758213823,211.50445688125436,241.81816635131835,18.248760121425107
2022-06-07,238.8866729736328,0.002542820180630796,43.548313712504374,-12.797365107444705,-16.269718572869948,269.38427944497937,211.90372104330186,240.6440002441406,18.10334327832762
2022-06-08,241.86666870117188,0.012397350726358317,44.77162818612669,-11.897656041310654,-15.39530606655809,265.4250023219475,213.38166576887286,239.40333404541016,18.14900981956112
2022-06-09,239.7066650390625,-0.008970671737446728,44.0268915007469,-11.229477936430158,-14.562140440532506,265.06007213843077,213.2505952810028,239.15533370971679,18.384964453530497
2022-06-10,232.22999572753903,-0.03168770531986072,41.456323973197435,-11.174434774421059,-13.884599307310218,264.6606035871174,212.60639622977712,238.63349990844728,18.395738260396843
2022-06-13,215.73666381835935,-0.07366972655880115,36.40651436862439,-12.319673192674173,-13.571614084383011,263.1048982594806,210.08276806132014,236.59383316040038,18.447978749800104
2022-06-14,220.88999938964844,0.02360632235719876,38.91040950418374,-12.66545232729763,-13.390381732965936,262.8661171629847,208.26488259287464,235.56549987792968,18.400362734069393
2022-06-15,233.0,0.0533736162801124,44.445945649672,-11.825986331919864,-13.077502652756722,260.4369907180008,208.60700952613982,234.52200012207032,18.595741009599656
2022-06-16,213.1000061035156,-0.08927688581957352,38.30370628373601,-12.62097987905662,-12.986198098016702,260.94159519995924,205.75207240257984,233.34683380126953,18.49198415342274
2022-06-17,216.75999450683597,0.017029157609637944,39.94746246535089,-12.808044353852637,-12.95056734918389,260.8785822044679,203.84375208508288,232.36116714477538,18.344251012446275
2022-06-21,237.0366668701172,0.08942411634475661,48.18398664033325,-11.191131895110857,-12.598680258369283,261.2456978821008,205.05030278928592,233.14800033569335,18.626010576939027
2022-06-22,236.086669921875,-0.004015858661335937,47.85283228474578,-9.872569105413788,-12.053458027778184,261.55908295897115,205.84891875001324,233.7040008544922,18.43169487510593
2022-06-23,235.07000732421875,-0.0043156097521520964,47.476779925996105,-8.808100470502211,-11.40438651632299,260.3823378550087,209.5939972890343,234.9881675720215,18.46184764858429
2022-06-24,245.7066650390625,0.044255032608287656,51.74905776932653,-7.025229551703603,-10.528555123399114,261.03262888385404,211.55437215374363,236.29350051879882,18.37746840525107
2022-06-27,244.9199981689453,-0.003206786761701394,51.41595639566024,-5.611087818047878,-9.545061662328868,261.78008634764944,211.70791414063183,236.74400024414064,18.306148305625317
2022-06-28,232.663330078125,-0.05133914578061633,46.404121240422086,-5.416937899288513,-8.719436909720798,259.5659335928418,211.86739923186522,235.7166664123535,18.31965748655434
2022-06-29,228.4900054931641,-0.018100003611393377,44.80272889463138,-5.536009435251202,-8.08275141482688,257.1415319238414,211.8654688085805,234.50350036621094,18.233111855964953
2022-06-30,224.47332763671875,-0.017735577471772915,43.25550864565524,-5.886629419949827,-7.64352701585147,255.67302703736314,211.10230713011734,233.38766708374024,18.36517332999117
2022-07-01,227.26333618164065,0.012352524133575364,44.684461924172105,-5.871682806999729,-7.2891581740811215,250.89628353449345,212.77204990056512,231.83416671752929,18.125776668839567
2022-07-05,233.0666656494141,0.025215114905161356,47.638156768677916,-5.3301150722791135,-6.89734955372072,250.79182884771558,212.73150489251879,231.76166687011718,18.253221407185656
2022-07-06,231.73333740234372,-0.0057372284664808535,47.016976407781435,-4.951430182195594,-6.508165679415695,250.21600331489813,212.65266428764093,231.43433380126953,18.090141287535445
2022-07-07,244.5433349609375,0.05380522947187815,53.31541526697694,-3.576433039339804,-5.921819151400518,251.13108720317376,212.30324659809577,231.71716690063477,18.221383117621425
2022-07-08,250.76333618164065,0.025117078284842168,56.04756931849031,-1.9622165703301846,-5.129898635186452,252.91652077176064,211.40747977755575,232.1620002746582,18.43905294671822
2022-07-11,234.3433380126953,-0.0677223141456021,48.052614350826666,-1.9850130189669528,-4.500921511942552,252.37469060329255,211.41297724338716,231.89383392333986,18.413063818689658
2022-07-12,233.07000732421875,-0.005448427397798375,47.48691461337595,-2.0818284906950737,-4.017102907693057,252.4230380948067,211.44863091154093,231.93583450317382,18.292061848089904
2022-07-13,237.0399932861328,0.016890005886123306,49.48370684965164,-1.8172624902074972,-3.5771348241959453,252.11089861025846,213.89110334286653,233.0010009765625,18.400013653315398
2022-07-14,238.31333923339844,0.005357484236889209,50.13860221257269,-1.4876944371637535,-3.159246746789507,252.2312175411594,215.51311839634062,233.87216796875,18.17934013846934
2022-07-15,240.0666656494141,0.007330299130864308,51.07905357481421,-1.0726655711121396,-2.741930511654034,252.78478927687053,215.66621322557086,234.2255012512207,18.05946839296259
2022-07-18,240.54666137695312,0.0019974306168187386,51.3495849991069,-0.6969861385772731,-2.3329416370386817,251.44000719718898,219.7556608325962,235.59783401489258,18.22876330560067
2022-07-19,245.52999877929688,0.020505045463666282,54.18242823241046,0.002823649932764738,-1.8657885796443925,250.7593589464198,223.31330951061142,237.0363342285156,18.208603249847027
2022-07-20,247.5,0.007991447618970264,55.29074601623207,0.708226588451879,-1.3509855460251383,252.0584367403086,223.06056502971092,237.55950088500975,18.30261993096943
2022-07-21,271.7066650390625,0.09331246499887616,66.13191327951274,3.183837764613429,-0.4440208838974248,260.36159934297154,218.31940193876676,239.34050064086915,18.771565061528726
2022-07-22,272.24334716796875,0.0019732780255828208,66.32686587357064,5.129948368588771,0.6707729665998144,266.7220310354347,215.67630423067854,241.19916763305665,18.454818377425212
2022-07-25,268.4333190917969,-0.014093787954092982,63.53097879313406,6.292284085073277,1.795075190294507,270.5817299855682,214.08927068581855,242.33550033569335,17.97553987477232
2022-07-26,258.8599853515625,-0.0363152186530825,57.02631080071777,6.367554287256667,2.709571009686939,272.2195476105513,213.84545177909717,243.03249969482422,18.01752498224995
2022-07-27,274.82000732421875,0.05982904612856656,63.699158981046224,7.627126092629254,3.6930820262754023,277.1288663037682,213.15180081048962,245.1403335571289,18.29409660319236
2022-07-28,280.8999938964844,0.021882347827174065,65.87315415044351,9.012064457673091,4.75687851255494,282.47680569521793,213.0448602593719,247.7608329772949,18.25489768119852
2022-07-29,297.1499938964844,0.056238328890716484,70.89087471301724,11.290724835326586,6.06364777710927,290.7515503633063,212.03778221726012,251.3946662902832,18.372676781145632
2022-08-01,297.27667236328125,0.0004262206792024022,70.92676176994401,12.957436235849968,7.44240546885741,297.5329112003506,212.25775499837988,254.89533309936525,18.57805110076678
2022-08-02,300.586669921875,0.011072869479979633,71.90152903253924,14.37964655448576,8.82985368598308,304.19709618754734,212.34557043842926,258.2713333129883,18.37544905140611
2022-08-03,307.39666748046875,0.022402858626649376,73.8445341889691,15.873290950632509,10.238541138912966,311.1331066009126,212.97589303287646,262.0544998168945,18.198674058661016
2022-08-04,308.6333312988281,0.004014952135593356,74.19352130681767,16.96128420434161,11.583089751998696,317.7725388893023,212.74546037827582,265.2589996337891,18.09572870826351
2022-08-05,288.1700134277344,-0.0686033118290163,59.9413101590966,15.98800815750974,12.464073433100905,320.13135608597196,214.12731090621554,267.12933349609375,18.544427304615525
2022-08-08,290.42333984375,0.007789020718917544,60.833513046053156,15.223022955628323,13.01586333760639,321.547712031222,218.31895514407097,269.9333335876465,18.410569810303258
2022-08-09,283.3333435058594,-0.0247155543645267,56.56459194873704,13.884610078702849,13.189612685825683,321.32560924693234,223.5673915465247,272.44650039672854,18.272698014815013
2022-08-10,294.3566589355469,0.03816806100817755,61.13151553723035,13.557119624463382,13.263114073553224,322.1282528853793,228.49641447301914,275.31233367919924,18.368532357762213
2022-08-11,286.6300048828125,-0.026599955270312264,56.63641402491585,12.529670431043826,13.116425345051343,321.38510218046747,234.07123174287236,277.7281669616699,18.066217652064385
2022-08-12,300.0299987792969,0.045690263130780645,61.872539412659506,12.650845984283137,13.023309472897703,321.64309358826944,239.80957364805872,280.72633361816406,18.193242998268925
2022-08-15,309.32000732421875,0.030493897831355556,65.0255933515902,13.342698213518133,13.08718722102179,322.33102156934524,245.99898026170942,284.16500091552734,18.308174771324456
2022-08-16,306.5633239746094,-0.008952025876518947,63.35140159133587,13.512787775901302,13.172307331997693,321.9845668474846,252.44876750310135,287.21666717529297,18.29439618377838
2022-08-17,303.9966735839844,-0.008407578354357605,61.75709353109667,13.287309905856489,13.195307846769454,320.08145243982705,260.00154926915735,290.0415008544922,18.046220009248962
2022-08-18,302.8699951171875,-0.0037131047703819653,61.03101339368565,12.869353635326377,13.130117004480839,320.85800917213675,262.34132554466015,291.59966735839845,17.67625081631767
2022-08-19,296.6666564941406,-0.02069451464936621,57.05368384317684,11.900382494635835,12.884170102511838,320.68298422344924,264.95868142596487,292.82083282470705,17.9328438592441
2022-08-22,289.913330078125,-0.023027123255798403,53.00395272090823,10.46687328290676,12.400710738590822,319.35090796801427,268.43875878003263,293.89483337402345,17.83805833927397
2022-08-23,296.4533386230469,0.02230781558771273,56.243125050630944,9.746183006270599,11.869805192126778,315.16792421949674,276.38107785569855,295.77450103759764,17.974157691615
2022-08-24,297.0966796875,0.0021677745650455194,56.560306018330415,9.121792669246872,11.320202687550797,313.5859105334136,280.1907587781098,296.8883346557617,17.863109382252723
2022-08-25,296.07000732421875,-0.0034616690754643124,55.86436731709252,8.446746117878206,10.74551137361628,312.57035329055196,282.7233173637449,297.64683532714844,17.79013272393534
2022-08-26,288.0899963378906,-0.02732301898385137,50.647894651158325,7.1850222041600205,10.033413539725029,312.7187643816125,281.66890651682496,297.19383544921874,17.86143315572311
2022-08-29,284.82000732421875,-0.011415491099770154,48.64345070958899,5.853757652957881,9.1974823623716,313.05198053120756,280.09002386332367,296.5710021972656,17.549953571591104
2022-08-30,277.70001220703125,-0.02531598923616216,44.51265164943216,4.176057808303597,8.193197451558,313.80289132389345,277.0504472991534,295.4266693115234,17.738311294429888
2022-08-31,275.6099853515625,-0.007554668468041173,43.348940917657856,2.647304416661825,7.084018844578765,313.3196172628259,274.3550531473304,293.83733520507815,17.7688156312627
2022-09-01,277.1600036621094,0.005608200169827373,44.507623667522296,1.5430426284200962,5.975823601347032,311.7982002548821,272.7291373916023,292.2636688232422,17.80979536398007
2022-09-02,270.2099914550781,-0.025395567131662106,40.50706446801446,0.10587879914083942,4.801834640905794,313.2075331895909,269.5238022596278,291.36566772460935,17.74517898323587
2022-09-06,274.4200134277344,0.015460425583855752,43.80231327605429,-0.6854686453434624,3.7043739836559424,313.68774204418474,267.4432607634324,290.5655014038086,17.838359136383204
2022-09-07,283.70001220703125,0.03325755641840769,50.332735934800255,-0.5573737930115499,2.852024428322444,313.68250041824564,267.4851692594887,290.5838348388672,17.728111416403205
2022-09-08,289.260009765625,0.019408586563541073,53.796951049569,-0.00713017134785332,2.2801935083883844,313.36478319551,267.2932215652322,290.3290023803711,17.799167496204557
2022-09-09,299.67999267578125,0.035389242849343666,59.49838439597481,1.2552773446842593,2.0752102756475597,314.3135105825045,267.64949295753456,290.9815017700195,17.810736214719512
2022-09-12,304.4200134277344,0.015693156705112052,61.80721797353677,2.608159220994196,2.181800064716887,314.9699437730193,267.4320612318635,291.2010025024414,17.700667911962437
2022-09-13,292.1300048828125,-0.041209445573060305,53.319971473019564,2.657987254736213,2.277037502720752,312.5432666717357,268.13973808900647,290.3415023803711,18.038389060907
2022-09-14,302.6099853515625,0.035245873940170286,58.54723180405837,3.50274569742885,2.522179141662372,311.8012097280323,268.48646117040516,290.1438354492187,18.100870732250993
2022-09-15,303.75,0.0037601953268899466,59.0839805458864,4.215617489756482,2.8608668112811944,311.7559148017955,268.5070887382436,290.13150177001955,17.986746729899853
2022-09-16,303.3500061035156,-0.0013177201460770078,58.79631014036515,4.6941857057949505,3.227530590183946,311.84042557385567,268.4705790648162,290.15550231933594,18.282427374608496
2022-09-19,309.07000732421875,0.018680537647816527,61.67031888670724,5.471933713678425,3.676411214882842,313.9059267549211,267.6454129667586,290.77566986083986,17.913701065050223
2022-09-20,308.7300109863281,-0.001100668054834369,61.396189122574405,5.991800009553913,4.139488973817056,316.1907786291801,267.2422291833199,291.71650390625,17.936867008655668
2022-09-21,300.79998779296875,-0.026021592607865372,55.229704927012065,5.698225599051,4.451236298863845,316.6611087309737,267.20656399851845,291.93383636474607,17.951567933809446
2022-09-22,288.5899963378906,-0.041438568478665415,47.3448370639903,4.429263701539128,4.446841779398902,316.1543671245617,266.8626372699695,291.5085021972656,18.071767046328215
2022-09-23,275.3299865722656,-0.04703665354268194,40.57078841236333,2.326808288264374,4.022835081171997,316.037384023296,264.90561829603996,290.471501159668,17.9704546593353
2022-09-26,276.010009765625,0.0024668028538151034,41.03671971263207,0.7073159167841823,3.359731248294434,316.2286978173368,263.5063058447726,289.8675018310547,17.87727856961924
2022-09-27,282.94000244140625,0.024797737333229056,45.70815415677968,-0.01675778949021378,2.6844334407375046,316.2237386040917,263.3232645697364,289.77350158691405,17.94143777919636
2022-09-28,287.8099975585937,0.017065662059063694,48.779260799804106,-0.19537139286984484,2.1084724740160348,316.13751077953094,264.4204909294535,290.2790008544922,17.816730568489206
2022-09-29,268.2099914550781,-0.07053030781738909,39.17468537295195,-1.8966176215204769,1.3074544549087326,316.8407676051194,262.97723471421654,289.909001159668,18.16734342672484
2022-09-30,265.25,-0.011097446407076914,37.95912079606272,-3.444013641848187,0.3571608355573488,317.90760121468423,260.7194007384408,289.3135009765625,18.030989585375472
2022-10-03,242.3999938964844,-0.09008354847845322,30.175131410389795,-6.439905442193435,-1.002252419992808,322.5061441548934,253.33985804237227,287.9230010986328,18.404180368416114
2022-10-04,249.44000244140625,0.02862918608137619,34.623294202825605,-8.152128758627498,-2.432227687719746,324.9207917721498,248.42720932648302,286.6740005493164,18.51215175447742
2022-10-05,240.80999755859372,-0.035210184423729744,31.937378662182198,-10.089145948666214,-3.96361133990904,327.93957730406476,241.1194223297243,284.52949981689454,18.281219817767287
2022-10-06,238.1300048828125,-0.01119146713261551,31.129758837117436,-11.705564576551865,-5.512001987237605,329.9881001933912,233.95789895211664,281.9729995727539,18.053932390300858
2022-10-07,223.07000732421875,-0.06533110715825653,26.998162461061938,-14.03996000675977,-7.217593591142039,332.06926812276754,224.215732487584,278.14250030517576,18.245336401687993
2022-10-10,222.9600067138672,-0.0004932430962923407,26.97000600105399,-15.717677728611562,-8.917610418635945,331.8098819579123,216.32911798105255,274.0694999694824,18.033914727998805
2022-10-11,216.5,-0.02940186584357689,25.301193980733387,-17.368338271583298,-10.607755989225417,332.7604631158792,207.81553633480445,270.2879997253418,18.159487406681976
2022-10-12,217.2400054931641,0.0034122110102537424,25.8670737620901,-18.404629275635415,-12.167130646507417,330.81605441607655,201.22294704876722,266.0195007324219,18.01812192349594
2022-10-13,221.72000122070312,0.020412571604412393,29.356163452637304,-18.649420240423723,-13.46358856529068,327.04254148458693,196.79346010232717,261.91800079345705,18.331663731565477
2022-10-14,204.9900054931641,-0.07845410579918485,24.68398721155748,-19.963265581523984,-14.763523968537342,323.7850899433838,190.21491158249515,257.00000076293946,18.360128942609457
2022-10-17,219.3500061035156,0.06770743117966105,34.34322345622057,-19.619602873223755,-15.734739749474624,316.5697843408551,188.4582170629535,252.5140007019043,18.190371593443135
2022-10-18,220.19000244140625,0.0038221656467326303,34.86942004780023,-19.05975799078388,-16.399743397736476,307.88062012298553,188.29338042633088,248.0870002746582,18.14482053047999
2022-10-19,222.0399932861328,0.008366694500343838,36.084353608330986,-18.256350246378076,-16.771064767464797,299.5370028838687,188.76099821476416,244.1490005493164,18.013787131016848
2022-10-20,207.27999877929688,-0.06878698522005931,31.099797936469187,-18.596285618156685,-17.136108937603176,293.6430134872549,186.52398785551856,240.08350067138673,18.584482708508528
2022-10-21,214.44000244140625,0.03395945997966481,35.73724129376774,-18.079524883761906,-17.32479212683492,289.0629765792279,185.0150263504596,237.03900146484375,18.142471013547844
2022-10-24,211.25,-0.014987724107085643,34.619250472936116,-17.72309402013161,-17.404452505494262,283.6269857470705,183.97501620605453,233.8010009765625,18.425138802028204
2022-10-25,222.4199981689453,0.051525211920993325,41.5182248203502,-16.35081250358084,-17.19372450511158,275.0807300259517,186.46927149992715,230.77500076293944,18.385135438605253
2022-10-26,224.63999938964844,0.009931639962148882,42.8098621064709,-14.912235007154976,-16.73742660552026,262.8879706586499,192.34503105033446,227.6165008544922,18.25830887422901
2022-10-27,225.08999633789065,0.0020011878357876823,43.08426797245786,-13.57930718351821,-16.10580272111985,255.10736589135013,195.8136363059155,225.46050109863282,17.936802116572235
2022-10-28,228.5200042724609,0.015123446596271503,45.241008637610975,-12.106621706588982,-15.305966518213676,246.7194577791634,200.52854484534834,223.62400131225587,18.05182333709193
2022-10-31,227.5399932861328,-0.004297734947230934,44.71959312505843,-10.893018614381845,-14.42337693744731,244.33060750769025,201.43139505578634,222.8810012817383,17.93543028630122
2022-11-01,227.82000732421875,0.0012298580156588981,44.914945634600805,-9.795715714436255,-13.497844692845101,239.45785299603494,204.14215005572288,221.8000015258789,17.953693377209856
2022-11-02,214.97999572753903,-0.05801089494975568,38.24146270396713,-9.848647806642077,-12.768005315604498,235.95158364148378,205.06541922716858,220.50850143432618,17.959760551103475
2022-11-03,215.30999755859372,0.0015338580999043428,38.49439946668229,-9.751558584022433,-12.164715969288086,232.53277568949784,206.20222644673265,219.36750106811525,17.850437703779182
2022-11-04,207.47000122070312,-0.03709208198225595,34.843339846697006,-10.189775469790078,-11.769727869388486,232.64726122986062,204.52774029601827,218.58750076293944,18.406806956499448
2022-11-07,197.0800018310547,-0.05137700982212229,30.689114264656098,-11.245816850465587,-11.664945665603907,234.14536329396316,200.4416377436345,217.29350051879882,18.35791665823934
2022-11-08,191.3000030517578,-0.029766854567743133,28.643194231028374,-12.40612476529239,-11.813181485541604,236.51306866848935,195.55393267428408,216.03350067138672,18.67379777656542
2022-11-09,177.58999633789062,-0.07436539035358274,24.47521603167999,-14.267493327983232,-12.30404385402993,240.7660720907751,187.33592833647097,214.05100021362304,18.66019123125026
2022-11-10,190.72000122070312,0.07132888823212645,34.33070642025592,-14.515830207496947,-12.746401124723334,240.88751850448443,184.11448192276168,212.50100021362306,18.703624113967596
2022-11-11,195.97000122070312,0.027155202242509627,37.8244229973093,-14.126170153469218,-13.022354930472511,241.2149189424811,182.88508105751893,212.05,18.5552431136873
2022-11-14,190.9499969482422,-0.025949994830441667,35.859871053194084,-14.06035512257867,-13.229954968893745,241.0374306770893,180.22256840738336,210.62999954223633,18.339759161014417
2022-11-15,194.4199981689453,0.018009160285334423,38.247442505678855,-13.57174945829118,-13.298313866773233,240.22352342074663,178.45947523647993,209.34149932861328,18.329593446217373
2022-11-16,186.9199981689453,-0.03934004993858786,35.197738899154174,-13.63256553945294,-13.365164201309176,239.40695367212072,175.7640454733871,207.58549957275392,18.013728545673512
2022-11-17,183.1699981689453,-0.020266034660649707,33.74874182900085,-13.824001893189859,-13.456931739685313,240.0246823671065,172.73531671736617,206.37999954223633,17.97962992366259
2022-11-18,180.19000244140625,-0.016402810087859467,32.60021214190826,-14.054169614204085,-13.576379314589069,240.02769547447775,169.3073036099949,204.66749954223633,18.146887125546094
2022-11-21,167.8699951171875,-0.07082202204033466,28.310636932671144,-15.05713157973176,-13.872529767617607,241.3118643217825,163.6851342744089,202.4984992980957,18.346847975465103
2022-11-22,169.91000366210938,0.012079065403443036,29.954182586106796,-15.508601024014894,-14.199744018897064,240.0909483037014,159.65505084180643,199.8729995727539,18.178001367497117
2022-11-23,183.1999969482422,0.07530952893106566,39.6595706435317,-14.625409801992333,-14.284877175516119,236.90078326234612,158.7012156390211,197.8009994506836,18.511770220014036
2022-11-25,182.8600006103516,-0.0018575995078744564,39.50875091395432,-13.793901745572839,-14.186682089527464,233.10928802721617,158.26971130139714,195.68949966430665,17.740897881734966
2022-11-28,182.9199981689453,0.0003280527056264311,39.55243597787299,-12.98045372808491,-13.945436417238954,227.84446559412737,158.97453312413433,193.40949935913085,18.347090187147
2022-11-29,180.8300018310547,-0.011491515256992131,38.509155576055825,-12.361934861245658,-13.628736106040295,221.91025578956254,160.23774378319138,191.07399978637696,18.2386443584932
2022-11-30,194.6999969482422,0.07390252318127676,48.262408503907814,-10.630025199972067,-13.02899392482665,215.06617261580368,163.76982591935257,189.41799926757812,18.50856708055317
2022-12-01,194.6999969482422,0.0,48.262408503848384,-9.151976032877656,-12.253590346436852,211.24720262704045,165.5607960301861,188.40399932861328,18.19811453844199
2022-12-02,194.8600006103516,0.0008214584254523483,48.37196738451585,-7.876900455608336,-11.37825236827115,206.71482927021952,168.0481696921828,187.38149948120116,18.114779044198514
2022-12-05,182.4499969482422,-0.0658052089735389,41.10202073745103,-7.778116173464667,-10.658225129309855,203.08191950229838,169.17907903285789,186.13049926757813,18.34942854711094
2022-12-06,179.82000732421875,-0.01451975486845227,39.73894309803412,-7.821881322152109,-10.090956367878306,201.61858776958275,168.9164113148899,185.26749954223632,18.338936934391757
2022-12-07,174.0399932861328,-0.03267127201155782,36.84681876669811,-8.228115748553364,-9.718388244013317,201.23005174415437,167.5789463637558,184.40449905395508,18.24886343585789
2022-12-08,173.44000244140625,-0.003453386948248274,36.549459131633405,-8.500485400742747,-9.474807675359203,201.4727379117217,166.92126080654003,184.19699935913087,18.396639054715415
2022-12-09,179.0500030517578,0.03183338116095202,41.31804450961267,-8.169487382677971,-9.213743616822956,200.74933756169264,166.47766133967457,183.6134994506836,18.4682539870212
2022-12-12,167.82000732421875,-0.06477309340338366,35.55723423074001,-8.712898994850548,-9.113574692428475,199.6892588259375,164.72274068578128,182.20599975585938,18.514121003818346
2022-12-13,160.9499969482422,-0.04179828130131225,32.56587197074292,-9.587391552957087,-9.208338064534198,200.0764374602665,161.33556205145226,180.70599975585938,18.98521414060533
2022-12-14,156.8000030517578,-0.02612261140486262,30.87606265706512,-10.494330915831824,-9.465536634793724,199.82587990336057,157.8241200966394,178.825,18.762014721705842
2022-12-15,157.6699981689453,0.005533102257132837,31.676448615988292,-11.015901109125195,-9.775609529660018,199.99992837596145,154.72507162403858,177.3625,18.62226966226431
2022-12-16,150.22999572753906,-0.04833680500131505,28.62403873585464,-11.892505858636753,-10.198988795455366,201.18930930348648,150.2416904523729,175.7154998779297,18.750216126136003
2022-12-19,149.8699951171875,-0.0023992055582815475,28.481025304212324,-12.472495316673673,-10.653690099699027,202.05004006217726,146.34895896126025,174.19949951171876,18.752790629340364
2022-12-20,137.8000030517578,-0.08396483835074355,24.128301600655945,-13.747614682843192,-11.27247501632786,204.89276466269925,140.4992351541953,172.69599990844728,18.887951272929875
2022-12-21,137.57000732421875,-0.0016704490129968075,24.05286713807419,-14.608319091208813,-11.939643831304052,206.90836235163204,135.24963783147342,171.07900009155273,18.795118792656783
2022-12-22,125.3499984741211,-0.09302311928148893,20.403025258646878,-16.090999101859666,-12.769914885415176,208.90290603700169,127.47009429869166,168.18650016784667,19.163048001018094
2022-12-23,123.1500015258789,-0.017706675474399133,19.819923419515902,-17.24476810776372,-13.664885529884884,209.94443843396112,120.45756199328497,165.20100021362305,18.933442697820634
2022-12-27,109.0999984741211,-0.12113825810398889,16.56412588502924,-19.072994573979628,-14.746507338703834,211.91942372724944,111.10057673051423,161.51000022888184,19.15613713737492
2022-12-28,112.70999908447266,0.032553261278161744,20.191721761213515,-20.00003241678195,-15.79721235431946,212.09509741598222,104.11290276712324,158.10400009155273,19.213992217659232
2022-12-29,121.81999969482422,0.07772640277207259,28.625201200394642,-19.77169982422828,-16.592109848301224,207.886034298185,101.03396615957865,154.46000022888182,19.2178423891498
2022-12-30,123.18000030517578,0.011102159833173808,29.817521480418037,-19.258998173689776,-17.125487513378935,202.51333898804506,99.25466180541197,150.8840003967285,18.87669510938781
2023-01-03,108.0999984741211,-0.13058999220665155,24.858748094033416,-19.84079619271168,-17.668549249245487,197.1876997567668,95.90430082306722,146.546000289917,19.259670477231403
2023-01-04,113.63999938964844,0.04997884108534127,29.497492162312014,-19.62857751700058,-18.060554902796508,192.8177891061115,93.39321171786311,143.1055004119873,19.010626193667527
2023-01-05,110.33999633789062,-0.02946907696009933,28.373846476903623,-19.501869937401338,-18.348817909717475,188.2394480265281,91.02355169881369,139.6314998626709,18.878018884700715
2023-01-06,113.05999755859376,0.024352154998279363,30.71652865739189,-18.96337393079429,-18.471729113932838,183.73098286352064,89.43401728906726,136.58250007629394,19.213270920636056
2023-01-09,119.7699966430664,0.057654579278002285,36.25542244784461,-17.79009794245991,-18.335402879638252,178.24052981097492,89.55746976177898,133.89899978637695,19.064028256215007
2023-01-10,118.8499984741211,-0.007711027963739906,35.83244325359202,-16.74151862670118,-18.01662602905084,170.21482051242043,91.5631786025698,130.8889995574951,18.937344299783636
2023-01-11,123.22000122070312,0.036109204525613114,39.44626244721647,-15.380591380989642,-17.489419099438603,164.0260284835464,93.29197002109228,128.65899925231935,19.029417531121183
2023-01-12,123.55999755859376,0.0027554627983877914,39.7306591592533,-14.111938231258662,-16.813922925802615,158.75928033474628,94.81971823092755,126.78949928283691,18.94777865894022
2023-01-13,122.4000015258789,-0.009432465746952078,39.0566808833325,-13.04969469796795,-16.061077280235683,153.7759522725744,96.36304614051157,125.06949920654297,19.01242678793567
2023-01-17,131.49000549316406,0.07163646233055776,46.68858014937212,-11.343609622381635,-15.117583748664874,148.29167369792304,99.22932544758476,123.7604995727539,19.043818470408873
2023-01-18,128.77999877929688,-0.020825332244057446,44.88394854255059,-10.093844248343188,-14.112835848600538,144.01257867940973,101.36342077127387,122.6879997253418,19.09199276812763
2023-01-19,127.16999816894533,-0.012580752996881195,43.8007701288822,-9.12808687579593,-13.115886054039617,138.81547432666537,104.29052542919402,121.5529998779297,18.953024587250127
2023-01-20,133.4199981689453,0.04797727392320404,48.95108861607395,-7.768840081056098,-12.046476859442915,137.82238903273063,104.84561023484751,121.33399963378906,18.748963113551355
2023-01-23,143.75,0.07457364612008015,56.110388054692976,-5.791323613400209,-10.795446210234374,139.58047952149573,103.7055190136605,121.64299926757812,19.12930356171767
2023-01-24,143.88999938964844,0.0009734348560736818,56.200041743921844,-4.164821317191894,-9.469321231625878,143.0501734463015,102.08982518040747,122.56999931335449,18.882520520704286
2023-01-25,144.42999267578125,0.0037457958683397114,56.568558777904215,-2.799957417654042,-8.135448468831513,146.33205946744553,100.9359382742537,123.63399887084961,19.07682311961987
2023-01-26,160.27000427246094,0.1040650092615062,65.68822385206924,-0.43512058930488706,-6.595382892926188,153.13200462689025,99.25299369464295,126.1924991607666,19.27430895816019
2023-01-27,177.89999389648438,0.10436164069972145,72.58751280661058,2.8290113754412403,-4.710504039252703,164.17390452292642,94.73009327980793,129.45199890136718,19.541023868354795
2023-01-30,166.66000366210938,-0.06526572943550507,63.78194343043372,4.457502880401108,-2.876902655321941,169.9515965593394,93.4364016401235,131.69399909973146,19.257403459802408
2023-01-31,173.22000122070312,0.03860663902242871,66.34779473076665,6.205893433059202,-1.0603434376457124,176.44595328601883,91.94604500499679,134.1959991455078,19.09776714287165
2023-02-01,181.41000366210935,0.04619721319012761,69.2744467627326,8.158326186928463,0.7833904872691226,183.187155196783,92.53584361303143,137.86149940490722,19.180581027589607
2023-02-02,188.2700042724609,0.03711744228973266,71.50947406678736,10.142274106176814,2.655167211050661,190.65649452559518,92.5295047725005,141.59299964904784,19.197471683686985
2023-02-03,189.97999572753903,0.009041655543147504,72.05515563667377,11.717477360053692,4.4676292408512674,196.83645679954185,94.31354243751872,145.57499961853028,19.265097318848877
2023-02-06,194.75999450683597,0.024849222136681948,73.57855547901038,13.199388901923328,6.2139811730656795,202.9910304282967,96.32896850358804,149.65999946594238,19.0422680163614
2023-02-07,196.80999755859372,0.010470780820742305,74.22746005642921,14.373543328862553,7.845893604225055,208.8442905807317,98.17970844270582,153.51199951171876,19.041312611864395
2023-02-08,201.2899932861328,0.022507837028282126,75.63572861703956,15.487042401409383,9.374123363661921,214.35930466439066,100.90869384024802,157.63399925231934,19.012202651918063
2023-02-09,207.32000732421875,0.029516907690852447,77.42387500637491,16.663978208848505,10.832094332699238,220.26591636853686,103.4120827464534,161.83899955749513,19.18815309200599
2023-02-10,196.88999938964844,-0.05161833459581209,68.11224264803046,16.564152602131713,11.978505986585734,223.01435118739886,107.99664811069687,165.50549964904786,19.1373203098009
2023-02-13,194.63999938964844,-0.011493498714308886,66.26088339292363,16.117689205391997,12.806342630346988,224.25241018896122,113.98258889551141,169.11749954223632,18.965765761161034
2023-02-14,209.25,0.07237801403011461,71.64951416144581,16.74968871013516,13.595011846304624,227.93470866601135,118.07628986914492,173.00549926757813,19.192896470151748
2023-02-15,214.2400054931641,0.023567198213512965,73.22258692087155,17.452028490113577,14.366415175066416,231.00491119551816,123.55208801102482,177.27849960327148,19.01404295324567
2023-02-16,202.0399932861328,-0.05863124321363247,63.888817280652084,16.83019083694191,14.859170307441516,230.29673620261144,131.74726251565028,181.02199935913086,19.25179042712727
2023-02-17,208.30999755859372,0.03056167870629532,66.268606781655,16.651370328847634,15.21761031172274,230.0289091075135,139.5040895497131,184.7664993286133,19.180263867842832
2023-02-21,197.3699951171875,-0.05394722804913013,58.96667551870719,15.448802837677562,15.263848816913706,228.65045491946677,146.24454324947857,187.44749908447267,19.008570742404277
2023-02-22,200.8600006103516,0.017528035977254008,60.46333601869224,14.608970593763416,15.132873172283649,226.37882002041343,154.21317827060219,190.2959991455078,19.07211230687149
2023-02-23,202.07000732421875,0.006006057267467722,60.99453641349572,13.881023125207378,14.882503162868396,222.3893007753122,163.9666989805472,193.1779998779297,18.801579904947747
2023-02-24,196.8800048828125,-0.02601977738759486,57.43031997445593,12.738488325454881,14.453700195385693,219.78934792337446,170.2276518935201,195.00849990844728,18.772942671843694
2023-02-27,207.6300048828125,0.05316324215501689,62.33925842669772,12.555721877495472,14.07410453180765,220.50963313213674,172.4803677833906,196.49500045776367,18.89709069010948
2023-02-28,205.7100067138672,-0.009290230436857878,60.986567961378114,12.116281394790917,13.682539904404305,218.22458163806903,178.6704195826341,198.44750061035157,18.84689509653274
2023-03-01,202.7700042724609,-0.014395089751065942,58.87971579981917,11.399383028174725,13.225908529158389,215.7960509707969,184.053950555082,199.92500076293945,18.87081835026746
2023-03-02,190.8999938964844,-0.06032265409146769,51.19057264102803,9.760907605213191,12.53290834436935,214.39665224354073,186.4023483057757,200.3995002746582,19.016770073920675
2023-03-03,197.7899932861328,0.035456129089512615,54.87431162314718,8.915595956138816,11.809445866723244,213.73731259833735,188.01368685234624,200.8754997253418,18.853717574570037
2023-03-06,193.80999755859372,-0.02032754273314507,52.41351063345388,7.834219979810882,11.014400689340773,213.34664032342468,188.7873593103644,201.06699981689454,18.66832255531318
2023-03-07,187.7100067138672,-0.03198003067013698,48.801323289273256,6.411100273082212,10.09374060608906,214.11046442654424,187.31853642794795,200.7145004272461,18.813572477433986
2023-03-08,182.0,-0.03089156736881823,45.63116673711748,4.767560363022341,9.028504557475717,215.71143079959043,184.23657029904237,199.9740005493164,18.83871849083185
2023-03-09,172.9199981689453,-0.05117763786639216,41.063077242193984,2.70122484168877,7.763048614318328,218.37766411188713,178.73333747502696,198.55550079345704,18.95144899109698
2023-03-10,173.44000244140625,0.0030026831172517087,41.424730999319486,1.0929996334136263,6.429038818137388,219.16533642265574,174.5576646759771,196.86150054931642,19.07034040668079
2023-03-13,174.47999572753906,0.005978365078895034,42.18878825507899,-0.09649928053963208,5.123931198401985,220.18755101022708,171.29444972219477,195.74100036621093,18.938225549373325
2023-03-14,183.25999450683597,0.04909578215581386,48.31793568589264,-0.32694440417120063,4.0337560778873485,220.24808984875844,170.09591039538216,195.1720001220703,18.783362915315855
2023-03-15,180.4499969482422,-0.015452165385496756,46.61457774096529,-0.7279260652043149,3.0814196492690162,218.71167212192836,168.75232781703647,193.73199996948242,18.799087049081702
2023-03-16,184.1300048828125,0.020188342220549882,49.143145191593746,-0.7402281459887092,2.3170900902174716,215.57833300689742,168.87466687103228,192.22649993896485,18.61243105170595
2023-03-17,180.1300048828125,-0.021963216854791676,46.56162284245849,-1.0605191990705976,1.641568232359858,214.59982271529793,167.66217832229972,191.13100051879883,18.707340551569455
2023-03-20,183.25,0.01717250122413543,48.819976874070825,-1.0504852945691425,1.103157526974058,212.1293103770523,167.626690904686,189.87800064086915,18.680614372200164
2023-03-21,197.5800018310547,0.07529223411697607,57.6686457178171,0.11248141821064905,0.9050223052213762,212.15488992395348,167.62211202917155,189.8885009765625,18.848503389263648
2023-03-22,191.1499938964844,-0.03308514667181837,53.22213160307853,0.5094207292466422,0.8259019900264295,211.07770436978322,167.72829691195508,189.40300064086915,18.828652048923946
2023-03-23,192.22000122070312,0.005582127533771847,53.85969055843099,0.8999644121413155,0.8407144744494068,209.80697204082378,168.01402863056296,188.91050033569337,18.786669486497622
2023-03-24,190.41000366210935,-0.009460894526444722,52.55481716980708,1.0513026557505611,0.8828321107096377,209.16184172263888,168.01215882667753,188.5870002746582,18.57179024121109
2023-03-27,191.80999755859372,0.007325624786097459,53.493356238736375,1.2695722724773475,0.9601801430631798,206.41137291767066,169.18062689922388,187.79599990844727,18.6100739128539
2023-03-28,189.19000244140625,-0.013753472002494754,51.44247228712391,1.2171107118754207,1.011566256825628,203.59853325344687,170.34146613620157,186.96999969482422,18.40713542898038
2023-03-29,193.8800048828125,0.0244876221590413,54.78432660101637,1.5362693909247866,1.11650688364546,201.79549115718666,171.25550829349694,186.5254997253418,18.633046430181388
2023-03-30,195.27999877929688,0.007194983671774654,55.76303656834209,1.8804955683505682,1.2693046205864817,202.39943606244208,171.0895638765228,186.74449996948243,18.518281035810777
2023-03-31,207.4600067138672,0.060504162532241994,63.221725146177285,3.100382858056122,1.63552026808041,204.7993271847974,169.6566740969409,187.22800064086914,18.952614618787347
2023-04-03,194.7700042724609,-0.06311918518816914,53.16411936934502,3.008495122664158,1.9101152389971596,204.92809349094745,169.62390846217755,187.2760009765625,18.94863425048432
2023-04-04,192.5800018310547,-0.011307735857578445,51.63739660394504,2.7275174130265327,2.0735956738030343,205.33044343397353,169.70855803087022,187.51950073242188,18.65546666707804
2023-04-05,185.5200042724609,-0.03734894534323159,46.955981861080126,1.913104673872425,2.0414974738169125,205.34563621234977,170.04536567974006,187.69550094604492,18.71247311504119
2023-04-06,185.05999755859372,-0.002482632348555218,46.659161280030524,1.2165345600515138,1.876504891063833,204.59596729993874,172.00903453111593,188.30250091552733,18.634645506778035
2023-04-10,184.50999450683597,-0.0029764508462146334,46.282453086297394,0.6130502153501709,1.6238139559211004,203.71235113780148,173.99964989979617,188.85600051879882,18.772425762755205
2023-04-11,186.7899932861328,0.012281322445656238,48.15124385158864,0.31512876283176183,1.362076917303233,202.75702913075455,176.18597166270249,189.47150039672852,18.567123804824167
2023-04-12,180.5399932861328,-0.03403263254550459,43.66663734088806,-0.4204521901422993,1.0055710958141264,202.94060111128806,175.73039956009865,189.33550033569335,18.827853067272315
2023-04-13,185.8999938964844,0.029256539212836878,48.1284900357256,-0.5643921793658251,0.6915784407781361,202.67128383978445,176.5447165264265,189.60800018310547,18.542305289330656
2023-04-14,185.0,-0.004853036816821199,47.44891834748335,-0.7425282403930851,0.4047571045438919,202.64357803620578,176.65942184172388,189.65149993896483,18.384418141671805
2023-04-17,187.0399932861328,0.010966636750077955,49.19986051881264,-0.7108971629264147,0.18162625104983057,202.27059656708389,177.72340215117782,189.99699935913085,18.574793145904177
2023-04-18,184.30999755859372,-0.01470335251106692,46.94560571966622,-0.8957910245106291,-0.033857204062261365,202.2095478297517,177.8904506443694,190.04999923706055,18.338027141691263
2023-04-19,180.58999633789065,-0.020389861131667346,43.98800721881989,-1.327194676981577,-0.2925246986461245,201.5179419288406,176.8830559959641,189.20049896240235,18.649668790880572
2023-04-20,162.99000549316406,-0.102540365251667,33.29914654783779,-3.054052139585366,-0.8448301868339728,204.73952130144465,170.845477783028,187.79249954223633,19.16723029797815
2023-04-21,165.0800018310547,0.012741333042302827,35.309423603145774,-4.205475775473559,-1.5169593045618903,206.02944680536268,166.84155234014514,186.4354995727539,18.6320674617496
2023-04-24,162.5500030517578,-0.015444550452118741,33.97455720764249,-5.261485925296,-2.2658646287087123,207.23564418472012,162.84935489975254,185.04249954223633,18.757200129462053
2023-04-25,160.6699981689453,-0.011633104865311444,32.97690222141736,-6.178856250705508,-3.0484629531080714,207.93428274781633,159.03671639769146,183.4854995727539,18.619525873172922
2023-04-26,153.75,-0.04402465397224694,29.538570797987745,-7.379202014851529,-3.914610765456763,209.35076695683495,154.07623194453225,181.7134994506836,18.848325397345693
2023-04-27,160.19000244140625,0.041032719267455574,36.2049442170022,-7.721817994114758,-4.676052211188362,208.63383658271363,151.42416207451294,180.02899932861328,18.659817330173627
2023-04-28,164.30999755859375,0.025394246651119615,40.10882355514724,-7.573590811891592,-5.2555599313290084,206.9619295122131,149.99906902294316,178.48049926757812,18.62375056738595
2023-05-01,161.8300018310547,-0.015208459761728233,38.57846490878195,-7.568984093977491,-5.7182447638587055,202.09955265490663,150.29844539196836,176.1989990234375,18.506996054577336
2023-05-02,160.30999755859375,-0.009436987371174365,37.63075634594699,-7.6003725151360015,-6.094670314114165,199.75210452927567,149.19989284621263,174.47599868774415,18.66956768048003
2023-05-03,160.61000061035156,0.001869644402715088,37.95472583969242,-7.514418783822094,-6.378620008055751,197.36420468659335,148.39079256682462,172.87749862670898,18.60073306965454
2023-05-04,161.1999969482422,0.0036667412660127767,38.6298738354276,-7.314376479811983,-6.565771302406999,195.91911620028546,147.4038803207106,171.66149826049804,18.370528913636228
2023-05-05,170.05999755859375,0.05350549046047228,47.813560567573575,-6.3675127857610505,-6.52611959907781,194.33819088414035,147.48480563685573,170.91149826049804,18.49399905654989
2023-05-08,171.7899932861328,0.01012145995502574,49.40561647833562,-5.415098405766344,-6.303915360415518,192.82187093323373,147.72912546569208,170.2754981994629,18.536233748269506
2023-05-09,169.14999389648438,-0.015486902413259212,47.04690310784231,-4.817792521973018,-6.006690792727019,190.55746770858218,148.22952875137878,169.39349822998048,18.30375360316345
2023-05-10,168.5399932861328,-0.003612788634512576,46.49455600869368,-4.343575225559334,-5.674067679293483,189.2970216144109,148.28997484555,168.79349822998046,18.60167392718203
2023-05-11,172.0800018310547,0.020786425091438347,50.15207700505581,-3.6401441809045707,-5.2672829796157,187.0511441329897,149.15385312042827,168.10249862670898,18.458842252115275
2023-05-12,167.97999572753906,-0.024114596337054404,46.211968342934505,-3.374605881459445,-4.888747559984449,184.45308015192907,150.04991667424278,167.25149841308593,18.877153245248895
2023-05-15,166.35000610351562,-0.009750860107846383,44.70816468296612,-3.25813366949194,-4.5626247818859476,180.67800177505765,151.7559963328525,166.21699905395508,18.475097913457297
2023-05-16,166.52000427246094,0.0010214088288270423,44.909517325988304,-3.1161896760460763,-4.273337760717974,177.02755672456232,153.62744205473456,165.32749938964844,18.403420651872416
2023-05-17,173.86000061035156,0.04313493317739194,52.88711784822614,-2.383941088118064,-3.895458426197992,175.1251419438718,154.85685726267118,164.9909996032715,18.647605943811712
2023-05-18,176.88999938964844,0.01727768584344739,55.73663594271967,-1.5413653278531285,-3.4246398065290196,177.07159242574016,154.30040617045125,165.6859992980957,18.511620487297154
2023-05-19,180.13999938964844,0.018206255962432197,58.62713562653323,-0.6044029478409811,-2.860592434791412,179.52142154159156,153.35657681045922,166.4389991760254,18.72961072965359
2023-05-22,188.8699951171875,0.0473245988875953,65.20087123657002,0.8329820853949172,-2.121877530754146,184.0828865787465,151.42711097984724,167.75499877929687,18.698323094130686
2023-05-23,185.7700042724609,-0.016549549453013596,61.4661051896634,1.7023530601697132,-1.357031412569374,186.8348327009366,151.18516546800873,169.00999908447267,18.87145122759144
2023-05-24,182.8999938964844,-0.015569850375931848,58.145379865880976,2.1351374342296765,-0.6585976432095639,187.79876392897924,153.1362336296145,170.46749877929688,18.739898553997328
2023-05-25,184.47000122070312,0.008547333224801211,59.43641045876835,2.5751242097501574,-0.011853272617619703,189.37918097585472,153.9838164606687,171.6814987182617,18.38888766787891
2023-05-26,193.1699981689453,0.04608376548838008,65.74238678325187,3.5845138991516308,0.7074201617362305,192.87829595690863,153.37070154064997,173.1244987487793,18.90348645695569
2023-05-30,201.16000366210935,0.04053000876950061,70.30771711331711,4.971876471223965,1.5603114236337774,197.730465160915,152.45153251974904,175.09099884033202,18.673916555194264
2023-05-31,203.92999267578125,0.013676132280176284,71.71501708212918,6.223149672984107,2.4928790735038433,202.204181076854,152.33981611552878,177.2719985961914,18.830879304909036
2023-06-01,207.5200042724609,0.017450979367424006,73.47003764961696,7.418955531956016,3.478094365194278,206.6845011555273,152.55049640306646,179.61749877929688,18.812924845106096
2023-06-02,213.97000122070312,0.03060808282755737,76.31366392035308,8.785823633495141,4.539640218854451,211.92651888799696,152.5854790978429,182.25599899291993,18.917803314261683
2023-06-05,217.6100006103516,0.016868648629117584,77.7622778868852,10.046978665687249,5.641107908221011,217.6238538966451,151.64314439437052,184.6334991455078,18.833737634747454
2023-06-06,221.30999755859372,0.01685994991971048,79.15763845070808,11.215724060960355,6.75603113876888,223.31745140315465,150.90154731510708,187.10949935913087,18.805341610115832
2023-06-07,224.57000732421875,0.014623072672155188,80.32883159278808,12.263651015073634,7.857555114029832,228.6904334698322,151.07056659120295,189.88050003051757,19.03970118833639
2023-06-08,234.8600006103516,0.044802099330861545,83.4836632998974,13.765773865024016,9.03919886422867,235.50445164682884,150.88854914662818,193.1965003967285,18.91835851830701
2023-06-09,244.3999938964844,0.03981660778824774,85.76333345936865,15.546800931371507,10.340719277657238,243.6418771550057,149.9831228449943,196.8125,19.115039195627173
2023-06-12,249.8300018310547,0.02197449156261295,86.87386814529043,17.198184013103855,11.712212224746562,251.2956347843694,150.51436582598214,200.90500030517578,18.828395991929288
2023-06-13,258.7099914550781,0.03492701634188564,88.45931625424502,19.004387206541537,13.170647221105558,259.3885773677195,151.6574217777883,205.52299957275392,18.905476312299918
2023-06-14,256.7900085449219,-0.007449046704933148,86.0394981235201,20.049768425586592,14.546471462001765,265.2523749275398,154.82062464521414,210.03649978637696,18.95468857778588
2023-06-15,255.8999938964844,-0.003471944208969137,84.88037146368207,20.569313586209972,15.751039886843408,270.22106845775573,158.05593044361143,214.13849945068358,18.89175380739944
2023-06-16,260.5400085449219,0.017969713751816718,85.94357129879621,21.1121001246226,16.82325193439925,275.17861002427907,161.4633897926155,218.32099990844728,18.938972036134935
2023-06-20,274.45001220703125,0.05201270640767318,88.54426552810028,22.406396421215334,17.939880831762466,282.1593885895154,163.91361250911737,223.0365005493164,18.925153436516915
2023-06-21,259.4599914550781,-0.05616662426467672,72.8926932828762,21.96931754606848,18.74576817462367,285.5287427427773,167.6032579896446,226.56600036621094,19.171139303596924
2023-06-22,264.6099853515625,0.019654473293680905,74.55671818873549,21.78733996274056,19.354082532247048,288.5209164230871,172.49508241724493,230.50799942016602,18.93276098635515
2023-06-23,256.6000061035156,-0.03073851253541729,67.60544309404062,20.75750345501561,19.634766716800762,288.7318400660418,179.65415999499334,234.19300003051757,18.994260303054507
2023-06-26,241.0500030517578,-0.06251408245574486,56.57727260120277,18.473642660446842,19.40254190552998,286.3189118293969,187.72508841474374,237.02200012207032,19.00841519082448
2023-06-27,250.2100067138672,0.03729619858071868,60.64941412275674,17.204479735634465,18.962929471550876,284.9041155187407,194.84388557989212,239.8740005493164,18.921263292079615
2023-06-28,256.239990234375,0.023813875097039847,63.1024741289266,16.49508319805122,18.469360216850944,284.3009376436124,200.955062112247,242.62799987792968,18.889250852448033
2023-06-29,257.5,0.004905252914132209,63.61291646330385,15.851823633407065,17.94585290016217,283.2237609063112,207.38923958197006,245.30650024414064,18.69286891087002
2023-06-30,261.7699890136719,0.016446493545468958,65.3617286852657,15.507823683469866,17.45824705682371,282.12483401526924,213.9131649471331,248.01899948120118,18.539536990178878
2023-07-03,279.82000732421875,0.06668035183063045,71.57983448731724,16.501468218309498,17.266891289120867,284.27207084398253,218.35092872877132,251.31149978637694,18.600381377458874
2023-07-05,282.4800109863281,0.009461225032650612,72.3670936676078,17.30410775320047,17.274334581936788,286.2963084150799,222.8136921952716,254.55500030517578,18.694752370569756
2023-07-06,276.5400085449219,-0.02125228365266279,67.84735694920144,17.261912233892247,17.271850112327883,286.3763962305176,228.2566054784667,257.3165008544922,18.605765986579375
2023-07-07,274.42999267578125,-0.007659314226953743,66.26416163744716,16.863815763575275,17.190243242577363,285.3870646056791,234.23193563846147,259.8095001220703,18.55064880419214
2023-07-10,269.6099853515625,-0.01771977662648564,62.66678714784231,15.975234574203228,16.947241508902536,284.5833550020572,238.5106437162045,261.54699935913084,18.598202474990575
2023-07-11,269.7900085449219,0.0006674942605875906,62.74813020023061,15.111359599958007,16.58006512711363,284.6406525649681,240.9923476181373,262.8165000915527,18.33699910087714
2023-07-12,271.989990234375,0.008121354742896705,63.78654379056273,14.43782236630392,16.15161657495169,285.2161844622117,242.63281456122579,263.92449951171875,18.3764372883205
2023-07-13,277.8999938964844,0.021496049775542363,66.48902520171296,14.2170419498338,15.764701649928112,286.9033969078591,242.8646023597191,264.8839996337891,18.54007582179249
2023-07-14,281.3800048828125,0.012444771516691934,68.00320273324651,14.159655981994945,15.443692516341478,288.9604866708036,243.2665122305636,266.1134994506836,18.603522173922173
2023-07-17,290.3800048828125,0.03148434056863512,71.57975174902454,14.671280582896202,15.289210129652423,292.56562994918767,243.10937005081226,267.8375,18.695046554731206
2023-07-18,293.3399963378906,0.010141906463636843,72.66207227294412,15.141056661695188,15.259579436060978,296.41940151915213,242.5355972601447,269.4774993896484,18.535082968880875
2023-07-19,291.260009765625,-0.00711596075110357,70.62666426425305,15.17064233405847,15.241792015660478,298.91128888467586,241.72470965048032,270.3179992675781,18.773837312661563
2023-07-20,262.8999938964844,-0.1024426640636013,50.04316896699022,12.758599730718629,14.745153558672108,298.8487009858031,242.13129779349384,270.48999938964846,18.9812007001473
2023-07-21,260.0199890136719,-0.011015199637560409,48.49741469477693,10.493681635105872,13.894859173958862,298.89253514908233,241.6284639964255,270.26049957275393,18.90184746464689
2023-07-24,269.0599975585937,0.03417588510139714,53.36656680662446,9.320727322923233,12.980032803751737,298.79723277655694,242.9697655144587,270.8834991455078,18.73189744903835
2023-07-25,265.2799987792969,-0.014148526638195588,51.18737877746043,7.993988545253046,11.982823952052,296.43078841914877,247.7592094446208,272.0949989318848,18.540748288130885
2023-07-26,264.3500061035156,-0.003511861575139069,50.639496351977606,6.7892338074690315,10.944105923135407,295.2056200266363,250.39837777609804,272.8019989013672,18.378359720198986
2023-07-27,255.7100067138672,-0.03322998965193553,45.74114047167302,5.078736739005649,9.771032086309456,295.26270150987654,250.28829794080704,272.7754997253418,18.456986645860084
2023-07-28,266.44000244140625,0.041105070589749985,51.956498234569146,4.5366804415346,8.724161757354484,294.76684389092793,251.67815580389626,273.2224998474121,18.529050735591156
2023-07-31,267.42999267578125,0.0037087357528333273,52.49716668744124,4.139265977123841,7.807182601308355,294.55954309329564,252.45145696773946,273.50550003051757,18.253234412370436
2023-08-01,261.07000732421875,-0.02406922380883306,48.70506162781752,3.2733809871944004,6.900422278485564,294.1024806585241,251.03351940251105,272.56800003051757,18.23634918044769
2023-08-02,254.1100006103516,-0.027021352113565888,44.88407918218012,2.002463368483177,5.920830496485087,293.6506935038069,248.64830551963064,271.1494995117188,18.438057892937056
2023-08-03,259.32000732421875,0.020295602012260324,48.162454579692955,1.3995231672545856,5.016569030638987,293.234640501118,247.34235840024922,270.2884994506836,18.39607141314397
2023-08-04,253.8600006103516,-0.02127991218642005,45.1326669448292,0.47562904761025493,4.108381034033241,293.24500822475267,245.2749914700716,269.25999984741213,18.416069136819143
2023-08-07,251.4499969482422,-0.009538785882980403,43.82225598432821,-0.4458909000584299,3.197526647214907,293.6217761414324,243.08222471305976,268.3520004272461,18.525922361542097
2023-08-08,249.6999969482422,-0.00698396541730477,42.84936114325874,-1.3023992248693617,2.2975414727980534,293.9392135159954,240.75578617882883,267.3474998474121,18.386526067139773
2023-08-09,242.19000244140625,-0.030537632908455258,38.862024996039565,-2.55769848018258,1.326493482201927,294.60599740819913,237.10900350732817,265.85750045776365,18.436517684965573
2023-08-10,245.33999633789065,0.012922436522360333,41.32819343587752,-3.2607659223160113,0.40904160129833933,293.78302034654047,234.67598081312752,264.229500579834,18.511422330883505
2023-08-11,242.6499938964844,-0.011024937980288016,39.84988057510875,-3.98902960111036,-0.4705726391834006,292.18837775334663,232.39762230768855,262.2930000305176,18.411020241194976
2023-08-14,239.75999450683597,-0.011981650600334395,38.26620896062634,-4.744688792489711,-1.3253958698446628,288.17982885765343,231.34417016578402,259.7619995117187,18.40653416123641
2023-08-15,232.9600067138672,-0.028771606269163908,34.765312173030026,-5.825108110616441,-2.2253383179990185,282.8784756475786,230.6075244134565,256.7430000305176,18.29509032106062
2023-08-16,225.6000061035156,-0.032103247149655095,31.415208719272997,-7.192330039768109,-3.2187366623528364,277.77135722299545,229.1486424718288,253.45999984741212,18.538326001228857
2023-08-17,219.22000122070312,-0.028687749322523545,28.822402235822494,-8.690497695256425,-4.313088868933555,279.5428373690285,223.00916305821755,251.27600021362304,18.608971126809305
2023-08-18,215.4900054931641,-0.017161267109647226,27.39865964001099,-10.062788278872802,-5.463028750921405,281.1688541134024,216.9301479617929,249.04950103759765,18.73019720914867
2023-08-21,231.27999877929688,0.07071456218373605,40.743053877439834,-9.763668465104388,-6.323156693758001,278.7643643656175,215.5566378316481,247.1605010986328,18.725977028807453
2023-08-22,233.19000244140625,0.00822448994977978,42.128706452298665,-9.265683493065069,-6.911662053619415,276.5388150811928,214.5731874822837,245.55600128173828,18.686445382129236
2023-08-23,236.8600006103516,0.015615669490355368,44.7997001021774,-8.477169105562126,-7.2247634640079585,274.07362585367326,214.28937616048688,244.18150100708007,18.431399106526325
2023-08-24,230.0399932861328,-0.029216074210292504,41.01161111094004,-8.306827430612174,-7.441176257328802,272.9100651889159,212.8859354824708,242.89800033569335,18.41845227275386
2023-08-25,238.58999633789065,0.036493404628287436,47.05569433209904,-7.396652627811875,-7.4322715314254175,269.43017716810573,213.5808228929294,241.50550003051757,18.484708519056383
2023-08-28,238.82000732421875,0.0009635784854130897,47.212392123944205,-6.580911918699286,-7.261999608880192,265.19868242807877,214.95131909780014,240.07500076293945,18.49461592474995
2023-08-29,257.17999267578125,0.07406603958973092,57.918728942798275,-4.402188464213481,-6.690037379946849,264.3720921177086,215.3889079433266,239.88050003051757,18.713705526178753
2023-08-30,256.8999938964844,-0.001089320005828064,57.72644093780922,-2.6673800937857663,-5.885505922714633,264.881833372639,215.15816601700942,240.0199996948242,18.61943652440724
2023-08-31,258.0799865722656,0.004582681990043304,58.353942658055566,-1.1836717827754057,-4.9451390947267875,264.6225785222292,215.29341879222392,239.95799865722657,18.505588836422383
2023-09-01,245.00999450683597,-0.051970558729417304,49.57590474978397,-1.0503535638952997,-4.16618198856049,263.4362578804092,215.59473882369235,239.51549835205077,18.702407123923663
2023-09-05,256.489990234375,0.04579063580383233,55.857060763284785,-0.018148991762217292,-3.336575389200836,264.3155991939434,215.21939683877142,239.76749801635742,18.67895667023507
2023-09-06,251.9199981689453,-0.017978069897591802,53.02538391050282,0.4262073486127349,-2.584018841638122,264.6348958424128,215.1221003123724,239.87849807739258,18.577340852527907
2023-09-07,251.4900054931641,-0.0017083203640210316,52.754393115826915,0.7351913066947589,-1.9201768119715459,265.6264689628589,215.06052749710204,240.34349822998047,18.56315986969985
2023-09-08,248.5,-0.011960403623667272,50.80986438616748,0.7303755501055491,-1.390066339556127,265.9548619164064,215.04813490976545,240.50149841308593,18.58930644759058
2023-09-11,273.5799865722656,0.09615118904304938,63.097143294342985,2.718961842871863,-0.5682607030705291,271.49603350440026,212.5999625893497,242.047998046875,18.97839702038613
2023-09-12,267.4800109863281,-0.022549196320499374,59.22234770352122,3.7593779874103177,0.2972670350256402,274.96433387076775,211.9036638709315,243.43399887084962,18.728164715758886
2023-09-13,271.29998779296875,0.01418033641106544,60.8439892103298,4.836404421553823,1.2050945123312768,278.8034960273519,211.89849982225746,245.3509979248047,18.53109179316704
2023-09-14,276.0400085449219,0.017320639037477315,62.81981383518831,6.0032341445109125,2.164722438767204,282.63560573109135,213.11039036265868,247.872998046875,18.49495114077163
2023-09-15,274.3900146484375,-0.0059953082833390835,61.65355523986138,6.71738060642997,3.0752540722997574,284.56659517583597,216.69640226068748,250.63149871826172,18.711051456270535
2023-09-18,265.2799987792969,-0.03376463807907184,55.5243625757481,6.473620806618271,3.7549274191634607,283.298571098621,222.94342566651576,253.12099838256836,18.435995876311022
2023-09-19,266.5,0.004588376260533905,56.15301514868885,6.306189484695153,4.2651798322698,283.7763759615654,225.98762092564164,254.88199844360352,18.457051254904844
2023-09-20,262.5899963378906,-0.014780377139554338,53.54099492118303,5.791236567297176,4.570391179275275,283.540837011985,229.1631592648705,256.35199813842775,18.623740772683007
2023-09-21,255.6999969482422,-0.026588996104119158,49.1981076533035,4.772156848027123,4.610744313025645,282.8986703145252,231.68932559611932,257.29399795532225,18.602598060718996
2023-09-22,244.8800048828125,-0.043236555785455495,43.26332936644692,3.0562157425473515,4.299838598929987,281.0436017532312,235.0283953170813,258.03599853515624,18.663815932150296
2023-09-25,246.9900054931641,0.008579557642105126,44.66515853599289,1.8453079081106125,3.808932460766112,280.2432503636257,236.6687476222142,258.45599899291994,18.46600396234742
2023-09-26,244.1199951171875,-0.011687984544271047,43.105084131317085,0.646615097199259,3.1764689880527417,279.6131771037547,237.82881966138208,258.7209983825684,18.440420633986488
2023-09-27,240.5,-0.014939798128788435,41.152619747298736,-0.5886750642556535,2.423440177591063,280.31355186097176,235.46044563658688,257.8869987487793,18.732547014407867
2023-09-28,246.3800048828125,0.0241549898062297,45.472987467398795,-1.0807262250087035,1.7226068970711097,280.3709151110069,234.35108348518446,257.3609992980957,18.578187793435422
2023-09-29,250.22000122070312,0.015465456415727708,48.15017433537072,-1.1475959311230213,1.1485663314322836,280.1936891405099,233.74231092052534,256.9680000305176,18.671616108175346
2023-10-02,251.6000061035156,0.005500013317317833,49.11705684044062,-1.0768228506050264,0.7034884950248216,279.98974396198014,234.605257258723,257.29750061035156,18.634261929225325
2023-10-03,246.52999877929688,-0.020356864105244107,45.742194629371745,-1.4135473991328524,0.28008131619328674,279.9978767327802,233.60112534241514,256.7995010375977,18.440339253020873
2023-10-04,261.1600036621094,0.05764957536105983,55.28901074259587,-0.49418820975927247,0.1252274110027749,280.4187103321973,234.10429229231443,257.26150131225586,18.680901181294544
2023-10-05,260.04998779296875,-0.0042593870629195184,54.50539131235868,0.14319095143969207,0.12882011909015834,280.7136040149518,234.66539683954045,257.6895004272461,18.59597098051665
2023-10-06,260.5299987792969,0.0018441397469999051,54.80370684490598,0.6792217581096338,0.23890044689405343,280.9296020658083,235.65239866661358,258.29100036621094,18.587226861929988
2023-10-09,259.6700134277344,-0.0033063672235030543,54.11902244030539,1.0228456753690125,0.3956894925890453,279.08174736084584,236.1092560571229,257.5955017089844,18.434365686513217
2023-10-10,263.6199951171875,0.015097007960672728,56.789323793682485,1.5955085866212642,0.6356533113954891,278.5820595017219,236.22294232933277,257.40250091552736,18.6248942553153
2023-10-11,262.989990234375,-0.0023926822540326844,56.22723124499945,1.9757368758780274,0.9036700242919968,277.3280519676601,236.64595010753527,256.9870010375977,18.457073433166755
2023-10-12,258.8699951171875,-0.015789985181823882,52.563190312689144,1.922460433601259,1.1074281061538493,274.43087455810945,237.82612617431238,256.1285003662109,18.529607800933743
2023-10-13,251.1199951171875,-0.030395093236742683,46.4335475044007,1.2405776320043742,1.1340580113239542,271.22387751846475,238.7061212608321,254.96499938964843,18.441206648835923
2023-10-16,253.9199981689453,0.011088356477393282,48.75851376149586,0.9155633997594634,1.0903590890110562,269.9154647267335,238.87853399152823,254.39699935913086,18.30321616883204
2023-10-17,254.8500061035156,0.003655911168542643,49.54188500170537,0.7246775157184402,1.017222774352533,268.2574518169308,239.37154751168248,253.81449966430665,18.35414450604008
2023-10-18,242.67999267578125,-0.048931487841958825,40.76030906929187,-0.40396266704715345,0.7329856860725957,267.4584710665195,238.17952789588284,252.81899948120116,18.645006004772785
2023-10-19,220.1100006103516,-0.09761624872658325,30.103232261747536,-3.0840765628431086,-0.0304267637105452,271.642198405128,230.43680092348527,251.03949966430665,18.955843996333762
2023-10-20,211.9900054931641,-0.037588294506417,27.334269330612003,-5.796483623737004,-1.183638135715837,276.3416299664916,222.4483694231568,249.3949996948242,18.74283743609498
2023-10-23,212.0800018310547,0.00042444095402800134,27.41396062208193,-7.848352882397791,-2.516581085052228,279.35460069489676,215.9443983285407,247.64949951171874,18.830691511544806
2023-10-24,216.5200042724609,0.020719371046622158,31.41048100518995,-9.012314609585161,-3.8157277899588147,280.8900413096734,211.64895862929143,246.2694999694824,18.588151750153205
2023-10-25,212.4199981689453,-0.019117503387764197,29.77991507067297,-10.148612009689487,-5.082304633904949,282.60795471085305,207.12304504500634,244.8654998779297,18.488947627974177
2023-10-26,205.75999450683597,-0.031855023921114264,27.300710438536242,-11.454502150797708,-6.356744137283501,284.41078010376515,201.25821861449657,242.83449935913086,18.561421346413916
2023-10-27,207.3000030517578,0.00745661981088352,28.777236398450654,-12.224250130694458,-7.5302453359656925,285.00040185689676,196.37659704447043,240.6884994506836,18.36813615122801
2023-10-30,197.3600006103516,-0.04913755884950848,25.217190024984134,-13.480956006216417,-8.720387470015838,285.96341894008583,189.98957941196497,237.97649917602538,18.73145562071511
2023-10-31,200.83999633789065,0.017479077618859314,28.549817835517047,-14.03431900157986,-9.783173776328644,286.2460137241026,185.13798438380755,235.69199905395507,18.586773837010977
2023-11-01,205.66000366210935,0.023715784675123197,33.00322691723923,-13.923428239871924,-10.6112246690373,283.6773314426991,182.15666666521105,232.91699905395507,18.616754808347125
2023-11-02,218.50999450683597,0.060607417331922916,43.17245420429228,-12.652805971833402,-11.01954092959652,280.3087306832084,181.37126809608844,230.83999938964843,18.651694055311783
2023-11-03,219.9600067138672,0.006613987223154421,44.20167546952853,-11.397442184383806,-11.095121180553978,276.4473332669161,181.1756663058378,228.81149978637694,18.599118108696338
2023-11-06,219.2700042724609,-0.003141875517400063,43.795194737130444,-10.33905260624482,-10.943907465692146,272.2962804182682,181.2867182389583,226.79149932861327,18.580550475923108
2023-11-07,222.17999267578125,0.013183964542986846,46.048550002291464,-9.159870213919532,-10.587100015337624,266.8091739899601,182.62982442312585,224.71949920654296,18.576830290428237
2023-11-08,222.1100006103516,-0.00031507378994064173,46.00077907813135,-8.13720679251469,-10.097121370773039,260.7154752576123,184.63552419307132,222.6754997253418,18.484451479793226
2023-11-09,209.97999572753903,-0.05616048965858237,38.53896275659802,-8.210878783005768,-9.719872853219584,254.5823162277644,185.87968328395436,220.2309997558594,18.77211548899987
2023-11-10,214.6499938964844,0.021996498496030515,42.41200090263356,-7.802492268825006,-9.336396736340669,249.57960606353294,187.2353933261155,218.40749969482422,18.690662086223725
2023-11-13,223.7100067138672,0.04134183399945281,49.11185430662352,-6.670877968649165,-8.803292982802368,243.40190682599044,190.3920934181502,216.89700012207032,18.760345030556973
2023-11-14,237.41000366210935,0.059438019477541446,57.217314775581464,-4.615386917441924,-7.96571176973028,238.0396737858848,194.01032621411522,216.025,18.824622031635688
2023-11-15,242.83999633789065,0.02261415546906529,59.94081040108994,-2.519200644867425,-6.876409544757709,238.0885375377803,193.97746282843062,216.03300018310546,18.828503078285177
2023-11-16,233.58999633789065,-0.03883534904080814,53.67266612807682,-1.5860723612849483,-5.818342108063157,240.0721229895155,193.34187694944933,216.7069999694824,18.734153369939147
2023-11-17,234.3000030517578,0.003034932397664385,54.069694111105626,-0.7802753373003384,-4.810728753910594,242.3411910904154,193.3038086044088,217.8224998474121,18.775082713641204
2023-11-20,235.6000061035156,0.005533119144943252,54.83295340889739,-0.03635690882688891,-3.8558543848938527,244.59020702967027,193.40679309240002,218.99850006103514,18.571856440043465
2023-11-21,241.1999969482422,0.023490974516940342,58.065687074338804,0.993622404899213,-2.88595902693524,247.6368861365877,192.82811325306074,220.2324996948242,18.62188948464222
2023-11-22,234.2100067138672,-0.02940827473431172,52.96947131996677,1.231656863852436,-2.0624358487777052,249.1479523436975,193.4960479004431,221.3220001220703,18.585776459184373
2023-11-24,235.4499969482422,0.005280386261856706,53.74502711396781,1.5030317223117606,-1.3493423345598121,250.30270723325688,195.3102932550244,222.80650024414064,17.991822144405404
2023-11-27,236.0800018310547,0.0026721746625813217,54.158646562522776,1.7487755852912983,-0.72971875058959,251.33411351031722,197.1568868558937,224.24550018310546,18.534293326456744
2023-11-28,246.72000122070312,0.04408335693193017,60.57129466715591,2.7701557644604122,-0.02974384757958959,252.44887109560662,200.97812933163945,226.71350021362304,18.816431493430393
2023-11-29,244.13999938964844,-0.010512266581044115,58.436636769343444,3.333001562022048,0.642805234340738,252.66026870853707,205.0967320238848,228.87850036621094,18.723753526963495
2023-11-30,240.0800018310547,-0.01676961998268328,55.143239324213155,3.412120241340375,1.1966682357406655,252.18705825673052,209.01194229258587,230.5995002746582,18.700984672215707
2023-12-01,238.8300018310547,-0.005220199323597404,54.1317074290764,3.3355081497369383,1.6244362185399202,252.7145028847577,210.51649839698055,231.61550064086913,18.614038683545704
2023-12-04,235.5800018310547,-0.01370144313218934,51.487201036433866,2.9782136830990282,1.895191711451742,252.82462869879865,211.9683720946584,232.39650039672853,18.46086062195993
2023-12-05,238.72000122070312,0.013240755825754019,53.83384645988129,2.914826645641284,2.099118698289651,253.0023857004109,213.73561478787036,233.36900024414064,18.74255480814803
2023-12-06,239.3699951171875,0.002719129460769398,54.32636335348766,2.88379840409749,2.256054639451219,253.29638411796023,215.16061661446165,234.22850036621094,18.655248398988746
2023-12-07,242.63999938964844,0.013568409275163595,56.822012672018964,3.087479770444986,2.4223396656499725,253.7786474574438,216.73135315290773,235.25500030517577,18.489668424759177
2023-12-08,243.83999633789065,0.004933396614923965,57.73469260878547,3.307600486155991,2.5993918297511764,251.51109328052263,222.3849073908641,236.94800033569337,18.451469866709044
2023-12-11,239.7400054931641,-0.016957231787828677,53.56837824091341,3.1153014867929016,2.7025737611595213,248.32299839767268,228.082003433382,238.20250091552734,18.39959908924925
2023-12-12,237.00999450683597,-0.011452714531076777,50.93278264228929,2.7113592121797865,2.7043308513635744,246.39375510447655,231.341245505875,238.86750030517578,18.372837292009464
2023-12-13,239.2899932861328,0.009573866272891411,53.012056145735905,2.5458617861199,2.6726370383148397,246.4580100551842,231.4649895175697,238.96149978637695,18.801076225242557
2023-12-14,251.0500030517578,0.04797595720291628,61.964924921276825,3.3253063277909973,2.803170896210071,248.48714517890627,230.25685506523436,239.37200012207032,18.89585349648088
2023-12-15,253.5,0.009711688394547188,63.52420141230091,4.09352837394249,3.061242391756555,251.03970996325285,229.69529064709872,240.36750030517578,18.72767121129349
2023-12-18,252.0800018310547,-0.0056173183184346845,61.93926506332099,4.5354856402257155,3.3560910414503877,252.73249836770432,229.78050212057693,241.25650024414062,18.57268484438283
2023-12-19,257.2200012207031,0.020185249870892544,65.3129175913678,5.240090450986827,3.732890923357676,255.51670418849426,229.15829581150575,242.3375,18.485882179688492
2023-12-20,247.13999938964844,-0.0399767793773106,55.01425873054332,4.928312416473489,3.9719752219808386,255.9725356847936,229.29646455934702,242.6345001220703,18.644600002328044
2023-12-21,254.5,0.029345860784192233,59.976710420089084,5.215001327962909,4.220580443177253,257.3700859178906,229.92791365486332,243.64899978637695,18.512295020494435
2023-12-22,252.5399932861328,-0.007731210565404946,58.1374559252865,5.223831121009795,4.421230578743762,258.2032628829512,230.80373632359178,244.50349960327148,18.35208173417742
2023-12-26,256.6099853515625,0.01598774007390915,60.82403468799265,5.495889942764478,4.636162451547905,259.64258638494664,231.4174111736471,245.52999877929688,18.280181141072582
2023-12-27,261.44000244140625,0.018647455510860632,63.79363925215468,6.0317107254627444,4.915272106330873,262.073475760913,230.45852191975104,246.26599884033203,18.483602968961804
2023-12-28,253.17999267578125,-0.032104151730159784,55.978815355300895,5.723857730883481,5.076989231241394,262.78437342400946,230.65162358526786,246.71799850463867,18.548369233767403
2023-12-29,248.47999572753903,-0.0187383270737913,52.07011772250721,5.042504685346131,5.070092322062342,262.91021597221925,231.36578042670655,247.13799819946288,18.429557241026618
2024-01-02,248.4199981689453,-0.00024148746074566403,52.02018319598956,4.446430503281249,4.945359958306123,262.9017924856531,232.33320354706171,247.61749801635742,18.466172149385486
2024-01-03,238.4499969482422,-0.04096122279932548,44.40035566866014,3.1334215110856007,4.582972268862019,262.6173328773337,232.9046626670999,247.7609977722168,18.61198352355208
2024-01-04,237.92999267578125,-0.0021831499656647054,44.0380313003648,2.027520432660964,4.071881901621808,262.68287659095546,232.76011809898597,247.72149734497071,18.44663403472469
2024-01-05,237.4900054931641,-0.0018509415250830851,43.71298936253838,1.1028693802088014,3.4780793973392066,262.8314637278318,232.42353199970722,247.62749786376952,18.342599206094185
2024-01-08,240.4499969482422,0.012386614576639058,46.5701244883854,0.6019840349011645,2.902860324851598,262.90366652320415,232.13232896019431,247.51799774169922,18.260119907902443
2024-01-09,234.9600067138672,-0.023096839566935645,42.28310672016592,-0.23525565929173808,2.275237128022931,263.3909061967455,230.75709032425064,247.07399826049806,18.38718291421829
2024-01-10,233.94000244140625,-0.004350632806278706,41.518384976990355,-0.9698995706728795,1.626209788283769,263.8391991750609,229.7287970407594,246.78399810791015,18.333252927536602
2024-01-11,227.22000122070312,-0.029145966144498332,36.796695592322685,-2.0704907716039713,0.8868696763062209,265.01181986536443,227.5771770218426,246.29449844360352,18.477756497153795
2024-01-12,218.88999938964844,-0.03734939877742937,31.946680123915243,-3.5736835591799547,-0.0052409707910141545,267.49464875099466,223.05434874656396,245.2744987487793,18.628050955637164
2024-01-16,219.91000366210935,0.004649070658851298,33.10931020551878,-4.62930510538439,-0.9300537977096893,268.45510172245383,218.97989583613992,243.71749877929688,18.563524896650737
2024-01-17,215.5500030517578,-0.020025473044372716,30.695329567594342,-5.751409726109557,-1.8943249833896632,269.0904113504842,214.54958651328533,241.81999893188475,18.451834399951878
2024-01-18,211.8800048828125,-0.017172815629643214,28.79238856021351,-6.857771778888605,-2.8870143424894517,269.6967738940697,209.92322427487562,239.80999908447265,18.503139616501105
2024-01-19,212.19000244140625,0.0014620115002590317,29.191702330568063,-7.62169925968081,-3.8339513259277234,268.6818960516574,206.43510223935823,237.55849914550782,18.443032091089204
2024-01-22,208.8000030517578,-0.016105240597581734,27.38328193383539,-8.403788271331194,-4.747918715008418,268.9278515210674,202.3551471361592,235.6414993286133,18.585792567493115
2024-01-23,209.13999938964844,0.0016270106278732431,27.865940094559548,-8.893644190583615,-5.577063810123458,267.42213593361623,199.32486266257519,233.3734992980957,18.4846494246367
2024-01-24,207.8300018310547,-0.006283434610725192,27.118042218948688,-9.280583599907573,-6.317767768080281,265.7543556823129,196.5216437683707,231.13799972534179,18.630697725583193
2024-01-25,182.6300048828125,-0.12925817170128795,17.427925897568215,-11.488235787130463,-7.351861371890317,266.16187333935284,188.71612806445575,227.4390007019043,19.104165397289705
2024-01-26,183.25,0.003389065826718794,18.2023589877314,-13.037499448260178,-8.48898898716429,263.56462975885734,183.49437140081062,223.52950057983398,18.491541745397438
2024-01-29,190.92999267578125,0.04105548959785763,27.298390445129698,-13.49008552830503,-9.489208295392439,260.42536301850606,180.40863814116193,220.417000579834,18.6439290977746
2024-01-30,191.58999633789065,0.0034508226289791306,28.038981899413756,-13.63829272876103,-10.319025182066158,257.26823532552254,177.8767658951806,217.57250061035157,18.515830010810898
2024-01-31,187.2899932861328,-0.022699471099276638,26.16863227449852,-13.94200752836096,-11.043621651325118,253.62027985635876,175.4117208760631,214.51600036621093,18.45238676354372
2024-02-01,188.8600006103516,0.008347821172369478,28.055645207694482,-13.895834692743904,-11.614064259608877,251.0395313299363,173.0334697686965,212.0365005493164,18.335594432833847
2024-02-02,187.91000366210935,-0.005042858776994779,27.596038956003653,-13.777085536006354,-12.046668514888374,247.9580490301195,171.11295316714612,209.5355010986328,18.52154547771057
2024-02-05,181.05999755859372,-0.03713468972636411,24.481733132992005,-14.073483856951015,-12.452031583300903,244.77923721555337,168.64876418825523,206.7140007019043,18.715544970378684
2024-02-06,185.1000061035156,0.02206779799027196,29.53273938240335,-13.823043297333271,-12.726233926107378,239.66008943884984,168.2329128804861,203.94650115966797,18.625057299678705
2024-02-07,187.5800018310547,0.013309178288648946,32.51658451625596,-13.271467207717023,-12.83528058242931,234.83002237847876,168.32497945257592,201.57750091552734,18.52985080307629
2024-02-08,189.55999755859372,0.010500153377802503,34.88715864866609,-12.530130530091839,-12.774250571961815,229.27356645000543,169.44343489276798,199.3585006713867,18.23476073247938
2024-02-09,193.57000732421875,0.020933657774970457,39.5208591480411,-11.486630866545397,-12.516726630878532,224.6319312896909,170.72007066343411,197.6760009765625,18.25198159145225
2024-02-12,188.1300048828125,-0.02850600281752684,35.79891754225493,-10.972132682550921,-12.20780784121301,221.45801122926,170.81799127318143,196.13800125122071,18.374622156129
2024-02-13,184.0200042724609,-0.02208876860591097,33.251054518562526,-10.77186056221231,-11.92061838541287,217.57040015924215,171.11660240423438,194.34350128173827,18.278650492408023
2024-02-14,188.7100067138672,0.025167010147113134,38.61954457777031,-10.11806471121136,-11.560107650572569,214.0706768690662,171.9323260606213,193.00150146484376,18.21246276257705
2024-02-15,200.4499969482422,0.06035334314528131,49.556414418268595,-8.554002476360637,-10.958886615730183,211.9026440245174,172.9573581117131,192.43000106811525,18.609910062131174
2024-02-16,199.9499969482422,-0.0024975038337594173,49.15470227575609,-7.271002121690003,-10.221309716922148,209.34827511593747,174.2877264709766,191.81800079345703,18.52815932392745
2024-02-20,193.75999450683597,-0.031447068575791895,44.36049341177762,-6.676731359120737,-9.512394045361866,206.71879769940705,175.41320303301484,191.06600036621094,18.465135820430753
2024-02-21,194.7700042724609,0.005199145723306659,45.298000410292296,-6.054475921569406,-8.820810420603374,203.64984050690964,177.0451607137935,190.34750061035157,18.455085078878028
2024-02-22,197.41000366210935,0.013463405650618309,47.77503647982773,-5.287358736603437,-8.114120083803387,200.87029347402242,178.7827079297862,189.8265007019043,18.345305056279084
2024-02-23,191.97000122070312,-0.027943686650054752,43.41263869583903,-5.06004650739348,-7.503305368521406,200.83443546274466,179.75256557485298,190.29350051879882,18.182955152083924
2024-02-26,199.3999938964844,0.037973710740030475,50.11282831654974,-4.231582564418574,-6.84896080770084,201.842507772484,180.3594926547621,191.10100021362305,18.531748849287005
2024-02-27,199.72999572753903,0.0016536061675660274,50.3937702187137,-3.5079530320957986,-6.180759252579833,202.95302767207704,180.12897306034483,191.54100036621094,18.50359993519283
2024-02-28,202.0399932861328,0.011499231283567918,52.41393718039694,-2.716756835065098,-5.487958769076886,204.404101361295,179.7228990659511,192.06350021362306,18.418740873619974
2024-02-29,201.8800048828125,-0.0007921787106965236,52.25521327702331,-2.078676190533116,-4.806102253368132,205.659223793578,179.92677779333604,192.79300079345703,18.268775885379615
2024-03-01,202.63999938964844,0.0037575170226514664,52.983582716600736,-1.494440497656086,-4.143769902225722,206.92438476649173,180.03961669835203,193.48200073242188,18.22519006567231
2024-03-04,188.13999938964844,-0.07424463938175002,40.33925233404894,-2.1763704761979454,-3.750290017020167,206.9161930289915,180.07080800860618,193.49350051879884,18.71584650114994
2024-03-05,180.7400054931641,-0.040126798433230214,35.66183384355493,-3.2761570610862236,-3.655463425833379,206.9632104850678,179.99179134598688,193.47750091552734,18.600171639869995
2024-03-06,176.5399932861328,-0.023512123304642838,33.30163895170999,-4.435521802957453,-3.811475101258194,208.10650617483498,177.99249437448145,193.04950027465821,18.496909118605796
2024-03-07,178.64999389648438,0.01188110874296599,35.60731065262267,-5.124989608407333,-4.074178002688022,208.82729546945217,176.37870428640719,192.60299987792968,18.441747287855605
2024-03-08,175.33999633789062,-0.018701625030085045,33.64258702782678,-5.870811886771179,-4.433504779504654,209.8332659912892,173.95073364249984,191.89199981689453,18.26454844701819
2024-03-11,177.77000427246094,0.013763678693560029,36.41636899546658,-6.194394954677193,-4.785682814539162,210.09288914685843,172.11111018175487,191.10199966430665,18.262757133900042
2024-03-12,177.5399932861328,-0.0012947061441473569,36.261858315702526,-6.39567151157928,-5.107680553947186,210.48067668272745,170.6643214862179,190.57249908447267,18.285910881883915
2024-03-13,169.47999572753906,-0.04646099727496628,31.257115419721572,-7.123444442469264,-5.510833331651602,211.72546647099026,167.96553084346286,189.84549865722656,18.483885572992882
2024-03-14,162.5,-0.042056898779332184,27.69260087325945,-8.169266831631546,-6.042520031647591,213.6080303512941,163.4619662917723,188.5349983215332,18.654374058305557
2024-03-15,163.57000732421875,0.006563076277915342,29.02873578976407,-8.81018957982235,-6.596053941282543,213.44286977745702,159.93912790320707,186.69099884033204,18.391733804784426
2024-03-18,173.8000030517578,0.060664152342604714,40.37316645550718,-8.395867976010663,-6.956016748228167,211.9624103587233,158.80458793229232,185.3834991455078,18.499625011638454
2024-03-19,171.32000732421875,-0.014372034891457558,38.755840746543676,-8.173412042730973,-7.199495807128729,211.243058605655,157.27994096709892,184.26149978637696,18.162834470973557
2024-03-20,175.66000366210938,0.025017133837829976,43.05499867362229,-7.559768375255828,-7.27155032075415,210.0732968310773,156.53870268064145,183.30599975585938,18.24450070139271
2024-03-21,172.82000732421875,-0.016299696542812377,41.025513656114,-7.219394629968775,-7.261119182597075,208.3708604729398,155.7821394049899,182.07649993896484,18.108405400975627
2024-03-22,170.8300018310547,-0.01158171211632812,39.61636104759123,-7.029194616677557,-7.214734269413172,207.338898474249,154.70010146471583,181.0194999694824,18.14071020769311
2024-03-25,172.6300048828125,0.010481683435756076,41.57130293883377,-6.656482743255879,-7.103083964181714,204.75808361564646,154.60391742195122,179.68100051879884,18.122660092088697
2024-03-26,177.6699981689453,0.0287772826285837,46.76801476092584,-5.886563916544446,-6.859779954654261,201.8151542215432,155.34084706019507,178.57800064086913,18.544544817009747
2024-03-27,179.8300018310547,0.012084083617363902,48.86701640937908,-5.043959826655907,-6.496615929054591,197.9422528015797,156.99274933465077,177.46750106811524,18.219836712357264
2024-03-28,175.7899932861328,-0.02272190773999231,45.27137570508073,-4.648598787430416,-6.127012500729756,193.1092479083074,159.21675306825512,176.16300048828126,18.167783934366263
2024-04-01,175.22000122070312,-0.0032477284143495326,44.77084928431703,-4.331336955223264,-5.767877391628458,186.27514744831652,163.30885371135147,174.792000579834,18.2168752635153
2024-04-02,166.6300048828125,-0.05026651935105258,37.95950666431972,-4.718651900474185,-5.558032293397604,183.89038644314343,163.54261526584094,173.71650085449218,18.574693708583034
2024-04-03,168.3800048828125,0.010447544054431742,39.96343855764043,-4.828728830223781,-5.41217160076284,182.9732196762441,163.2237819717051,173.0985008239746,18.23374979220095
2024-04-04,171.11000061035156,0.016083269202606634,43.05360959589121,-4.642165753269808,-5.258170431264234,182.60139163464507,163.052610745726,172.82700119018554,18.62901112804676
2024-04-05,164.89999389648438,-0.03696743555877544,38.23282346562662,-4.938481077522994,-5.194232560515986,182.12144215997057,162.1575602204005,172.13950119018554,18.779456686247535
2024-04-08,172.97999572753906,0.04783676362708771,46.60957689028509,-4.469799421084247,-5.049345932629639,181.8993948513316,162.14360746800432,172.02150115966796,18.46396339816488
2024-04-09,176.8800048828125,0.022295607975213145,50.125469893535744,-3.7405489665182756,-4.787586539407367,181.75335169231624,162.20065068805485,171.97700119018555,18.449770513885355
2024-04-10,171.75999450683594,-0.02937344256551801,45.85614030807722,-3.5350054327736586,-4.537070318080625,181.10713832158567,162.26886418085573,171.6880012512207,18.252645462618602
2024-04-11,174.60000610351562,0.016399556773736196,48.47753154762915,-3.1071284577938627,-4.251081946023272,181.3887378535822,162.49926568645685,171.94400177001953,18.364279700881816
2024-04-12,171.0500030517578,-0.020541749097701737,45.511363351100734,-3.0196794649124,-4.004801449801098,180.72764526855468,164.01535857666016,172.37150192260742,17.98562256346544
2024-04-15,161.47999572753906,-0.05757465973833702,38.64647617322609,-3.680172382792904,-3.9398756363994596,181.12386983764787,163.41013284789898,172.26700134277343,18.42313075023443
2024-04-16,157.11000061035156,-0.02743506868222295,35.977767686663555,-4.50431690178786,-4.05276388947714,182.54026366231687,160.3247387790894,171.43250122070313,18.390221546776935
2024-04-17,155.4499969482422,-0.01062208397137564,34.98935137123034,-5.2311048723163935,-4.288432086044991,183.84905478488525,157.42894661892336,170.6390007019043,18.2275776870998
2024-04-18,149.92999267578125,-0.036155647217109545,31.855324098459505,-6.181254137373372,-4.666996496310667,185.24325967595064,153.46174062922512,169.35250015258788,18.3808873972758
2024-04-19,147.0500030517578,-0.01939578390268632,30.328951807681122,-7.084974196672022,-5.150592036382939,186.71099911352633,149.41700076440338,168.06399993896486,18.282274643507986
2024-04-22,142.0500030517578,-0.0345935559693179,27.83528785745915,-8.111136930348465,-5.742701015176045,188.5304816385027,144.7195183614973,166.625,18.489251135540584
2024-04-23,144.67999267578125,0.018345226676437152,31.046758294829544,-8.612876231109084,-6.316736058362653,189.0060886148491,141.4489101644478,165.22749938964844,18.640178465297915
2024-04-24,162.1300048828125,0.11387415621830609,47.68279769021691,-7.5158006213879105,-6.556548970967705,187.52226569292694,141.37873375775663,164.45049972534179,19.014990536917924
2024-04-25,170.17999267578125,0.04845814470471284,53.282431795415626,-5.928454030612983,-6.43092998289676,186.0687122768622,141.8672862582941,163.96799926757814,18.65517958721438
2024-04-26,168.2899932861328,-0.011168015552988686,51.87847587601645,-4.768014869144594,-6.098346960146327,185.09553174234873,142.09046679280755,163.59299926757814,18.51431407317371
2024-04-29,194.0500030517578,0.14242723171122051,65.29924491230366,-1.749572982199055,-5.228592164556874,189.54362714576686,139.52537157249483,164.53449935913085,19.312144628327047
2024-04-30,183.27999877929688,-0.05710084205665045,58.014279904418636,-0.22390434627334344,-4.227654600900168,191.7410681983305,138.99292990957966,165.36699905395508,18.659948014652425
2024-05-01,179.99000549316406,-0.018113707174260838,55.960450659944904,0.7115220931937074,-3.239819262081393,193.10037716335356,138.79462100559178,165.94749908447267,18.346277200429423
2024-05-02,180.00999450683594,0.00011105007606901516,55.97064954600565,1.4378921070497483,-2.304276988255165,194.18578120801803,138.59921635057574,166.3924987792969,18.305808479139245
2024-05-03,181.19000244140625,0.006533843535574036,56.60947618153221,2.0847308749990248,-1.4264754156043271,195.7604999732307,138.65349843985524,167.20699920654297,18.139530638346404
2024-05-06,184.75999450683597,0.019511437908751133,58.56806366297969,2.852541460520598,-0.570672040379342,197.32039820896415,138.27160008205146,167.7959991455078,18.2509630359011
2024-05-07,177.80999755859375,-0.03834210509362041,53.50466868155252,2.867179154610568,0.11689819861863993,197.42999942947222,138.25499812912153,167.84249877929688,18.133610497630134
2024-05-08,174.72000122070312,-0.017530851194269642,51.37792319273344,2.5994775927739795,0.6134140774497079,197.6899093873865,138.29108884259395,167.99049911499023,18.197155882448666
2024-05-09,171.97000122070312,-0.015864649448707815,49.49244228573667,2.1407430062322135,0.9188798632062091,197.4583093823868,138.2596883593124,167.8589988708496,18.004412001180867
2024-05-10,168.47000122070312,-0.020562350450525728,47.12220808485378,1.4777373557367355,1.0306513617123143,197.29321957747578,138.16677798111795,167.72999877929686,18.10085007904545
2024-05-13,171.88999938964844,0.020097034145307512,49.65917729495723,1.214268539273121,1.0673747972244756,197.71680004270982,138.78419788209484,168.25049896240233,18.020485242048867
2024-05-14,177.5500030517578,0.03239754278801776,53.62473110848083,1.445519547405496,1.1430037472606798,198.529002310156,140.01599585878932,169.27249908447266,18.274583889827923
2024-05-15,173.99000549316406,-0.020254418706909572,50.90835279020712,1.3262375457136386,1.1796505069512715,198.77897637810025,141.62002264533726,170.19949951171876,18.193315807616763
2024-05-16,174.83999633789062,0.004873391179277019,51.53954531023873,1.2854747052698485,1.200815346614987,198.4319039442266,144.45809544542183,171.44499969482422,17.906720228209885
2024-05-17,177.4600067138672,0.01487402019069651,53.523190498363626,1.447892399242022,1.250230757140394,197.47851591207137,148.452483843788,172.9654998779297,18.16508890773445
2024-05-20,174.9499969482422,-0.014245067870223688,51.354430428651405,1.3584138317430927,1.2718673720609337,194.33634471572645,154.88465442978134,174.6104995727539,17.938238490778406
2024-05-21,186.6000061035156,0.06446711975223281,59.547559263194024,2.202174501140462,1.4579287978768396,191.27623266825546,162.13676782002577,176.7065002441406,18.562757405297358
2024-05-22,180.11000061035156,-0.035399542384592496,54.08282165036685,2.3204233110296855,1.6304277005074088,190.5121431525676,164.69885690846758,177.6055000305176,18.296403553093544
2024-05-23,173.74000549316406,-0.03600781828881078,49.30053404217245,1.8784770608706367,1.6800375725800545,190.35273653318237,165.21426480959107,177.78350067138672,18.091836355188548
2024-05-24,179.24000549316406,0.03116576011599187,53.152406589467354,1.9495621690267058,1.7339424918693849,190.0866862550892,166.57531630838736,178.33100128173828,17.998849960755386
2024-05-28,176.75,-0.013989415788236143,51.25387626220088,1.7844054803036897,1.744035089556246,186.6067676154106,168.32523464289017,177.46600112915038,17.905455472581842
2024-05-29,176.19000244140625,-0.0031733327174769638,50.814283107688155,1.590001939105207,1.7132284594660383,185.84367844916557,168.37932417534614,177.11150131225585,17.81888320150445
2024-05-30,178.7899932861328,0.014648923152829736,52.8368253625645,1.6269784692086944,1.6959784614145696,185.7166323513584,168.3863690524502,177.0515007019043,18.167315083332113
2024-05-31,178.0800018310547,-0.003978997402597566,52.205517799432094,1.580770124933622,1.6729367941183804,185.52385889630457,168.38614323992587,176.95500106811522,18.024887725021447
2024-06-03,176.2899932861328,-0.010102569596006488,50.56514631736095,1.3837598274031393,1.6151014007753322,185.04605780672708,168.37394341397604,176.71000061035156,18.04334965171487
2024-06-04,174.77000427246094,-0.008659479988969872,49.15279085899431,1.092385002578908,1.5105581211360475,183.66630737469575,168.7546948225699,176.21050109863282,17.910793030211227
2024-06-05,175.0,0.0013151256990527008,49.38317450734312,0.8699982890009039,1.3824461547090188,183.5047715105004,168.63523093090583,176.07000122070312,17.875156716625785
2024-06-06,177.94000244140625,0.016660454613497404,52.354943088647815,0.920379283215766,1.2900327804103684,183.68212028165848,168.7798822818181,176.2310012817383,18.062390224245043
2024-06-07,177.47999572753906,-0.0025885260992180074,51.842077404364765,0.9126672270560903,1.2145596697395127,183.6971666200646,169.3158353940956,176.5065010070801,17.845225946051055
2024-06-10,173.7899932861328,-0.02101026729322036,47.79728407463022,0.6018650825788256,1.0920207523073753,183.04660631558443,170.4983949051187,176.77250061035156,17.742906807201916
2024-06-11,170.66000366210938,-0.01817434057762428,44.61734642214101,0.1018144856152503,0.8939794989689503,183.20681433730252,170.2151873106467,176.71100082397462,17.98622804088271
2024-06-12,177.2899932861328,0.03811347747393242,51.91494742503367,0.2377647345189473,0.7627365460789497,183.18778169570822,170.2082189756785,176.69800033569337,18.319637572913383
2024-06-13,182.47000122070312,0.028799010597446485,56.714005580943045,0.7547888988449358,0.761147016632147,183.9652716811885,170.27872856295213,177.12200012207032,18.59450043710784
2024-06-14,178.00999450683594,-0.024746085007725318,51.91016994859721,0.7954792168106906,0.7680134566678558,184.04764644129136,170.51335361974378,177.28050003051757,18.22269556260038
2024-06-17,187.44000244140625,0.051619109593938894,59.68552238127802,1.5705451505466215,0.9285197954436091,185.932329947907,169.6266696858821,177.77949981689454,18.51404449432773
2024-06-18,184.8600006103516,-0.013860022086213543,56.97147787018568,1.9540804779131804,1.1336319319375234,186.89496498115642,169.6550350188436,178.275,18.049360522411547
2024-06-20,181.57000732421875,-0.017957490517488288,53.62291783607571,1.9698527887463229,1.3008761032992835,185.88050276489002,170.16649735718028,178.02350006103515,17.838951513693104
2024-06-21,183.00999450683597,0.00789947152070122,54.87313110366186,2.0746323199070673,1.4556273466208403,186.29021176951426,170.04678774220451,178.1684997558594,17.941633157133072
2024-06-24,182.5800018310547,-0.002352322975826024,54.4015255875388,2.0987806015813817,1.5842579976129485,186.6794522996549,170.54154684585288,178.6104995727539,17.94251753166708
2024-06-25,187.3500061035156,0.02579011465212662,58.64737520696566,2.4742956291683242,1.762265523924024,187.9832744016408,170.04872480490218,179.0159996032715,17.95714735349353
2024-06-26,196.3699951171875,0.047022052078928164,65.23882141505146,3.459848741568777,2.1017821674529746,191.7733027545991,168.22069596366262,179.99699935913085,18.377116461545395
2024-06-27,197.4199981689453,0.005332819818052439,65.91982390136573,4.276338189982027,2.536693371958785,195.01533715236405,167.1016611386516,181.05849914550782,18.102491366639285
2024-06-28,197.8800048828125,0.0023273813203096337,66.23194173608768,4.904000393805433,3.0101547763281147,197.80682805534607,166.2191713953375,182.01299972534179,18.373988438238293
2024-07-01,209.8600006103516,0.0587798336030084,73.13296729129806,6.295541661176685,3.667232153297829,203.57225324302237,163.63174608559092,183.60199966430665,18.72589375507436
2024-07-02,231.25999450683597,0.09710195030947966,80.71478955384873,9.021158501586797,4.738017422955623,215.22805016241605,157.47294928826753,186.3504997253418,19.138754173222274
2024-07-03,246.38999938964844,0.06337304899541417,84.12562412754725,12.260760022456253,6.242565942855749,228.79766343255503,151.06533552984732,189.93149948120117,18.93087517455786
2024-07-05,251.5200042724609,0.02060688228437289,85.08860558660507,15.068416759971996,8.007736106278998,240.6676658455409,146.84733354410753,193.75749969482422,18.855712427734645
2024-07-08,252.94000244140625,0.005629789876539415,85.35346226614827,17.209704180221024,9.848129721067403,250.66823497023233,144.3467644194161,197.50749969482422,18.873154118481608
2024-07-09,262.3299865722656,0.0364508858978897,86.99806974857762,19.44028759763316,11.766561296380555,261.3357283194924,142.1642701546287,201.74999923706054,18.892001636475754
2024-07-10,263.260009765625,0.0035389720904070512,87.15194832707915,21.040543833564413,13.621357803817327,270.24020190123304,142.2067982208373,206.22350006103517,18.671590431447882
2024-07-11,241.02999877929688,-0.08822077208547265,66.80102773777628,20.28119335473147,14.953324914000158,273.26205766873096,146.22194196505805,209.74199981689452,19.216868605934238
2024-07-12,248.22999572753903,0.029434316513726,69.30139028544454,20.02949466371379,15.968558863942885,277.10099058608546,149.47700929184427,213.28899993896485,18.865083198146078
2024-07-15,252.63999938964844,0.017609829570940913,70.75427788109018,19.95583364905383,16.766013820965075,281.1883413958873,152.4066582989369,216.7974998474121,18.80535045893539
2024-07-16,256.5599975585937,0.015396997777534508,72.02182549044227,19.98341152683946,17.409493362139955,284.7355875493947,156.71441245060524,220.725,18.654427885966385
2024-07-17,248.5,-0.03191970033228875,65.71514099807516,19.1343241725462,17.754459524221204,286.92291451239424,160.63308524346513,223.7779998779297,18.565515026319645
2024-07-18,249.22999572753903,0.002933302220995548,66.00548702982739,18.309263093487147,17.865420238074393,288.3249506120021,165.668048655576,226.99649963378906,18.523859891155038
2024-07-19,239.1999969482422,-0.04107613843938718,58.65548584984833,16.65408128455408,17.62315244737033,287.5246507820994,172.23134744788112,229.87799911499025,18.286050473496978
2024-07-22,251.50999450683597,0.05018271902171053,63.959875526361735,16.149490427134765,17.32842004332322,287.24569580366597,179.3603024263145,233.30299911499023,18.43286028134662
2024-07-23,246.3800048828125,-0.020607648987956702,60.47765952114385,15.16088599131848,16.89491323292227,285.08644176569834,187.8995567694579,236.4929992675781,18.533368161190946
2024-07-24,215.9900054931641,-0.1316429436033912,44.88691796896065,11.789291271304535,15.873788840598724,281.8881634926404,193.9618349814807,237.92499923706055,18.939134604596934
2024-07-25,220.25,0.01953112906763447,46.95138923599761,9.353206180428032,14.569672308564588,279.4796984552278,198.75830050717457,239.11899948120117,18.427025582823926
2024-07-26,219.8000030517578,-0.0020452089625195087,46.75216549589387,7.3021060685661325,13.116159060564899,276.792378207746,203.6836212429376,240.2379997253418,18.365211384033856
2024-07-29,232.1000061035156,0.054450283723543685,52.66451146661626,6.593100742107225,11.811547396873365,272.9346809397148,210.96331863303917,241.94899978637696,18.676886088844103
2024-07-30,222.6199951171875,-0.04170207944562903,48.22047439972663,5.206236994637663,10.490485316426225,271.22741906884613,213.94657995459133,242.58699951171874,18.426268115479655
2024-07-31,232.07000732421875,0.04157282172336867,52.521434501985155,4.814179625020017,9.355224178144985,271.20269377514853,214.05230653002727,242.62750015258788,18.027593725226104
2024-08-01,216.8600006103516,-0.0677870949965208,45.91132182000138,3.2388158554097117,8.13194251359793,271.87825408906355,210.42374633818253,241.15100021362304,18.244681968183563
2024-08-02,207.6699981689453,-0.043301714320780456,42.43612868478592,1.234541301495625,6.75246227117747,272.6821437208325,205.23485609606197,238.95849990844727,18.232905555104047
2024-08-05,198.8800048828125,-0.04324862022379944,39.36677728442091,-1.051024167290933,5.19176498348379,273.7192478565396,198.79175220449554,236.25550003051757,18.423763995842364
2024-08-06,200.63999938964844,0.008810602088580683,40.29790209558038,-2.6893334580479973,3.6155452951774323,271.7376380590789,194.6043632836945,233.1710006713867,18.116651122142482
2024-08-07,191.75999450683597,-0.0452676929224409,37.194338414140695,-4.650637896352123,1.9623086568715213,269.6459465443462,189.54605327254833,229.59599990844725,18.0804386242431
2024-08-08,198.83999633789065,0.036255901329012616,41.0899232023991,-5.569487234468085,0.45594947860360024,269.4016702129229,185.571329359831,227.48649978637695,17.990419245744132
2024-08-09,200.0,0.0058169037389324395,41.72766802046281,-6.13337759488104,-0.8619159360933277,267.51156716041487,182.63843283958514,225.075,17.887069164187217
2024-08-12,197.4900054931641,-0.01262938858524463,40.70092969532483,-6.7055034778595655,-2.0306334444465755,264.3779136048535,180.25708700549802,222.31750030517577,17.97509497345806
2024-08-13,207.8300018310547,0.051032468678537876,46.53700927929762,-6.2524912455140225,-2.875005004660065,259.1418839919016,180.62011704569608,219.88100051879883,18.149493887624978
2024-08-14,201.3800048828125,-0.03152675190710158,43.651039874097876,-6.340843341450466,-3.5681726720181453,255.1770241904881,179.87297733539077,217.52500076293944,18.067570880413005
2024-08-15,214.13999938964844,0.061436309145650216,50.22704763441422,-5.319913446365916,-3.9185208268876996,250.34655521040975,181.19444668168012,215.77050094604493,18.313635487693517
2024-08-16,216.1199951171875,0.00920378250292453,51.17914258659608,-4.301465425554511,-3.995109746621062,247.39386242382128,181.8391392851631,214.6165008544922,18.301504123958246
2024-08-19,222.72000122070312,0.0300815962441386,54.3161417504395,-2.9280203021249065,-3.7816918577218313,241.3355072735023,185.01849510686878,213.17700119018554,18.15195389409917
2024-08-20,221.1000061035156,-0.007300267158314843,53.408995186877526,-1.9478219349727794,-3.4149178731720213,235.73100679651688,188.0949957059245,211.9130012512207,18.119591880766475
2024-08-21,223.2700042724609,0.00976670507756732,54.5050741768615,-0.9845575832998463,-2.9288458151975862,236.57502895794858,187.97897342242254,212.27700119018556,18.06608935647299
2024-08-22,210.66000366210935,-0.05813634375381778,47.51038037948228,-1.2245692358542328,-2.587990499328916,235.80986572414218,187.78513702243987,211.79750137329103,18.19144996550697
2024-08-23,220.32000732421875,0.0448355914315171,52.53551198128964,-0.6280587656832495,-2.196004152599783,235.8734467778274,187.7735563960007,211.82350158691406,18.216422745137997
2024-08-26,213.2100067138672,-0.032803441227522996,48.83008289539717,-0.7207294287319144,-1.9009492078262094,232.98088774659763,188.77711548826565,210.87900161743164,17.89814011671396
2024-08-27,209.2100067138672,-0.018939062709292416,46.82895414101281,-1.1042095273742518,-1.741601271735818,231.61330606484046,188.8036983296908,210.20850219726563,17.955806353640803
2024-08-28,205.75,-0.01667672472989858,45.10695582323279,-1.6680852453384034,-1.7268980664563351,227.7191483001547,190.06585536195468,208.8925018310547,17.976210754997453
2024-08-29,206.27999877929688,0.0025726237078790366,45.43792818445034,-2.0485795918868064,-1.7912343715424295,226.83880386226116,189.88819961674272,208.36350173950194,17.947613241838074
2024-08-30,214.1100006103516,0.03725544123667223,50.2138241598961,-1.6987265310996804,-1.7727328034538796,227.3335855277712,190.03741819537336,208.68550186157228,17.964510605237685
2024-09-03,210.6000061035156,-0.01652927582030035,48.17799205822795,-1.6852659850898704,-1.7552394397810778,227.3500847738196,191.19291907139527,209.27150192260743,18.155597399134162
2024-09-04,219.41000366210935,0.040981513663141275,53.296274209272006,-0.9527228348514427,-1.5947361187951508,228.35060926696102,192.0693950054999,210.21000213623046,18.205651693346294
2024-09-05,230.1699981689453,0.04787601603580388,58.665849627826404,0.4904113641410959,-1.1777066222079016,230.1793831397187,194.08162149895315,212.13050231933593,18.59761281184025
2024-09-06,210.72999572753903,-0.08824048544582787,47.941539918986784,0.06471390233767238,-0.9292225172987868,229.68082870442177,195.76917587321495,212.72500228881836,18.535588547866464
2024-09-09,216.2700042724609,0.025949973905266994,50.707003871677536,0.17239077314260953,-0.7088998592105076,229.45295101006568,197.62405399481716,213.53850250244142,18.02680078312184
2024-09-10,226.1699981689453,0.044759273955983725,55.27891893650642,1.0445315294968793,-0.35821358146903026,229.93845835415988,200.00654591830107,214.97250213623047,18.18357899111535
2024-09-11,228.1300048828125,0.008628742512625562,56.14613659489651,1.8722830106014499,0.08788573694506574,231.65109956287,200.3239050147667,215.98750228881835,18.240939068401094
2024-09-12,229.80999755859372,0.007337206636805016,56.917311918510364,2.633486202006708,0.5970058299573942,232.64520188237586,202.17280196283897,217.40900192260742,18.090715902234894
2024-09-13,230.2899932861328,0.002086485160728214,57.149168370867834,3.2381494874753685,1.125234561460989,234.40529530202218,202.0277079328411,218.21650161743165,17.90174063663384
2024-09-16,226.77999877929688,-0.015358975945026603,54.82560985745139,3.394986978536849,1.5791850448761613,235.34450615221212,202.1544974488621,218.7495018005371,17.810458286374978
2024-09-17,227.8699951171875,0.004794890315022082,55.431611656802744,3.566127319245396,1.9765734997500082,236.01606852407386,201.9979344666488,219.00700149536132,18.016638637896364
2024-09-18,227.1999969482422,-0.0029445960609886415,54.94370937170341,3.606124856816308,2.3024837711632684,236.69377447643302,201.93022759876231,219.31200103759767,18.17235015815392
2024-09-19,243.9199981689453,0.07100962175825201,63.56290059746481,4.93015579010526,2.8280181749516666,240.8828620068671,199.80613945797663,220.34450073242186,18.447270102922943
2024-09-20,238.25,-0.023519752638904136,59.412230322512706,5.459010305101202,3.354216600981574,243.20800867216943,200.23999242646337,221.7240005493164,18.419471022534378
2024-09-23,250.0,0.048140375327935025,64.57480563773268,6.748466004256386,4.033066481636537,248.11176537531176,198.30423499089918,223.20800018310547,18.280581556216383
2024-09-24,254.2700042724609,0.016935793509053217,66.25461768789324,8.022444844369119,4.830942154183053,253.27051076991376,197.25148935215657,225.26100006103516,18.29841142119221
2024-09-25,257.0199890136719,0.010757148762662677,67.32909266134901,9.148524543535558,5.694458632053554,257.9595302454639,197.3434681065869,227.6514991760254,17.99042539636348
2024-09-26,254.22000122070312,-0.010953821465680538,65.05770517406543,9.703163178559805,6.496199541354805,260.7583811049042,199.3916173692169,230.07499923706055,18.02232333122489
2024-09-27,260.4599914550781,0.024249227064234113,67.67492646173832,10.524908758274677,7.301941384738781,264.18045947765336,201.38753826404587,232.78399887084962,18.07802282941126
2024-09-30,261.6300048828125,0.004482044837533062,68.15654240730134,11.142118944499941,8.069976896691013,267.7748829003034,202.54511526864192,235.15999908447264,18.206319775106817
2024-10-01,258.0199890136719,-0.013894251852425751,64.94150074703931,11.210733990363195,8.69812831542545,269.5167638647424,205.5452325952185,237.53099822998047,18.28597839173646
2024-10-02,249.0200042724609,-0.03550382703625739,57.64136916800055,10.418787064143913,9.042260065169144,270.1967273021528,207.82626921884332,239.01149826049806,18.35863405960914
2024-10-03,240.66000366210935,-0.03414806745440706,51.814818010976204,9.012688573953824,9.03634576692608,270.4467575536942,208.62523951661825,239.53599853515624,18.206610914134064
2024-10-04,250.0800018310547,0.03839570976808356,57.07949026051211,8.55978860139652,8.94103433382017,269.57286936734954,213.43412831331452,241.50349884033204,18.276500868366053
2024-10-07,240.8300018310547,-0.03768957599969925,51.16757416936406,7.3695132542203226,8.626730117900202,268.1792370918903,217.28376034463318,242.73149871826172,18.036683067760297
2024-10-08,244.5,0.015124010919583781,53.2370432251694,6.6457416737078745,8.230532429061736,267.8753645573682,219.42063306226075,243.64799880981445,17.846261947621556
2024-10-09,241.0500030517578,-0.014210915403026646,51.04697233296233,5.727735787991236,7.729973100847636,267.44421786633615,221.14377957018726,244.29399871826172,18.009542086658694
2024-10-10,238.7700042724609,-0.009503630132407265,49.59492078499099,4.761346820628404,7.1362478448037905,267.04325797710135,222.44074013080885,244.74199905395508,18.235400025154053
2024-10-11,217.8000030517578,-0.09192353886888893,38.69319679459669,2.277123494454713,6.164422974733975,268.7050654861213,219.5299335983513,244.11749954223632,18.77575671721857
2024-10-14,219.16000366210935,0.006224848869363441,39.620186854050814,0.413334629538042,5.014205305694789,269.6553583832632,217.8176411894907,243.73649978637695,18.273246304604555
2024-10-15,219.57000732421875,0.0018690482583790414,39.915147936466795,-1.0189023329439237,3.8075837779670465,270.5430794712462,216.09992132221083,243.3215003967285,17.958467506649527
2024-10-16,221.3300018310547,0.007983687088569507,41.242076829241725,-1.9890154644520806,2.648263929483221,271.09490768856585,214.96109359317242,243.02800064086915,17.720162483609606
2024-10-17,220.88999938964844,-0.0019899714413276278,40.99830862829315,-2.7615086771766073,1.5663094081512554,271.62843981936953,212.12456158443905,241.8765007019043,17.743245501884914
2024-10-18,220.6999969482422,-0.0008605378505268966,40.88592601098766,-3.350425107803119,0.5829625049603806,272.2011853900462,209.79681570858662,240.9990005493164,17.719741302430403
2024-10-21,218.8500061035156,-0.008417707909120924,39.74358614164268,-3.921223004223151,-0.3178745968763257,271.838808953608,207.04419275537637,239.44150085449218,17.672633794539454
2024-10-22,217.97000122070312,-0.0040291472851928115,39.18277469513789,-4.393942850996268,-1.1330882477003144,270.58832148438285,204.66467991942574,237.6265007019043,17.582940090950803
2024-10-23,213.6499938964844,-0.02001831071853799,36.46268894879516,-5.058849949391572,-1.9182405880385658,268.75255686273476,202.16344502935507,235.45800094604493,18.20920511936083
2024-10-24,260.4800109863281,0.19818699146920754,64.90472107471496,-1.786409988552606,-1.891874468141374,269.915074977451,201.62692789120132,235.77100143432617,19.136038928750896
2024-10-25,269.19000244140625,0.032891334056112616,67.79251806444597,1.492639555399336,-1.2149716634332322,271.8699755423241,200.54502842496106,236.20750198364257,18.900708346141602
2024-10-28,262.510009765625,-0.02512824530239814,63.478447929492106,3.511808419910153,-0.2696156467645551,272.04796379378786,200.45504066177853,236.2515022277832,18.49442923221378
2024-10-29,259.5199890136719,-0.01145548515134625,61.58918335620879,4.815237545283793,0.7473549916451145,272.3207403585797,200.3322640969867,236.3265022277832,18.204038525599486
2024-10-30,257.54998779296875,-0.007619899978935549,60.31546864720404,5.624417104021489,1.7227674141203897,273.5731987012665,199.9328041063507,236.75300140380858,17.804376097506868
2024-10-31,249.8500061035156,-0.030353066395916374,55.48538959395899,5.580050217788113,2.4942239748539343,274.46483305609627,199.96016999566154,237.2125015258789,18.013844210870722
2024-11-01,248.97999572753903,-0.0034882074251497285,54.94994783355104,5.412296983848876,3.0778385766529226,274.33301049364655,199.98199194775967,237.15750122070312,17.868074350215572
2024-11-04,242.83999633789065,-0.02496977961188871,51.195114232749056,4.7293872682396625,3.4081483149702705,274.4861434197896,200.02985847230025,237.25800094604492,18.046749200550455
2024-11-05,251.44000244140625,0.034801627017114346,55.755464168300804,4.826488265484528,3.691816305073122,275.2444645315948,199.96553760463567,237.60500106811523,18.053702921451396
2024-11-06,288.5299987792969,0.13759466024737685,69.14580868697445,7.806307976713384,4.514714639401175,283.9843440710671,195.9736576379173,239.9790008544922,18.922841138827824
2024-11-07,296.9100036621094,0.028630012464395397,71.26202671174043,10.720454202923747,5.75586255210569,293.7084948733303,192.06350677461887,242.8860008239746,18.580323750445153
2024-11-08,321.2200012207031,0.07869717552417867,76.3332255558088,14.820705846903223,7.568831211065197,308.30389899632223,187.81010246852154,248.05700073242187,19.137460468110966
2024-11-11,350.0,0.08580690404849912,80.67987792799525,20.16009714185202,10.087084397222561,328.5013614437339,180.6966396548989,254.5990005493164,19.165098823399084
2024-11-12,328.489990234375,-0.06342678815128278,70.28930269189658,22.397738008250997,12.549215119428247,338.961444313991,181.12855507565746,260.04499969482424,18.863608617081898
2024-11-13,330.239990234375,0.005313266949669512,70.62081241111277,24.03523170120451,14.8464184357835,348.10245340143655,182.87854482854397,265.49049911499026,18.64706385023741
2024-11-14,311.17999267578125,-0.059448133931949705,62.44800167404052,23.52380693515545,16.581896135657892,352.2219163738802,187.78808118471358,270.0049987792969,18.609034909582896
2024-11-15,320.7200012207031,0.030196972790488486,64.65296957990583,23.61606676664752,17.98873026185582,356.7617720238098,193.25022596203002,275.0059989929199,18.555563856341955
2024-11-18,338.739990234375,0.054664350493325395,68.42444013128726,24.856713145498077,19.362326838584274,363.0003392787036,199.00065712022212,281.00049819946287,18.652471607262246
2024-11-19,346.0,0.02120595242401374,69.82152393811327,26.124608231080458,20.714783117083513,368.6700845223613,206.13391175449422,287.40199813842776,18.302488260733767
2024-11-20,342.0299987792969,-0.01154032611298051,68.0484463832226,26.503561739431234,21.87253884155306,370.72445514976647,216.91754161537023,293.82099838256835,18.01031415820456
2024-11-21,339.6400146484375,-0.007012172684276001,66.94626312711245,26.307773739928905,22.759585821228228,375.6001408695923,219.95785626175535,297.7789985656738,17.876155289542947
2024-11-22,352.5599975585937,0.0373345373484672,69.79448276828796,26.885228801642597,23.584714417311105,382.21378900715814,221.68120763590827,301.9474983215332,18.305726589485865
2024-11-25,338.5899963378906,-0.04043088853449338,63.42995077344185,25.916850432938986,24.05114162043668,385.35666369049375,226.14633160979918,305.75149765014646,18.378721655268848
2024-11-26,338.2300109863281,-0.001063755153845317,63.269841974744786,24.834083928753785,24.207730082100106,387.4293596816856,231.94463781587297,309.6869987487793,17.94740618705059
2024-11-27,332.8900146484375,-0.015914020837727676,60.81745022424725,23.276770476255535,24.021538160931193,387.78570445482904,239.12229572827647,313.45400009155276,17.874165781716634
2024-11-29,345.1600036621094,0.03619593916712737,64.24668565423957,22.77019329973342,23.77126918869164,387.42600046856484,249.01299947039996,318.2194999694824,17.43094799889381
2024-12-02,357.0899963378906,0.03397975234247804,67.24807366369002,23.065493294546513,23.630114009862616,386.6750745981828,260.5749254018172,323.625,18.172046305573982
2024-12-03,351.4200134277344,-0.016005713052796626,64.47767994214911,22.58169273588851,23.420429755067797,380.4341045332148,277.6738971757696,329.0540008544922,17.8805499029561
2024-12-04,357.92999267578125,0.018355288553428408,66.19942283794512,22.464620070278272,23.229267818109896,372.1659412195536,296.59105951286824,334.3785003662109,17.74362147614247
2024-12-05,369.489990234375,0.03178623389945424,69.06661768509612,23.039054452946914,23.1912251450773,372.7177797015479,304.13522017638184,338.42649993896487,18.214930068323522
2024-12-06,389.2200012207031,0.05202108959673976,73.23904655685858,24.800460564169896,23.513072228895822,378.629667399117,307.45433223467205,343.04199981689453,18.21557111208454
2024-12-09,389.7900085449219,0.0014634148953150045,73.35088269283997,25.943323935701983,23.999122570257054,386.17963820290754,306.7613621633034,346.47050018310546,18.383593443854235
2024-12-10,400.989990234375,0.028328310501358537,75.51601406310192,27.436525128674134,24.686603081940472,395.6310279179874,302.408971471661,349.0199996948242,18.39601504124992
2024-12-11,424.7699890136719,0.0576113551148347,79.35186300176022,30.19072510979362,25.787427487511103,410.3520553555713,297.31594391200684,353.83399963378906,18.462663034668566
2024-12-12,418.1000061035156,-0.01582716714006912,75.76633411543492,31.472441841657826,26.92443035834045,420.398839789166,296.05516106532616,358.2270004272461,18.29002750261677
2024-12-13,436.2300109863281,0.04244899941747966,78.59723039652349,33.56424375224117,28.252393037120598,431.67838449413046,297.28061819141647,364.47950134277346,18.30414918612083
2024-12-16,463.0199890136719,0.05960057359180242,81.95219766536817,36.95771365300209,29.993457160296895,448.68965252611844,294.4993489387253,371.59450073242186,18.552443832798907
2024-12-17,479.8599853515625,0.035724138195772255,83.68359630423164,40.53860614746981,32.10248695773148,467.9502914842053,289.35070949235717,378.65050048828124,18.692408731608822
2024-12-18,440.1300048828125,-0.08642421525210743,67.28362251976014,39.7128271111842,33.62455498842202,475.29439542559527,291.41960603924844,383.35700073242185,18.821741507157284
2024-12-19,436.1700134277344,-0.009038042516689774,65.89740397464725,38.297384649174376,34.55912092057249,480.7291912961259,295.39881163356154,388.0640014648437,18.59098117736486
2024-12-20,421.05999755859375,-0.0352567708528249,60.75397887522506,35.54662493411644,34.75662172328128,482.9788461092592,301.29115511144386,392.13500061035154,18.699949027041253
2024-12-23,430.6000061035156,0.02240426356053564,62.731817500839,33.74740789104061,34.55477895683315,486.4264902882815,305.64751178691375,396.03700103759763,18.101825821117195
2024-12-24,462.2799987792969,0.07099116636191981,68.42282865345575,34.480357966573024,34.539894758781124,492.9863789702865,311.45662334904944,402.221501159668,17.902357096801122
2024-12-26,454.1300048828125,-0.017787254049436575,65.64558710177155,34.011526085671505,34.4342210241592,496.3456591489669,319.68734256001744,408.01650085449216,18.151053379919357
2024-12-27,431.6600036621094,-0.05074526160258332,58.58516329455231,31.46413319173905,33.84020345767517,494.3726263971591,331.53737421319244,412.95500030517576,18.230328640459827
2024-12-30,417.4100036621094,-0.03356928885086787,54.57626106117736,27.97299479117379,32.666761724374894,491.47041865564836,341.6645819547032,416.56750030517577,17.988989738748696
